ISO-10303-21;
HEADER;
/* Generated by software containing ST-Developer
 * from STEP Tools, Inc. (www.steptools.com) 
 */
/* OPTION: strings as raw bytes, not using required /X/ escapes */

FILE_DESCRIPTION(
/* description */ ('Unknown'),
/* implementation_level */ '2;1');

FILE_NAME(
/* name */ '1754601',
/* time_stamp */ '2023-03-09T13:32:39+02:00',
/* author */ ('Unknown'),
/* organization */ ('Unknown'),
/* preprocessor_version */ 'ST-DEVELOPER v18.1',
/* originating_system */ 'Solid Edge',
/* authorisation */ 'Unknown');

FILE_SCHEMA (('AUTOMOTIVE_DESIGN {1 0 10303 214 3 1 1}'));
ENDSEC;

DATA;
#10=PROPERTY_DEFINITION_REPRESENTATION(#14,#12);
#11=PROPERTY_DEFINITION_REPRESENTATION(#15,#13);
#12=REPRESENTATION('',(#16),#12981);
#13=REPRESENTATION('',(#17),#12981);
#14=PROPERTY_DEFINITION('pmi validation property','',#12986);
#15=PROPERTY_DEFINITION('pmi validation property','',#12986);
#16=VALUE_REPRESENTATION_ITEM('number of annotations',COUNT_MEASURE(0.));
#17=VALUE_REPRESENTATION_ITEM('number of views',COUNT_MEASURE(0.));
#18=SHAPE_REPRESENTATION_RELATIONSHIP('','',#8865,#19);
#19=ADVANCED_BREP_SHAPE_REPRESENTATION('',(#8863),#12981);
#20=B_SPLINE_CURVE_WITH_KNOTS('',3,(#11483,#11484,#11485,#11486),
 .UNSPECIFIED.,.F.,.F.,(4,4),(0.,1.),.UNSPECIFIED.);
#21=B_SPLINE_CURVE_WITH_KNOTS('',3,(#11535,#11536,#11537,#11538),
 .UNSPECIFIED.,.F.,.F.,(4,4),(0.,1.),.UNSPECIFIED.);
#22=B_SPLINE_CURVE_WITH_KNOTS('',3,(#11554,#11555,#11556,#11557),
 .UNSPECIFIED.,.F.,.F.,(4,4),(0.,1.),.UNSPECIFIED.);
#23=B_SPLINE_CURVE_WITH_KNOTS('',3,(#11604,#11605,#11606,#11607),
 .UNSPECIFIED.,.F.,.F.,(4,4),(0.,1.),.UNSPECIFIED.);
#24=CYLINDRICAL_SURFACE('',#8935,1.4);
#25=CYLINDRICAL_SURFACE('',#8950,0.299999999999993);
#26=CYLINDRICAL_SURFACE('',#8954,0.7);
#27=CYLINDRICAL_SURFACE('',#8956,0.199999999999992);
#28=CYLINDRICAL_SURFACE('',#8960,0.749999999999975);
#29=CYLINDRICAL_SURFACE('',#8967,0.299999999999993);
#30=CYLINDRICAL_SURFACE('',#8971,0.7);
#31=CYLINDRICAL_SURFACE('',#8972,0.199999999999992);
#32=CYLINDRICAL_SURFACE('',#8976,0.749999999999975);
#33=CYLINDRICAL_SURFACE('',#8980,0.300000000000011);
#34=CYLINDRICAL_SURFACE('',#9096,1.4);
#35=CYLINDRICAL_SURFACE('',#9099,1.89148542155129);
#36=CYLINDRICAL_SURFACE('',#9103,1.4);
#37=CYLINDRICAL_SURFACE('',#9105,2.);
#38=CYLINDRICAL_SURFACE('',#9116,0.7);
#39=CYLINDRICAL_SURFACE('',#9119,1.89148542155129);
#40=CYLINDRICAL_SURFACE('',#9124,2.);
#41=CYLINDRICAL_SURFACE('',#9137,1.89148542155129);
#42=CYLINDRICAL_SURFACE('',#9143,2.);
#43=CYLINDRICAL_SURFACE('',#9157,1.89148542155129);
#44=CYLINDRICAL_SURFACE('',#9159,1.4);
#45=CYLINDRICAL_SURFACE('',#9164,2.);
#46=CYLINDRICAL_SURFACE('',#9176,1.89148542155129);
#47=CYLINDRICAL_SURFACE('',#9182,2.);
#48=CYLINDRICAL_SURFACE('',#9193,1.4);
#49=CYLINDRICAL_SURFACE('',#9195,1.89148542155129);
#50=CYLINDRICAL_SURFACE('',#9201,2.);
#51=CYLINDRICAL_SURFACE('',#9214,1.89148542155129);
#52=CYLINDRICAL_SURFACE('',#9220,2.);
#53=CYLINDRICAL_SURFACE('',#9231,1.4);
#54=CYLINDRICAL_SURFACE('',#9234,1.89148542155129);
#55=CYLINDRICAL_SURFACE('',#9239,2.);
#56=CYLINDRICAL_SURFACE('',#9250,0.7);
#57=CYLINDRICAL_SURFACE('',#9251,1.89148542155129);
#58=CYLINDRICAL_SURFACE('',#9255,1.4);
#59=CYLINDRICAL_SURFACE('',#9257,2.);
#60=CYLINDRICAL_SURFACE('',#9268,0.7);
#61=CYLINDRICAL_SURFACE('',#9270,1.89148542155129);
#62=CYLINDRICAL_SURFACE('',#9272,0.7);
#63=CYLINDRICAL_SURFACE('',#9276,2.);
#64=CYLINDRICAL_SURFACE('',#9279,0.599999999999909);
#65=CYLINDRICAL_SURFACE('',#9283,0.199999999999995);
#66=CYLINDRICAL_SURFACE('',#9290,0.199999999999889);
#67=CYLINDRICAL_SURFACE('',#9299,0.7);
#68=CYLINDRICAL_SURFACE('',#9300,2.91503460340323);
#69=CYLINDRICAL_SURFACE('',#9315,0.199999999999989);
#70=CYLINDRICAL_SURFACE('',#9319,0.7);
#71=CYLINDRICAL_SURFACE('',#9321,0.300000000000011);
#72=CYLINDRICAL_SURFACE('',#9328,0.300000000000011);
#73=CYLINDRICAL_SURFACE('',#9338,0.7);
#74=CYLINDRICAL_SURFACE('',#9342,2.91503460340323);
#75=CYLINDRICAL_SURFACE('',#9345,0.7);
#76=CYLINDRICAL_SURFACE('',#9349,2.91503460340323);
#77=CYLINDRICAL_SURFACE('',#9352,1.4);
#78=CYLINDRICAL_SURFACE('',#9357,2.91503460340323);
#79=CYLINDRICAL_SURFACE('',#9365,2.91503460340323);
#80=CYLINDRICAL_SURFACE('',#9372,2.91503460340323);
#81=CYLINDRICAL_SURFACE('',#9375,1.4);
#82=CYLINDRICAL_SURFACE('',#9377,2.91503460340323);
#83=CYLINDRICAL_SURFACE('',#9381,2.91503460340323);
#84=CYLINDRICAL_SURFACE('',#9385,2.91503460340323);
#85=CYLINDRICAL_SURFACE('',#9395,1.4);
#86=CYLINDRICAL_SURFACE('',#9397,2.91503460340323);
#87=CYLINDRICAL_SURFACE('',#9404,0.199999999999989);
#88=CYLINDRICAL_SURFACE('',#9410,0.300000000000011);
#89=CIRCLE('',#8906,2.91503460340323);
#90=CIRCLE('',#8908,2.91503460340323);
#91=CIRCLE('',#8909,2.91503460340323);
#92=CIRCLE('',#8911,2.91503460340323);
#93=CIRCLE('',#8913,2.91503460340323);
#94=CIRCLE('',#8914,2.91503460340323);
#95=CIRCLE('',#8916,2.91503460340323);
#96=CIRCLE('',#8918,2.91503460340323);
#97=CIRCLE('',#8920,2.91503460340323);
#98=CIRCLE('',#8922,2.91503460340323);
#99=CIRCLE('',#8924,2.91503460340323);
#100=CIRCLE('',#8926,2.91503460340323);
#101=CIRCLE('',#8927,2.91503460340323);
#102=CIRCLE('',#8929,1.4);
#103=CIRCLE('',#8930,0.7);
#104=CIRCLE('',#8932,0.7);
#105=CIRCLE('',#8934,0.7);
#106=CIRCLE('',#8936,1.4);
#107=CIRCLE('',#8937,1.4);
#108=CIRCLE('',#8939,0.7);
#109=CIRCLE('',#8941,0.7);
#110=CIRCLE('',#8942,1.4);
#111=CIRCLE('',#8944,0.7);
#112=CIRCLE('',#8945,1.4);
#113=CIRCLE('',#8947,0.7);
#114=CIRCLE('',#8951,0.299999999999993);
#115=CIRCLE('',#8952,0.299999999999993);
#116=CIRCLE('',#8955,0.7);
#117=CIRCLE('',#8957,0.199999999999992);
#118=CIRCLE('',#8958,0.199999999999992);
#119=CIRCLE('',#8961,0.749999999999975);
#120=CIRCLE('',#8962,0.749999999999975);
#121=CIRCLE('',#8968,0.299999999999993);
#122=CIRCLE('',#8969,0.299999999999993);
#123=CIRCLE('',#8973,0.199999999999992);
#124=CIRCLE('',#8974,0.199999999999992);
#125=CIRCLE('',#8977,0.749999999999975);
#126=CIRCLE('',#8978,0.749999999999975);
#127=CIRCLE('',#8981,0.300000000000011);
#128=CIRCLE('',#8982,0.300000000000011);
#129=CIRCLE('',#8985,0.300000000000011);
#130=CIRCLE('',#9088,1.89148542155129);
#131=CIRCLE('',#9091,1.89148542155129);
#132=CIRCLE('',#9092,1.89148542155129);
#133=CIRCLE('',#9095,1.89148542155129);
#134=CIRCLE('',#9097,1.4);
#135=CIRCLE('',#9098,1.4);
#136=CIRCLE('',#9100,1.89148542155129);
#137=CIRCLE('',#9102,2.);
#138=CIRCLE('',#9104,1.4);
#139=CIRCLE('',#9106,2.);
#140=CIRCLE('',#9108,1.89148542155129);
#141=CIRCLE('',#9111,1.89148542155129);
#142=CIRCLE('',#9112,1.89148542155129);
#143=CIRCLE('',#9115,1.89148542155129);
#144=CIRCLE('',#9117,0.7);
#145=CIRCLE('',#9118,0.7);
#146=CIRCLE('',#9120,1.89148542155129);
#147=CIRCLE('',#9123,2.);
#148=CIRCLE('',#9125,2.);
#149=CIRCLE('',#9127,1.89148542155129);
#150=CIRCLE('',#9130,1.89148542155129);
#151=CIRCLE('',#9131,1.89148542155129);
#152=CIRCLE('',#9134,1.89148542155129);
#153=CIRCLE('',#9136,0.7);
#154=CIRCLE('',#9138,1.89148542155129);
#155=CIRCLE('',#9140,2.);
#156=CIRCLE('',#9142,0.7);
#157=CIRCLE('',#9144,2.);
#158=CIRCLE('',#9146,1.89148542155129);
#159=CIRCLE('',#9149,1.89148542155129);
#160=CIRCLE('',#9150,1.89148542155129);
#161=CIRCLE('',#9153,1.89148542155129);
#162=CIRCLE('',#9155,0.7);
#163=CIRCLE('',#9156,1.4);
#164=CIRCLE('',#9158,1.89148542155129);
#165=CIRCLE('',#9160,1.4);
#166=CIRCLE('',#9161,1.4);
#167=CIRCLE('',#9163,2.);
#168=CIRCLE('',#9165,2.);
#169=CIRCLE('',#9167,1.89148542155129);
#170=CIRCLE('',#9170,1.89148542155129);
#171=CIRCLE('',#9171,1.89148542155129);
#172=CIRCLE('',#9174,1.89148542155129);
#173=CIRCLE('',#9177,1.89148542155129);
#174=CIRCLE('',#9179,2.);
#175=CIRCLE('',#9181,0.7);
#176=CIRCLE('',#9183,2.);
#177=CIRCLE('',#9185,1.89148542155129);
#178=CIRCLE('',#9188,1.89148542155129);
#179=CIRCLE('',#9189,1.89148542155129);
#180=CIRCLE('',#9192,1.89148542155129);
#181=CIRCLE('',#9194,1.4);
#182=CIRCLE('',#9196,1.89148542155129);
#183=CIRCLE('',#9198,0.7);
#184=CIRCLE('',#9200,2.);
#185=CIRCLE('',#9202,2.);
#186=CIRCLE('',#9204,1.89148542155129);
#187=CIRCLE('',#9207,1.89148542155129);
#188=CIRCLE('',#9208,1.89148542155129);
#189=CIRCLE('',#9211,1.89148542155129);
#190=CIRCLE('',#9213,1.4);
#191=CIRCLE('',#9215,1.89148542155129);
#192=CIRCLE('',#9217,0.7);
#193=CIRCLE('',#9219,2.);
#194=CIRCLE('',#9221,2.);
#195=CIRCLE('',#9223,1.89148542155129);
#196=CIRCLE('',#9226,1.89148542155129);
#197=CIRCLE('',#9227,1.89148542155129);
#198=CIRCLE('',#9230,1.89148542155129);
#199=CIRCLE('',#9232,1.4);
#200=CIRCLE('',#9233,1.4);
#201=CIRCLE('',#9235,1.89148542155129);
#202=CIRCLE('',#9238,2.);
#203=CIRCLE('',#9240,2.);
#204=CIRCLE('',#9242,1.89148542155129);
#205=CIRCLE('',#9245,1.89148542155129);
#206=CIRCLE('',#9246,1.89148542155129);
#207=CIRCLE('',#9249,1.89148542155129);
#208=CIRCLE('',#9252,1.89148542155129);
#209=CIRCLE('',#9254,2.);
#210=CIRCLE('',#9256,1.4);
#211=CIRCLE('',#9258,2.);
#212=CIRCLE('',#9260,1.89148542155129);
#213=CIRCLE('',#9263,1.89148542155129);
#214=CIRCLE('',#9264,1.89148542155129);
#215=CIRCLE('',#9267,1.89148542155129);
#216=CIRCLE('',#9269,0.7);
#217=CIRCLE('',#9271,1.89148542155129);
#218=CIRCLE('',#9273,0.7);
#219=CIRCLE('',#9275,2.);
#220=CIRCLE('',#9277,2.);
#221=CIRCLE('',#9280,0.599999999999909);
#222=CIRCLE('',#9281,0.599999999999909);
#223=CIRCLE('',#9284,0.199999999999995);
#224=CIRCLE('',#9285,0.199999999999995);
#225=CIRCLE('',#9291,0.199999999999889);
#226=CIRCLE('',#9292,0.199999999999889);
#227=CIRCLE('',#9297,2.91503460340323);
#228=CIRCLE('',#9301,2.91503460340323);
#229=CIRCLE('',#9302,2.91503460340323);
#230=CIRCLE('',#9303,2.91503460340323);
#231=CIRCLE('',#9313,0.300000000000011);
#232=CIRCLE('',#9314,0.199999999999989);
#233=CIRCLE('',#9316,0.199999999999989);
#234=CIRCLE('',#9318,0.300000000000011);
#235=CIRCLE('',#9320,0.7);
#236=CIRCLE('',#9322,0.300000000000011);
#237=CIRCLE('',#9326,0.300000000000011);
#238=CIRCLE('',#9327,0.300000000000011);
#239=CIRCLE('',#9329,0.300000000000011);
#240=CIRCLE('',#9336,2.91503460340323);
#241=CIRCLE('',#9339,0.7);
#242=CIRCLE('',#9341,2.91503460340323);
#243=CIRCLE('',#9343,2.91503460340323);
#244=CIRCLE('',#9347,2.91503460340323);
#245=CIRCLE('',#9348,2.91503460340323);
#246=CIRCLE('',#9350,2.91503460340323);
#247=CIRCLE('',#9353,1.4);
#248=CIRCLE('',#9355,2.91503460340323);
#249=CIRCLE('',#9356,2.91503460340323);
#250=CIRCLE('',#9358,2.91503460340323);
#251=CIRCLE('',#9361,1.4);
#252=CIRCLE('',#9363,2.91503460340323);
#253=CIRCLE('',#9364,2.91503460340323);
#254=CIRCLE('',#9366,2.91503460340323);
#255=CIRCLE('',#9370,2.91503460340323);
#256=CIRCLE('',#9371,2.91503460340323);
#257=CIRCLE('',#9373,2.91503460340323);
#258=CIRCLE('',#9376,1.4);
#259=CIRCLE('',#9378,2.91503460340323);
#260=CIRCLE('',#9382,2.91503460340323);
#261=CIRCLE('',#9386,2.91503460340323);
#262=CIRCLE('',#9387,2.91503460340323);
#263=CIRCLE('',#9389,2.91503460340323);
#264=CIRCLE('',#9391,2.91503460340323);
#265=CIRCLE('',#9394,2.91503460340323);
#266=CIRCLE('',#9396,1.4);
#267=CIRCLE('',#9398,2.91503460340323);
#268=CIRCLE('',#9405,0.199999999999989);
#269=CIRCLE('',#9406,0.199999999999989);
#270=CIRCLE('',#9408,0.300000000000011);
#271=CIRCLE('',#9411,0.300000000000011);
#272=CIRCLE('',#9412,0.300000000000011);
#273=ORIENTED_EDGE('',*,*,#1965,.F.);
#274=ORIENTED_EDGE('',*,*,#1966,.T.);
#275=ORIENTED_EDGE('',*,*,#1967,.F.);
#276=ORIENTED_EDGE('',*,*,#1968,.T.);
#277=ORIENTED_EDGE('',*,*,#1969,.T.);
#278=ORIENTED_EDGE('',*,*,#1970,.T.);
#279=ORIENTED_EDGE('',*,*,#1971,.F.);
#280=ORIENTED_EDGE('',*,*,#1967,.T.);
#281=ORIENTED_EDGE('',*,*,#1972,.T.);
#282=ORIENTED_EDGE('',*,*,#1968,.F.);
#283=ORIENTED_EDGE('',*,*,#1971,.T.);
#284=ORIENTED_EDGE('',*,*,#1973,.T.);
#285=ORIENTED_EDGE('',*,*,#1973,.F.);
#286=ORIENTED_EDGE('',*,*,#1970,.F.);
#287=ORIENTED_EDGE('',*,*,#1974,.T.);
#288=ORIENTED_EDGE('',*,*,#1975,.F.);
#289=ORIENTED_EDGE('',*,*,#1976,.T.);
#290=ORIENTED_EDGE('',*,*,#1977,.F.);
#291=ORIENTED_EDGE('',*,*,#1978,.F.);
#292=ORIENTED_EDGE('',*,*,#1974,.F.);
#293=ORIENTED_EDGE('',*,*,#1979,.F.);
#294=ORIENTED_EDGE('',*,*,#1977,.T.);
#295=ORIENTED_EDGE('',*,*,#1980,.F.);
#296=ORIENTED_EDGE('',*,*,#1981,.T.);
#297=ORIENTED_EDGE('',*,*,#1982,.F.);
#298=ORIENTED_EDGE('',*,*,#1983,.T.);
#299=ORIENTED_EDGE('',*,*,#1984,.F.);
#300=ORIENTED_EDGE('',*,*,#1980,.T.);
#301=ORIENTED_EDGE('',*,*,#1985,.T.);
#302=ORIENTED_EDGE('',*,*,#1981,.F.);
#303=ORIENTED_EDGE('',*,*,#1984,.T.);
#304=ORIENTED_EDGE('',*,*,#1986,.T.);
#305=ORIENTED_EDGE('',*,*,#1986,.F.);
#306=ORIENTED_EDGE('',*,*,#1983,.F.);
#307=ORIENTED_EDGE('',*,*,#1987,.T.);
#308=ORIENTED_EDGE('',*,*,#1988,.F.);
#309=ORIENTED_EDGE('',*,*,#1989,.T.);
#310=ORIENTED_EDGE('',*,*,#1990,.F.);
#311=ORIENTED_EDGE('',*,*,#1991,.F.);
#312=ORIENTED_EDGE('',*,*,#1987,.F.);
#313=ORIENTED_EDGE('',*,*,#1992,.F.);
#314=ORIENTED_EDGE('',*,*,#1990,.T.);
#315=ORIENTED_EDGE('',*,*,#1993,.F.);
#316=ORIENTED_EDGE('',*,*,#1994,.T.);
#317=ORIENTED_EDGE('',*,*,#1995,.F.);
#318=ORIENTED_EDGE('',*,*,#1996,.T.);
#319=ORIENTED_EDGE('',*,*,#1997,.F.);
#320=ORIENTED_EDGE('',*,*,#1993,.T.);
#321=ORIENTED_EDGE('',*,*,#1998,.T.);
#322=ORIENTED_EDGE('',*,*,#1994,.F.);
#323=ORIENTED_EDGE('',*,*,#1997,.T.);
#324=ORIENTED_EDGE('',*,*,#1999,.T.);
#325=ORIENTED_EDGE('',*,*,#1999,.F.);
#326=ORIENTED_EDGE('',*,*,#1996,.F.);
#327=ORIENTED_EDGE('',*,*,#2000,.T.);
#328=ORIENTED_EDGE('',*,*,#2001,.F.);
#329=ORIENTED_EDGE('',*,*,#2002,.T.);
#330=ORIENTED_EDGE('',*,*,#2003,.F.);
#331=ORIENTED_EDGE('',*,*,#2004,.F.);
#332=ORIENTED_EDGE('',*,*,#2000,.F.);
#333=ORIENTED_EDGE('',*,*,#2005,.F.);
#334=ORIENTED_EDGE('',*,*,#2003,.T.);
#335=ORIENTED_EDGE('',*,*,#2006,.F.);
#336=ORIENTED_EDGE('',*,*,#2007,.T.);
#337=ORIENTED_EDGE('',*,*,#2008,.T.);
#338=ORIENTED_EDGE('',*,*,#2009,.T.);
#339=ORIENTED_EDGE('',*,*,#2010,.F.);
#340=ORIENTED_EDGE('',*,*,#2006,.T.);
#341=ORIENTED_EDGE('',*,*,#2011,.T.);
#342=ORIENTED_EDGE('',*,*,#2007,.F.);
#343=ORIENTED_EDGE('',*,*,#2010,.T.);
#344=ORIENTED_EDGE('',*,*,#2012,.T.);
#345=ORIENTED_EDGE('',*,*,#2012,.F.);
#346=ORIENTED_EDGE('',*,*,#2009,.F.);
#347=ORIENTED_EDGE('',*,*,#2013,.T.);
#348=ORIENTED_EDGE('',*,*,#2014,.F.);
#349=ORIENTED_EDGE('',*,*,#2015,.T.);
#350=ORIENTED_EDGE('',*,*,#2016,.F.);
#351=ORIENTED_EDGE('',*,*,#2017,.F.);
#352=ORIENTED_EDGE('',*,*,#2013,.F.);
#353=ORIENTED_EDGE('',*,*,#2018,.F.);
#354=ORIENTED_EDGE('',*,*,#2016,.T.);
#355=ORIENTED_EDGE('',*,*,#2019,.F.);
#356=ORIENTED_EDGE('',*,*,#2020,.T.);
#357=ORIENTED_EDGE('',*,*,#2021,.T.);
#358=ORIENTED_EDGE('',*,*,#2022,.T.);
#359=ORIENTED_EDGE('',*,*,#2023,.F.);
#360=ORIENTED_EDGE('',*,*,#2019,.T.);
#361=ORIENTED_EDGE('',*,*,#2024,.T.);
#362=ORIENTED_EDGE('',*,*,#2020,.F.);
#363=ORIENTED_EDGE('',*,*,#2023,.T.);
#364=ORIENTED_EDGE('',*,*,#2025,.T.);
#365=ORIENTED_EDGE('',*,*,#2025,.F.);
#366=ORIENTED_EDGE('',*,*,#2022,.F.);
#367=ORIENTED_EDGE('',*,*,#2026,.T.);
#368=ORIENTED_EDGE('',*,*,#2027,.F.);
#369=ORIENTED_EDGE('',*,*,#2028,.T.);
#370=ORIENTED_EDGE('',*,*,#2029,.F.);
#371=ORIENTED_EDGE('',*,*,#2030,.F.);
#372=ORIENTED_EDGE('',*,*,#2026,.F.);
#373=ORIENTED_EDGE('',*,*,#2031,.F.);
#374=ORIENTED_EDGE('',*,*,#2029,.T.);
#375=ORIENTED_EDGE('',*,*,#2032,.F.);
#376=ORIENTED_EDGE('',*,*,#2033,.T.);
#377=ORIENTED_EDGE('',*,*,#2034,.F.);
#378=ORIENTED_EDGE('',*,*,#2035,.T.);
#379=ORIENTED_EDGE('',*,*,#2036,.F.);
#380=ORIENTED_EDGE('',*,*,#2032,.T.);
#381=ORIENTED_EDGE('',*,*,#2037,.T.);
#382=ORIENTED_EDGE('',*,*,#2033,.F.);
#383=ORIENTED_EDGE('',*,*,#2036,.T.);
#384=ORIENTED_EDGE('',*,*,#2038,.T.);
#385=ORIENTED_EDGE('',*,*,#2038,.F.);
#386=ORIENTED_EDGE('',*,*,#2035,.F.);
#387=ORIENTED_EDGE('',*,*,#2039,.T.);
#388=ORIENTED_EDGE('',*,*,#2040,.F.);
#389=ORIENTED_EDGE('',*,*,#2041,.T.);
#390=ORIENTED_EDGE('',*,*,#2042,.F.);
#391=ORIENTED_EDGE('',*,*,#2043,.F.);
#392=ORIENTED_EDGE('',*,*,#2039,.F.);
#393=ORIENTED_EDGE('',*,*,#2044,.F.);
#394=ORIENTED_EDGE('',*,*,#2042,.T.);
#395=ORIENTED_EDGE('',*,*,#2045,.F.);
#396=ORIENTED_EDGE('',*,*,#2046,.T.);
#397=ORIENTED_EDGE('',*,*,#2047,.F.);
#398=ORIENTED_EDGE('',*,*,#2048,.T.);
#399=ORIENTED_EDGE('',*,*,#2049,.F.);
#400=ORIENTED_EDGE('',*,*,#2045,.T.);
#401=ORIENTED_EDGE('',*,*,#2050,.T.);
#402=ORIENTED_EDGE('',*,*,#2046,.F.);
#403=ORIENTED_EDGE('',*,*,#2049,.T.);
#404=ORIENTED_EDGE('',*,*,#2051,.T.);
#405=ORIENTED_EDGE('',*,*,#2051,.F.);
#406=ORIENTED_EDGE('',*,*,#2048,.F.);
#407=ORIENTED_EDGE('',*,*,#2052,.T.);
#408=ORIENTED_EDGE('',*,*,#2053,.F.);
#409=ORIENTED_EDGE('',*,*,#2054,.T.);
#410=ORIENTED_EDGE('',*,*,#2055,.F.);
#411=ORIENTED_EDGE('',*,*,#2056,.F.);
#412=ORIENTED_EDGE('',*,*,#2052,.F.);
#413=ORIENTED_EDGE('',*,*,#2057,.F.);
#414=ORIENTED_EDGE('',*,*,#2058,.T.);
#415=ORIENTED_EDGE('',*,*,#2059,.F.);
#416=ORIENTED_EDGE('',*,*,#2060,.T.);
#417=ORIENTED_EDGE('',*,*,#2061,.F.);
#418=ORIENTED_EDGE('',*,*,#2055,.T.);
#419=ORIENTED_EDGE('',*,*,#2060,.F.);
#420=ORIENTED_EDGE('',*,*,#2062,.T.);
#421=ORIENTED_EDGE('',*,*,#2063,.F.);
#422=ORIENTED_EDGE('',*,*,#2064,.F.);
#423=ORIENTED_EDGE('',*,*,#2065,.F.);
#424=ORIENTED_EDGE('',*,*,#2066,.F.);
#425=ORIENTED_EDGE('',*,*,#2067,.T.);
#426=ORIENTED_EDGE('',*,*,#2068,.T.);
#427=ORIENTED_EDGE('',*,*,#2069,.T.);
#428=ORIENTED_EDGE('',*,*,#2070,.T.);
#429=ORIENTED_EDGE('',*,*,#2071,.T.);
#430=ORIENTED_EDGE('',*,*,#2072,.T.);
#431=ORIENTED_EDGE('',*,*,#2073,.T.);
#432=ORIENTED_EDGE('',*,*,#2074,.T.);
#433=ORIENTED_EDGE('',*,*,#2075,.T.);
#434=ORIENTED_EDGE('',*,*,#2076,.T.);
#435=ORIENTED_EDGE('',*,*,#2077,.T.);
#436=ORIENTED_EDGE('',*,*,#2078,.T.);
#437=ORIENTED_EDGE('',*,*,#2079,.T.);
#438=ORIENTED_EDGE('',*,*,#2080,.T.);
#439=ORIENTED_EDGE('',*,*,#2081,.T.);
#440=ORIENTED_EDGE('',*,*,#2082,.T.);
#441=ORIENTED_EDGE('',*,*,#2083,.T.);
#442=ORIENTED_EDGE('',*,*,#2084,.T.);
#443=ORIENTED_EDGE('',*,*,#2085,.T.);
#444=ORIENTED_EDGE('',*,*,#2086,.T.);
#445=ORIENTED_EDGE('',*,*,#2087,.T.);
#446=ORIENTED_EDGE('',*,*,#2088,.T.);
#447=ORIENTED_EDGE('',*,*,#2089,.T.);
#448=ORIENTED_EDGE('',*,*,#2090,.T.);
#449=ORIENTED_EDGE('',*,*,#2091,.T.);
#450=ORIENTED_EDGE('',*,*,#2092,.T.);
#451=ORIENTED_EDGE('',*,*,#2093,.T.);
#452=ORIENTED_EDGE('',*,*,#2094,.T.);
#453=ORIENTED_EDGE('',*,*,#2095,.T.);
#454=ORIENTED_EDGE('',*,*,#2096,.T.);
#455=ORIENTED_EDGE('',*,*,#2097,.F.);
#456=ORIENTED_EDGE('',*,*,#2098,.F.);
#457=ORIENTED_EDGE('',*,*,#2099,.T.);
#458=ORIENTED_EDGE('',*,*,#2100,.T.);
#459=ORIENTED_EDGE('',*,*,#2101,.T.);
#460=ORIENTED_EDGE('',*,*,#2102,.T.);
#461=ORIENTED_EDGE('',*,*,#2103,.T.);
#462=ORIENTED_EDGE('',*,*,#2104,.T.);
#463=ORIENTED_EDGE('',*,*,#2105,.F.);
#464=ORIENTED_EDGE('',*,*,#2106,.F.);
#465=ORIENTED_EDGE('',*,*,#2107,.F.);
#466=ORIENTED_EDGE('',*,*,#2108,.F.);
#467=ORIENTED_EDGE('',*,*,#2109,.F.);
#468=ORIENTED_EDGE('',*,*,#2108,.T.);
#469=ORIENTED_EDGE('',*,*,#2110,.F.);
#470=ORIENTED_EDGE('',*,*,#2111,.F.);
#471=ORIENTED_EDGE('',*,*,#2112,.F.);
#472=ORIENTED_EDGE('',*,*,#2111,.T.);
#473=ORIENTED_EDGE('',*,*,#2113,.F.);
#474=ORIENTED_EDGE('',*,*,#2114,.T.);
#475=ORIENTED_EDGE('',*,*,#2115,.F.);
#476=ORIENTED_EDGE('',*,*,#2114,.F.);
#477=ORIENTED_EDGE('',*,*,#2116,.F.);
#478=ORIENTED_EDGE('',*,*,#2117,.F.);
#479=ORIENTED_EDGE('',*,*,#2100,.F.);
#480=ORIENTED_EDGE('',*,*,#2118,.F.);
#481=ORIENTED_EDGE('',*,*,#2119,.F.);
#482=ORIENTED_EDGE('',*,*,#2120,.T.);
#483=ORIENTED_EDGE('',*,*,#2121,.F.);
#484=ORIENTED_EDGE('',*,*,#2117,.T.);
#485=ORIENTED_EDGE('',*,*,#2122,.F.);
#486=ORIENTED_EDGE('',*,*,#2123,.F.);
#487=ORIENTED_EDGE('',*,*,#2124,.F.);
#488=ORIENTED_EDGE('',*,*,#2120,.F.);
#489=ORIENTED_EDGE('',*,*,#2125,.F.);
#490=ORIENTED_EDGE('',*,*,#2123,.T.);
#491=ORIENTED_EDGE('',*,*,#2126,.F.);
#492=ORIENTED_EDGE('',*,*,#2127,.T.);
#493=ORIENTED_EDGE('',*,*,#2128,.F.);
#494=ORIENTED_EDGE('',*,*,#2127,.F.);
#495=ORIENTED_EDGE('',*,*,#2129,.F.);
#496=ORIENTED_EDGE('',*,*,#2130,.F.);
#497=ORIENTED_EDGE('',*,*,#2131,.F.);
#498=ORIENTED_EDGE('',*,*,#2132,.F.);
#499=ORIENTED_EDGE('',*,*,#2133,.F.);
#500=ORIENTED_EDGE('',*,*,#2134,.T.);
#501=ORIENTED_EDGE('',*,*,#2135,.F.);
#502=ORIENTED_EDGE('',*,*,#2136,.F.);
#503=ORIENTED_EDGE('',*,*,#2137,.F.);
#504=ORIENTED_EDGE('',*,*,#2138,.F.);
#505=ORIENTED_EDGE('',*,*,#2139,.F.);
#506=ORIENTED_EDGE('',*,*,#2140,.F.);
#507=ORIENTED_EDGE('',*,*,#2139,.T.);
#508=ORIENTED_EDGE('',*,*,#2141,.F.);
#509=ORIENTED_EDGE('',*,*,#2142,.F.);
#510=ORIENTED_EDGE('',*,*,#2143,.F.);
#511=ORIENTED_EDGE('',*,*,#2142,.T.);
#512=ORIENTED_EDGE('',*,*,#2144,.F.);
#513=ORIENTED_EDGE('',*,*,#2145,.T.);
#514=ORIENTED_EDGE('',*,*,#2146,.F.);
#515=ORIENTED_EDGE('',*,*,#2145,.F.);
#516=ORIENTED_EDGE('',*,*,#2147,.F.);
#517=ORIENTED_EDGE('',*,*,#2148,.F.);
#518=ORIENTED_EDGE('',*,*,#2094,.F.);
#519=ORIENTED_EDGE('',*,*,#2095,.F.);
#520=ORIENTED_EDGE('',*,*,#2149,.F.);
#521=ORIENTED_EDGE('',*,*,#2150,.T.);
#522=ORIENTED_EDGE('',*,*,#2151,.F.);
#523=ORIENTED_EDGE('',*,*,#2148,.T.);
#524=ORIENTED_EDGE('',*,*,#2152,.F.);
#525=ORIENTED_EDGE('',*,*,#2153,.F.);
#526=ORIENTED_EDGE('',*,*,#2154,.F.);
#527=ORIENTED_EDGE('',*,*,#2150,.F.);
#528=ORIENTED_EDGE('',*,*,#2155,.F.);
#529=ORIENTED_EDGE('',*,*,#2153,.T.);
#530=ORIENTED_EDGE('',*,*,#2156,.F.);
#531=ORIENTED_EDGE('',*,*,#2157,.T.);
#532=ORIENTED_EDGE('',*,*,#2158,.F.);
#533=ORIENTED_EDGE('',*,*,#2157,.F.);
#534=ORIENTED_EDGE('',*,*,#2159,.F.);
#535=ORIENTED_EDGE('',*,*,#2160,.F.);
#536=ORIENTED_EDGE('',*,*,#2161,.F.);
#537=ORIENTED_EDGE('',*,*,#2160,.T.);
#538=ORIENTED_EDGE('',*,*,#2162,.F.);
#539=ORIENTED_EDGE('',*,*,#2163,.T.);
#540=ORIENTED_EDGE('',*,*,#2164,.F.);
#541=ORIENTED_EDGE('',*,*,#2165,.F.);
#542=ORIENTED_EDGE('',*,*,#2166,.F.);
#543=ORIENTED_EDGE('',*,*,#2163,.F.);
#544=ORIENTED_EDGE('',*,*,#2167,.F.);
#545=ORIENTED_EDGE('',*,*,#2168,.T.);
#546=ORIENTED_EDGE('',*,*,#2136,.T.);
#547=ORIENTED_EDGE('',*,*,#2140,.T.);
#548=ORIENTED_EDGE('',*,*,#2143,.T.);
#549=ORIENTED_EDGE('',*,*,#2146,.T.);
#550=ORIENTED_EDGE('',*,*,#2151,.T.);
#551=ORIENTED_EDGE('',*,*,#2154,.T.);
#552=ORIENTED_EDGE('',*,*,#2155,.T.);
#553=ORIENTED_EDGE('',*,*,#2158,.T.);
#554=ORIENTED_EDGE('',*,*,#2161,.T.);
#555=ORIENTED_EDGE('',*,*,#2166,.T.);
#556=ORIENTED_EDGE('',*,*,#2169,.F.);
#557=ORIENTED_EDGE('',*,*,#2170,.T.);
#558=ORIENTED_EDGE('',*,*,#2132,.T.);
#559=ORIENTED_EDGE('',*,*,#2171,.T.);
#560=ORIENTED_EDGE('',*,*,#2167,.T.);
#561=ORIENTED_EDGE('',*,*,#2172,.F.);
#562=ORIENTED_EDGE('',*,*,#2173,.T.);
#563=ORIENTED_EDGE('',*,*,#2174,.T.);
#564=ORIENTED_EDGE('',*,*,#2175,.F.);
#565=ORIENTED_EDGE('',*,*,#2176,.F.);
#566=ORIENTED_EDGE('',*,*,#2177,.F.);
#567=ORIENTED_EDGE('',*,*,#2178,.F.);
#568=ORIENTED_EDGE('',*,*,#2179,.F.);
#569=ORIENTED_EDGE('',*,*,#2180,.T.);
#570=ORIENTED_EDGE('',*,*,#2181,.F.);
#571=ORIENTED_EDGE('',*,*,#2176,.T.);
#572=ORIENTED_EDGE('',*,*,#2182,.F.);
#573=ORIENTED_EDGE('',*,*,#2177,.T.);
#574=ORIENTED_EDGE('',*,*,#2181,.T.);
#575=ORIENTED_EDGE('',*,*,#2183,.T.);
#576=ORIENTED_EDGE('',*,*,#2184,.F.);
#577=ORIENTED_EDGE('',*,*,#2185,.T.);
#578=ORIENTED_EDGE('',*,*,#2186,.T.);
#579=ORIENTED_EDGE('',*,*,#2184,.T.);
#580=ORIENTED_EDGE('',*,*,#2187,.F.);
#581=ORIENTED_EDGE('',*,*,#2188,.T.);
#582=ORIENTED_EDGE('',*,*,#2186,.F.);
#583=ORIENTED_EDGE('',*,*,#2189,.F.);
#584=ORIENTED_EDGE('',*,*,#2190,.T.);
#585=ORIENTED_EDGE('',*,*,#2185,.F.);
#586=ORIENTED_EDGE('',*,*,#2190,.F.);
#587=ORIENTED_EDGE('',*,*,#2191,.T.);
#588=ORIENTED_EDGE('',*,*,#2172,.T.);
#589=ORIENTED_EDGE('',*,*,#2182,.T.);
#590=ORIENTED_EDGE('',*,*,#2192,.F.);
#591=ORIENTED_EDGE('',*,*,#2173,.F.);
#592=ORIENTED_EDGE('',*,*,#2191,.F.);
#593=ORIENTED_EDGE('',*,*,#2189,.T.);
#594=ORIENTED_EDGE('',*,*,#2188,.F.);
#595=ORIENTED_EDGE('',*,*,#2193,.F.);
#596=ORIENTED_EDGE('',*,*,#2193,.T.);
#597=ORIENTED_EDGE('',*,*,#2187,.T.);
#598=ORIENTED_EDGE('',*,*,#2183,.F.);
#599=ORIENTED_EDGE('',*,*,#2180,.F.);
#600=ORIENTED_EDGE('',*,*,#2194,.F.);
#601=ORIENTED_EDGE('',*,*,#2195,.T.);
#602=ORIENTED_EDGE('',*,*,#2195,.F.);
#603=ORIENTED_EDGE('',*,*,#2196,.F.);
#604=ORIENTED_EDGE('',*,*,#2197,.T.);
#605=ORIENTED_EDGE('',*,*,#2174,.F.);
#606=ORIENTED_EDGE('',*,*,#2192,.T.);
#607=ORIENTED_EDGE('',*,*,#2196,.T.);
#608=ORIENTED_EDGE('',*,*,#2194,.T.);
#609=ORIENTED_EDGE('',*,*,#2179,.T.);
#610=ORIENTED_EDGE('',*,*,#2198,.F.);
#611=ORIENTED_EDGE('',*,*,#2199,.F.);
#612=ORIENTED_EDGE('',*,*,#2200,.T.);
#613=ORIENTED_EDGE('',*,*,#2201,.T.);
#614=ORIENTED_EDGE('',*,*,#2202,.F.);
#615=ORIENTED_EDGE('',*,*,#2203,.F.);
#616=ORIENTED_EDGE('',*,*,#2204,.F.);
#617=ORIENTED_EDGE('',*,*,#2205,.F.);
#618=ORIENTED_EDGE('',*,*,#2206,.F.);
#619=ORIENTED_EDGE('',*,*,#2207,.T.);
#620=ORIENTED_EDGE('',*,*,#2208,.F.);
#621=ORIENTED_EDGE('',*,*,#2203,.T.);
#622=ORIENTED_EDGE('',*,*,#2209,.F.);
#623=ORIENTED_EDGE('',*,*,#2204,.T.);
#624=ORIENTED_EDGE('',*,*,#2208,.T.);
#625=ORIENTED_EDGE('',*,*,#2210,.T.);
#626=ORIENTED_EDGE('',*,*,#2211,.F.);
#627=ORIENTED_EDGE('',*,*,#2212,.T.);
#628=ORIENTED_EDGE('',*,*,#2213,.T.);
#629=ORIENTED_EDGE('',*,*,#2211,.T.);
#630=ORIENTED_EDGE('',*,*,#2214,.F.);
#631=ORIENTED_EDGE('',*,*,#2215,.T.);
#632=ORIENTED_EDGE('',*,*,#2213,.F.);
#633=ORIENTED_EDGE('',*,*,#2216,.F.);
#634=ORIENTED_EDGE('',*,*,#2217,.T.);
#635=ORIENTED_EDGE('',*,*,#2212,.F.);
#636=ORIENTED_EDGE('',*,*,#2217,.F.);
#637=ORIENTED_EDGE('',*,*,#2218,.T.);
#638=ORIENTED_EDGE('',*,*,#2199,.T.);
#639=ORIENTED_EDGE('',*,*,#2209,.T.);
#640=ORIENTED_EDGE('',*,*,#2219,.F.);
#641=ORIENTED_EDGE('',*,*,#2200,.F.);
#642=ORIENTED_EDGE('',*,*,#2218,.F.);
#643=ORIENTED_EDGE('',*,*,#2216,.T.);
#644=ORIENTED_EDGE('',*,*,#2215,.F.);
#645=ORIENTED_EDGE('',*,*,#2220,.F.);
#646=ORIENTED_EDGE('',*,*,#2220,.T.);
#647=ORIENTED_EDGE('',*,*,#2214,.T.);
#648=ORIENTED_EDGE('',*,*,#2210,.F.);
#649=ORIENTED_EDGE('',*,*,#2207,.F.);
#650=ORIENTED_EDGE('',*,*,#2221,.T.);
#651=ORIENTED_EDGE('',*,*,#2222,.T.);
#652=ORIENTED_EDGE('',*,*,#2222,.F.);
#653=ORIENTED_EDGE('',*,*,#2223,.F.);
#654=ORIENTED_EDGE('',*,*,#2224,.T.);
#655=ORIENTED_EDGE('',*,*,#2201,.F.);
#656=ORIENTED_EDGE('',*,*,#2219,.T.);
#657=ORIENTED_EDGE('',*,*,#2223,.T.);
#658=ORIENTED_EDGE('',*,*,#2221,.F.);
#659=ORIENTED_EDGE('',*,*,#2206,.T.);
#660=ORIENTED_EDGE('',*,*,#2225,.T.);
#661=ORIENTED_EDGE('',*,*,#2226,.F.);
#662=ORIENTED_EDGE('',*,*,#2227,.T.);
#663=ORIENTED_EDGE('',*,*,#2228,.T.);
#664=ORIENTED_EDGE('',*,*,#2229,.F.);
#665=ORIENTED_EDGE('',*,*,#2230,.F.);
#666=ORIENTED_EDGE('',*,*,#2231,.F.);
#667=ORIENTED_EDGE('',*,*,#2232,.F.);
#668=ORIENTED_EDGE('',*,*,#2233,.F.);
#669=ORIENTED_EDGE('',*,*,#2234,.T.);
#670=ORIENTED_EDGE('',*,*,#2235,.F.);
#671=ORIENTED_EDGE('',*,*,#2230,.T.);
#672=ORIENTED_EDGE('',*,*,#2236,.F.);
#673=ORIENTED_EDGE('',*,*,#2231,.T.);
#674=ORIENTED_EDGE('',*,*,#2235,.T.);
#675=ORIENTED_EDGE('',*,*,#2237,.T.);
#676=ORIENTED_EDGE('',*,*,#2238,.F.);
#677=ORIENTED_EDGE('',*,*,#2239,.T.);
#678=ORIENTED_EDGE('',*,*,#2240,.T.);
#679=ORIENTED_EDGE('',*,*,#2238,.T.);
#680=ORIENTED_EDGE('',*,*,#2241,.F.);
#681=ORIENTED_EDGE('',*,*,#2242,.T.);
#682=ORIENTED_EDGE('',*,*,#2240,.F.);
#683=ORIENTED_EDGE('',*,*,#2243,.F.);
#684=ORIENTED_EDGE('',*,*,#2244,.T.);
#685=ORIENTED_EDGE('',*,*,#2239,.F.);
#686=ORIENTED_EDGE('',*,*,#2244,.F.);
#687=ORIENTED_EDGE('',*,*,#2245,.T.);
#688=ORIENTED_EDGE('',*,*,#2226,.T.);
#689=ORIENTED_EDGE('',*,*,#2236,.T.);
#690=ORIENTED_EDGE('',*,*,#2246,.F.);
#691=ORIENTED_EDGE('',*,*,#2227,.F.);
#692=ORIENTED_EDGE('',*,*,#2245,.F.);
#693=ORIENTED_EDGE('',*,*,#2243,.T.);
#694=ORIENTED_EDGE('',*,*,#2242,.F.);
#695=ORIENTED_EDGE('',*,*,#2247,.F.);
#696=ORIENTED_EDGE('',*,*,#2247,.T.);
#697=ORIENTED_EDGE('',*,*,#2241,.T.);
#698=ORIENTED_EDGE('',*,*,#2237,.F.);
#699=ORIENTED_EDGE('',*,*,#2234,.F.);
#700=ORIENTED_EDGE('',*,*,#2248,.T.);
#701=ORIENTED_EDGE('',*,*,#2249,.T.);
#702=ORIENTED_EDGE('',*,*,#2249,.F.);
#703=ORIENTED_EDGE('',*,*,#2250,.F.);
#704=ORIENTED_EDGE('',*,*,#2251,.T.);
#705=ORIENTED_EDGE('',*,*,#2228,.F.);
#706=ORIENTED_EDGE('',*,*,#2246,.T.);
#707=ORIENTED_EDGE('',*,*,#2250,.T.);
#708=ORIENTED_EDGE('',*,*,#2248,.F.);
#709=ORIENTED_EDGE('',*,*,#2233,.T.);
#710=ORIENTED_EDGE('',*,*,#2252,.F.);
#711=ORIENTED_EDGE('',*,*,#2253,.F.);
#712=ORIENTED_EDGE('',*,*,#2254,.T.);
#713=ORIENTED_EDGE('',*,*,#2255,.T.);
#714=ORIENTED_EDGE('',*,*,#2256,.F.);
#715=ORIENTED_EDGE('',*,*,#2257,.F.);
#716=ORIENTED_EDGE('',*,*,#2258,.F.);
#717=ORIENTED_EDGE('',*,*,#2259,.F.);
#718=ORIENTED_EDGE('',*,*,#2260,.F.);
#719=ORIENTED_EDGE('',*,*,#2261,.T.);
#720=ORIENTED_EDGE('',*,*,#2262,.F.);
#721=ORIENTED_EDGE('',*,*,#2257,.T.);
#722=ORIENTED_EDGE('',*,*,#2263,.F.);
#723=ORIENTED_EDGE('',*,*,#2258,.T.);
#724=ORIENTED_EDGE('',*,*,#2262,.T.);
#725=ORIENTED_EDGE('',*,*,#2264,.T.);
#726=ORIENTED_EDGE('',*,*,#2265,.F.);
#727=ORIENTED_EDGE('',*,*,#2266,.T.);
#728=ORIENTED_EDGE('',*,*,#2267,.T.);
#729=ORIENTED_EDGE('',*,*,#2265,.T.);
#730=ORIENTED_EDGE('',*,*,#2268,.F.);
#731=ORIENTED_EDGE('',*,*,#2269,.T.);
#732=ORIENTED_EDGE('',*,*,#2267,.F.);
#733=ORIENTED_EDGE('',*,*,#2270,.F.);
#734=ORIENTED_EDGE('',*,*,#2271,.T.);
#735=ORIENTED_EDGE('',*,*,#2266,.F.);
#736=ORIENTED_EDGE('',*,*,#2271,.F.);
#737=ORIENTED_EDGE('',*,*,#2272,.T.);
#738=ORIENTED_EDGE('',*,*,#2253,.T.);
#739=ORIENTED_EDGE('',*,*,#2263,.T.);
#740=ORIENTED_EDGE('',*,*,#2273,.F.);
#741=ORIENTED_EDGE('',*,*,#2254,.F.);
#742=ORIENTED_EDGE('',*,*,#2272,.F.);
#743=ORIENTED_EDGE('',*,*,#2270,.T.);
#744=ORIENTED_EDGE('',*,*,#2269,.F.);
#745=ORIENTED_EDGE('',*,*,#2274,.F.);
#746=ORIENTED_EDGE('',*,*,#2274,.T.);
#747=ORIENTED_EDGE('',*,*,#2268,.T.);
#748=ORIENTED_EDGE('',*,*,#2264,.F.);
#749=ORIENTED_EDGE('',*,*,#2261,.F.);
#750=ORIENTED_EDGE('',*,*,#2275,.F.);
#751=ORIENTED_EDGE('',*,*,#2276,.T.);
#752=ORIENTED_EDGE('',*,*,#2276,.F.);
#753=ORIENTED_EDGE('',*,*,#2277,.F.);
#754=ORIENTED_EDGE('',*,*,#2278,.T.);
#755=ORIENTED_EDGE('',*,*,#2255,.F.);
#756=ORIENTED_EDGE('',*,*,#2273,.T.);
#757=ORIENTED_EDGE('',*,*,#2277,.T.);
#758=ORIENTED_EDGE('',*,*,#2275,.T.);
#759=ORIENTED_EDGE('',*,*,#2260,.T.);
#760=ORIENTED_EDGE('',*,*,#2279,.F.);
#761=ORIENTED_EDGE('',*,*,#2280,.F.);
#762=ORIENTED_EDGE('',*,*,#2281,.T.);
#763=ORIENTED_EDGE('',*,*,#2282,.T.);
#764=ORIENTED_EDGE('',*,*,#2283,.F.);
#765=ORIENTED_EDGE('',*,*,#2284,.F.);
#766=ORIENTED_EDGE('',*,*,#2285,.F.);
#767=ORIENTED_EDGE('',*,*,#2286,.F.);
#768=ORIENTED_EDGE('',*,*,#2287,.F.);
#769=ORIENTED_EDGE('',*,*,#2288,.T.);
#770=ORIENTED_EDGE('',*,*,#2289,.F.);
#771=ORIENTED_EDGE('',*,*,#2284,.T.);
#772=ORIENTED_EDGE('',*,*,#2290,.F.);
#773=ORIENTED_EDGE('',*,*,#2285,.T.);
#774=ORIENTED_EDGE('',*,*,#2289,.T.);
#775=ORIENTED_EDGE('',*,*,#2291,.T.);
#776=ORIENTED_EDGE('',*,*,#2292,.F.);
#777=ORIENTED_EDGE('',*,*,#2293,.T.);
#778=ORIENTED_EDGE('',*,*,#2294,.T.);
#779=ORIENTED_EDGE('',*,*,#2292,.T.);
#780=ORIENTED_EDGE('',*,*,#2295,.F.);
#781=ORIENTED_EDGE('',*,*,#2296,.T.);
#782=ORIENTED_EDGE('',*,*,#2294,.F.);
#783=ORIENTED_EDGE('',*,*,#2297,.F.);
#784=ORIENTED_EDGE('',*,*,#2298,.T.);
#785=ORIENTED_EDGE('',*,*,#2293,.F.);
#786=ORIENTED_EDGE('',*,*,#2298,.F.);
#787=ORIENTED_EDGE('',*,*,#2299,.T.);
#788=ORIENTED_EDGE('',*,*,#2280,.T.);
#789=ORIENTED_EDGE('',*,*,#2290,.T.);
#790=ORIENTED_EDGE('',*,*,#2300,.F.);
#791=ORIENTED_EDGE('',*,*,#2281,.F.);
#792=ORIENTED_EDGE('',*,*,#2299,.F.);
#793=ORIENTED_EDGE('',*,*,#2297,.T.);
#794=ORIENTED_EDGE('',*,*,#2296,.F.);
#795=ORIENTED_EDGE('',*,*,#2301,.F.);
#796=ORIENTED_EDGE('',*,*,#2301,.T.);
#797=ORIENTED_EDGE('',*,*,#2295,.T.);
#798=ORIENTED_EDGE('',*,*,#2291,.F.);
#799=ORIENTED_EDGE('',*,*,#2288,.F.);
#800=ORIENTED_EDGE('',*,*,#2302,.F.);
#801=ORIENTED_EDGE('',*,*,#2303,.T.);
#802=ORIENTED_EDGE('',*,*,#2303,.F.);
#803=ORIENTED_EDGE('',*,*,#2304,.F.);
#804=ORIENTED_EDGE('',*,*,#2305,.T.);
#805=ORIENTED_EDGE('',*,*,#2282,.F.);
#806=ORIENTED_EDGE('',*,*,#2300,.T.);
#807=ORIENTED_EDGE('',*,*,#2304,.T.);
#808=ORIENTED_EDGE('',*,*,#2302,.T.);
#809=ORIENTED_EDGE('',*,*,#2287,.T.);
#810=ORIENTED_EDGE('',*,*,#2306,.T.);
#811=ORIENTED_EDGE('',*,*,#2307,.T.);
#812=ORIENTED_EDGE('',*,*,#2308,.F.);
#813=ORIENTED_EDGE('',*,*,#2309,.F.);
#814=ORIENTED_EDGE('',*,*,#2310,.T.);
#815=ORIENTED_EDGE('',*,*,#2309,.T.);
#816=ORIENTED_EDGE('',*,*,#2311,.T.);
#817=ORIENTED_EDGE('',*,*,#2312,.F.);
#818=ORIENTED_EDGE('',*,*,#2313,.F.);
#819=ORIENTED_EDGE('',*,*,#2314,.T.);
#820=ORIENTED_EDGE('',*,*,#2315,.F.);
#821=ORIENTED_EDGE('',*,*,#2310,.F.);
#822=ORIENTED_EDGE('',*,*,#2313,.T.);
#823=ORIENTED_EDGE('',*,*,#2316,.T.);
#824=ORIENTED_EDGE('',*,*,#2317,.T.);
#825=ORIENTED_EDGE('',*,*,#2307,.F.);
#826=ORIENTED_EDGE('',*,*,#2315,.T.);
#827=ORIENTED_EDGE('',*,*,#2318,.T.);
#828=ORIENTED_EDGE('',*,*,#2311,.F.);
#829=ORIENTED_EDGE('',*,*,#2308,.T.);
#830=ORIENTED_EDGE('',*,*,#2317,.F.);
#831=ORIENTED_EDGE('',*,*,#2319,.T.);
#832=ORIENTED_EDGE('',*,*,#2320,.T.);
#833=ORIENTED_EDGE('',*,*,#2321,.F.);
#834=ORIENTED_EDGE('',*,*,#2322,.F.);
#835=ORIENTED_EDGE('',*,*,#2312,.T.);
#836=ORIENTED_EDGE('',*,*,#2318,.F.);
#837=ORIENTED_EDGE('',*,*,#2323,.F.);
#838=ORIENTED_EDGE('',*,*,#2324,.T.);
#839=ORIENTED_EDGE('',*,*,#2325,.T.);
#840=ORIENTED_EDGE('',*,*,#2314,.F.);
#841=ORIENTED_EDGE('',*,*,#2322,.T.);
#842=ORIENTED_EDGE('',*,*,#2326,.F.);
#843=ORIENTED_EDGE('',*,*,#2327,.F.);
#844=ORIENTED_EDGE('',*,*,#2328,.F.);
#845=ORIENTED_EDGE('',*,*,#2319,.F.);
#846=ORIENTED_EDGE('',*,*,#2316,.F.);
#847=ORIENTED_EDGE('',*,*,#2325,.F.);
#848=ORIENTED_EDGE('',*,*,#2329,.F.);
#849=ORIENTED_EDGE('',*,*,#2330,.F.);
#850=ORIENTED_EDGE('',*,*,#2323,.T.);
#851=ORIENTED_EDGE('',*,*,#2320,.F.);
#852=ORIENTED_EDGE('',*,*,#2328,.T.);
#853=ORIENTED_EDGE('',*,*,#2331,.T.);
#854=ORIENTED_EDGE('',*,*,#2326,.T.);
#855=ORIENTED_EDGE('',*,*,#2321,.T.);
#856=ORIENTED_EDGE('',*,*,#2330,.T.);
#857=ORIENTED_EDGE('',*,*,#2332,.F.);
#858=ORIENTED_EDGE('',*,*,#2333,.T.);
#859=ORIENTED_EDGE('',*,*,#2334,.T.);
#860=ORIENTED_EDGE('',*,*,#2335,.F.);
#861=ORIENTED_EDGE('',*,*,#2336,.F.);
#862=ORIENTED_EDGE('',*,*,#2337,.F.);
#863=ORIENTED_EDGE('',*,*,#2338,.F.);
#864=ORIENTED_EDGE('',*,*,#2339,.F.);
#865=ORIENTED_EDGE('',*,*,#2340,.T.);
#866=ORIENTED_EDGE('',*,*,#2341,.F.);
#867=ORIENTED_EDGE('',*,*,#2336,.T.);
#868=ORIENTED_EDGE('',*,*,#2342,.F.);
#869=ORIENTED_EDGE('',*,*,#2337,.T.);
#870=ORIENTED_EDGE('',*,*,#2341,.T.);
#871=ORIENTED_EDGE('',*,*,#2343,.T.);
#872=ORIENTED_EDGE('',*,*,#2344,.F.);
#873=ORIENTED_EDGE('',*,*,#2345,.T.);
#874=ORIENTED_EDGE('',*,*,#2346,.T.);
#875=ORIENTED_EDGE('',*,*,#2344,.T.);
#876=ORIENTED_EDGE('',*,*,#2347,.F.);
#877=ORIENTED_EDGE('',*,*,#2348,.T.);
#878=ORIENTED_EDGE('',*,*,#2346,.F.);
#879=ORIENTED_EDGE('',*,*,#2349,.F.);
#880=ORIENTED_EDGE('',*,*,#2350,.T.);
#881=ORIENTED_EDGE('',*,*,#2345,.F.);
#882=ORIENTED_EDGE('',*,*,#2350,.F.);
#883=ORIENTED_EDGE('',*,*,#2351,.T.);
#884=ORIENTED_EDGE('',*,*,#2332,.T.);
#885=ORIENTED_EDGE('',*,*,#2342,.T.);
#886=ORIENTED_EDGE('',*,*,#2352,.F.);
#887=ORIENTED_EDGE('',*,*,#2333,.F.);
#888=ORIENTED_EDGE('',*,*,#2351,.F.);
#889=ORIENTED_EDGE('',*,*,#2349,.T.);
#890=ORIENTED_EDGE('',*,*,#2348,.F.);
#891=ORIENTED_EDGE('',*,*,#2353,.F.);
#892=ORIENTED_EDGE('',*,*,#2353,.T.);
#893=ORIENTED_EDGE('',*,*,#2347,.T.);
#894=ORIENTED_EDGE('',*,*,#2343,.F.);
#895=ORIENTED_EDGE('',*,*,#2340,.F.);
#896=ORIENTED_EDGE('',*,*,#2354,.T.);
#897=ORIENTED_EDGE('',*,*,#2355,.T.);
#898=ORIENTED_EDGE('',*,*,#2355,.F.);
#899=ORIENTED_EDGE('',*,*,#2356,.F.);
#900=ORIENTED_EDGE('',*,*,#2357,.T.);
#901=ORIENTED_EDGE('',*,*,#2334,.F.);
#902=ORIENTED_EDGE('',*,*,#2352,.T.);
#903=ORIENTED_EDGE('',*,*,#2356,.T.);
#904=ORIENTED_EDGE('',*,*,#2354,.F.);
#905=ORIENTED_EDGE('',*,*,#2339,.T.);
#906=ORIENTED_EDGE('',*,*,#2358,.T.);
#907=ORIENTED_EDGE('',*,*,#2359,.F.);
#908=ORIENTED_EDGE('',*,*,#2360,.T.);
#909=ORIENTED_EDGE('',*,*,#2361,.T.);
#910=ORIENTED_EDGE('',*,*,#2362,.F.);
#911=ORIENTED_EDGE('',*,*,#2363,.F.);
#912=ORIENTED_EDGE('',*,*,#2364,.F.);
#913=ORIENTED_EDGE('',*,*,#2365,.F.);
#914=ORIENTED_EDGE('',*,*,#2366,.F.);
#915=ORIENTED_EDGE('',*,*,#2367,.T.);
#916=ORIENTED_EDGE('',*,*,#2368,.F.);
#917=ORIENTED_EDGE('',*,*,#2363,.T.);
#918=ORIENTED_EDGE('',*,*,#2369,.F.);
#919=ORIENTED_EDGE('',*,*,#2364,.T.);
#920=ORIENTED_EDGE('',*,*,#2368,.T.);
#921=ORIENTED_EDGE('',*,*,#2370,.T.);
#922=ORIENTED_EDGE('',*,*,#2371,.F.);
#923=ORIENTED_EDGE('',*,*,#2372,.T.);
#924=ORIENTED_EDGE('',*,*,#2373,.T.);
#925=ORIENTED_EDGE('',*,*,#2371,.T.);
#926=ORIENTED_EDGE('',*,*,#2374,.F.);
#927=ORIENTED_EDGE('',*,*,#2375,.T.);
#928=ORIENTED_EDGE('',*,*,#2373,.F.);
#929=ORIENTED_EDGE('',*,*,#2376,.F.);
#930=ORIENTED_EDGE('',*,*,#2377,.T.);
#931=ORIENTED_EDGE('',*,*,#2372,.F.);
#932=ORIENTED_EDGE('',*,*,#2377,.F.);
#933=ORIENTED_EDGE('',*,*,#2378,.T.);
#934=ORIENTED_EDGE('',*,*,#2359,.T.);
#935=ORIENTED_EDGE('',*,*,#2369,.T.);
#936=ORIENTED_EDGE('',*,*,#2379,.F.);
#937=ORIENTED_EDGE('',*,*,#2360,.F.);
#938=ORIENTED_EDGE('',*,*,#2378,.F.);
#939=ORIENTED_EDGE('',*,*,#2376,.T.);
#940=ORIENTED_EDGE('',*,*,#2375,.F.);
#941=ORIENTED_EDGE('',*,*,#2380,.F.);
#942=ORIENTED_EDGE('',*,*,#2380,.T.);
#943=ORIENTED_EDGE('',*,*,#2374,.T.);
#944=ORIENTED_EDGE('',*,*,#2370,.F.);
#945=ORIENTED_EDGE('',*,*,#2367,.F.);
#946=ORIENTED_EDGE('',*,*,#2381,.T.);
#947=ORIENTED_EDGE('',*,*,#2382,.T.);
#948=ORIENTED_EDGE('',*,*,#2382,.F.);
#949=ORIENTED_EDGE('',*,*,#2383,.F.);
#950=ORIENTED_EDGE('',*,*,#2384,.T.);
#951=ORIENTED_EDGE('',*,*,#2361,.F.);
#952=ORIENTED_EDGE('',*,*,#2379,.T.);
#953=ORIENTED_EDGE('',*,*,#2383,.T.);
#954=ORIENTED_EDGE('',*,*,#2381,.F.);
#955=ORIENTED_EDGE('',*,*,#2366,.T.);
#956=ORIENTED_EDGE('',*,*,#2385,.T.);
#957=ORIENTED_EDGE('',*,*,#2386,.F.);
#958=ORIENTED_EDGE('',*,*,#2387,.T.);
#959=ORIENTED_EDGE('',*,*,#2388,.T.);
#960=ORIENTED_EDGE('',*,*,#2389,.F.);
#961=ORIENTED_EDGE('',*,*,#2390,.F.);
#962=ORIENTED_EDGE('',*,*,#2391,.F.);
#963=ORIENTED_EDGE('',*,*,#2392,.F.);
#964=ORIENTED_EDGE('',*,*,#2393,.F.);
#965=ORIENTED_EDGE('',*,*,#2394,.T.);
#966=ORIENTED_EDGE('',*,*,#2395,.F.);
#967=ORIENTED_EDGE('',*,*,#2390,.T.);
#968=ORIENTED_EDGE('',*,*,#2396,.F.);
#969=ORIENTED_EDGE('',*,*,#2391,.T.);
#970=ORIENTED_EDGE('',*,*,#2395,.T.);
#971=ORIENTED_EDGE('',*,*,#2397,.T.);
#972=ORIENTED_EDGE('',*,*,#2398,.F.);
#973=ORIENTED_EDGE('',*,*,#2399,.T.);
#974=ORIENTED_EDGE('',*,*,#2400,.T.);
#975=ORIENTED_EDGE('',*,*,#2398,.T.);
#976=ORIENTED_EDGE('',*,*,#2401,.F.);
#977=ORIENTED_EDGE('',*,*,#2402,.T.);
#978=ORIENTED_EDGE('',*,*,#2400,.F.);
#979=ORIENTED_EDGE('',*,*,#2403,.F.);
#980=ORIENTED_EDGE('',*,*,#2404,.T.);
#981=ORIENTED_EDGE('',*,*,#2399,.F.);
#982=ORIENTED_EDGE('',*,*,#2404,.F.);
#983=ORIENTED_EDGE('',*,*,#2405,.T.);
#984=ORIENTED_EDGE('',*,*,#2386,.T.);
#985=ORIENTED_EDGE('',*,*,#2396,.T.);
#986=ORIENTED_EDGE('',*,*,#2406,.F.);
#987=ORIENTED_EDGE('',*,*,#2387,.F.);
#988=ORIENTED_EDGE('',*,*,#2405,.F.);
#989=ORIENTED_EDGE('',*,*,#2403,.T.);
#990=ORIENTED_EDGE('',*,*,#2402,.F.);
#991=ORIENTED_EDGE('',*,*,#2407,.F.);
#992=ORIENTED_EDGE('',*,*,#2407,.T.);
#993=ORIENTED_EDGE('',*,*,#2401,.T.);
#994=ORIENTED_EDGE('',*,*,#2397,.F.);
#995=ORIENTED_EDGE('',*,*,#2394,.F.);
#996=ORIENTED_EDGE('',*,*,#2408,.F.);
#997=ORIENTED_EDGE('',*,*,#2409,.T.);
#998=ORIENTED_EDGE('',*,*,#2409,.F.);
#999=ORIENTED_EDGE('',*,*,#2410,.F.);
#1000=ORIENTED_EDGE('',*,*,#2411,.T.);
#1001=ORIENTED_EDGE('',*,*,#2388,.F.);
#1002=ORIENTED_EDGE('',*,*,#2406,.T.);
#1003=ORIENTED_EDGE('',*,*,#2410,.T.);
#1004=ORIENTED_EDGE('',*,*,#2408,.T.);
#1005=ORIENTED_EDGE('',*,*,#2393,.T.);
#1006=ORIENTED_EDGE('',*,*,#2412,.F.);
#1007=ORIENTED_EDGE('',*,*,#2413,.F.);
#1008=ORIENTED_EDGE('',*,*,#2414,.T.);
#1009=ORIENTED_EDGE('',*,*,#2415,.T.);
#1010=ORIENTED_EDGE('',*,*,#2416,.F.);
#1011=ORIENTED_EDGE('',*,*,#2417,.F.);
#1012=ORIENTED_EDGE('',*,*,#2418,.F.);
#1013=ORIENTED_EDGE('',*,*,#2417,.T.);
#1014=ORIENTED_EDGE('',*,*,#2419,.F.);
#1015=ORIENTED_EDGE('',*,*,#2420,.F.);
#1016=ORIENTED_EDGE('',*,*,#2421,.T.);
#1017=ORIENTED_EDGE('',*,*,#2422,.T.);
#1018=ORIENTED_EDGE('',*,*,#2418,.T.);
#1019=ORIENTED_EDGE('',*,*,#2423,.T.);
#1020=ORIENTED_EDGE('',*,*,#2424,.F.);
#1021=ORIENTED_EDGE('',*,*,#2425,.T.);
#1022=ORIENTED_EDGE('',*,*,#2423,.F.);
#1023=ORIENTED_EDGE('',*,*,#2426,.F.);
#1024=ORIENTED_EDGE('',*,*,#2427,.T.);
#1025=ORIENTED_EDGE('',*,*,#2425,.F.);
#1026=ORIENTED_EDGE('',*,*,#2428,.F.);
#1027=ORIENTED_EDGE('',*,*,#2429,.T.);
#1028=ORIENTED_EDGE('',*,*,#2424,.T.);
#1029=ORIENTED_EDGE('',*,*,#2429,.F.);
#1030=ORIENTED_EDGE('',*,*,#2430,.T.);
#1031=ORIENTED_EDGE('',*,*,#2413,.T.);
#1032=ORIENTED_EDGE('',*,*,#2422,.F.);
#1033=ORIENTED_EDGE('',*,*,#2431,.F.);
#1034=ORIENTED_EDGE('',*,*,#2414,.F.);
#1035=ORIENTED_EDGE('',*,*,#2430,.F.);
#1036=ORIENTED_EDGE('',*,*,#2428,.T.);
#1037=ORIENTED_EDGE('',*,*,#2427,.F.);
#1038=ORIENTED_EDGE('',*,*,#2432,.F.);
#1039=ORIENTED_EDGE('',*,*,#2432,.T.);
#1040=ORIENTED_EDGE('',*,*,#2426,.T.);
#1041=ORIENTED_EDGE('',*,*,#2421,.F.);
#1042=ORIENTED_EDGE('',*,*,#2433,.T.);
#1043=ORIENTED_EDGE('',*,*,#2434,.T.);
#1044=ORIENTED_EDGE('',*,*,#2434,.F.);
#1045=ORIENTED_EDGE('',*,*,#2435,.F.);
#1046=ORIENTED_EDGE('',*,*,#2436,.T.);
#1047=ORIENTED_EDGE('',*,*,#2415,.F.);
#1048=ORIENTED_EDGE('',*,*,#2431,.T.);
#1049=ORIENTED_EDGE('',*,*,#2435,.T.);
#1050=ORIENTED_EDGE('',*,*,#2433,.F.);
#1051=ORIENTED_EDGE('',*,*,#2420,.T.);
#1052=ORIENTED_EDGE('',*,*,#2437,.F.);
#1053=ORIENTED_EDGE('',*,*,#2438,.T.);
#1054=ORIENTED_EDGE('',*,*,#2439,.T.);
#1055=ORIENTED_EDGE('',*,*,#2439,.F.);
#1056=ORIENTED_EDGE('',*,*,#2440,.F.);
#1057=ORIENTED_EDGE('',*,*,#2441,.F.);
#1058=ORIENTED_EDGE('',*,*,#2442,.F.);
#1059=ORIENTED_EDGE('',*,*,#2441,.T.);
#1060=ORIENTED_EDGE('',*,*,#2443,.T.);
#1061=ORIENTED_EDGE('',*,*,#2444,.F.);
#1062=ORIENTED_EDGE('',*,*,#2445,.T.);
#1063=ORIENTED_EDGE('',*,*,#2444,.T.);
#1064=ORIENTED_EDGE('',*,*,#2446,.F.);
#1065=ORIENTED_EDGE('',*,*,#2447,.T.);
#1066=ORIENTED_EDGE('',*,*,#2448,.F.);
#1067=ORIENTED_EDGE('',*,*,#2447,.F.);
#1068=ORIENTED_EDGE('',*,*,#2449,.T.);
#1069=ORIENTED_EDGE('',*,*,#2450,.F.);
#1070=ORIENTED_EDGE('',*,*,#2451,.F.);
#1071=ORIENTED_EDGE('',*,*,#2448,.T.);
#1072=ORIENTED_EDGE('',*,*,#2449,.F.);
#1073=ORIENTED_EDGE('',*,*,#2446,.T.);
#1074=ORIENTED_EDGE('',*,*,#2443,.F.);
#1075=ORIENTED_EDGE('',*,*,#2440,.T.);
#1076=ORIENTED_EDGE('',*,*,#2438,.F.);
#1077=ORIENTED_EDGE('',*,*,#2442,.T.);
#1078=ORIENTED_EDGE('',*,*,#2445,.F.);
#1079=ORIENTED_EDGE('',*,*,#2452,.F.);
#1080=ORIENTED_EDGE('',*,*,#2452,.T.);
#1081=ORIENTED_EDGE('',*,*,#2453,.T.);
#1082=ORIENTED_EDGE('',*,*,#2454,.F.);
#1083=ORIENTED_EDGE('',*,*,#2103,.F.);
#1084=ORIENTED_EDGE('',*,*,#2455,.F.);
#1085=ORIENTED_EDGE('',*,*,#2453,.F.);
#1086=ORIENTED_EDGE('',*,*,#2456,.T.);
#1087=ORIENTED_EDGE('',*,*,#2457,.T.);
#1088=ORIENTED_EDGE('',*,*,#2457,.F.);
#1089=ORIENTED_EDGE('',*,*,#2458,.F.);
#1090=ORIENTED_EDGE('',*,*,#2459,.F.);
#1091=ORIENTED_EDGE('',*,*,#2460,.F.);
#1092=ORIENTED_EDGE('',*,*,#2459,.T.);
#1093=ORIENTED_EDGE('',*,*,#2461,.T.);
#1094=ORIENTED_EDGE('',*,*,#2462,.F.);
#1095=ORIENTED_EDGE('',*,*,#2463,.T.);
#1096=ORIENTED_EDGE('',*,*,#2462,.T.);
#1097=ORIENTED_EDGE('',*,*,#2464,.F.);
#1098=ORIENTED_EDGE('',*,*,#2465,.T.);
#1099=ORIENTED_EDGE('',*,*,#2466,.F.);
#1100=ORIENTED_EDGE('',*,*,#2465,.F.);
#1101=ORIENTED_EDGE('',*,*,#2467,.T.);
#1102=ORIENTED_EDGE('',*,*,#2468,.F.);
#1103=ORIENTED_EDGE('',*,*,#2469,.F.);
#1104=ORIENTED_EDGE('',*,*,#2466,.T.);
#1105=ORIENTED_EDGE('',*,*,#2467,.F.);
#1106=ORIENTED_EDGE('',*,*,#2464,.T.);
#1107=ORIENTED_EDGE('',*,*,#2461,.F.);
#1108=ORIENTED_EDGE('',*,*,#2458,.T.);
#1109=ORIENTED_EDGE('',*,*,#2456,.F.);
#1110=ORIENTED_EDGE('',*,*,#2460,.T.);
#1111=ORIENTED_EDGE('',*,*,#2463,.F.);
#1112=ORIENTED_EDGE('',*,*,#2470,.F.);
#1113=ORIENTED_EDGE('',*,*,#2471,.F.);
#1114=ORIENTED_EDGE('',*,*,#2472,.T.);
#1115=ORIENTED_EDGE('',*,*,#1966,.F.);
#1116=ORIENTED_EDGE('',*,*,#2473,.F.);
#1117=ORIENTED_EDGE('',*,*,#2474,.F.);
#1118=ORIENTED_EDGE('',*,*,#2470,.T.);
#1119=ORIENTED_EDGE('',*,*,#2475,.T.);
#1120=ORIENTED_EDGE('',*,*,#2476,.F.);
#1121=ORIENTED_EDGE('',*,*,#2475,.F.);
#1122=ORIENTED_EDGE('',*,*,#2477,.T.);
#1123=ORIENTED_EDGE('',*,*,#2478,.F.);
#1124=ORIENTED_EDGE('',*,*,#2478,.T.);
#1125=ORIENTED_EDGE('',*,*,#2479,.F.);
#1126=ORIENTED_EDGE('',*,*,#2480,.F.);
#1127=ORIENTED_EDGE('',*,*,#2481,.F.);
#1128=ORIENTED_EDGE('',*,*,#2480,.T.);
#1129=ORIENTED_EDGE('',*,*,#2482,.T.);
#1130=ORIENTED_EDGE('',*,*,#2483,.F.);
#1131=ORIENTED_EDGE('',*,*,#2484,.T.);
#1132=ORIENTED_EDGE('',*,*,#2483,.T.);
#1133=ORIENTED_EDGE('',*,*,#2485,.F.);
#1134=ORIENTED_EDGE('',*,*,#2486,.F.);
#1135=ORIENTED_EDGE('',*,*,#2487,.F.);
#1136=ORIENTED_EDGE('',*,*,#2486,.T.);
#1137=ORIENTED_EDGE('',*,*,#2488,.T.);
#1138=ORIENTED_EDGE('',*,*,#2489,.T.);
#1139=ORIENTED_EDGE('',*,*,#2488,.F.);
#1140=ORIENTED_EDGE('',*,*,#2485,.T.);
#1141=ORIENTED_EDGE('',*,*,#2482,.F.);
#1142=ORIENTED_EDGE('',*,*,#2479,.T.);
#1143=ORIENTED_EDGE('',*,*,#2477,.F.);
#1144=ORIENTED_EDGE('',*,*,#2481,.T.);
#1145=ORIENTED_EDGE('',*,*,#2484,.F.);
#1146=ORIENTED_EDGE('',*,*,#2487,.T.);
#1147=ORIENTED_EDGE('',*,*,#2490,.F.);
#1148=ORIENTED_EDGE('',*,*,#2490,.T.);
#1149=ORIENTED_EDGE('',*,*,#2491,.T.);
#1150=ORIENTED_EDGE('',*,*,#2492,.T.);
#1151=ORIENTED_EDGE('',*,*,#2451,.T.);
#1152=ORIENTED_EDGE('',*,*,#2493,.F.);
#1153=ORIENTED_EDGE('',*,*,#2491,.F.);
#1154=ORIENTED_EDGE('',*,*,#2494,.T.);
#1155=ORIENTED_EDGE('',*,*,#2495,.F.);
#1156=ORIENTED_EDGE('',*,*,#2495,.T.);
#1157=ORIENTED_EDGE('',*,*,#2496,.F.);
#1158=ORIENTED_EDGE('',*,*,#2497,.F.);
#1159=ORIENTED_EDGE('',*,*,#2498,.F.);
#1160=ORIENTED_EDGE('',*,*,#2497,.T.);
#1161=ORIENTED_EDGE('',*,*,#2499,.T.);
#1162=ORIENTED_EDGE('',*,*,#2500,.F.);
#1163=ORIENTED_EDGE('',*,*,#2501,.T.);
#1164=ORIENTED_EDGE('',*,*,#2500,.T.);
#1165=ORIENTED_EDGE('',*,*,#2502,.F.);
#1166=ORIENTED_EDGE('',*,*,#2503,.F.);
#1167=ORIENTED_EDGE('',*,*,#2504,.F.);
#1168=ORIENTED_EDGE('',*,*,#2503,.T.);
#1169=ORIENTED_EDGE('',*,*,#2505,.T.);
#1170=ORIENTED_EDGE('',*,*,#2506,.T.);
#1171=ORIENTED_EDGE('',*,*,#2507,.T.);
#1172=ORIENTED_EDGE('',*,*,#2505,.F.);
#1173=ORIENTED_EDGE('',*,*,#2502,.T.);
#1174=ORIENTED_EDGE('',*,*,#2499,.F.);
#1175=ORIENTED_EDGE('',*,*,#2496,.T.);
#1176=ORIENTED_EDGE('',*,*,#2494,.F.);
#1177=ORIENTED_EDGE('',*,*,#2498,.T.);
#1178=ORIENTED_EDGE('',*,*,#2501,.F.);
#1179=ORIENTED_EDGE('',*,*,#2504,.T.);
#1180=ORIENTED_EDGE('',*,*,#2508,.F.);
#1181=ORIENTED_EDGE('',*,*,#2509,.F.);
#1182=ORIENTED_EDGE('',*,*,#2510,.F.);
#1183=ORIENTED_EDGE('',*,*,#2508,.T.);
#1184=ORIENTED_EDGE('',*,*,#2511,.T.);
#1185=ORIENTED_EDGE('',*,*,#2512,.F.);
#1186=ORIENTED_EDGE('',*,*,#2511,.F.);
#1187=ORIENTED_EDGE('',*,*,#2513,.T.);
#1188=ORIENTED_EDGE('',*,*,#2514,.F.);
#1189=ORIENTED_EDGE('',*,*,#2515,.F.);
#1190=ORIENTED_EDGE('',*,*,#2516,.F.);
#1191=ORIENTED_EDGE('',*,*,#2514,.T.);
#1192=ORIENTED_EDGE('',*,*,#2517,.F.);
#1193=ORIENTED_EDGE('',*,*,#2515,.T.);
#1194=ORIENTED_EDGE('',*,*,#2518,.T.);
#1195=ORIENTED_EDGE('',*,*,#2519,.F.);
#1196=ORIENTED_EDGE('',*,*,#2520,.T.);
#1197=ORIENTED_EDGE('',*,*,#2521,.T.);
#1198=ORIENTED_EDGE('',*,*,#2522,.F.);
#1199=ORIENTED_EDGE('',*,*,#2519,.T.);
#1200=ORIENTED_EDGE('',*,*,#2523,.F.);
#1201=ORIENTED_EDGE('',*,*,#2524,.T.);
#1202=ORIENTED_EDGE('',*,*,#2521,.F.);
#1203=ORIENTED_EDGE('',*,*,#2469,.T.);
#1204=ORIENTED_EDGE('',*,*,#2522,.T.);
#1205=ORIENTED_EDGE('',*,*,#2524,.F.);
#1206=ORIENTED_EDGE('',*,*,#2523,.T.);
#1207=ORIENTED_EDGE('',*,*,#2518,.F.);
#1208=ORIENTED_EDGE('',*,*,#2517,.T.);
#1209=ORIENTED_EDGE('',*,*,#2513,.F.);
#1210=ORIENTED_EDGE('',*,*,#2516,.T.);
#1211=ORIENTED_EDGE('',*,*,#2520,.F.);
#1212=ORIENTED_EDGE('',*,*,#2525,.F.);
#1213=ORIENTED_EDGE('',*,*,#2525,.T.);
#1214=ORIENTED_EDGE('',*,*,#2526,.T.);
#1215=ORIENTED_EDGE('',*,*,#2527,.T.);
#1216=ORIENTED_EDGE('',*,*,#2528,.F.);
#1217=ORIENTED_EDGE('',*,*,#2526,.F.);
#1218=ORIENTED_EDGE('',*,*,#2529,.T.);
#1219=ORIENTED_EDGE('',*,*,#2530,.T.);
#1220=ORIENTED_EDGE('',*,*,#2530,.F.);
#1221=ORIENTED_EDGE('',*,*,#2531,.F.);
#1222=ORIENTED_EDGE('',*,*,#2532,.F.);
#1223=ORIENTED_EDGE('',*,*,#2533,.F.);
#1224=ORIENTED_EDGE('',*,*,#2532,.T.);
#1225=ORIENTED_EDGE('',*,*,#2534,.T.);
#1226=ORIENTED_EDGE('',*,*,#2535,.F.);
#1227=ORIENTED_EDGE('',*,*,#2536,.T.);
#1228=ORIENTED_EDGE('',*,*,#2535,.T.);
#1229=ORIENTED_EDGE('',*,*,#2537,.F.);
#1230=ORIENTED_EDGE('',*,*,#2538,.T.);
#1231=ORIENTED_EDGE('',*,*,#2539,.F.);
#1232=ORIENTED_EDGE('',*,*,#2538,.F.);
#1233=ORIENTED_EDGE('',*,*,#2540,.T.);
#1234=ORIENTED_EDGE('',*,*,#2541,.F.);
#1235=ORIENTED_EDGE('',*,*,#2093,.F.);
#1236=ORIENTED_EDGE('',*,*,#2529,.F.);
#1237=ORIENTED_EDGE('',*,*,#2533,.T.);
#1238=ORIENTED_EDGE('',*,*,#2536,.F.);
#1239=ORIENTED_EDGE('',*,*,#2539,.T.);
#1240=ORIENTED_EDGE('',*,*,#2540,.F.);
#1241=ORIENTED_EDGE('',*,*,#2537,.T.);
#1242=ORIENTED_EDGE('',*,*,#2534,.F.);
#1243=ORIENTED_EDGE('',*,*,#2531,.T.);
#1244=ORIENTED_EDGE('',*,*,#2542,.F.);
#1245=ORIENTED_EDGE('',*,*,#2543,.T.);
#1246=ORIENTED_EDGE('',*,*,#2510,.T.);
#1247=ORIENTED_EDGE('',*,*,#2542,.T.);
#1248=ORIENTED_EDGE('',*,*,#2544,.T.);
#1249=ORIENTED_EDGE('',*,*,#2545,.F.);
#1250=ORIENTED_EDGE('',*,*,#2544,.F.);
#1251=ORIENTED_EDGE('',*,*,#2546,.T.);
#1252=ORIENTED_EDGE('',*,*,#2547,.F.);
#1253=ORIENTED_EDGE('',*,*,#2547,.T.);
#1254=ORIENTED_EDGE('',*,*,#2548,.F.);
#1255=ORIENTED_EDGE('',*,*,#2549,.F.);
#1256=ORIENTED_EDGE('',*,*,#2550,.F.);
#1257=ORIENTED_EDGE('',*,*,#2549,.T.);
#1258=ORIENTED_EDGE('',*,*,#2551,.T.);
#1259=ORIENTED_EDGE('',*,*,#2552,.F.);
#1260=ORIENTED_EDGE('',*,*,#2553,.T.);
#1261=ORIENTED_EDGE('',*,*,#2552,.T.);
#1262=ORIENTED_EDGE('',*,*,#2554,.F.);
#1263=ORIENTED_EDGE('',*,*,#2555,.T.);
#1264=ORIENTED_EDGE('',*,*,#2556,.F.);
#1265=ORIENTED_EDGE('',*,*,#2555,.F.);
#1266=ORIENTED_EDGE('',*,*,#2557,.T.);
#1267=ORIENTED_EDGE('',*,*,#2468,.T.);
#1268=ORIENTED_EDGE('',*,*,#2558,.T.);
#1269=ORIENTED_EDGE('',*,*,#2546,.F.);
#1270=ORIENTED_EDGE('',*,*,#2550,.T.);
#1271=ORIENTED_EDGE('',*,*,#2553,.F.);
#1272=ORIENTED_EDGE('',*,*,#2556,.T.);
#1273=ORIENTED_EDGE('',*,*,#2557,.F.);
#1274=ORIENTED_EDGE('',*,*,#2554,.T.);
#1275=ORIENTED_EDGE('',*,*,#2551,.F.);
#1276=ORIENTED_EDGE('',*,*,#2548,.T.);
#1277=ORIENTED_EDGE('',*,*,#2559,.F.);
#1278=ORIENTED_EDGE('',*,*,#2560,.T.);
#1279=ORIENTED_EDGE('',*,*,#2559,.T.);
#1280=ORIENTED_EDGE('',*,*,#2561,.T.);
#1281=ORIENTED_EDGE('',*,*,#2562,.F.);
#1282=ORIENTED_EDGE('',*,*,#2561,.F.);
#1283=ORIENTED_EDGE('',*,*,#2563,.T.);
#1284=ORIENTED_EDGE('',*,*,#2564,.T.);
#1285=ORIENTED_EDGE('',*,*,#2564,.F.);
#1286=ORIENTED_EDGE('',*,*,#2565,.F.);
#1287=ORIENTED_EDGE('',*,*,#2566,.F.);
#1288=ORIENTED_EDGE('',*,*,#2567,.F.);
#1289=ORIENTED_EDGE('',*,*,#2566,.T.);
#1290=ORIENTED_EDGE('',*,*,#2568,.T.);
#1291=ORIENTED_EDGE('',*,*,#2569,.F.);
#1292=ORIENTED_EDGE('',*,*,#2570,.T.);
#1293=ORIENTED_EDGE('',*,*,#2569,.T.);
#1294=ORIENTED_EDGE('',*,*,#2571,.F.);
#1295=ORIENTED_EDGE('',*,*,#2572,.T.);
#1296=ORIENTED_EDGE('',*,*,#2573,.F.);
#1297=ORIENTED_EDGE('',*,*,#2572,.F.);
#1298=ORIENTED_EDGE('',*,*,#2574,.T.);
#1299=ORIENTED_EDGE('',*,*,#2575,.F.);
#1300=ORIENTED_EDGE('',*,*,#2576,.F.);
#1301=ORIENTED_EDGE('',*,*,#2563,.F.);
#1302=ORIENTED_EDGE('',*,*,#2567,.T.);
#1303=ORIENTED_EDGE('',*,*,#2570,.F.);
#1304=ORIENTED_EDGE('',*,*,#2573,.T.);
#1305=ORIENTED_EDGE('',*,*,#2574,.F.);
#1306=ORIENTED_EDGE('',*,*,#2571,.T.);
#1307=ORIENTED_EDGE('',*,*,#2568,.F.);
#1308=ORIENTED_EDGE('',*,*,#2565,.T.);
#1309=ORIENTED_EDGE('',*,*,#2577,.F.);
#1310=ORIENTED_EDGE('',*,*,#2118,.T.);
#1311=ORIENTED_EDGE('',*,*,#2577,.T.);
#1312=ORIENTED_EDGE('',*,*,#2578,.T.);
#1313=ORIENTED_EDGE('',*,*,#2579,.F.);
#1314=ORIENTED_EDGE('',*,*,#2578,.F.);
#1315=ORIENTED_EDGE('',*,*,#2580,.T.);
#1316=ORIENTED_EDGE('',*,*,#2581,.T.);
#1317=ORIENTED_EDGE('',*,*,#2581,.F.);
#1318=ORIENTED_EDGE('',*,*,#2582,.F.);
#1319=ORIENTED_EDGE('',*,*,#2583,.F.);
#1320=ORIENTED_EDGE('',*,*,#2584,.F.);
#1321=ORIENTED_EDGE('',*,*,#2583,.T.);
#1322=ORIENTED_EDGE('',*,*,#2585,.T.);
#1323=ORIENTED_EDGE('',*,*,#2586,.F.);
#1324=ORIENTED_EDGE('',*,*,#2587,.T.);
#1325=ORIENTED_EDGE('',*,*,#2586,.T.);
#1326=ORIENTED_EDGE('',*,*,#2588,.F.);
#1327=ORIENTED_EDGE('',*,*,#2589,.F.);
#1328=ORIENTED_EDGE('',*,*,#2590,.F.);
#1329=ORIENTED_EDGE('',*,*,#2589,.T.);
#1330=ORIENTED_EDGE('',*,*,#2591,.T.);
#1331=ORIENTED_EDGE('',*,*,#2543,.F.);
#1332=ORIENTED_EDGE('',*,*,#2560,.F.);
#1333=ORIENTED_EDGE('',*,*,#2580,.F.);
#1334=ORIENTED_EDGE('',*,*,#2584,.T.);
#1335=ORIENTED_EDGE('',*,*,#2587,.F.);
#1336=ORIENTED_EDGE('',*,*,#2590,.T.);
#1337=ORIENTED_EDGE('',*,*,#2591,.F.);
#1338=ORIENTED_EDGE('',*,*,#2588,.T.);
#1339=ORIENTED_EDGE('',*,*,#2585,.F.);
#1340=ORIENTED_EDGE('',*,*,#2582,.T.);
#1341=ORIENTED_EDGE('',*,*,#2592,.F.);
#1342=ORIENTED_EDGE('',*,*,#2592,.T.);
#1343=ORIENTED_EDGE('',*,*,#2593,.T.);
#1344=ORIENTED_EDGE('',*,*,#2594,.F.);
#1345=ORIENTED_EDGE('',*,*,#2558,.F.);
#1346=ORIENTED_EDGE('',*,*,#2595,.F.);
#1347=ORIENTED_EDGE('',*,*,#2593,.F.);
#1348=ORIENTED_EDGE('',*,*,#2596,.T.);
#1349=ORIENTED_EDGE('',*,*,#2597,.T.);
#1350=ORIENTED_EDGE('',*,*,#2597,.F.);
#1351=ORIENTED_EDGE('',*,*,#2598,.F.);
#1352=ORIENTED_EDGE('',*,*,#2599,.F.);
#1353=ORIENTED_EDGE('',*,*,#2600,.F.);
#1354=ORIENTED_EDGE('',*,*,#2599,.T.);
#1355=ORIENTED_EDGE('',*,*,#2601,.T.);
#1356=ORIENTED_EDGE('',*,*,#2602,.F.);
#1357=ORIENTED_EDGE('',*,*,#2603,.T.);
#1358=ORIENTED_EDGE('',*,*,#2602,.T.);
#1359=ORIENTED_EDGE('',*,*,#2604,.F.);
#1360=ORIENTED_EDGE('',*,*,#2605,.F.);
#1361=ORIENTED_EDGE('',*,*,#2606,.F.);
#1362=ORIENTED_EDGE('',*,*,#2605,.T.);
#1363=ORIENTED_EDGE('',*,*,#2607,.T.);
#1364=ORIENTED_EDGE('',*,*,#2608,.F.);
#1365=ORIENTED_EDGE('',*,*,#2527,.F.);
#1366=ORIENTED_EDGE('',*,*,#2606,.T.);
#1367=ORIENTED_EDGE('',*,*,#2607,.F.);
#1368=ORIENTED_EDGE('',*,*,#2604,.T.);
#1369=ORIENTED_EDGE('',*,*,#2601,.F.);
#1370=ORIENTED_EDGE('',*,*,#2598,.T.);
#1371=ORIENTED_EDGE('',*,*,#2596,.F.);
#1372=ORIENTED_EDGE('',*,*,#2600,.T.);
#1373=ORIENTED_EDGE('',*,*,#2603,.F.);
#1374=ORIENTED_EDGE('',*,*,#2609,.F.);
#1375=ORIENTED_EDGE('',*,*,#2506,.F.);
#1376=ORIENTED_EDGE('',*,*,#2610,.F.);
#1377=ORIENTED_EDGE('',*,*,#2609,.T.);
#1378=ORIENTED_EDGE('',*,*,#2611,.T.);
#1379=ORIENTED_EDGE('',*,*,#2612,.F.);
#1380=ORIENTED_EDGE('',*,*,#2611,.F.);
#1381=ORIENTED_EDGE('',*,*,#2613,.T.);
#1382=ORIENTED_EDGE('',*,*,#2614,.F.);
#1383=ORIENTED_EDGE('',*,*,#2615,.F.);
#1384=ORIENTED_EDGE('',*,*,#2616,.T.);
#1385=ORIENTED_EDGE('',*,*,#2617,.T.);
#1386=ORIENTED_EDGE('',*,*,#2618,.F.);
#1387=ORIENTED_EDGE('',*,*,#2615,.T.);
#1388=ORIENTED_EDGE('',*,*,#2619,.F.);
#1389=ORIENTED_EDGE('',*,*,#2617,.F.);
#1390=ORIENTED_EDGE('',*,*,#2620,.F.);
#1391=ORIENTED_EDGE('',*,*,#2621,.F.);
#1392=ORIENTED_EDGE('',*,*,#2622,.T.);
#1393=ORIENTED_EDGE('',*,*,#2612,.T.);
#1394=ORIENTED_EDGE('',*,*,#2455,.T.);
#1395=ORIENTED_EDGE('',*,*,#2476,.T.);
#1396=ORIENTED_EDGE('',*,*,#2493,.T.);
#1397=ORIENTED_EDGE('',*,*,#2512,.T.);
#1398=ORIENTED_EDGE('',*,*,#2528,.T.);
#1399=ORIENTED_EDGE('',*,*,#2545,.T.);
#1400=ORIENTED_EDGE('',*,*,#2562,.T.);
#1401=ORIENTED_EDGE('',*,*,#2579,.T.);
#1402=ORIENTED_EDGE('',*,*,#2595,.T.);
#1403=ORIENTED_EDGE('',*,*,#2621,.T.);
#1404=ORIENTED_EDGE('',*,*,#2623,.F.);
#1405=ORIENTED_EDGE('',*,*,#2624,.T.);
#1406=ORIENTED_EDGE('',*,*,#2625,.F.);
#1407=ORIENTED_EDGE('',*,*,#2626,.F.);
#1408=ORIENTED_EDGE('',*,*,#2627,.F.);
#1409=ORIENTED_EDGE('',*,*,#2624,.F.);
#1410=ORIENTED_EDGE('',*,*,#2628,.F.);
#1411=ORIENTED_EDGE('',*,*,#2626,.T.);
#1412=ORIENTED_EDGE('',*,*,#2629,.F.);
#1413=ORIENTED_EDGE('',*,*,#2630,.T.);
#1414=ORIENTED_EDGE('',*,*,#2631,.F.);
#1415=ORIENTED_EDGE('',*,*,#2632,.F.);
#1416=ORIENTED_EDGE('',*,*,#2633,.F.);
#1417=ORIENTED_EDGE('',*,*,#2630,.F.);
#1418=ORIENTED_EDGE('',*,*,#2634,.F.);
#1419=ORIENTED_EDGE('',*,*,#2632,.T.);
#1420=ORIENTED_EDGE('',*,*,#2635,.T.);
#1421=ORIENTED_EDGE('',*,*,#2636,.F.);
#1422=ORIENTED_EDGE('',*,*,#2637,.F.);
#1423=ORIENTED_EDGE('',*,*,#2636,.T.);
#1424=ORIENTED_EDGE('',*,*,#2638,.F.);
#1425=ORIENTED_EDGE('',*,*,#2639,.T.);
#1426=ORIENTED_EDGE('',*,*,#2640,.F.);
#1427=ORIENTED_EDGE('',*,*,#2639,.F.);
#1428=ORIENTED_EDGE('',*,*,#2641,.F.);
#1429=ORIENTED_EDGE('',*,*,#2642,.F.);
#1430=ORIENTED_EDGE('',*,*,#2643,.T.);
#1431=ORIENTED_EDGE('',*,*,#2437,.T.);
#1432=ORIENTED_EDGE('',*,*,#2419,.T.);
#1433=ORIENTED_EDGE('',*,*,#2416,.T.);
#1434=ORIENTED_EDGE('',*,*,#2436,.F.);
#1435=ORIENTED_EDGE('',*,*,#2198,.T.);
#1436=ORIENTED_EDGE('',*,*,#2178,.T.);
#1437=ORIENTED_EDGE('',*,*,#2175,.T.);
#1438=ORIENTED_EDGE('',*,*,#2197,.F.);
#1439=ORIENTED_EDGE('',*,*,#2225,.F.);
#1440=ORIENTED_EDGE('',*,*,#2205,.T.);
#1441=ORIENTED_EDGE('',*,*,#2202,.T.);
#1442=ORIENTED_EDGE('',*,*,#2224,.F.);
#1443=ORIENTED_EDGE('',*,*,#2252,.T.);
#1444=ORIENTED_EDGE('',*,*,#2232,.T.);
#1445=ORIENTED_EDGE('',*,*,#2229,.T.);
#1446=ORIENTED_EDGE('',*,*,#2251,.F.);
#1447=ORIENTED_EDGE('',*,*,#2279,.T.);
#1448=ORIENTED_EDGE('',*,*,#2259,.T.);
#1449=ORIENTED_EDGE('',*,*,#2256,.T.);
#1450=ORIENTED_EDGE('',*,*,#2278,.F.);
#1451=ORIENTED_EDGE('',*,*,#2306,.F.);
#1452=ORIENTED_EDGE('',*,*,#2286,.T.);
#1453=ORIENTED_EDGE('',*,*,#2283,.T.);
#1454=ORIENTED_EDGE('',*,*,#2305,.F.);
#1455=ORIENTED_EDGE('',*,*,#2331,.F.);
#1456=ORIENTED_EDGE('',*,*,#2329,.T.);
#1457=ORIENTED_EDGE('',*,*,#2327,.T.);
#1458=ORIENTED_EDGE('',*,*,#2324,.F.);
#1459=ORIENTED_EDGE('',*,*,#2358,.F.);
#1460=ORIENTED_EDGE('',*,*,#2338,.T.);
#1461=ORIENTED_EDGE('',*,*,#2335,.T.);
#1462=ORIENTED_EDGE('',*,*,#2357,.F.);
#1463=ORIENTED_EDGE('',*,*,#2385,.F.);
#1464=ORIENTED_EDGE('',*,*,#2365,.T.);
#1465=ORIENTED_EDGE('',*,*,#2362,.T.);
#1466=ORIENTED_EDGE('',*,*,#2384,.F.);
#1467=ORIENTED_EDGE('',*,*,#2412,.T.);
#1468=ORIENTED_EDGE('',*,*,#2392,.T.);
#1469=ORIENTED_EDGE('',*,*,#2389,.T.);
#1470=ORIENTED_EDGE('',*,*,#2411,.F.);
#1471=ORIENTED_EDGE('',*,*,#2642,.T.);
#1472=ORIENTED_EDGE('',*,*,#2644,.F.);
#1473=ORIENTED_EDGE('',*,*,#2645,.F.);
#1474=ORIENTED_EDGE('',*,*,#2646,.F.);
#1475=ORIENTED_EDGE('',*,*,#2647,.T.);
#1476=ORIENTED_EDGE('',*,*,#2648,.F.);
#1477=ORIENTED_EDGE('',*,*,#2645,.T.);
#1478=ORIENTED_EDGE('',*,*,#2649,.T.);
#1479=ORIENTED_EDGE('',*,*,#2650,.T.);
#1480=ORIENTED_EDGE('',*,*,#2651,.T.);
#1481=ORIENTED_EDGE('',*,*,#2652,.F.);
#1482=ORIENTED_EDGE('',*,*,#2653,.F.);
#1483=ORIENTED_EDGE('',*,*,#2654,.F.);
#1484=ORIENTED_EDGE('',*,*,#2655,.F.);
#1485=ORIENTED_EDGE('',*,*,#2492,.F.);
#1486=ORIENTED_EDGE('',*,*,#2489,.F.);
#1487=ORIENTED_EDGE('',*,*,#2656,.F.);
#1488=ORIENTED_EDGE('',*,*,#2657,.T.);
#1489=ORIENTED_EDGE('',*,*,#2658,.F.);
#1490=ORIENTED_EDGE('',*,*,#2651,.F.);
#1491=ORIENTED_EDGE('',*,*,#2659,.F.);
#1492=ORIENTED_EDGE('',*,*,#2652,.T.);
#1493=ORIENTED_EDGE('',*,*,#2660,.F.);
#1494=ORIENTED_EDGE('',*,*,#2661,.F.);
#1495=ORIENTED_EDGE('',*,*,#2657,.F.);
#1496=ORIENTED_EDGE('',*,*,#2662,.F.);
#1497=ORIENTED_EDGE('',*,*,#2663,.T.);
#1498=ORIENTED_EDGE('',*,*,#2664,.T.);
#1499=ORIENTED_EDGE('',*,*,#2658,.T.);
#1500=ORIENTED_EDGE('',*,*,#2661,.T.);
#1501=ORIENTED_EDGE('',*,*,#2663,.F.);
#1502=ORIENTED_EDGE('',*,*,#2660,.T.);
#1503=ORIENTED_EDGE('',*,*,#2665,.F.);
#1504=ORIENTED_EDGE('',*,*,#2666,.T.);
#1505=ORIENTED_EDGE('',*,*,#2133,.T.);
#1506=ORIENTED_EDGE('',*,*,#2170,.F.);
#1507=ORIENTED_EDGE('',*,*,#2667,.T.);
#1508=ORIENTED_EDGE('',*,*,#2616,.F.);
#1509=ORIENTED_EDGE('',*,*,#2618,.T.);
#1510=ORIENTED_EDGE('',*,*,#2622,.F.);
#1511=ORIENTED_EDGE('',*,*,#2625,.T.);
#1512=ORIENTED_EDGE('',*,*,#2627,.T.);
#1513=ORIENTED_EDGE('',*,*,#2631,.T.);
#1514=ORIENTED_EDGE('',*,*,#2633,.T.);
#1515=ORIENTED_EDGE('',*,*,#2637,.T.);
#1516=ORIENTED_EDGE('',*,*,#2640,.T.);
#1517=ORIENTED_EDGE('',*,*,#2643,.F.);
#1518=ORIENTED_EDGE('',*,*,#2646,.T.);
#1519=ORIENTED_EDGE('',*,*,#2648,.T.);
#1520=ORIENTED_EDGE('',*,*,#2668,.F.);
#1521=ORIENTED_EDGE('',*,*,#2669,.T.);
#1522=ORIENTED_EDGE('',*,*,#2134,.F.);
#1523=ORIENTED_EDGE('',*,*,#2666,.F.);
#1524=ORIENTED_EDGE('',*,*,#2670,.T.);
#1525=ORIENTED_EDGE('',*,*,#2671,.F.);
#1526=ORIENTED_EDGE('',*,*,#2672,.F.);
#1527=ORIENTED_EDGE('',*,*,#2673,.F.);
#1528=ORIENTED_EDGE('',*,*,#2669,.F.);
#1529=ORIENTED_EDGE('',*,*,#2674,.T.);
#1530=ORIENTED_EDGE('',*,*,#2675,.F.);
#1531=ORIENTED_EDGE('',*,*,#2676,.T.);
#1532=ORIENTED_EDGE('',*,*,#2672,.T.);
#1533=ORIENTED_EDGE('',*,*,#2677,.F.);
#1534=ORIENTED_EDGE('',*,*,#2678,.T.);
#1535=ORIENTED_EDGE('',*,*,#2679,.F.);
#1536=ORIENTED_EDGE('',*,*,#2675,.T.);
#1537=ORIENTED_EDGE('',*,*,#2680,.F.);
#1538=ORIENTED_EDGE('',*,*,#2681,.F.);
#1539=ORIENTED_EDGE('',*,*,#2682,.F.);
#1540=ORIENTED_EDGE('',*,*,#2135,.T.);
#1541=ORIENTED_EDGE('',*,*,#2673,.T.);
#1542=ORIENTED_EDGE('',*,*,#2676,.F.);
#1543=ORIENTED_EDGE('',*,*,#2679,.T.);
#1544=ORIENTED_EDGE('',*,*,#2683,.T.);
#1545=ORIENTED_EDGE('',*,*,#2684,.T.);
#1546=ORIENTED_EDGE('',*,*,#2685,.T.);
#1547=ORIENTED_EDGE('',*,*,#2686,.T.);
#1548=ORIENTED_EDGE('',*,*,#2680,.T.);
#1549=ORIENTED_EDGE('',*,*,#2687,.T.);
#1550=ORIENTED_EDGE('',*,*,#2688,.F.);
#1551=ORIENTED_EDGE('',*,*,#2681,.T.);
#1552=ORIENTED_EDGE('',*,*,#2686,.F.);
#1553=ORIENTED_EDGE('',*,*,#2689,.T.);
#1554=ORIENTED_EDGE('',*,*,#2688,.T.);
#1555=ORIENTED_EDGE('',*,*,#2690,.T.);
#1556=ORIENTED_EDGE('',*,*,#2171,.F.);
#1557=ORIENTED_EDGE('',*,*,#2131,.T.);
#1558=ORIENTED_EDGE('',*,*,#2682,.T.);
#1559=ORIENTED_EDGE('',*,*,#2691,.F.);
#1560=ORIENTED_EDGE('',*,*,#2096,.F.);
#1561=ORIENTED_EDGE('',*,*,#2692,.F.);
#1562=ORIENTED_EDGE('',*,*,#2137,.T.);
#1563=ORIENTED_EDGE('',*,*,#2168,.F.);
#1564=ORIENTED_EDGE('',*,*,#2690,.F.);
#1565=ORIENTED_EDGE('',*,*,#2689,.F.);
#1566=ORIENTED_EDGE('',*,*,#2685,.F.);
#1567=ORIENTED_EDGE('',*,*,#2692,.T.);
#1568=ORIENTED_EDGE('',*,*,#2693,.T.);
#1569=ORIENTED_EDGE('',*,*,#2164,.T.);
#1570=ORIENTED_EDGE('',*,*,#2162,.T.);
#1571=ORIENTED_EDGE('',*,*,#2159,.T.);
#1572=ORIENTED_EDGE('',*,*,#2156,.T.);
#1573=ORIENTED_EDGE('',*,*,#2152,.T.);
#1574=ORIENTED_EDGE('',*,*,#2149,.T.);
#1575=ORIENTED_EDGE('',*,*,#2147,.T.);
#1576=ORIENTED_EDGE('',*,*,#2144,.T.);
#1577=ORIENTED_EDGE('',*,*,#2141,.T.);
#1578=ORIENTED_EDGE('',*,*,#2138,.T.);
#1579=ORIENTED_EDGE('',*,*,#2693,.F.);
#1580=ORIENTED_EDGE('',*,*,#2684,.F.);
#1581=ORIENTED_EDGE('',*,*,#2694,.T.);
#1582=ORIENTED_EDGE('',*,*,#2695,.T.);
#1583=ORIENTED_EDGE('',*,*,#2696,.T.);
#1584=ORIENTED_EDGE('',*,*,#2697,.F.);
#1585=ORIENTED_EDGE('',*,*,#2696,.F.);
#1586=ORIENTED_EDGE('',*,*,#2698,.T.);
#1587=ORIENTED_EDGE('',*,*,#2105,.T.);
#1588=ORIENTED_EDGE('',*,*,#2109,.T.);
#1589=ORIENTED_EDGE('',*,*,#2112,.T.);
#1590=ORIENTED_EDGE('',*,*,#2115,.T.);
#1591=ORIENTED_EDGE('',*,*,#2121,.T.);
#1592=ORIENTED_EDGE('',*,*,#2124,.T.);
#1593=ORIENTED_EDGE('',*,*,#2125,.T.);
#1594=ORIENTED_EDGE('',*,*,#2128,.T.);
#1595=ORIENTED_EDGE('',*,*,#2699,.T.);
#1596=ORIENTED_EDGE('',*,*,#2700,.T.);
#1597=ORIENTED_EDGE('',*,*,#2699,.F.);
#1598=ORIENTED_EDGE('',*,*,#2130,.T.);
#1599=ORIENTED_EDGE('',*,*,#2701,.F.);
#1600=ORIENTED_EDGE('',*,*,#2702,.T.);
#1601=ORIENTED_EDGE('',*,*,#2703,.F.);
#1602=ORIENTED_EDGE('',*,*,#2704,.F.);
#1603=ORIENTED_EDGE('',*,*,#2700,.F.);
#1604=ORIENTED_EDGE('',*,*,#2702,.F.);
#1605=ORIENTED_EDGE('',*,*,#2169,.T.);
#1606=ORIENTED_EDGE('',*,*,#2165,.T.);
#1607=ORIENTED_EDGE('',*,*,#2697,.T.);
#1608=ORIENTED_EDGE('',*,*,#2704,.T.);
#1609=ORIENTED_EDGE('',*,*,#2705,.T.);
#1610=ORIENTED_EDGE('',*,*,#2706,.F.);
#1611=ORIENTED_EDGE('',*,*,#2613,.F.);
#1612=ORIENTED_EDGE('',*,*,#2667,.F.);
#1613=ORIENTED_EDGE('',*,*,#2707,.F.);
#1614=ORIENTED_EDGE('',*,*,#2708,.F.);
#1615=ORIENTED_EDGE('',*,*,#2709,.F.);
#1616=ORIENTED_EDGE('',*,*,#2710,.F.);
#1617=ORIENTED_EDGE('',*,*,#2711,.F.);
#1618=ORIENTED_EDGE('',*,*,#2712,.F.);
#1619=ORIENTED_EDGE('',*,*,#2713,.T.);
#1620=ORIENTED_EDGE('',*,*,#2707,.T.);
#1621=ORIENTED_EDGE('',*,*,#2714,.T.);
#1622=ORIENTED_EDGE('',*,*,#2715,.F.);
#1623=ORIENTED_EDGE('',*,*,#2716,.T.);
#1624=ORIENTED_EDGE('',*,*,#2717,.F.);
#1625=ORIENTED_EDGE('',*,*,#2649,.F.);
#1626=ORIENTED_EDGE('',*,*,#2644,.T.);
#1627=ORIENTED_EDGE('',*,*,#2641,.T.);
#1628=ORIENTED_EDGE('',*,*,#2638,.T.);
#1629=ORIENTED_EDGE('',*,*,#2635,.F.);
#1630=ORIENTED_EDGE('',*,*,#2634,.T.);
#1631=ORIENTED_EDGE('',*,*,#2629,.T.);
#1632=ORIENTED_EDGE('',*,*,#2628,.T.);
#1633=ORIENTED_EDGE('',*,*,#2623,.T.);
#1634=ORIENTED_EDGE('',*,*,#2620,.T.);
#1635=ORIENTED_EDGE('',*,*,#2619,.T.);
#1636=ORIENTED_EDGE('',*,*,#2614,.T.);
#1637=ORIENTED_EDGE('',*,*,#2706,.T.);
#1638=ORIENTED_EDGE('',*,*,#2718,.T.);
#1639=ORIENTED_EDGE('',*,*,#2719,.T.);
#1640=ORIENTED_EDGE('',*,*,#2712,.T.);
#1641=ORIENTED_EDGE('',*,*,#2720,.T.);
#1642=ORIENTED_EDGE('',*,*,#2721,.T.);
#1643=ORIENTED_EDGE('',*,*,#2716,.F.);
#1644=ORIENTED_EDGE('',*,*,#2722,.T.);
#1645=ORIENTED_EDGE('',*,*,#2722,.F.);
#1646=ORIENTED_EDGE('',*,*,#2715,.T.);
#1647=ORIENTED_EDGE('',*,*,#2723,.F.);
#1648=ORIENTED_EDGE('',*,*,#2724,.F.);
#1649=ORIENTED_EDGE('',*,*,#2725,.F.);
#1650=ORIENTED_EDGE('',*,*,#2099,.F.);
#1651=ORIENTED_EDGE('',*,*,#2726,.T.);
#1652=ORIENTED_EDGE('',*,*,#2727,.T.);
#1653=ORIENTED_EDGE('',*,*,#2726,.F.);
#1654=ORIENTED_EDGE('',*,*,#2720,.F.);
#1655=ORIENTED_EDGE('',*,*,#2724,.T.);
#1656=ORIENTED_EDGE('',*,*,#2728,.F.);
#1657=ORIENTED_EDGE('',*,*,#2729,.T.);
#1658=ORIENTED_EDGE('',*,*,#2089,.F.);
#1659=ORIENTED_EDGE('',*,*,#2730,.F.);
#1660=ORIENTED_EDGE('',*,*,#2090,.F.);
#1661=ORIENTED_EDGE('',*,*,#2729,.F.);
#1662=ORIENTED_EDGE('',*,*,#2731,.F.);
#1663=ORIENTED_EDGE('',*,*,#2102,.F.);
#1664=ORIENTED_EDGE('',*,*,#2104,.F.);
#1665=ORIENTED_EDGE('',*,*,#2732,.T.);
#1666=ORIENTED_EDGE('',*,*,#2733,.T.);
#1667=ORIENTED_EDGE('',*,*,#2734,.T.);
#1668=ORIENTED_EDGE('',*,*,#2735,.T.);
#1669=ORIENTED_EDGE('',*,*,#2732,.F.);
#1670=ORIENTED_EDGE('',*,*,#2088,.F.);
#1671=ORIENTED_EDGE('',*,*,#2091,.F.);
#1672=ORIENTED_EDGE('',*,*,#2730,.T.);
#1673=ORIENTED_EDGE('',*,*,#2736,.F.);
#1674=ORIENTED_EDGE('',*,*,#2737,.T.);
#1675=ORIENTED_EDGE('',*,*,#2738,.F.);
#1676=ORIENTED_EDGE('',*,*,#2733,.F.);
#1677=ORIENTED_EDGE('',*,*,#2737,.F.);
#1678=ORIENTED_EDGE('',*,*,#2739,.F.);
#1679=ORIENTED_EDGE('',*,*,#2740,.F.);
#1680=ORIENTED_EDGE('',*,*,#2507,.F.);
#1681=ORIENTED_EDGE('',*,*,#2741,.T.);
#1682=ORIENTED_EDGE('',*,*,#2742,.T.);
#1683=ORIENTED_EDGE('',*,*,#2743,.T.);
#1684=ORIENTED_EDGE('',*,*,#2744,.T.);
#1685=ORIENTED_EDGE('',*,*,#2741,.F.);
#1686=ORIENTED_EDGE('',*,*,#2085,.F.);
#1687=ORIENTED_EDGE('',*,*,#2734,.F.);
#1688=ORIENTED_EDGE('',*,*,#2738,.T.);
#1689=ORIENTED_EDGE('',*,*,#2745,.F.);
#1690=ORIENTED_EDGE('',*,*,#2746,.T.);
#1691=ORIENTED_EDGE('',*,*,#2747,.F.);
#1692=ORIENTED_EDGE('',*,*,#2742,.F.);
#1693=ORIENTED_EDGE('',*,*,#2746,.F.);
#1694=ORIENTED_EDGE('',*,*,#2748,.F.);
#1695=ORIENTED_EDGE('',*,*,#2691,.T.);
#1696=ORIENTED_EDGE('',*,*,#2749,.T.);
#1697=ORIENTED_EDGE('',*,*,#2750,.T.);
#1698=ORIENTED_EDGE('',*,*,#2751,.T.);
#1699=ORIENTED_EDGE('',*,*,#2752,.T.);
#1700=ORIENTED_EDGE('',*,*,#2753,.T.);
#1701=ORIENTED_EDGE('',*,*,#2750,.F.);
#1702=ORIENTED_EDGE('',*,*,#2084,.F.);
#1703=ORIENTED_EDGE('',*,*,#2743,.F.);
#1704=ORIENTED_EDGE('',*,*,#2747,.T.);
#1705=ORIENTED_EDGE('',*,*,#2754,.F.);
#1706=ORIENTED_EDGE('',*,*,#2755,.T.);
#1707=ORIENTED_EDGE('',*,*,#2756,.F.);
#1708=ORIENTED_EDGE('',*,*,#2751,.F.);
#1709=ORIENTED_EDGE('',*,*,#2755,.F.);
#1710=ORIENTED_EDGE('',*,*,#2757,.F.);
#1711=ORIENTED_EDGE('',*,*,#2758,.F.);
#1712=ORIENTED_EDGE('',*,*,#2759,.F.);
#1713=ORIENTED_EDGE('',*,*,#2474,.T.);
#1714=ORIENTED_EDGE('',*,*,#2760,.F.);
#1715=ORIENTED_EDGE('',*,*,#2761,.T.);
#1716=ORIENTED_EDGE('',*,*,#2762,.T.);
#1717=ORIENTED_EDGE('',*,*,#2763,.T.);
#1718=ORIENTED_EDGE('',*,*,#2764,.T.);
#1719=ORIENTED_EDGE('',*,*,#2761,.F.);
#1720=ORIENTED_EDGE('',*,*,#2082,.F.);
#1721=ORIENTED_EDGE('',*,*,#2752,.F.);
#1722=ORIENTED_EDGE('',*,*,#2756,.T.);
#1723=ORIENTED_EDGE('',*,*,#2765,.F.);
#1724=ORIENTED_EDGE('',*,*,#2766,.T.);
#1725=ORIENTED_EDGE('',*,*,#2767,.F.);
#1726=ORIENTED_EDGE('',*,*,#2762,.F.);
#1727=ORIENTED_EDGE('',*,*,#2766,.F.);
#1728=ORIENTED_EDGE('',*,*,#2768,.F.);
#1729=ORIENTED_EDGE('',*,*,#2769,.F.);
#1730=ORIENTED_EDGE('',*,*,#2749,.F.);
#1731=ORIENTED_EDGE('',*,*,#2770,.F.);
#1732=ORIENTED_EDGE('',*,*,#2771,.T.);
#1733=ORIENTED_EDGE('',*,*,#2075,.F.);
#1734=ORIENTED_EDGE('',*,*,#2080,.F.);
#1735=ORIENTED_EDGE('',*,*,#2763,.F.);
#1736=ORIENTED_EDGE('',*,*,#2767,.T.);
#1737=ORIENTED_EDGE('',*,*,#2772,.F.);
#1738=ORIENTED_EDGE('',*,*,#2076,.F.);
#1739=ORIENTED_EDGE('',*,*,#2771,.F.);
#1740=ORIENTED_EDGE('',*,*,#2773,.F.);
#1741=ORIENTED_EDGE('',*,*,#2725,.T.);
#1742=ORIENTED_EDGE('',*,*,#2098,.T.);
#1743=ORIENTED_EDGE('',*,*,#2774,.F.);
#1744=ORIENTED_EDGE('',*,*,#2775,.T.);
#1745=ORIENTED_EDGE('',*,*,#2069,.F.);
#1746=ORIENTED_EDGE('',*,*,#2073,.F.);
#1747=ORIENTED_EDGE('',*,*,#2077,.F.);
#1748=ORIENTED_EDGE('',*,*,#2772,.T.);
#1749=ORIENTED_EDGE('',*,*,#2776,.F.);
#1750=ORIENTED_EDGE('',*,*,#2070,.F.);
#1751=ORIENTED_EDGE('',*,*,#2775,.F.);
#1752=ORIENTED_EDGE('',*,*,#2777,.F.);
#1753=ORIENTED_EDGE('',*,*,#2608,.T.);
#1754=ORIENTED_EDGE('',*,*,#2576,.T.);
#1755=ORIENTED_EDGE('',*,*,#2778,.F.);
#1756=ORIENTED_EDGE('',*,*,#2065,.T.);
#1757=ORIENTED_EDGE('',*,*,#2779,.F.);
#1758=ORIENTED_EDGE('',*,*,#2067,.F.);
#1759=ORIENTED_EDGE('',*,*,#2071,.F.);
#1760=ORIENTED_EDGE('',*,*,#2776,.T.);
#1761=ORIENTED_EDGE('',*,*,#2779,.T.);
#1762=ORIENTED_EDGE('',*,*,#2064,.T.);
#1763=ORIENTED_EDGE('',*,*,#2780,.T.);
#1764=ORIENTED_EDGE('',*,*,#2781,.T.);
#1765=ORIENTED_EDGE('',*,*,#2782,.T.);
#1766=ORIENTED_EDGE('',*,*,#2783,.T.);
#1767=ORIENTED_EDGE('',*,*,#2784,.F.);
#1768=ORIENTED_EDGE('',*,*,#2650,.F.);
#1769=ORIENTED_EDGE('',*,*,#2664,.F.);
#1770=ORIENTED_EDGE('',*,*,#2668,.T.);
#1771=ORIENTED_EDGE('',*,*,#2647,.F.);
#1772=ORIENTED_EDGE('',*,*,#2717,.T.);
#1773=ORIENTED_EDGE('',*,*,#2721,.F.);
#1774=ORIENTED_EDGE('',*,*,#2727,.F.);
#1775=ORIENTED_EDGE('',*,*,#2092,.F.);
#1776=ORIENTED_EDGE('',*,*,#2087,.F.);
#1777=ORIENTED_EDGE('',*,*,#2735,.F.);
#1778=ORIENTED_EDGE('',*,*,#2086,.F.);
#1779=ORIENTED_EDGE('',*,*,#2744,.F.);
#1780=ORIENTED_EDGE('',*,*,#2083,.F.);
#1781=ORIENTED_EDGE('',*,*,#2753,.F.);
#1782=ORIENTED_EDGE('',*,*,#2081,.F.);
#1783=ORIENTED_EDGE('',*,*,#2764,.F.);
#1784=ORIENTED_EDGE('',*,*,#2079,.F.);
#1785=ORIENTED_EDGE('',*,*,#2078,.F.);
#1786=ORIENTED_EDGE('',*,*,#2074,.F.);
#1787=ORIENTED_EDGE('',*,*,#2072,.F.);
#1788=ORIENTED_EDGE('',*,*,#2068,.F.);
#1789=ORIENTED_EDGE('',*,*,#2781,.F.);
#1790=ORIENTED_EDGE('',*,*,#2782,.F.);
#1791=ORIENTED_EDGE('',*,*,#2785,.T.);
#1792=ORIENTED_EDGE('',*,*,#2653,.T.);
#1793=ORIENTED_EDGE('',*,*,#2659,.T.);
#1794=ORIENTED_EDGE('',*,*,#2784,.T.);
#1795=ORIENTED_EDGE('',*,*,#2786,.F.);
#1796=ORIENTED_EDGE('',*,*,#2101,.F.);
#1797=ORIENTED_EDGE('',*,*,#2783,.F.);
#1798=ORIENTED_EDGE('',*,*,#2780,.F.);
#1799=ORIENTED_EDGE('',*,*,#2063,.T.);
#1800=ORIENTED_EDGE('',*,*,#2787,.F.);
#1801=ORIENTED_EDGE('',*,*,#2654,.T.);
#1802=ORIENTED_EDGE('',*,*,#2785,.F.);
#1803=ORIENTED_EDGE('',*,*,#2787,.T.);
#1804=ORIENTED_EDGE('',*,*,#2066,.T.);
#1805=ORIENTED_EDGE('',*,*,#2778,.T.);
#1806=ORIENTED_EDGE('',*,*,#2777,.T.);
#1807=ORIENTED_EDGE('',*,*,#2774,.T.);
#1808=ORIENTED_EDGE('',*,*,#2773,.T.);
#1809=ORIENTED_EDGE('',*,*,#2770,.T.);
#1810=ORIENTED_EDGE('',*,*,#2768,.T.);
#1811=ORIENTED_EDGE('',*,*,#2765,.T.);
#1812=ORIENTED_EDGE('',*,*,#2757,.T.);
#1813=ORIENTED_EDGE('',*,*,#2754,.T.);
#1814=ORIENTED_EDGE('',*,*,#2748,.T.);
#1815=ORIENTED_EDGE('',*,*,#2745,.T.);
#1816=ORIENTED_EDGE('',*,*,#2739,.T.);
#1817=ORIENTED_EDGE('',*,*,#2736,.T.);
#1818=ORIENTED_EDGE('',*,*,#2731,.T.);
#1819=ORIENTED_EDGE('',*,*,#2728,.T.);
#1820=ORIENTED_EDGE('',*,*,#2723,.T.);
#1821=ORIENTED_EDGE('',*,*,#2714,.F.);
#1822=ORIENTED_EDGE('',*,*,#2711,.T.);
#1823=ORIENTED_EDGE('',*,*,#2710,.T.);
#1824=ORIENTED_EDGE('',*,*,#2788,.F.);
#1825=ORIENTED_EDGE('',*,*,#2760,.T.);
#1826=ORIENTED_EDGE('',*,*,#2473,.T.);
#1827=ORIENTED_EDGE('',*,*,#1965,.T.);
#1828=ORIENTED_EDGE('',*,*,#1972,.F.);
#1829=ORIENTED_EDGE('',*,*,#1975,.T.);
#1830=ORIENTED_EDGE('',*,*,#1978,.T.);
#1831=ORIENTED_EDGE('',*,*,#1979,.T.);
#1832=ORIENTED_EDGE('',*,*,#1985,.F.);
#1833=ORIENTED_EDGE('',*,*,#1988,.T.);
#1834=ORIENTED_EDGE('',*,*,#1991,.T.);
#1835=ORIENTED_EDGE('',*,*,#1992,.T.);
#1836=ORIENTED_EDGE('',*,*,#1998,.F.);
#1837=ORIENTED_EDGE('',*,*,#2001,.T.);
#1838=ORIENTED_EDGE('',*,*,#2004,.T.);
#1839=ORIENTED_EDGE('',*,*,#2005,.T.);
#1840=ORIENTED_EDGE('',*,*,#2011,.F.);
#1841=ORIENTED_EDGE('',*,*,#2014,.T.);
#1842=ORIENTED_EDGE('',*,*,#2017,.T.);
#1843=ORIENTED_EDGE('',*,*,#2018,.T.);
#1844=ORIENTED_EDGE('',*,*,#2024,.F.);
#1845=ORIENTED_EDGE('',*,*,#2027,.T.);
#1846=ORIENTED_EDGE('',*,*,#2030,.T.);
#1847=ORIENTED_EDGE('',*,*,#2031,.T.);
#1848=ORIENTED_EDGE('',*,*,#2037,.F.);
#1849=ORIENTED_EDGE('',*,*,#2040,.T.);
#1850=ORIENTED_EDGE('',*,*,#2043,.T.);
#1851=ORIENTED_EDGE('',*,*,#2044,.T.);
#1852=ORIENTED_EDGE('',*,*,#2050,.F.);
#1853=ORIENTED_EDGE('',*,*,#2053,.T.);
#1854=ORIENTED_EDGE('',*,*,#2056,.T.);
#1855=ORIENTED_EDGE('',*,*,#2061,.T.);
#1856=ORIENTED_EDGE('',*,*,#2789,.F.);
#1857=ORIENTED_EDGE('',*,*,#2790,.T.);
#1858=ORIENTED_EDGE('',*,*,#2791,.T.);
#1859=ORIENTED_EDGE('',*,*,#2677,.T.);
#1860=ORIENTED_EDGE('',*,*,#2674,.F.);
#1861=ORIENTED_EDGE('',*,*,#2671,.T.);
#1862=ORIENTED_EDGE('',*,*,#2670,.F.);
#1863=ORIENTED_EDGE('',*,*,#2665,.T.);
#1864=ORIENTED_EDGE('',*,*,#2662,.T.);
#1865=ORIENTED_EDGE('',*,*,#2656,.T.);
#1866=ORIENTED_EDGE('',*,*,#2655,.T.);
#1867=ORIENTED_EDGE('',*,*,#2740,.T.);
#1868=ORIENTED_EDGE('',*,*,#2786,.T.);
#1869=ORIENTED_EDGE('',*,*,#2097,.T.);
#1870=ORIENTED_EDGE('',*,*,#2575,.T.);
#1871=ORIENTED_EDGE('',*,*,#2454,.T.);
#1872=ORIENTED_EDGE('',*,*,#2769,.T.);
#1873=ORIENTED_EDGE('',*,*,#2594,.T.);
#1874=ORIENTED_EDGE('',*,*,#2509,.T.);
#1875=ORIENTED_EDGE('',*,*,#2541,.T.);
#1876=ORIENTED_EDGE('',*,*,#2450,.T.);
#1877=ORIENTED_EDGE('',*,*,#2789,.T.);
#1878=ORIENTED_EDGE('',*,*,#2062,.F.);
#1879=ORIENTED_EDGE('',*,*,#2059,.T.);
#1880=ORIENTED_EDGE('',*,*,#2792,.T.);
#1881=ORIENTED_EDGE('',*,*,#2792,.F.);
#1882=ORIENTED_EDGE('',*,*,#2058,.F.);
#1883=ORIENTED_EDGE('',*,*,#2793,.T.);
#1884=ORIENTED_EDGE('',*,*,#2790,.F.);
#1885=ORIENTED_EDGE('',*,*,#2794,.T.);
#1886=ORIENTED_EDGE('',*,*,#2683,.F.);
#1887=ORIENTED_EDGE('',*,*,#2678,.F.);
#1888=ORIENTED_EDGE('',*,*,#2791,.F.);
#1889=ORIENTED_EDGE('',*,*,#2793,.F.);
#1890=ORIENTED_EDGE('',*,*,#2794,.F.);
#1891=ORIENTED_EDGE('',*,*,#2057,.T.);
#1892=ORIENTED_EDGE('',*,*,#2054,.F.);
#1893=ORIENTED_EDGE('',*,*,#2047,.T.);
#1894=ORIENTED_EDGE('',*,*,#2041,.F.);
#1895=ORIENTED_EDGE('',*,*,#2034,.T.);
#1896=ORIENTED_EDGE('',*,*,#2028,.F.);
#1897=ORIENTED_EDGE('',*,*,#2021,.F.);
#1898=ORIENTED_EDGE('',*,*,#2015,.F.);
#1899=ORIENTED_EDGE('',*,*,#2008,.F.);
#1900=ORIENTED_EDGE('',*,*,#2002,.F.);
#1901=ORIENTED_EDGE('',*,*,#1995,.T.);
#1902=ORIENTED_EDGE('',*,*,#1989,.F.);
#1903=ORIENTED_EDGE('',*,*,#1982,.T.);
#1904=ORIENTED_EDGE('',*,*,#1976,.F.);
#1905=ORIENTED_EDGE('',*,*,#1969,.F.);
#1906=ORIENTED_EDGE('',*,*,#2472,.F.);
#1907=ORIENTED_EDGE('',*,*,#2795,.F.);
#1908=ORIENTED_EDGE('',*,*,#2694,.F.);
#1909=ORIENTED_EDGE('',*,*,#2687,.F.);
#1910=ORIENTED_EDGE('',*,*,#2796,.F.);
#1911=ORIENTED_EDGE('',*,*,#2797,.T.);
#1912=ORIENTED_EDGE('',*,*,#2798,.F.);
#1913=ORIENTED_EDGE('',*,*,#2799,.T.);
#1914=ORIENTED_EDGE('',*,*,#2796,.T.);
#1915=ORIENTED_EDGE('',*,*,#2800,.T.);
#1916=ORIENTED_EDGE('',*,*,#2695,.F.);
#1917=ORIENTED_EDGE('',*,*,#2795,.T.);
#1918=ORIENTED_EDGE('',*,*,#2801,.T.);
#1919=ORIENTED_EDGE('',*,*,#2610,.T.);
#1920=ORIENTED_EDGE('',*,*,#2802,.F.);
#1921=ORIENTED_EDGE('',*,*,#2106,.T.);
#1922=ORIENTED_EDGE('',*,*,#2698,.F.);
#1923=ORIENTED_EDGE('',*,*,#2800,.F.);
#1924=ORIENTED_EDGE('',*,*,#2799,.F.);
#1925=ORIENTED_EDGE('',*,*,#2803,.F.);
#1926=ORIENTED_EDGE('',*,*,#2802,.T.);
#1927=ORIENTED_EDGE('',*,*,#2804,.T.);
#1928=ORIENTED_EDGE('',*,*,#2703,.T.);
#1929=ORIENTED_EDGE('',*,*,#2701,.T.);
#1930=ORIENTED_EDGE('',*,*,#2129,.T.);
#1931=ORIENTED_EDGE('',*,*,#2126,.T.);
#1932=ORIENTED_EDGE('',*,*,#2122,.T.);
#1933=ORIENTED_EDGE('',*,*,#2119,.T.);
#1934=ORIENTED_EDGE('',*,*,#2116,.T.);
#1935=ORIENTED_EDGE('',*,*,#2113,.T.);
#1936=ORIENTED_EDGE('',*,*,#2110,.T.);
#1937=ORIENTED_EDGE('',*,*,#2107,.T.);
#1938=ORIENTED_EDGE('',*,*,#2804,.F.);
#1939=ORIENTED_EDGE('',*,*,#2805,.F.);
#1940=ORIENTED_EDGE('',*,*,#2806,.T.);
#1941=ORIENTED_EDGE('',*,*,#2718,.F.);
#1942=ORIENTED_EDGE('',*,*,#2705,.F.);
#1943=ORIENTED_EDGE('',*,*,#2805,.T.);
#1944=ORIENTED_EDGE('',*,*,#2803,.T.);
#1945=ORIENTED_EDGE('',*,*,#2798,.T.);
#1946=ORIENTED_EDGE('',*,*,#2807,.T.);
#1947=ORIENTED_EDGE('',*,*,#2808,.T.);
#1948=ORIENTED_EDGE('',*,*,#2808,.F.);
#1949=ORIENTED_EDGE('',*,*,#2809,.F.);
#1950=ORIENTED_EDGE('',*,*,#2713,.F.);
#1951=ORIENTED_EDGE('',*,*,#2719,.F.);
#1952=ORIENTED_EDGE('',*,*,#2806,.F.);
#1953=ORIENTED_EDGE('',*,*,#2809,.T.);
#1954=ORIENTED_EDGE('',*,*,#2807,.F.);
#1955=ORIENTED_EDGE('',*,*,#2797,.F.);
#1956=ORIENTED_EDGE('',*,*,#2801,.F.);
#1957=ORIENTED_EDGE('',*,*,#2471,.T.);
#1958=ORIENTED_EDGE('',*,*,#2759,.T.);
#1959=ORIENTED_EDGE('',*,*,#2810,.F.);
#1960=ORIENTED_EDGE('',*,*,#2708,.T.);
#1961=ORIENTED_EDGE('',*,*,#2810,.T.);
#1962=ORIENTED_EDGE('',*,*,#2758,.T.);
#1963=ORIENTED_EDGE('',*,*,#2788,.T.);
#1964=ORIENTED_EDGE('',*,*,#2709,.T.);
#1965=EDGE_CURVE('',#2811,#2812,#3381,.T.);
#1966=EDGE_CURVE('',#2811,#2813,#3382,.T.);
#1967=EDGE_CURVE('',#2814,#2813,#3383,.T.);
#1968=EDGE_CURVE('',#2814,#2812,#3384,.T.);
#1969=EDGE_CURVE('',#2813,#2815,#3385,.T.);
#1970=EDGE_CURVE('',#2815,#2816,#3386,.T.);
#1971=EDGE_CURVE('',#2814,#2816,#3387,.T.);
#1972=EDGE_CURVE('',#2817,#2812,#3388,.T.);
#1973=EDGE_CURVE('',#2816,#2817,#3389,.T.);
#1974=EDGE_CURVE('',#2815,#2818,#3390,.T.);
#1975=EDGE_CURVE('',#2817,#2818,#3391,.T.);
#1976=EDGE_CURVE('',#2815,#2819,#3392,.T.);
#1977=EDGE_CURVE('',#2820,#2819,#3393,.T.);
#1978=EDGE_CURVE('',#2818,#2820,#3394,.T.);
#1979=EDGE_CURVE('',#2820,#2821,#3395,.T.);
#1980=EDGE_CURVE('',#2822,#2819,#3396,.T.);
#1981=EDGE_CURVE('',#2822,#2821,#3397,.T.);
#1982=EDGE_CURVE('',#2823,#2819,#3398,.T.);
#1983=EDGE_CURVE('',#2823,#2824,#3399,.T.);
#1984=EDGE_CURVE('',#2822,#2824,#3400,.T.);
#1985=EDGE_CURVE('',#2825,#2821,#3401,.T.);
#1986=EDGE_CURVE('',#2824,#2825,#3402,.T.);
#1987=EDGE_CURVE('',#2823,#2826,#3403,.T.);
#1988=EDGE_CURVE('',#2825,#2826,#3404,.T.);
#1989=EDGE_CURVE('',#2823,#2827,#3405,.T.);
#1990=EDGE_CURVE('',#2828,#2827,#3406,.T.);
#1991=EDGE_CURVE('',#2826,#2828,#3407,.T.);
#1992=EDGE_CURVE('',#2828,#2829,#3408,.T.);
#1993=EDGE_CURVE('',#2830,#2827,#3409,.T.);
#1994=EDGE_CURVE('',#2830,#2829,#3410,.T.);
#1995=EDGE_CURVE('',#2831,#2827,#3411,.T.);
#1996=EDGE_CURVE('',#2831,#2832,#3412,.T.);
#1997=EDGE_CURVE('',#2830,#2832,#3413,.T.);
#1998=EDGE_CURVE('',#2833,#2829,#3414,.T.);
#1999=EDGE_CURVE('',#2832,#2833,#3415,.T.);
#2000=EDGE_CURVE('',#2831,#2834,#3416,.T.);
#2001=EDGE_CURVE('',#2833,#2834,#3417,.T.);
#2002=EDGE_CURVE('',#2831,#2835,#3418,.T.);
#2003=EDGE_CURVE('',#2836,#2835,#3419,.T.);
#2004=EDGE_CURVE('',#2834,#2836,#3420,.T.);
#2005=EDGE_CURVE('',#2836,#2837,#3421,.T.);
#2006=EDGE_CURVE('',#2838,#2835,#3422,.T.);
#2007=EDGE_CURVE('',#2838,#2837,#3423,.T.);
#2008=EDGE_CURVE('',#2835,#2839,#3424,.T.);
#2009=EDGE_CURVE('',#2839,#2840,#3425,.T.);
#2010=EDGE_CURVE('',#2838,#2840,#3426,.T.);
#2011=EDGE_CURVE('',#2841,#2837,#3427,.T.);
#2012=EDGE_CURVE('',#2840,#2841,#3428,.T.);
#2013=EDGE_CURVE('',#2839,#2842,#3429,.T.);
#2014=EDGE_CURVE('',#2841,#2842,#3430,.T.);
#2015=EDGE_CURVE('',#2839,#2843,#3431,.T.);
#2016=EDGE_CURVE('',#2844,#2843,#3432,.T.);
#2017=EDGE_CURVE('',#2842,#2844,#3433,.T.);
#2018=EDGE_CURVE('',#2844,#2845,#3434,.T.);
#2019=EDGE_CURVE('',#2846,#2843,#3435,.T.);
#2020=EDGE_CURVE('',#2846,#2845,#3436,.T.);
#2021=EDGE_CURVE('',#2843,#2847,#3437,.T.);
#2022=EDGE_CURVE('',#2847,#2848,#3438,.T.);
#2023=EDGE_CURVE('',#2846,#2848,#3439,.T.);
#2024=EDGE_CURVE('',#2849,#2845,#3440,.T.);
#2025=EDGE_CURVE('',#2848,#2849,#3441,.T.);
#2026=EDGE_CURVE('',#2847,#2850,#3442,.T.);
#2027=EDGE_CURVE('',#2849,#2850,#3443,.T.);
#2028=EDGE_CURVE('',#2847,#2851,#3444,.T.);
#2029=EDGE_CURVE('',#2852,#2851,#3445,.T.);
#2030=EDGE_CURVE('',#2850,#2852,#3446,.T.);
#2031=EDGE_CURVE('',#2852,#2853,#3447,.T.);
#2032=EDGE_CURVE('',#2854,#2851,#3448,.T.);
#2033=EDGE_CURVE('',#2854,#2853,#3449,.T.);
#2034=EDGE_CURVE('',#2855,#2851,#3450,.T.);
#2035=EDGE_CURVE('',#2855,#2856,#3451,.T.);
#2036=EDGE_CURVE('',#2854,#2856,#3452,.T.);
#2037=EDGE_CURVE('',#2857,#2853,#3453,.T.);
#2038=EDGE_CURVE('',#2856,#2857,#3454,.T.);
#2039=EDGE_CURVE('',#2855,#2858,#3455,.T.);
#2040=EDGE_CURVE('',#2857,#2858,#3456,.T.);
#2041=EDGE_CURVE('',#2855,#2859,#3457,.T.);
#2042=EDGE_CURVE('',#2860,#2859,#3458,.T.);
#2043=EDGE_CURVE('',#2858,#2860,#3459,.T.);
#2044=EDGE_CURVE('',#2860,#2861,#3460,.T.);
#2045=EDGE_CURVE('',#2862,#2859,#3461,.T.);
#2046=EDGE_CURVE('',#2862,#2861,#3462,.T.);
#2047=EDGE_CURVE('',#2863,#2859,#3463,.T.);
#2048=EDGE_CURVE('',#2863,#2864,#3464,.T.);
#2049=EDGE_CURVE('',#2862,#2864,#3465,.T.);
#2050=EDGE_CURVE('',#2865,#2861,#3466,.T.);
#2051=EDGE_CURVE('',#2864,#2865,#3467,.T.);
#2052=EDGE_CURVE('',#2863,#2866,#3468,.T.);
#2053=EDGE_CURVE('',#2865,#2866,#3469,.T.);
#2054=EDGE_CURVE('',#2863,#2867,#3470,.T.);
#2055=EDGE_CURVE('',#2868,#2867,#3471,.T.);
#2056=EDGE_CURVE('',#2866,#2868,#3472,.T.);
#2057=EDGE_CURVE('',#2869,#2867,#3473,.T.);
#2058=EDGE_CURVE('',#2869,#2870,#3474,.T.);
#2059=EDGE_CURVE('',#2871,#2870,#3475,.T.);
#2060=EDGE_CURVE('',#2871,#2867,#3476,.T.);
#2061=EDGE_CURVE('',#2868,#2872,#3477,.T.);
#2062=EDGE_CURVE('',#2871,#2872,#3478,.T.);
#2063=EDGE_CURVE('',#2873,#2874,#3479,.T.);
#2064=EDGE_CURVE('',#2875,#2873,#3480,.T.);
#2065=EDGE_CURVE('',#2876,#2875,#3481,.T.);
#2066=EDGE_CURVE('',#2874,#2876,#3482,.T.);
#2067=EDGE_CURVE('',#2877,#2878,#89,.T.);
#2068=EDGE_CURVE('',#2878,#2877,#3483,.T.);
#2069=EDGE_CURVE('',#2879,#2880,#90,.T.);
#2070=EDGE_CURVE('',#2880,#2881,#3484,.T.);
#2071=EDGE_CURVE('',#2881,#2877,#91,.T.);
#2072=EDGE_CURVE('',#2877,#2879,#3485,.T.);
#2073=EDGE_CURVE('',#2882,#2879,#92,.T.);
#2074=EDGE_CURVE('',#2879,#2882,#3486,.T.);
#2075=EDGE_CURVE('',#2883,#2884,#93,.T.);
#2076=EDGE_CURVE('',#2884,#2885,#3487,.T.);
#2077=EDGE_CURVE('',#2885,#2882,#94,.T.);
#2078=EDGE_CURVE('',#2882,#2883,#3488,.T.);
#2079=EDGE_CURVE('',#2883,#2886,#3489,.T.);
#2080=EDGE_CURVE('',#2886,#2883,#95,.T.);
#2081=EDGE_CURVE('',#2887,#2888,#3490,.T.);
#2082=EDGE_CURVE('',#2888,#2887,#96,.T.);
#2083=EDGE_CURVE('',#2889,#2890,#3491,.T.);
#2084=EDGE_CURVE('',#2890,#2889,#97,.T.);
#2085=EDGE_CURVE('',#2891,#2892,#98,.T.);
#2086=EDGE_CURVE('',#2892,#2891,#3492,.T.);
#2087=EDGE_CURVE('',#2893,#2894,#3493,.T.);
#2088=EDGE_CURVE('',#2894,#2893,#99,.T.);
#2089=EDGE_CURVE('',#2895,#2896,#100,.T.);
#2090=EDGE_CURVE('',#2896,#2897,#3494,.T.);
#2091=EDGE_CURVE('',#2897,#2894,#101,.T.);
#2092=EDGE_CURVE('',#2894,#2895,#3495,.T.);
#2093=EDGE_CURVE('',#2898,#2898,#102,.T.);
#2094=EDGE_CURVE('',#2899,#2899,#103,.T.);
#2095=EDGE_CURVE('',#2900,#2900,#104,.T.);
#2096=EDGE_CURVE('',#2901,#2901,#105,.T.);
#2097=EDGE_CURVE('',#2902,#2902,#106,.T.);
#2098=EDGE_CURVE('',#2903,#2903,#107,.T.);
#2099=EDGE_CURVE('',#2904,#2904,#108,.T.);
#2100=EDGE_CURVE('',#2905,#2905,#109,.T.);
#2101=EDGE_CURVE('',#2906,#2906,#110,.T.);
#2102=EDGE_CURVE('',#2907,#2907,#111,.T.);
#2103=EDGE_CURVE('',#2908,#2908,#112,.T.);
#2104=EDGE_CURVE('',#2909,#2909,#113,.T.);
#2105=EDGE_CURVE('',#2910,#2911,#3496,.T.);
#2106=EDGE_CURVE('',#2912,#2910,#20,.F.);
#2107=EDGE_CURVE('',#2913,#2912,#3497,.T.);
#2108=EDGE_CURVE('',#2911,#2913,#3498,.T.);
#2109=EDGE_CURVE('',#2911,#2914,#3499,.T.);
#2110=EDGE_CURVE('',#2915,#2913,#3500,.T.);
#2111=EDGE_CURVE('',#2914,#2915,#3501,.T.);
#2112=EDGE_CURVE('',#2914,#2916,#114,.T.);
#2113=EDGE_CURVE('',#2917,#2915,#115,.T.);
#2114=EDGE_CURVE('',#2917,#2916,#3502,.T.);
#2115=EDGE_CURVE('',#2916,#2918,#3503,.T.);
#2116=EDGE_CURVE('',#2919,#2917,#3504,.T.);
#2117=EDGE_CURVE('',#2918,#2919,#3505,.T.);
#2118=EDGE_CURVE('',#2920,#2920,#116,.T.);
#2119=EDGE_CURVE('',#2921,#2919,#117,.T.);
#2120=EDGE_CURVE('',#2921,#2922,#3506,.T.);
#2121=EDGE_CURVE('',#2918,#2922,#118,.T.);
#2122=EDGE_CURVE('',#2923,#2921,#3507,.T.);
#2123=EDGE_CURVE('',#2924,#2923,#3508,.T.);
#2124=EDGE_CURVE('',#2922,#2924,#3509,.T.);
#2125=EDGE_CURVE('',#2924,#2925,#119,.T.);
#2126=EDGE_CURVE('',#2926,#2923,#120,.T.);
#2127=EDGE_CURVE('',#2926,#2925,#3510,.F.);
#2128=EDGE_CURVE('',#2925,#2927,#3511,.T.);
#2129=EDGE_CURVE('',#2928,#2926,#3512,.T.);
#2130=EDGE_CURVE('',#2927,#2928,#21,.F.);
#2131=EDGE_CURVE('',#2929,#2930,#3513,.T.);
#2132=EDGE_CURVE('',#2931,#2929,#3514,.T.);
#2133=EDGE_CURVE('',#2932,#2931,#3515,.T.);
#2134=EDGE_CURVE('',#2932,#2933,#3516,.T.);
#2135=EDGE_CURVE('',#2930,#2933,#3517,.T.);
#2136=EDGE_CURVE('',#2934,#2935,#3518,.T.);
#2137=EDGE_CURVE('',#2936,#2934,#22,.F.);
#2138=EDGE_CURVE('',#2937,#2936,#3519,.T.);
#2139=EDGE_CURVE('',#2935,#2937,#3520,.T.);
#2140=EDGE_CURVE('',#2935,#2938,#3521,.T.);
#2141=EDGE_CURVE('',#2939,#2937,#3522,.T.);
#2142=EDGE_CURVE('',#2938,#2939,#3523,.T.);
#2143=EDGE_CURVE('',#2938,#2940,#121,.T.);
#2144=EDGE_CURVE('',#2941,#2939,#122,.T.);
#2145=EDGE_CURVE('',#2941,#2940,#3524,.T.);
#2146=EDGE_CURVE('',#2940,#2942,#3525,.T.);
#2147=EDGE_CURVE('',#2943,#2941,#3526,.T.);
#2148=EDGE_CURVE('',#2942,#2943,#3527,.T.);
#2149=EDGE_CURVE('',#2944,#2943,#123,.T.);
#2150=EDGE_CURVE('',#2944,#2945,#3528,.T.);
#2151=EDGE_CURVE('',#2942,#2945,#124,.T.);
#2152=EDGE_CURVE('',#2946,#2944,#3529,.T.);
#2153=EDGE_CURVE('',#2947,#2946,#3530,.T.);
#2154=EDGE_CURVE('',#2945,#2947,#3531,.T.);
#2155=EDGE_CURVE('',#2947,#2948,#125,.T.);
#2156=EDGE_CURVE('',#2949,#2946,#126,.T.);
#2157=EDGE_CURVE('',#2949,#2948,#3532,.F.);
#2158=EDGE_CURVE('',#2948,#2950,#3533,.T.);
#2159=EDGE_CURVE('',#2951,#2949,#3534,.T.);
#2160=EDGE_CURVE('',#2950,#2951,#23,.F.);
#2161=EDGE_CURVE('',#2950,#2952,#127,.T.);
#2162=EDGE_CURVE('',#2953,#2951,#128,.T.);
#2163=EDGE_CURVE('',#2953,#2952,#3535,.T.);
#2164=EDGE_CURVE('',#2954,#2953,#3536,.T.);
#2165=EDGE_CURVE('',#2955,#2954,#3537,.T.);
#2166=EDGE_CURVE('',#2952,#2955,#3538,.T.);
#2167=EDGE_CURVE('',#2956,#2955,#3539,.T.);
#2168=EDGE_CURVE('',#2956,#2934,#129,.T.);
#2169=EDGE_CURVE('',#2957,#2955,#3540,.T.);
#2170=EDGE_CURVE('',#2957,#2931,#3541,.T.);
#2171=EDGE_CURVE('',#2929,#2956,#3542,.T.);
#2172=EDGE_CURVE('',#2958,#2959,#3543,.T.);
#2173=EDGE_CURVE('',#2958,#2960,#3544,.T.);
#2174=EDGE_CURVE('',#2960,#2961,#3545,.T.);
#2175=EDGE_CURVE('',#2962,#2961,#3546,.T.);
#2176=EDGE_CURVE('',#2963,#2962,#3547,.T.);
#2177=EDGE_CURVE('',#2959,#2963,#3548,.T.);
#2178=EDGE_CURVE('',#2964,#2962,#3549,.T.);
#2179=EDGE_CURVE('',#2965,#2964,#3550,.T.);
#2180=EDGE_CURVE('',#2965,#2966,#3551,.T.);
#2181=EDGE_CURVE('',#2963,#2966,#3552,.T.);
#2182=EDGE_CURVE('',#2959,#2967,#3553,.T.);
#2183=EDGE_CURVE('',#2966,#2968,#3554,.T.);
#2184=EDGE_CURVE('',#2969,#2968,#3555,.T.);
#2185=EDGE_CURVE('',#2969,#2967,#3556,.T.);
#2186=EDGE_CURVE('',#2970,#2969,#3557,.T.);
#2187=EDGE_CURVE('',#2971,#2968,#3558,.T.);
#2188=EDGE_CURVE('',#2971,#2970,#3559,.F.);
#2189=EDGE_CURVE('',#2972,#2970,#3560,.T.);
#2190=EDGE_CURVE('',#2972,#2967,#3561,.T.);
#2191=EDGE_CURVE('',#2972,#2958,#3562,.T.);
#2192=EDGE_CURVE('',#2960,#2973,#3563,.T.);
#2193=EDGE_CURVE('',#2973,#2971,#3564,.T.);
#2194=EDGE_CURVE('',#2974,#2965,#3565,.T.);
#2195=EDGE_CURVE('',#2974,#2973,#3566,.T.);
#2196=EDGE_CURVE('',#2975,#2974,#3567,.T.);
#2197=EDGE_CURVE('',#2975,#2961,#3568,.T.);
#2198=EDGE_CURVE('',#2975,#2964,#3569,.T.);
#2199=EDGE_CURVE('',#2976,#2977,#3570,.T.);
#2200=EDGE_CURVE('',#2976,#2978,#3571,.T.);
#2201=EDGE_CURVE('',#2978,#2979,#3572,.T.);
#2202=EDGE_CURVE('',#2980,#2979,#3573,.T.);
#2203=EDGE_CURVE('',#2981,#2980,#3574,.T.);
#2204=EDGE_CURVE('',#2977,#2981,#3575,.T.);
#2205=EDGE_CURVE('',#2982,#2980,#3576,.T.);
#2206=EDGE_CURVE('',#2983,#2982,#3577,.T.);
#2207=EDGE_CURVE('',#2983,#2984,#3578,.T.);
#2208=EDGE_CURVE('',#2981,#2984,#3579,.T.);
#2209=EDGE_CURVE('',#2977,#2985,#3580,.T.);
#2210=EDGE_CURVE('',#2984,#2986,#3581,.T.);
#2211=EDGE_CURVE('',#2987,#2986,#3582,.T.);
#2212=EDGE_CURVE('',#2987,#2985,#3583,.T.);
#2213=EDGE_CURVE('',#2988,#2987,#3584,.T.);
#2214=EDGE_CURVE('',#2989,#2986,#3585,.T.);
#2215=EDGE_CURVE('',#2989,#2988,#3586,.F.);
#2216=EDGE_CURVE('',#2990,#2988,#3587,.T.);
#2217=EDGE_CURVE('',#2990,#2985,#3588,.T.);
#2218=EDGE_CURVE('',#2990,#2976,#3589,.T.);
#2219=EDGE_CURVE('',#2978,#2991,#3590,.T.);
#2220=EDGE_CURVE('',#2991,#2989,#3591,.T.);
#2221=EDGE_CURVE('',#2983,#2992,#3592,.T.);
#2222=EDGE_CURVE('',#2992,#2991,#3593,.T.);
#2223=EDGE_CURVE('',#2993,#2992,#3594,.T.);
#2224=EDGE_CURVE('',#2993,#2979,#3595,.T.);
#2225=EDGE_CURVE('',#2982,#2993,#3596,.T.);
#2226=EDGE_CURVE('',#2994,#2995,#3597,.T.);
#2227=EDGE_CURVE('',#2994,#2996,#3598,.T.);
#2228=EDGE_CURVE('',#2996,#2997,#3599,.T.);
#2229=EDGE_CURVE('',#2998,#2997,#3600,.T.);
#2230=EDGE_CURVE('',#2999,#2998,#3601,.T.);
#2231=EDGE_CURVE('',#2995,#2999,#3602,.T.);
#2232=EDGE_CURVE('',#3000,#2998,#3603,.T.);
#2233=EDGE_CURVE('',#3001,#3000,#3604,.T.);
#2234=EDGE_CURVE('',#3001,#3002,#3605,.T.);
#2235=EDGE_CURVE('',#2999,#3002,#3606,.T.);
#2236=EDGE_CURVE('',#2995,#3003,#3607,.T.);
#2237=EDGE_CURVE('',#3002,#3004,#3608,.T.);
#2238=EDGE_CURVE('',#3005,#3004,#3609,.T.);
#2239=EDGE_CURVE('',#3005,#3003,#3610,.T.);
#2240=EDGE_CURVE('',#3006,#3005,#3611,.T.);
#2241=EDGE_CURVE('',#3007,#3004,#3612,.T.);
#2242=EDGE_CURVE('',#3007,#3006,#3613,.F.);
#2243=EDGE_CURVE('',#3008,#3006,#3614,.T.);
#2244=EDGE_CURVE('',#3008,#3003,#3615,.T.);
#2245=EDGE_CURVE('',#3008,#2994,#3616,.T.);
#2246=EDGE_CURVE('',#2996,#3009,#3617,.T.);
#2247=EDGE_CURVE('',#3009,#3007,#3618,.T.);
#2248=EDGE_CURVE('',#3001,#3010,#3619,.T.);
#2249=EDGE_CURVE('',#3010,#3009,#3620,.T.);
#2250=EDGE_CURVE('',#3011,#3010,#3621,.T.);
#2251=EDGE_CURVE('',#3011,#2997,#3622,.T.);
#2252=EDGE_CURVE('',#3011,#3000,#3623,.T.);
#2253=EDGE_CURVE('',#3012,#3013,#3624,.T.);
#2254=EDGE_CURVE('',#3012,#3014,#3625,.T.);
#2255=EDGE_CURVE('',#3014,#3015,#3626,.T.);
#2256=EDGE_CURVE('',#3016,#3015,#3627,.T.);
#2257=EDGE_CURVE('',#3017,#3016,#3628,.T.);
#2258=EDGE_CURVE('',#3013,#3017,#3629,.T.);
#2259=EDGE_CURVE('',#3018,#3016,#3630,.T.);
#2260=EDGE_CURVE('',#3019,#3018,#3631,.T.);
#2261=EDGE_CURVE('',#3019,#3020,#3632,.T.);
#2262=EDGE_CURVE('',#3017,#3020,#3633,.T.);
#2263=EDGE_CURVE('',#3013,#3021,#3634,.T.);
#2264=EDGE_CURVE('',#3020,#3022,#3635,.T.);
#2265=EDGE_CURVE('',#3023,#3022,#3636,.T.);
#2266=EDGE_CURVE('',#3023,#3021,#3637,.T.);
#2267=EDGE_CURVE('',#3024,#3023,#3638,.T.);
#2268=EDGE_CURVE('',#3025,#3022,#3639,.T.);
#2269=EDGE_CURVE('',#3025,#3024,#3640,.F.);
#2270=EDGE_CURVE('',#3026,#3024,#3641,.T.);
#2271=EDGE_CURVE('',#3026,#3021,#3642,.T.);
#2272=EDGE_CURVE('',#3026,#3012,#3643,.T.);
#2273=EDGE_CURVE('',#3014,#3027,#3644,.T.);
#2274=EDGE_CURVE('',#3027,#3025,#3645,.T.);
#2275=EDGE_CURVE('',#3028,#3019,#3646,.T.);
#2276=EDGE_CURVE('',#3028,#3027,#3647,.T.);
#2277=EDGE_CURVE('',#3029,#3028,#3648,.T.);
#2278=EDGE_CURVE('',#3029,#3015,#3649,.T.);
#2279=EDGE_CURVE('',#3029,#3018,#3650,.T.);
#2280=EDGE_CURVE('',#3030,#3031,#3651,.T.);
#2281=EDGE_CURVE('',#3030,#3032,#3652,.T.);
#2282=EDGE_CURVE('',#3032,#3033,#3653,.T.);
#2283=EDGE_CURVE('',#3034,#3033,#3654,.T.);
#2284=EDGE_CURVE('',#3035,#3034,#3655,.T.);
#2285=EDGE_CURVE('',#3031,#3035,#3656,.T.);
#2286=EDGE_CURVE('',#3036,#3034,#3657,.T.);
#2287=EDGE_CURVE('',#3037,#3036,#3658,.T.);
#2288=EDGE_CURVE('',#3037,#3038,#3659,.T.);
#2289=EDGE_CURVE('',#3035,#3038,#3660,.T.);
#2290=EDGE_CURVE('',#3031,#3039,#3661,.T.);
#2291=EDGE_CURVE('',#3038,#3040,#3662,.T.);
#2292=EDGE_CURVE('',#3041,#3040,#3663,.T.);
#2293=EDGE_CURVE('',#3041,#3039,#3664,.T.);
#2294=EDGE_CURVE('',#3042,#3041,#3665,.T.);
#2295=EDGE_CURVE('',#3043,#3040,#3666,.T.);
#2296=EDGE_CURVE('',#3043,#3042,#3667,.F.);
#2297=EDGE_CURVE('',#3044,#3042,#3668,.T.);
#2298=EDGE_CURVE('',#3044,#3039,#3669,.T.);
#2299=EDGE_CURVE('',#3044,#3030,#3670,.T.);
#2300=EDGE_CURVE('',#3032,#3045,#3671,.T.);
#2301=EDGE_CURVE('',#3045,#3043,#3672,.T.);
#2302=EDGE_CURVE('',#3046,#3037,#3673,.T.);
#2303=EDGE_CURVE('',#3046,#3045,#3674,.T.);
#2304=EDGE_CURVE('',#3047,#3046,#3675,.T.);
#2305=EDGE_CURVE('',#3047,#3033,#3676,.T.);
#2306=EDGE_CURVE('',#3036,#3047,#3677,.T.);
#2307=EDGE_CURVE('',#3048,#3049,#3678,.T.);
#2308=EDGE_CURVE('',#3050,#3049,#3679,.F.);
#2309=EDGE_CURVE('',#3051,#3050,#3680,.T.);
#2310=EDGE_CURVE('',#3051,#3048,#3681,.T.);
#2311=EDGE_CURVE('',#3050,#3052,#3682,.F.);
#2312=EDGE_CURVE('',#3053,#3052,#3683,.T.);
#2313=EDGE_CURVE('',#3051,#3053,#3684,.T.);
#2314=EDGE_CURVE('',#3053,#3054,#3685,.T.);
#2315=EDGE_CURVE('',#3048,#3054,#3686,.T.);
#2316=EDGE_CURVE('',#3054,#3055,#3687,.T.);
#2317=EDGE_CURVE('',#3055,#3049,#3688,.F.);
#2318=EDGE_CURVE('',#3056,#3052,#3689,.T.);
#2319=EDGE_CURVE('',#3055,#3057,#3690,.T.);
#2320=EDGE_CURVE('',#3057,#3056,#3691,.T.);
#2321=EDGE_CURVE('',#3058,#3059,#3692,.T.);
#2322=EDGE_CURVE('',#3053,#3058,#3693,.T.);
#2323=EDGE_CURVE('',#3059,#3056,#3694,.T.);
#2324=EDGE_CURVE('',#3060,#3061,#3695,.T.);
#2325=EDGE_CURVE('',#3061,#3054,#3696,.T.);
#2326=EDGE_CURVE('',#3060,#3058,#3697,.T.);
#2327=EDGE_CURVE('',#3062,#3061,#3698,.T.);
#2328=EDGE_CURVE('',#3057,#3062,#3699,.T.);
#2329=EDGE_CURVE('',#3063,#3062,#3700,.T.);
#2330=EDGE_CURVE('',#3059,#3063,#3701,.T.);
#2331=EDGE_CURVE('',#3063,#3060,#3702,.T.);
#2332=EDGE_CURVE('',#3064,#3065,#3703,.T.);
#2333=EDGE_CURVE('',#3064,#3066,#3704,.T.);
#2334=EDGE_CURVE('',#3066,#3067,#3705,.T.);
#2335=EDGE_CURVE('',#3068,#3067,#3706,.T.);
#2336=EDGE_CURVE('',#3069,#3068,#3707,.T.);
#2337=EDGE_CURVE('',#3065,#3069,#3708,.T.);
#2338=EDGE_CURVE('',#3070,#3068,#3709,.T.);
#2339=EDGE_CURVE('',#3071,#3070,#3710,.T.);
#2340=EDGE_CURVE('',#3071,#3072,#3711,.T.);
#2341=EDGE_CURVE('',#3069,#3072,#3712,.T.);
#2342=EDGE_CURVE('',#3065,#3073,#3713,.T.);
#2343=EDGE_CURVE('',#3072,#3074,#3714,.T.);
#2344=EDGE_CURVE('',#3075,#3074,#3715,.T.);
#2345=EDGE_CURVE('',#3075,#3073,#3716,.T.);
#2346=EDGE_CURVE('',#3076,#3075,#3717,.T.);
#2347=EDGE_CURVE('',#3077,#3074,#3718,.T.);
#2348=EDGE_CURVE('',#3077,#3076,#3719,.F.);
#2349=EDGE_CURVE('',#3078,#3076,#3720,.T.);
#2350=EDGE_CURVE('',#3078,#3073,#3721,.T.);
#2351=EDGE_CURVE('',#3078,#3064,#3722,.T.);
#2352=EDGE_CURVE('',#3066,#3079,#3723,.T.);
#2353=EDGE_CURVE('',#3079,#3077,#3724,.T.);
#2354=EDGE_CURVE('',#3071,#3080,#3725,.T.);
#2355=EDGE_CURVE('',#3080,#3079,#3726,.T.);
#2356=EDGE_CURVE('',#3081,#3080,#3727,.T.);
#2357=EDGE_CURVE('',#3081,#3067,#3728,.T.);
#2358=EDGE_CURVE('',#3070,#3081,#3729,.T.);
#2359=EDGE_CURVE('',#3082,#3083,#3730,.T.);
#2360=EDGE_CURVE('',#3082,#3084,#3731,.T.);
#2361=EDGE_CURVE('',#3084,#3085,#3732,.T.);
#2362=EDGE_CURVE('',#3086,#3085,#3733,.T.);
#2363=EDGE_CURVE('',#3087,#3086,#3734,.T.);
#2364=EDGE_CURVE('',#3083,#3087,#3735,.T.);
#2365=EDGE_CURVE('',#3088,#3086,#3736,.T.);
#2366=EDGE_CURVE('',#3089,#3088,#3737,.T.);
#2367=EDGE_CURVE('',#3089,#3090,#3738,.T.);
#2368=EDGE_CURVE('',#3087,#3090,#3739,.T.);
#2369=EDGE_CURVE('',#3083,#3091,#3740,.T.);
#2370=EDGE_CURVE('',#3090,#3092,#3741,.T.);
#2371=EDGE_CURVE('',#3093,#3092,#3742,.T.);
#2372=EDGE_CURVE('',#3093,#3091,#3743,.T.);
#2373=EDGE_CURVE('',#3094,#3093,#3744,.T.);
#2374=EDGE_CURVE('',#3095,#3092,#3745,.T.);
#2375=EDGE_CURVE('',#3095,#3094,#3746,.F.);
#2376=EDGE_CURVE('',#3096,#3094,#3747,.T.);
#2377=EDGE_CURVE('',#3096,#3091,#3748,.T.);
#2378=EDGE_CURVE('',#3096,#3082,#3749,.T.);
#2379=EDGE_CURVE('',#3084,#3097,#3750,.T.);
#2380=EDGE_CURVE('',#3097,#3095,#3751,.T.);
#2381=EDGE_CURVE('',#3089,#3098,#3752,.T.);
#2382=EDGE_CURVE('',#3098,#3097,#3753,.T.);
#2383=EDGE_CURVE('',#3099,#3098,#3754,.T.);
#2384=EDGE_CURVE('',#3099,#3085,#3755,.T.);
#2385=EDGE_CURVE('',#3088,#3099,#3756,.T.);
#2386=EDGE_CURVE('',#3100,#3101,#3757,.T.);
#2387=EDGE_CURVE('',#3100,#3102,#3758,.T.);
#2388=EDGE_CURVE('',#3102,#3103,#3759,.T.);
#2389=EDGE_CURVE('',#3104,#3103,#3760,.T.);
#2390=EDGE_CURVE('',#3105,#3104,#3761,.T.);
#2391=EDGE_CURVE('',#3101,#3105,#3762,.T.);
#2392=EDGE_CURVE('',#3106,#3104,#3763,.T.);
#2393=EDGE_CURVE('',#3107,#3106,#3764,.T.);
#2394=EDGE_CURVE('',#3107,#3108,#3765,.T.);
#2395=EDGE_CURVE('',#3105,#3108,#3766,.T.);
#2396=EDGE_CURVE('',#3101,#3109,#3767,.T.);
#2397=EDGE_CURVE('',#3108,#3110,#3768,.T.);
#2398=EDGE_CURVE('',#3111,#3110,#3769,.T.);
#2399=EDGE_CURVE('',#3111,#3109,#3770,.T.);
#2400=EDGE_CURVE('',#3112,#3111,#3771,.T.);
#2401=EDGE_CURVE('',#3113,#3110,#3772,.T.);
#2402=EDGE_CURVE('',#3113,#3112,#3773,.F.);
#2403=EDGE_CURVE('',#3114,#3112,#3774,.T.);
#2404=EDGE_CURVE('',#3114,#3109,#3775,.T.);
#2405=EDGE_CURVE('',#3114,#3100,#3776,.T.);
#2406=EDGE_CURVE('',#3102,#3115,#3777,.T.);
#2407=EDGE_CURVE('',#3115,#3113,#3778,.T.);
#2408=EDGE_CURVE('',#3116,#3107,#3779,.T.);
#2409=EDGE_CURVE('',#3116,#3115,#3780,.T.);
#2410=EDGE_CURVE('',#3117,#3116,#3781,.T.);
#2411=EDGE_CURVE('',#3117,#3103,#3782,.T.);
#2412=EDGE_CURVE('',#3117,#3106,#3783,.T.);
#2413=EDGE_CURVE('',#3118,#3119,#3784,.T.);
#2414=EDGE_CURVE('',#3118,#3120,#3785,.T.);
#2415=EDGE_CURVE('',#3120,#3121,#3786,.T.);
#2416=EDGE_CURVE('',#3122,#3121,#3787,.T.);
#2417=EDGE_CURVE('',#3119,#3122,#3788,.T.);
#2418=EDGE_CURVE('',#3119,#3123,#3789,.T.);
#2419=EDGE_CURVE('',#3124,#3122,#3790,.T.);
#2420=EDGE_CURVE('',#3125,#3124,#3791,.T.);
#2421=EDGE_CURVE('',#3125,#3123,#3792,.T.);
#2422=EDGE_CURVE('',#3126,#3119,#3793,.T.);
#2423=EDGE_CURVE('',#3123,#3127,#3794,.T.);
#2424=EDGE_CURVE('',#3126,#3127,#3795,.T.);
#2425=EDGE_CURVE('',#3128,#3127,#3796,.T.);
#2426=EDGE_CURVE('',#3129,#3123,#3797,.T.);
#2427=EDGE_CURVE('',#3129,#3128,#3798,.T.);
#2428=EDGE_CURVE('',#3130,#3128,#3799,.T.);
#2429=EDGE_CURVE('',#3130,#3126,#3800,.T.);
#2430=EDGE_CURVE('',#3130,#3118,#3801,.T.);
#2431=EDGE_CURVE('',#3120,#3131,#3802,.T.);
#2432=EDGE_CURVE('',#3131,#3129,#3803,.T.);
#2433=EDGE_CURVE('',#3125,#3132,#3804,.T.);
#2434=EDGE_CURVE('',#3132,#3131,#3805,.T.);
#2435=EDGE_CURVE('',#3133,#3132,#3806,.T.);
#2436=EDGE_CURVE('',#3133,#3121,#3807,.T.);
#2437=EDGE_CURVE('',#3133,#3124,#3808,.T.);
#2438=EDGE_CURVE('',#3134,#3135,#130,.T.);
#2439=EDGE_CURVE('',#3135,#3134,#3809,.T.);
#2440=EDGE_CURVE('',#3136,#3135,#3810,.T.);
#2441=EDGE_CURVE('',#3137,#3136,#3811,.T.);
#2442=EDGE_CURVE('',#3134,#3137,#3812,.T.);
#2443=EDGE_CURVE('',#3136,#3138,#131,.T.);
#2444=EDGE_CURVE('',#3139,#3138,#3813,.T.);
#2445=EDGE_CURVE('',#3139,#3137,#132,.T.);
#2446=EDGE_CURVE('',#3140,#3138,#3814,.T.);
#2447=EDGE_CURVE('',#3140,#3141,#3815,.T.);
#2448=EDGE_CURVE('',#3139,#3141,#3816,.T.);
#2449=EDGE_CURVE('',#3140,#3141,#133,.T.);
#2450=EDGE_CURVE('',#3142,#3142,#134,.T.);
#2451=EDGE_CURVE('',#3143,#3143,#135,.T.);
#2452=EDGE_CURVE('',#3144,#3144,#136,.T.);
#2453=EDGE_CURVE('',#3145,#3145,#137,.T.);
#2454=EDGE_CURVE('',#3146,#3146,#138,.T.);
#2455=EDGE_CURVE('',#3147,#3147,#139,.T.);
#2456=EDGE_CURVE('',#3148,#3149,#140,.T.);
#2457=EDGE_CURVE('',#3149,#3148,#3817,.T.);
#2458=EDGE_CURVE('',#3150,#3149,#3818,.T.);
#2459=EDGE_CURVE('',#3151,#3150,#3819,.T.);
#2460=EDGE_CURVE('',#3148,#3151,#3820,.T.);
#2461=EDGE_CURVE('',#3150,#3152,#141,.T.);
#2462=EDGE_CURVE('',#3153,#3152,#3821,.T.);
#2463=EDGE_CURVE('',#3153,#3151,#142,.T.);
#2464=EDGE_CURVE('',#3154,#3152,#3822,.T.);
#2465=EDGE_CURVE('',#3154,#3155,#3823,.T.);
#2466=EDGE_CURVE('',#3153,#3155,#3824,.T.);
#2467=EDGE_CURVE('',#3154,#3155,#143,.T.);
#2468=EDGE_CURVE('',#3156,#3156,#144,.T.);
#2469=EDGE_CURVE('',#3157,#3157,#145,.T.);
#2470=EDGE_CURVE('',#3158,#3158,#146,.T.);
#2471=EDGE_CURVE('',#3159,#3160,#3825,.T.);
#2472=EDGE_CURVE('',#3159,#2813,#3826,.T.);
#2473=EDGE_CURVE('',#3161,#2811,#3827,.T.);
#2474=EDGE_CURVE('',#3160,#3161,#3828,.T.);
#2475=EDGE_CURVE('',#3162,#3162,#147,.T.);
#2476=EDGE_CURVE('',#3163,#3163,#148,.T.);
#2477=EDGE_CURVE('',#3164,#3165,#149,.T.);
#2478=EDGE_CURVE('',#3164,#3165,#3829,.T.);
#2479=EDGE_CURVE('',#3166,#3165,#3830,.T.);
#2480=EDGE_CURVE('',#3167,#3166,#3831,.T.);
#2481=EDGE_CURVE('',#3164,#3167,#3832,.T.);
#2482=EDGE_CURVE('',#3166,#3168,#150,.T.);
#2483=EDGE_CURVE('',#3169,#3168,#3833,.T.);
#2484=EDGE_CURVE('',#3169,#3167,#151,.T.);
#2485=EDGE_CURVE('',#3170,#3168,#3834,.T.);
#2486=EDGE_CURVE('',#3171,#3170,#3835,.T.);
#2487=EDGE_CURVE('',#3169,#3171,#3836,.T.);
#2488=EDGE_CURVE('',#3170,#3171,#152,.T.);
#2489=EDGE_CURVE('',#3172,#3172,#153,.T.);
#2490=EDGE_CURVE('',#3173,#3173,#154,.T.);
#2491=EDGE_CURVE('',#3174,#3174,#155,.T.);
#2492=EDGE_CURVE('',#3175,#3175,#156,.T.);
#2493=EDGE_CURVE('',#3176,#3176,#157,.T.);
#2494=EDGE_CURVE('',#3177,#3178,#158,.T.);
#2495=EDGE_CURVE('',#3177,#3178,#3837,.T.);
#2496=EDGE_CURVE('',#3179,#3178,#3838,.T.);
#2497=EDGE_CURVE('',#3180,#3179,#3839,.T.);
#2498=EDGE_CURVE('',#3177,#3180,#3840,.T.);
#2499=EDGE_CURVE('',#3179,#3181,#159,.T.);
#2500=EDGE_CURVE('',#3182,#3181,#3841,.T.);
#2501=EDGE_CURVE('',#3182,#3180,#160,.T.);
#2502=EDGE_CURVE('',#3183,#3181,#3842,.T.);
#2503=EDGE_CURVE('',#3184,#3183,#3843,.T.);
#2504=EDGE_CURVE('',#3182,#3184,#3844,.T.);
#2505=EDGE_CURVE('',#3183,#3184,#161,.T.);
#2506=EDGE_CURVE('',#3185,#3185,#162,.T.);
#2507=EDGE_CURVE('',#3186,#3186,#163,.T.);
#2508=EDGE_CURVE('',#3187,#3187,#164,.T.);
#2509=EDGE_CURVE('',#3188,#3188,#165,.T.);
#2510=EDGE_CURVE('',#3189,#3189,#166,.T.);
#2511=EDGE_CURVE('',#3190,#3190,#167,.T.);
#2512=EDGE_CURVE('',#3191,#3191,#168,.T.);
#2513=EDGE_CURVE('',#3192,#3193,#169,.T.);
#2514=EDGE_CURVE('',#3192,#3193,#3845,.T.);
#2515=EDGE_CURVE('',#3194,#3195,#3846,.T.);
#2516=EDGE_CURVE('',#3192,#3194,#3847,.T.);
#2517=EDGE_CURVE('',#3195,#3193,#3848,.T.);
#2518=EDGE_CURVE('',#3195,#3196,#170,.T.);
#2519=EDGE_CURVE('',#3197,#3196,#3849,.T.);
#2520=EDGE_CURVE('',#3197,#3194,#171,.T.);
#2521=EDGE_CURVE('',#3198,#3199,#3850,.T.);
#2522=EDGE_CURVE('',#3197,#3199,#3851,.T.);
#2523=EDGE_CURVE('',#3198,#3196,#3852,.T.);
#2524=EDGE_CURVE('',#3198,#3199,#172,.T.);
#2525=EDGE_CURVE('',#3200,#3200,#173,.T.);
#2526=EDGE_CURVE('',#3201,#3201,#174,.T.);
#2527=EDGE_CURVE('',#3202,#3202,#175,.T.);
#2528=EDGE_CURVE('',#3203,#3203,#176,.T.);
#2529=EDGE_CURVE('',#3204,#3205,#177,.T.);
#2530=EDGE_CURVE('',#3205,#3204,#3853,.T.);
#2531=EDGE_CURVE('',#3206,#3205,#3854,.T.);
#2532=EDGE_CURVE('',#3207,#3206,#3855,.T.);
#2533=EDGE_CURVE('',#3204,#3207,#3856,.T.);
#2534=EDGE_CURVE('',#3206,#3208,#178,.T.);
#2535=EDGE_CURVE('',#3209,#3208,#3857,.T.);
#2536=EDGE_CURVE('',#3209,#3207,#179,.T.);
#2537=EDGE_CURVE('',#3210,#3208,#3858,.T.);
#2538=EDGE_CURVE('',#3210,#3211,#3859,.T.);
#2539=EDGE_CURVE('',#3209,#3211,#3860,.T.);
#2540=EDGE_CURVE('',#3210,#3211,#180,.T.);
#2541=EDGE_CURVE('',#3212,#3212,#181,.T.);
#2542=EDGE_CURVE('',#3213,#3213,#182,.T.);
#2543=EDGE_CURVE('',#3214,#3214,#183,.T.);
#2544=EDGE_CURVE('',#3215,#3215,#184,.T.);
#2545=EDGE_CURVE('',#3216,#3216,#185,.T.);
#2546=EDGE_CURVE('',#3217,#3218,#186,.T.);
#2547=EDGE_CURVE('',#3217,#3218,#3861,.T.);
#2548=EDGE_CURVE('',#3219,#3218,#3862,.T.);
#2549=EDGE_CURVE('',#3220,#3219,#3863,.T.);
#2550=EDGE_CURVE('',#3217,#3220,#3864,.T.);
#2551=EDGE_CURVE('',#3219,#3221,#187,.T.);
#2552=EDGE_CURVE('',#3222,#3221,#3865,.T.);
#2553=EDGE_CURVE('',#3222,#3220,#188,.T.);
#2554=EDGE_CURVE('',#3223,#3221,#3866,.T.);
#2555=EDGE_CURVE('',#3223,#3224,#3867,.T.);
#2556=EDGE_CURVE('',#3222,#3224,#3868,.T.);
#2557=EDGE_CURVE('',#3223,#3224,#189,.T.);
#2558=EDGE_CURVE('',#3225,#3225,#190,.T.);
#2559=EDGE_CURVE('',#3226,#3226,#191,.T.);
#2560=EDGE_CURVE('',#3227,#3227,#192,.T.);
#2561=EDGE_CURVE('',#3228,#3228,#193,.T.);
#2562=EDGE_CURVE('',#3229,#3229,#194,.T.);
#2563=EDGE_CURVE('',#3230,#3231,#195,.T.);
#2564=EDGE_CURVE('',#3231,#3230,#3869,.T.);
#2565=EDGE_CURVE('',#3232,#3231,#3870,.T.);
#2566=EDGE_CURVE('',#3233,#3232,#3871,.T.);
#2567=EDGE_CURVE('',#3230,#3233,#3872,.T.);
#2568=EDGE_CURVE('',#3232,#3234,#196,.T.);
#2569=EDGE_CURVE('',#3235,#3234,#3873,.T.);
#2570=EDGE_CURVE('',#3235,#3233,#197,.T.);
#2571=EDGE_CURVE('',#3236,#3234,#3874,.T.);
#2572=EDGE_CURVE('',#3236,#3237,#3875,.T.);
#2573=EDGE_CURVE('',#3235,#3237,#3876,.T.);
#2574=EDGE_CURVE('',#3236,#3237,#198,.T.);
#2575=EDGE_CURVE('',#3238,#3238,#199,.T.);
#2576=EDGE_CURVE('',#3239,#3239,#200,.T.);
#2577=EDGE_CURVE('',#3240,#3240,#201,.T.);
#2578=EDGE_CURVE('',#3241,#3241,#202,.T.);
#2579=EDGE_CURVE('',#3242,#3242,#203,.T.);
#2580=EDGE_CURVE('',#3243,#3244,#204,.T.);
#2581=EDGE_CURVE('',#3244,#3243,#3877,.T.);
#2582=EDGE_CURVE('',#3245,#3244,#3878,.T.);
#2583=EDGE_CURVE('',#3246,#3245,#3879,.T.);
#2584=EDGE_CURVE('',#3243,#3246,#3880,.T.);
#2585=EDGE_CURVE('',#3245,#3247,#205,.T.);
#2586=EDGE_CURVE('',#3248,#3247,#3881,.T.);
#2587=EDGE_CURVE('',#3248,#3246,#206,.T.);
#2588=EDGE_CURVE('',#3249,#3247,#3882,.T.);
#2589=EDGE_CURVE('',#3250,#3249,#3883,.T.);
#2590=EDGE_CURVE('',#3248,#3250,#3884,.T.);
#2591=EDGE_CURVE('',#3249,#3250,#207,.T.);
#2592=EDGE_CURVE('',#3251,#3251,#208,.T.);
#2593=EDGE_CURVE('',#3252,#3252,#209,.T.);
#2594=EDGE_CURVE('',#3253,#3253,#210,.T.);
#2595=EDGE_CURVE('',#3254,#3254,#211,.T.);
#2596=EDGE_CURVE('',#3255,#3256,#212,.T.);
#2597=EDGE_CURVE('',#3256,#3255,#3885,.T.);
#2598=EDGE_CURVE('',#3257,#3256,#3886,.T.);
#2599=EDGE_CURVE('',#3258,#3257,#3887,.T.);
#2600=EDGE_CURVE('',#3255,#3258,#3888,.T.);
#2601=EDGE_CURVE('',#3257,#3259,#213,.T.);
#2602=EDGE_CURVE('',#3260,#3259,#3889,.T.);
#2603=EDGE_CURVE('',#3260,#3258,#214,.T.);
#2604=EDGE_CURVE('',#3261,#3259,#3890,.T.);
#2605=EDGE_CURVE('',#3262,#3261,#3891,.T.);
#2606=EDGE_CURVE('',#3260,#3262,#3892,.T.);
#2607=EDGE_CURVE('',#3261,#3262,#215,.T.);
#2608=EDGE_CURVE('',#3263,#3263,#216,.T.);
#2609=EDGE_CURVE('',#3264,#3264,#217,.T.);
#2610=EDGE_CURVE('',#3265,#3265,#218,.T.);
#2611=EDGE_CURVE('',#3266,#3266,#219,.T.);
#2612=EDGE_CURVE('',#3267,#3267,#220,.T.);
#2613=EDGE_CURVE('',#3268,#3269,#3893,.T.);
#2614=EDGE_CURVE('',#3270,#3269,#3894,.T.);
#2615=EDGE_CURVE('',#3271,#3270,#3895,.T.);
#2616=EDGE_CURVE('',#3271,#3268,#3896,.T.);
#2617=EDGE_CURVE('',#3272,#3273,#3897,.T.);
#2618=EDGE_CURVE('',#3271,#3273,#221,.T.);
#2619=EDGE_CURVE('',#3272,#3270,#222,.T.);
#2620=EDGE_CURVE('',#3274,#3272,#3898,.T.);
#2621=EDGE_CURVE('',#3275,#3274,#3899,.T.);
#2622=EDGE_CURVE('',#3275,#3273,#3900,.T.);
#2623=EDGE_CURVE('',#3276,#3274,#223,.T.);
#2624=EDGE_CURVE('',#3276,#3277,#3901,.T.);
#2625=EDGE_CURVE('',#3275,#3277,#224,.T.);
#2626=EDGE_CURVE('',#3278,#3279,#3902,.T.);
#2627=EDGE_CURVE('',#3277,#3278,#3903,.T.);
#2628=EDGE_CURVE('',#3279,#3276,#3904,.T.);
#2629=EDGE_CURVE('',#3280,#3279,#3905,.T.);
#2630=EDGE_CURVE('',#3280,#3281,#3906,.T.);
#2631=EDGE_CURVE('',#3278,#3281,#3907,.T.);
#2632=EDGE_CURVE('',#3282,#3283,#3908,.T.);
#2633=EDGE_CURVE('',#3281,#3282,#3909,.T.);
#2634=EDGE_CURVE('',#3283,#3280,#3910,.T.);
#2635=EDGE_CURVE('',#3283,#3284,#3911,.T.);
#2636=EDGE_CURVE('',#3285,#3284,#3912,.T.);
#2637=EDGE_CURVE('',#3282,#3285,#3913,.T.);
#2638=EDGE_CURVE('',#3286,#3284,#225,.T.);
#2639=EDGE_CURVE('',#3286,#3287,#3914,.T.);
#2640=EDGE_CURVE('',#3285,#3287,#226,.T.);
#2641=EDGE_CURVE('',#3288,#3286,#3915,.T.);
#2642=EDGE_CURVE('',#3289,#3288,#3916,.T.);
#2643=EDGE_CURVE('',#3289,#3287,#3917,.T.);
#2644=EDGE_CURVE('',#3290,#3288,#3918,.T.);
#2645=EDGE_CURVE('',#3291,#3290,#3919,.T.);
#2646=EDGE_CURVE('',#3289,#3291,#3920,.T.);
#2647=EDGE_CURVE('',#3292,#3293,#3921,.T.);
#2648=EDGE_CURVE('',#3291,#3293,#3922,.T.);
#2649=EDGE_CURVE('',#3290,#3292,#3923,.T.);
#2650=EDGE_CURVE('',#3294,#3295,#3924,.T.);
#2651=EDGE_CURVE('',#3295,#3294,#227,.T.);
#2652=EDGE_CURVE('',#3296,#3297,#3925,.T.);
#2653=EDGE_CURVE('',#3298,#3296,#3926,.T.);
#2654=EDGE_CURVE('',#3299,#3298,#3927,.T.);
#2655=EDGE_CURVE('',#3297,#3299,#3928,.T.);
#2656=EDGE_CURVE('',#3300,#3297,#228,.T.);
#2657=EDGE_CURVE('',#3300,#3301,#3929,.T.);
#2658=EDGE_CURVE('',#3294,#3301,#229,.T.);
#2659=EDGE_CURVE('',#3296,#3295,#230,.T.);
#2660=EDGE_CURVE('',#3302,#3303,#3930,.T.);
#2661=EDGE_CURVE('',#3301,#3302,#3931,.T.);
#2662=EDGE_CURVE('',#3303,#3300,#3932,.T.);
#2663=EDGE_CURVE('',#3302,#3304,#3933,.T.);
#2664=EDGE_CURVE('',#3304,#3294,#3934,.T.);
#2665=EDGE_CURVE('',#3305,#3303,#3935,.T.);
#2666=EDGE_CURVE('',#3305,#2932,#3936,.T.);
#2667=EDGE_CURVE('',#2957,#3268,#3937,.T.);
#2668=EDGE_CURVE('',#3304,#3293,#3938,.T.);
#2669=EDGE_CURVE('',#3306,#2933,#3939,.T.);
#2670=EDGE_CURVE('',#3305,#3306,#3940,.T.);
#2671=EDGE_CURVE('',#3307,#3306,#3941,.T.);
#2672=EDGE_CURVE('',#3308,#3307,#3942,.T.);
#2673=EDGE_CURVE('',#2933,#3308,#3943,.T.);
#2674=EDGE_CURVE('',#3307,#3309,#3944,.T.);
#2675=EDGE_CURVE('',#3310,#3309,#3945,.T.);
#2676=EDGE_CURVE('',#3310,#3308,#3946,.T.);
#2677=EDGE_CURVE('',#3311,#3309,#3947,.T.);
#2678=EDGE_CURVE('',#3311,#3312,#3948,.T.);
#2679=EDGE_CURVE('',#3310,#3312,#3949,.T.);
#2680=EDGE_CURVE('',#3313,#3314,#3950,.T.);
#2681=EDGE_CURVE('',#3315,#3313,#3951,.T.);
#2682=EDGE_CURVE('',#2930,#3315,#3952,.T.);
#2683=EDGE_CURVE('',#3312,#3314,#3953,.T.);
#2684=EDGE_CURVE('',#3316,#3317,#3954,.T.);
#2685=EDGE_CURVE('',#3317,#3318,#231,.T.);
#2686=EDGE_CURVE('',#3318,#3313,#232,.T.);
#2687=EDGE_CURVE('',#3314,#3316,#3955,.T.);
#2688=EDGE_CURVE('',#3315,#3319,#233,.T.);
#2689=EDGE_CURVE('',#3318,#3319,#3956,.T.);
#2690=EDGE_CURVE('',#3319,#2956,#234,.T.);
#2691=EDGE_CURVE('',#3320,#3320,#235,.T.);
#2692=EDGE_CURVE('',#2936,#3317,#236,.T.);
#2693=EDGE_CURVE('',#3317,#2954,#3957,.T.);
#2694=EDGE_CURVE('',#3316,#3321,#3958,.T.);
#2695=EDGE_CURVE('',#3321,#3322,#3959,.T.);
#2696=EDGE_CURVE('',#3322,#3323,#3960,.T.);
#2697=EDGE_CURVE('',#2954,#3323,#3961,.T.);
#2698=EDGE_CURVE('',#3322,#2910,#237,.T.);
#2699=EDGE_CURVE('',#2927,#3324,#238,.T.);
#2700=EDGE_CURVE('',#3324,#3323,#3962,.T.);
#2701=EDGE_CURVE('',#3325,#2928,#239,.T.);
#2702=EDGE_CURVE('',#3325,#3324,#3963,.T.);
#2703=EDGE_CURVE('',#3326,#3325,#3964,.T.);
#2704=EDGE_CURVE('',#3323,#3326,#3965,.T.);
#2705=EDGE_CURVE('',#3326,#3327,#3966,.T.);
#2706=EDGE_CURVE('',#3269,#3327,#3967,.T.);
#2707=EDGE_CURVE('',#3328,#3329,#3968,.T.);
#2708=EDGE_CURVE('',#3330,#3328,#3969,.T.);
#2709=EDGE_CURVE('',#3331,#3330,#3970,.T.);
#2710=EDGE_CURVE('',#3329,#3331,#3971,.T.);
#2711=EDGE_CURVE('',#3332,#3329,#3972,.T.);
#2712=EDGE_CURVE('',#3333,#3332,#3973,.T.);
#2713=EDGE_CURVE('',#3333,#3328,#3974,.T.);
#2714=EDGE_CURVE('',#3332,#3334,#3975,.T.);
#2715=EDGE_CURVE('',#3335,#3334,#3976,.T.);
#2716=EDGE_CURVE('',#3335,#3336,#3977,.T.);
#2717=EDGE_CURVE('',#3292,#3336,#3978,.T.);
#2718=EDGE_CURVE('',#3327,#3337,#3979,.T.);
#2719=EDGE_CURVE('',#3337,#3333,#3980,.T.);
#2720=EDGE_CURVE('',#3338,#3339,#240,.T.);
#2721=EDGE_CURVE('',#3339,#3336,#3981,.T.);
#2722=EDGE_CURVE('',#3335,#3338,#3982,.T.);
#2723=EDGE_CURVE('',#3340,#3334,#3983,.T.);
#2724=EDGE_CURVE('',#3338,#3340,#3984,.T.);
#2725=EDGE_CURVE('',#3341,#3341,#241,.T.);
#2726=EDGE_CURVE('',#3339,#2895,#242,.T.);
#2727=EDGE_CURVE('',#2895,#3339,#3985,.T.);
#2728=EDGE_CURVE('',#3342,#3340,#243,.T.);
#2729=EDGE_CURVE('',#3342,#2896,#3986,.T.);
#2730=EDGE_CURVE('',#2897,#3343,#3987,.T.);
#2731=EDGE_CURVE('',#3343,#3342,#3988,.T.);
#2732=EDGE_CURVE('',#2893,#3344,#244,.T.);
#2733=EDGE_CURVE('',#3344,#3345,#3989,.T.);
#2734=EDGE_CURVE('',#3345,#2891,#245,.T.);
#2735=EDGE_CURVE('',#2891,#2893,#3990,.T.);
#2736=EDGE_CURVE('',#3346,#3343,#246,.T.);
#2737=EDGE_CURVE('',#3346,#3344,#3991,.T.);
#2738=EDGE_CURVE('',#3345,#3347,#3992,.T.);
#2739=EDGE_CURVE('',#3347,#3346,#3993,.T.);
#2740=EDGE_CURVE('',#3348,#3348,#247,.T.);
#2741=EDGE_CURVE('',#2892,#3349,#248,.T.);
#2742=EDGE_CURVE('',#3349,#3350,#3994,.T.);
#2743=EDGE_CURVE('',#3350,#2890,#249,.T.);
#2744=EDGE_CURVE('',#2890,#2892,#3995,.T.);
#2745=EDGE_CURVE('',#3351,#3347,#250,.T.);
#2746=EDGE_CURVE('',#3351,#3349,#3996,.T.);
#2747=EDGE_CURVE('',#3350,#3352,#3997,.T.);
#2748=EDGE_CURVE('',#3352,#3351,#3998,.T.);
#2749=EDGE_CURVE('',#3353,#3353,#251,.T.);
#2750=EDGE_CURVE('',#2889,#3354,#252,.T.);
#2751=EDGE_CURVE('',#3354,#3355,#3999,.T.);
#2752=EDGE_CURVE('',#3355,#2888,#253,.T.);
#2753=EDGE_CURVE('',#2888,#2889,#4000,.T.);
#2754=EDGE_CURVE('',#3356,#3352,#254,.T.);
#2755=EDGE_CURVE('',#3356,#3354,#4001,.T.);
#2756=EDGE_CURVE('',#3355,#3357,#4002,.T.);
#2757=EDGE_CURVE('',#3357,#3356,#4003,.T.);
#2758=EDGE_CURVE('',#3358,#3359,#4004,.T.);
#2759=EDGE_CURVE('',#3160,#3358,#4005,.T.);
#2760=EDGE_CURVE('',#3359,#3161,#4006,.T.);
#2761=EDGE_CURVE('',#2887,#3360,#255,.T.);
#2762=EDGE_CURVE('',#3360,#3361,#4007,.T.);
#2763=EDGE_CURVE('',#3361,#2886,#256,.T.);
#2764=EDGE_CURVE('',#2886,#2887,#4008,.T.);
#2765=EDGE_CURVE('',#3362,#3357,#257,.T.);
#2766=EDGE_CURVE('',#3362,#3360,#4009,.T.);
#2767=EDGE_CURVE('',#3361,#3363,#4010,.T.);
#2768=EDGE_CURVE('',#3363,#3362,#4011,.T.);
#2769=EDGE_CURVE('',#3364,#3364,#258,.T.);
#2770=EDGE_CURVE('',#3365,#3363,#259,.T.);
#2771=EDGE_CURVE('',#3365,#2884,#4012,.T.);
#2772=EDGE_CURVE('',#2885,#3366,#4013,.T.);
#2773=EDGE_CURVE('',#3366,#3365,#4014,.T.);
#2774=EDGE_CURVE('',#3367,#3366,#260,.T.);
#2775=EDGE_CURVE('',#3367,#2880,#4015,.T.);
#2776=EDGE_CURVE('',#2881,#3368,#4016,.T.);
#2777=EDGE_CURVE('',#3368,#3367,#4017,.T.);
#2778=EDGE_CURVE('',#2876,#3368,#261,.T.);
#2779=EDGE_CURVE('',#2878,#2875,#262,.T.);
#2780=EDGE_CURVE('',#2873,#3369,#263,.T.);
#2781=EDGE_CURVE('',#3369,#2878,#4018,.T.);
#2782=EDGE_CURVE('',#3370,#3369,#4019,.T.);
#2783=EDGE_CURVE('',#3369,#3370,#264,.T.);
#2784=EDGE_CURVE('',#3295,#3370,#4020,.T.);
#2785=EDGE_CURVE('',#3370,#3298,#265,.T.);
#2786=EDGE_CURVE('',#3371,#3371,#266,.T.);
#2787=EDGE_CURVE('',#3299,#2874,#267,.T.);
#2788=EDGE_CURVE('',#3359,#3331,#4021,.T.);
#2789=EDGE_CURVE('',#3372,#2872,#4022,.T.);
#2790=EDGE_CURVE('',#3372,#3373,#4023,.T.);
#2791=EDGE_CURVE('',#3373,#3311,#4024,.T.);
#2792=EDGE_CURVE('',#2870,#3372,#4025,.T.);
#2793=EDGE_CURVE('',#2869,#3373,#4026,.T.);
#2794=EDGE_CURVE('',#2869,#3314,#4027,.T.);
#2795=EDGE_CURVE('',#3321,#3159,#4028,.T.);
#2796=EDGE_CURVE('',#3374,#3375,#268,.T.);
#2797=EDGE_CURVE('',#3374,#3376,#4029,.T.);
#2798=EDGE_CURVE('',#3377,#3376,#269,.T.);
#2799=EDGE_CURVE('',#3377,#3375,#4030,.T.);
#2800=EDGE_CURVE('',#3375,#3322,#270,.T.);
#2801=EDGE_CURVE('',#3159,#3374,#4031,.T.);
#2802=EDGE_CURVE('',#2912,#3378,#271,.T.);
#2803=EDGE_CURVE('',#3378,#3377,#272,.T.);
#2804=EDGE_CURVE('',#3378,#3326,#4032,.T.);
#2805=EDGE_CURVE('',#3379,#3378,#4033,.T.);
#2806=EDGE_CURVE('',#3379,#3337,#4034,.T.);
#2807=EDGE_CURVE('',#3376,#3380,#4035,.T.);
#2808=EDGE_CURVE('',#3380,#3379,#4036,.T.);
#2809=EDGE_CURVE('',#3328,#3380,#4037,.T.);
#2810=EDGE_CURVE('',#3330,#3358,#4038,.T.);
#2811=VERTEX_POINT('',#11186);
#2812=VERTEX_POINT('',#11187);
#2813=VERTEX_POINT('',#11189);
#2814=VERTEX_POINT('',#11191);
#2815=VERTEX_POINT('',#11195);
#2816=VERTEX_POINT('',#11197);
#2817=VERTEX_POINT('',#11201);
#2818=VERTEX_POINT('',#11205);
#2819=VERTEX_POINT('',#11209);
#2820=VERTEX_POINT('',#11211);
#2821=VERTEX_POINT('',#11215);
#2822=VERTEX_POINT('',#11217);
#2823=VERTEX_POINT('',#11221);
#2824=VERTEX_POINT('',#11223);
#2825=VERTEX_POINT('',#11227);
#2826=VERTEX_POINT('',#11231);
#2827=VERTEX_POINT('',#11235);
#2828=VERTEX_POINT('',#11237);
#2829=VERTEX_POINT('',#11241);
#2830=VERTEX_POINT('',#11243);
#2831=VERTEX_POINT('',#11247);
#2832=VERTEX_POINT('',#11249);
#2833=VERTEX_POINT('',#11253);
#2834=VERTEX_POINT('',#11257);
#2835=VERTEX_POINT('',#11261);
#2836=VERTEX_POINT('',#11263);
#2837=VERTEX_POINT('',#11267);
#2838=VERTEX_POINT('',#11269);
#2839=VERTEX_POINT('',#11273);
#2840=VERTEX_POINT('',#11275);
#2841=VERTEX_POINT('',#11279);
#2842=VERTEX_POINT('',#11283);
#2843=VERTEX_POINT('',#11287);
#2844=VERTEX_POINT('',#11289);
#2845=VERTEX_POINT('',#11293);
#2846=VERTEX_POINT('',#11295);
#2847=VERTEX_POINT('',#11299);
#2848=VERTEX_POINT('',#11301);
#2849=VERTEX_POINT('',#11305);
#2850=VERTEX_POINT('',#11309);
#2851=VERTEX_POINT('',#11313);
#2852=VERTEX_POINT('',#11315);
#2853=VERTEX_POINT('',#11319);
#2854=VERTEX_POINT('',#11321);
#2855=VERTEX_POINT('',#11325);
#2856=VERTEX_POINT('',#11327);
#2857=VERTEX_POINT('',#11331);
#2858=VERTEX_POINT('',#11335);
#2859=VERTEX_POINT('',#11339);
#2860=VERTEX_POINT('',#11341);
#2861=VERTEX_POINT('',#11345);
#2862=VERTEX_POINT('',#11347);
#2863=VERTEX_POINT('',#11351);
#2864=VERTEX_POINT('',#11353);
#2865=VERTEX_POINT('',#11357);
#2866=VERTEX_POINT('',#11361);
#2867=VERTEX_POINT('',#11365);
#2868=VERTEX_POINT('',#11367);
#2869=VERTEX_POINT('',#11371);
#2870=VERTEX_POINT('',#11373);
#2871=VERTEX_POINT('',#11375);
#2872=VERTEX_POINT('',#11379);
#2873=VERTEX_POINT('',#11383);
#2874=VERTEX_POINT('',#11384);
#2875=VERTEX_POINT('',#11386);
#2876=VERTEX_POINT('',#11388);
#2877=VERTEX_POINT('',#11392);
#2878=VERTEX_POINT('',#11393);
#2879=VERTEX_POINT('',#11397);
#2880=VERTEX_POINT('',#11398);
#2881=VERTEX_POINT('',#11400);
#2882=VERTEX_POINT('',#11405);
#2883=VERTEX_POINT('',#11409);
#2884=VERTEX_POINT('',#11410);
#2885=VERTEX_POINT('',#11412);
#2886=VERTEX_POINT('',#11417);
#2887=VERTEX_POINT('',#11421);
#2888=VERTEX_POINT('',#11422);
#2889=VERTEX_POINT('',#11426);
#2890=VERTEX_POINT('',#11427);
#2891=VERTEX_POINT('',#11431);
#2892=VERTEX_POINT('',#11432);
#2893=VERTEX_POINT('',#11436);
#2894=VERTEX_POINT('',#11437);
#2895=VERTEX_POINT('',#11441);
#2896=VERTEX_POINT('',#11442);
#2897=VERTEX_POINT('',#11444);
#2898=VERTEX_POINT('',#11449);
#2899=VERTEX_POINT('',#11451);
#2900=VERTEX_POINT('',#11454);
#2901=VERTEX_POINT('',#11457);
#2902=VERTEX_POINT('',#11460);
#2903=VERTEX_POINT('',#11462);
#2904=VERTEX_POINT('',#11465);
#2905=VERTEX_POINT('',#11468);
#2906=VERTEX_POINT('',#11470);
#2907=VERTEX_POINT('',#11473);
#2908=VERTEX_POINT('',#11475);
#2909=VERTEX_POINT('',#11478);
#2910=VERTEX_POINT('',#11481);
#2911=VERTEX_POINT('',#11482);
#2912=VERTEX_POINT('',#11487);
#2913=VERTEX_POINT('',#11489);
#2914=VERTEX_POINT('',#11493);
#2915=VERTEX_POINT('',#11495);
#2916=VERTEX_POINT('',#11499);
#2917=VERTEX_POINT('',#11501);
#2918=VERTEX_POINT('',#11505);
#2919=VERTEX_POINT('',#11507);
#2920=VERTEX_POINT('',#11511);
#2921=VERTEX_POINT('',#11514);
#2922=VERTEX_POINT('',#11516);
#2923=VERTEX_POINT('',#11520);
#2924=VERTEX_POINT('',#11522);
#2925=VERTEX_POINT('',#11526);
#2926=VERTEX_POINT('',#11528);
#2927=VERTEX_POINT('',#11532);
#2928=VERTEX_POINT('',#11534);
#2929=VERTEX_POINT('',#11541);
#2930=VERTEX_POINT('',#11542);
#2931=VERTEX_POINT('',#11544);
#2932=VERTEX_POINT('',#11546);
#2933=VERTEX_POINT('',#11548);
#2934=VERTEX_POINT('',#11552);
#2935=VERTEX_POINT('',#11553);
#2936=VERTEX_POINT('',#11558);
#2937=VERTEX_POINT('',#11560);
#2938=VERTEX_POINT('',#11564);
#2939=VERTEX_POINT('',#11566);
#2940=VERTEX_POINT('',#11570);
#2941=VERTEX_POINT('',#11572);
#2942=VERTEX_POINT('',#11576);
#2943=VERTEX_POINT('',#11578);
#2944=VERTEX_POINT('',#11583);
#2945=VERTEX_POINT('',#11585);
#2946=VERTEX_POINT('',#11589);
#2947=VERTEX_POINT('',#11591);
#2948=VERTEX_POINT('',#11595);
#2949=VERTEX_POINT('',#11597);
#2950=VERTEX_POINT('',#11601);
#2951=VERTEX_POINT('',#11603);
#2952=VERTEX_POINT('',#11610);
#2953=VERTEX_POINT('',#11612);
#2954=VERTEX_POINT('',#11616);
#2955=VERTEX_POINT('',#11618);
#2956=VERTEX_POINT('',#11622);
#2957=VERTEX_POINT('',#11626);
#2958=VERTEX_POINT('',#11631);
#2959=VERTEX_POINT('',#11632);
#2960=VERTEX_POINT('',#11634);
#2961=VERTEX_POINT('',#11636);
#2962=VERTEX_POINT('',#11638);
#2963=VERTEX_POINT('',#11640);
#2964=VERTEX_POINT('',#11644);
#2965=VERTEX_POINT('',#11646);
#2966=VERTEX_POINT('',#11648);
#2967=VERTEX_POINT('',#11652);
#2968=VERTEX_POINT('',#11654);
#2969=VERTEX_POINT('',#11656);
#2970=VERTEX_POINT('',#11660);
#2971=VERTEX_POINT('',#11662);
#2972=VERTEX_POINT('',#11666);
#2973=VERTEX_POINT('',#11672);
#2974=VERTEX_POINT('',#11676);
#2975=VERTEX_POINT('',#11680);
#2976=VERTEX_POINT('',#11686);
#2977=VERTEX_POINT('',#11687);
#2978=VERTEX_POINT('',#11689);
#2979=VERTEX_POINT('',#11691);
#2980=VERTEX_POINT('',#11693);
#2981=VERTEX_POINT('',#11695);
#2982=VERTEX_POINT('',#11699);
#2983=VERTEX_POINT('',#11701);
#2984=VERTEX_POINT('',#11703);
#2985=VERTEX_POINT('',#11707);
#2986=VERTEX_POINT('',#11709);
#2987=VERTEX_POINT('',#11711);
#2988=VERTEX_POINT('',#11715);
#2989=VERTEX_POINT('',#11717);
#2990=VERTEX_POINT('',#11721);
#2991=VERTEX_POINT('',#11727);
#2992=VERTEX_POINT('',#11731);
#2993=VERTEX_POINT('',#11735);
#2994=VERTEX_POINT('',#11741);
#2995=VERTEX_POINT('',#11742);
#2996=VERTEX_POINT('',#11744);
#2997=VERTEX_POINT('',#11746);
#2998=VERTEX_POINT('',#11748);
#2999=VERTEX_POINT('',#11750);
#3000=VERTEX_POINT('',#11754);
#3001=VERTEX_POINT('',#11756);
#3002=VERTEX_POINT('',#11758);
#3003=VERTEX_POINT('',#11762);
#3004=VERTEX_POINT('',#11764);
#3005=VERTEX_POINT('',#11766);
#3006=VERTEX_POINT('',#11770);
#3007=VERTEX_POINT('',#11772);
#3008=VERTEX_POINT('',#11776);
#3009=VERTEX_POINT('',#11782);
#3010=VERTEX_POINT('',#11786);
#3011=VERTEX_POINT('',#11790);
#3012=VERTEX_POINT('',#11796);
#3013=VERTEX_POINT('',#11797);
#3014=VERTEX_POINT('',#11799);
#3015=VERTEX_POINT('',#11801);
#3016=VERTEX_POINT('',#11803);
#3017=VERTEX_POINT('',#11805);
#3018=VERTEX_POINT('',#11809);
#3019=VERTEX_POINT('',#11811);
#3020=VERTEX_POINT('',#11813);
#3021=VERTEX_POINT('',#11817);
#3022=VERTEX_POINT('',#11819);
#3023=VERTEX_POINT('',#11821);
#3024=VERTEX_POINT('',#11825);
#3025=VERTEX_POINT('',#11827);
#3026=VERTEX_POINT('',#11831);
#3027=VERTEX_POINT('',#11837);
#3028=VERTEX_POINT('',#11841);
#3029=VERTEX_POINT('',#11845);
#3030=VERTEX_POINT('',#11851);
#3031=VERTEX_POINT('',#11852);
#3032=VERTEX_POINT('',#11854);
#3033=VERTEX_POINT('',#11856);
#3034=VERTEX_POINT('',#11858);
#3035=VERTEX_POINT('',#11860);
#3036=VERTEX_POINT('',#11864);
#3037=VERTEX_POINT('',#11866);
#3038=VERTEX_POINT('',#11868);
#3039=VERTEX_POINT('',#11872);
#3040=VERTEX_POINT('',#11874);
#3041=VERTEX_POINT('',#11876);
#3042=VERTEX_POINT('',#11880);
#3043=VERTEX_POINT('',#11882);
#3044=VERTEX_POINT('',#11886);
#3045=VERTEX_POINT('',#11892);
#3046=VERTEX_POINT('',#11896);
#3047=VERTEX_POINT('',#11900);
#3048=VERTEX_POINT('',#11906);
#3049=VERTEX_POINT('',#11907);
#3050=VERTEX_POINT('',#11909);
#3051=VERTEX_POINT('',#11911);
#3052=VERTEX_POINT('',#11915);
#3053=VERTEX_POINT('',#11917);
#3054=VERTEX_POINT('',#11921);
#3055=VERTEX_POINT('',#11925);
#3056=VERTEX_POINT('',#11929);
#3057=VERTEX_POINT('',#11931);
#3058=VERTEX_POINT('',#11935);
#3059=VERTEX_POINT('',#11936);
#3060=VERTEX_POINT('',#11941);
#3061=VERTEX_POINT('',#11942);
#3062=VERTEX_POINT('',#11947);
#3063=VERTEX_POINT('',#11951);
#3064=VERTEX_POINT('',#11957);
#3065=VERTEX_POINT('',#11958);
#3066=VERTEX_POINT('',#11960);
#3067=VERTEX_POINT('',#11962);
#3068=VERTEX_POINT('',#11964);
#3069=VERTEX_POINT('',#11966);
#3070=VERTEX_POINT('',#11970);
#3071=VERTEX_POINT('',#11972);
#3072=VERTEX_POINT('',#11974);
#3073=VERTEX_POINT('',#11978);
#3074=VERTEX_POINT('',#11980);
#3075=VERTEX_POINT('',#11982);
#3076=VERTEX_POINT('',#11986);
#3077=VERTEX_POINT('',#11988);
#3078=VERTEX_POINT('',#11992);
#3079=VERTEX_POINT('',#11998);
#3080=VERTEX_POINT('',#12002);
#3081=VERTEX_POINT('',#12006);
#3082=VERTEX_POINT('',#12012);
#3083=VERTEX_POINT('',#12013);
#3084=VERTEX_POINT('',#12015);
#3085=VERTEX_POINT('',#12017);
#3086=VERTEX_POINT('',#12019);
#3087=VERTEX_POINT('',#12021);
#3088=VERTEX_POINT('',#12025);
#3089=VERTEX_POINT('',#12027);
#3090=VERTEX_POINT('',#12029);
#3091=VERTEX_POINT('',#12033);
#3092=VERTEX_POINT('',#12035);
#3093=VERTEX_POINT('',#12037);
#3094=VERTEX_POINT('',#12041);
#3095=VERTEX_POINT('',#12043);
#3096=VERTEX_POINT('',#12047);
#3097=VERTEX_POINT('',#12053);
#3098=VERTEX_POINT('',#12057);
#3099=VERTEX_POINT('',#12061);
#3100=VERTEX_POINT('',#12067);
#3101=VERTEX_POINT('',#12068);
#3102=VERTEX_POINT('',#12070);
#3103=VERTEX_POINT('',#12072);
#3104=VERTEX_POINT('',#12074);
#3105=VERTEX_POINT('',#12076);
#3106=VERTEX_POINT('',#12080);
#3107=VERTEX_POINT('',#12082);
#3108=VERTEX_POINT('',#12084);
#3109=VERTEX_POINT('',#12088);
#3110=VERTEX_POINT('',#12090);
#3111=VERTEX_POINT('',#12092);
#3112=VERTEX_POINT('',#12096);
#3113=VERTEX_POINT('',#12098);
#3114=VERTEX_POINT('',#12102);
#3115=VERTEX_POINT('',#12108);
#3116=VERTEX_POINT('',#12112);
#3117=VERTEX_POINT('',#12116);
#3118=VERTEX_POINT('',#12122);
#3119=VERTEX_POINT('',#12123);
#3120=VERTEX_POINT('',#12125);
#3121=VERTEX_POINT('',#12127);
#3122=VERTEX_POINT('',#12129);
#3123=VERTEX_POINT('',#12133);
#3124=VERTEX_POINT('',#12135);
#3125=VERTEX_POINT('',#12137);
#3126=VERTEX_POINT('',#12141);
#3127=VERTEX_POINT('',#12143);
#3128=VERTEX_POINT('',#12147);
#3129=VERTEX_POINT('',#12149);
#3130=VERTEX_POINT('',#12153);
#3131=VERTEX_POINT('',#12159);
#3132=VERTEX_POINT('',#12163);
#3133=VERTEX_POINT('',#12167);
#3134=VERTEX_POINT('',#12173);
#3135=VERTEX_POINT('',#12174);
#3136=VERTEX_POINT('',#12178);
#3137=VERTEX_POINT('',#12180);
#3138=VERTEX_POINT('',#12184);
#3139=VERTEX_POINT('',#12186);
#3140=VERTEX_POINT('',#12190);
#3141=VERTEX_POINT('',#12192);
#3142=VERTEX_POINT('',#12198);
#3143=VERTEX_POINT('',#12200);
#3144=VERTEX_POINT('',#12203);
#3145=VERTEX_POINT('',#12206);
#3146=VERTEX_POINT('',#12209);
#3147=VERTEX_POINT('',#12212);
#3148=VERTEX_POINT('',#12215);
#3149=VERTEX_POINT('',#12216);
#3150=VERTEX_POINT('',#12220);
#3151=VERTEX_POINT('',#12222);
#3152=VERTEX_POINT('',#12226);
#3153=VERTEX_POINT('',#12228);
#3154=VERTEX_POINT('',#12232);
#3155=VERTEX_POINT('',#12234);
#3156=VERTEX_POINT('',#12240);
#3157=VERTEX_POINT('',#12242);
#3158=VERTEX_POINT('',#12245);
#3159=VERTEX_POINT('',#12248);
#3160=VERTEX_POINT('',#12249);
#3161=VERTEX_POINT('',#12252);
#3162=VERTEX_POINT('',#12256);
#3163=VERTEX_POINT('',#12259);
#3164=VERTEX_POINT('',#12262);
#3165=VERTEX_POINT('',#12263);
#3166=VERTEX_POINT('',#12267);
#3167=VERTEX_POINT('',#12269);
#3168=VERTEX_POINT('',#12273);
#3169=VERTEX_POINT('',#12275);
#3170=VERTEX_POINT('',#12279);
#3171=VERTEX_POINT('',#12281);
#3172=VERTEX_POINT('',#12287);
#3173=VERTEX_POINT('',#12290);
#3174=VERTEX_POINT('',#12293);
#3175=VERTEX_POINT('',#12296);
#3176=VERTEX_POINT('',#12299);
#3177=VERTEX_POINT('',#12302);
#3178=VERTEX_POINT('',#12303);
#3179=VERTEX_POINT('',#12307);
#3180=VERTEX_POINT('',#12309);
#3181=VERTEX_POINT('',#12313);
#3182=VERTEX_POINT('',#12315);
#3183=VERTEX_POINT('',#12319);
#3184=VERTEX_POINT('',#12321);
#3185=VERTEX_POINT('',#12327);
#3186=VERTEX_POINT('',#12329);
#3187=VERTEX_POINT('',#12332);
#3188=VERTEX_POINT('',#12335);
#3189=VERTEX_POINT('',#12337);
#3190=VERTEX_POINT('',#12340);
#3191=VERTEX_POINT('',#12343);
#3192=VERTEX_POINT('',#12346);
#3193=VERTEX_POINT('',#12347);
#3194=VERTEX_POINT('',#12351);
#3195=VERTEX_POINT('',#12352);
#3196=VERTEX_POINT('',#12357);
#3197=VERTEX_POINT('',#12359);
#3198=VERTEX_POINT('',#12363);
#3199=VERTEX_POINT('',#12364);
#3200=VERTEX_POINT('',#12372);
#3201=VERTEX_POINT('',#12375);
#3202=VERTEX_POINT('',#12378);
#3203=VERTEX_POINT('',#12381);
#3204=VERTEX_POINT('',#12384);
#3205=VERTEX_POINT('',#12385);
#3206=VERTEX_POINT('',#12389);
#3207=VERTEX_POINT('',#12391);
#3208=VERTEX_POINT('',#12395);
#3209=VERTEX_POINT('',#12397);
#3210=VERTEX_POINT('',#12401);
#3211=VERTEX_POINT('',#12403);
#3212=VERTEX_POINT('',#12409);
#3213=VERTEX_POINT('',#12412);
#3214=VERTEX_POINT('',#12415);
#3215=VERTEX_POINT('',#12418);
#3216=VERTEX_POINT('',#12421);
#3217=VERTEX_POINT('',#12424);
#3218=VERTEX_POINT('',#12425);
#3219=VERTEX_POINT('',#12429);
#3220=VERTEX_POINT('',#12431);
#3221=VERTEX_POINT('',#12435);
#3222=VERTEX_POINT('',#12437);
#3223=VERTEX_POINT('',#12441);
#3224=VERTEX_POINT('',#12443);
#3225=VERTEX_POINT('',#12449);
#3226=VERTEX_POINT('',#12452);
#3227=VERTEX_POINT('',#12455);
#3228=VERTEX_POINT('',#12458);
#3229=VERTEX_POINT('',#12461);
#3230=VERTEX_POINT('',#12464);
#3231=VERTEX_POINT('',#12465);
#3232=VERTEX_POINT('',#12469);
#3233=VERTEX_POINT('',#12471);
#3234=VERTEX_POINT('',#12475);
#3235=VERTEX_POINT('',#12477);
#3236=VERTEX_POINT('',#12481);
#3237=VERTEX_POINT('',#12483);
#3238=VERTEX_POINT('',#12489);
#3239=VERTEX_POINT('',#12491);
#3240=VERTEX_POINT('',#12494);
#3241=VERTEX_POINT('',#12498);
#3242=VERTEX_POINT('',#12501);
#3243=VERTEX_POINT('',#12504);
#3244=VERTEX_POINT('',#12505);
#3245=VERTEX_POINT('',#12509);
#3246=VERTEX_POINT('',#12511);
#3247=VERTEX_POINT('',#12515);
#3248=VERTEX_POINT('',#12517);
#3249=VERTEX_POINT('',#12521);
#3250=VERTEX_POINT('',#12523);
#3251=VERTEX_POINT('',#12530);
#3252=VERTEX_POINT('',#12533);
#3253=VERTEX_POINT('',#12536);
#3254=VERTEX_POINT('',#12539);
#3255=VERTEX_POINT('',#12542);
#3256=VERTEX_POINT('',#12543);
#3257=VERTEX_POINT('',#12547);
#3258=VERTEX_POINT('',#12549);
#3259=VERTEX_POINT('',#12553);
#3260=VERTEX_POINT('',#12555);
#3261=VERTEX_POINT('',#12559);
#3262=VERTEX_POINT('',#12561);
#3263=VERTEX_POINT('',#12567);
#3264=VERTEX_POINT('',#12570);
#3265=VERTEX_POINT('',#12573);
#3266=VERTEX_POINT('',#12576);
#3267=VERTEX_POINT('',#12579);
#3268=VERTEX_POINT('',#12582);
#3269=VERTEX_POINT('',#12583);
#3270=VERTEX_POINT('',#12585);
#3271=VERTEX_POINT('',#12587);
#3272=VERTEX_POINT('',#12591);
#3273=VERTEX_POINT('',#12592);
#3274=VERTEX_POINT('',#12597);
#3275=VERTEX_POINT('',#12599);
#3276=VERTEX_POINT('',#12603);
#3277=VERTEX_POINT('',#12605);
#3278=VERTEX_POINT('',#12609);
#3279=VERTEX_POINT('',#12610);
#3280=VERTEX_POINT('',#12615);
#3281=VERTEX_POINT('',#12617);
#3282=VERTEX_POINT('',#12621);
#3283=VERTEX_POINT('',#12622);
#3284=VERTEX_POINT('',#12627);
#3285=VERTEX_POINT('',#12629);
#3286=VERTEX_POINT('',#12633);
#3287=VERTEX_POINT('',#12635);
#3288=VERTEX_POINT('',#12639);
#3289=VERTEX_POINT('',#12641);
#3290=VERTEX_POINT('',#12645);
#3291=VERTEX_POINT('',#12647);
#3292=VERTEX_POINT('',#12651);
#3293=VERTEX_POINT('',#12652);
#3294=VERTEX_POINT('',#12657);
#3295=VERTEX_POINT('',#12658);
#3296=VERTEX_POINT('',#12662);
#3297=VERTEX_POINT('',#12663);
#3298=VERTEX_POINT('',#12665);
#3299=VERTEX_POINT('',#12667);
#3300=VERTEX_POINT('',#12672);
#3301=VERTEX_POINT('',#12674);
#3302=VERTEX_POINT('',#12679);
#3303=VERTEX_POINT('',#12680);
#3304=VERTEX_POINT('',#12685);
#3305=VERTEX_POINT('',#12689);
#3306=VERTEX_POINT('',#12695);
#3307=VERTEX_POINT('',#12699);
#3308=VERTEX_POINT('',#12701);
#3309=VERTEX_POINT('',#12705);
#3310=VERTEX_POINT('',#12707);
#3311=VERTEX_POINT('',#12711);
#3312=VERTEX_POINT('',#12713);
#3313=VERTEX_POINT('',#12717);
#3314=VERTEX_POINT('',#12718);
#3315=VERTEX_POINT('',#12720);
#3316=VERTEX_POINT('',#12725);
#3317=VERTEX_POINT('',#12726);
#3318=VERTEX_POINT('',#12728);
#3319=VERTEX_POINT('',#12733);
#3320=VERTEX_POINT('',#12739);
#3321=VERTEX_POINT('',#12746);
#3322=VERTEX_POINT('',#12748);
#3323=VERTEX_POINT('',#12750);
#3324=VERTEX_POINT('',#12755);
#3325=VERTEX_POINT('',#12759);
#3326=VERTEX_POINT('',#12763);
#3327=VERTEX_POINT('',#12767);
#3328=VERTEX_POINT('',#12771);
#3329=VERTEX_POINT('',#12772);
#3330=VERTEX_POINT('',#12774);
#3331=VERTEX_POINT('',#12776);
#3332=VERTEX_POINT('',#12780);
#3333=VERTEX_POINT('',#12782);
#3334=VERTEX_POINT('',#12786);
#3335=VERTEX_POINT('',#12788);
#3336=VERTEX_POINT('',#12790);
#3337=VERTEX_POINT('',#12793);
#3338=VERTEX_POINT('',#12797);
#3339=VERTEX_POINT('',#12798);
#3340=VERTEX_POINT('',#12803);
#3341=VERTEX_POINT('',#12807);
#3342=VERTEX_POINT('',#12813);
#3343=VERTEX_POINT('',#12817);
#3344=VERTEX_POINT('',#12822);
#3345=VERTEX_POINT('',#12824);
#3346=VERTEX_POINT('',#12829);
#3347=VERTEX_POINT('',#12833);
#3348=VERTEX_POINT('',#12837);
#3349=VERTEX_POINT('',#12840);
#3350=VERTEX_POINT('',#12842);
#3351=VERTEX_POINT('',#12847);
#3352=VERTEX_POINT('',#12851);
#3353=VERTEX_POINT('',#12855);
#3354=VERTEX_POINT('',#12858);
#3355=VERTEX_POINT('',#12860);
#3356=VERTEX_POINT('',#12865);
#3357=VERTEX_POINT('',#12869);
#3358=VERTEX_POINT('',#12873);
#3359=VERTEX_POINT('',#12874);
#3360=VERTEX_POINT('',#12879);
#3361=VERTEX_POINT('',#12881);
#3362=VERTEX_POINT('',#12886);
#3363=VERTEX_POINT('',#12890);
#3364=VERTEX_POINT('',#12894);
#3365=VERTEX_POINT('',#12897);
#3366=VERTEX_POINT('',#12901);
#3367=VERTEX_POINT('',#12906);
#3368=VERTEX_POINT('',#12910);
#3369=VERTEX_POINT('',#12918);
#3370=VERTEX_POINT('',#12922);
#3371=VERTEX_POINT('',#12930);
#3372=VERTEX_POINT('',#12936);
#3373=VERTEX_POINT('',#12938);
#3374=VERTEX_POINT('',#12950);
#3375=VERTEX_POINT('',#12951);
#3376=VERTEX_POINT('',#12953);
#3377=VERTEX_POINT('',#12955);
#3378=VERTEX_POINT('',#12963);
#3379=VERTEX_POINT('',#12969);
#3380=VERTEX_POINT('',#12973);
#3381=LINE('',#11185,#4039);
#3382=LINE('',#11188,#4040);
#3383=LINE('',#11190,#4041);
#3384=LINE('',#11192,#4042);
#3385=LINE('',#11194,#4043);
#3386=LINE('',#11196,#4044);
#3387=LINE('',#11198,#4045);
#3388=LINE('',#11200,#4046);
#3389=LINE('',#11202,#4047);
#3390=LINE('',#11204,#4048);
#3391=LINE('',#11206,#4049);
#3392=LINE('',#11208,#4050);
#3393=LINE('',#11210,#4051);
#3394=LINE('',#11212,#4052);
#3395=LINE('',#11214,#4053);
#3396=LINE('',#11216,#4054);
#3397=LINE('',#11218,#4055);
#3398=LINE('',#11220,#4056);
#3399=LINE('',#11222,#4057);
#3400=LINE('',#11224,#4058);
#3401=LINE('',#11226,#4059);
#3402=LINE('',#11228,#4060);
#3403=LINE('',#11230,#4061);
#3404=LINE('',#11232,#4062);
#3405=LINE('',#11234,#4063);
#3406=LINE('',#11236,#4064);
#3407=LINE('',#11238,#4065);
#3408=LINE('',#11240,#4066);
#3409=LINE('',#11242,#4067);
#3410=LINE('',#11244,#4068);
#3411=LINE('',#11246,#4069);
#3412=LINE('',#11248,#4070);
#3413=LINE('',#11250,#4071);
#3414=LINE('',#11252,#4072);
#3415=LINE('',#11254,#4073);
#3416=LINE('',#11256,#4074);
#3417=LINE('',#11258,#4075);
#3418=LINE('',#11260,#4076);
#3419=LINE('',#11262,#4077);
#3420=LINE('',#11264,#4078);
#3421=LINE('',#11266,#4079);
#3422=LINE('',#11268,#4080);
#3423=LINE('',#11270,#4081);
#3424=LINE('',#11272,#4082);
#3425=LINE('',#11274,#4083);
#3426=LINE('',#11276,#4084);
#3427=LINE('',#11278,#4085);
#3428=LINE('',#11280,#4086);
#3429=LINE('',#11282,#4087);
#3430=LINE('',#11284,#4088);
#3431=LINE('',#11286,#4089);
#3432=LINE('',#11288,#4090);
#3433=LINE('',#11290,#4091);
#3434=LINE('',#11292,#4092);
#3435=LINE('',#11294,#4093);
#3436=LINE('',#11296,#4094);
#3437=LINE('',#11298,#4095);
#3438=LINE('',#11300,#4096);
#3439=LINE('',#11302,#4097);
#3440=LINE('',#11304,#4098);
#3441=LINE('',#11306,#4099);
#3442=LINE('',#11308,#4100);
#3443=LINE('',#11310,#4101);
#3444=LINE('',#11312,#4102);
#3445=LINE('',#11314,#4103);
#3446=LINE('',#11316,#4104);
#3447=LINE('',#11318,#4105);
#3448=LINE('',#11320,#4106);
#3449=LINE('',#11322,#4107);
#3450=LINE('',#11324,#4108);
#3451=LINE('',#11326,#4109);
#3452=LINE('',#11328,#4110);
#3453=LINE('',#11330,#4111);
#3454=LINE('',#11332,#4112);
#3455=LINE('',#11334,#4113);
#3456=LINE('',#11336,#4114);
#3457=LINE('',#11338,#4115);
#3458=LINE('',#11340,#4116);
#3459=LINE('',#11342,#4117);
#3460=LINE('',#11344,#4118);
#3461=LINE('',#11346,#4119);
#3462=LINE('',#11348,#4120);
#3463=LINE('',#11350,#4121);
#3464=LINE('',#11352,#4122);
#3465=LINE('',#11354,#4123);
#3466=LINE('',#11356,#4124);
#3467=LINE('',#11358,#4125);
#3468=LINE('',#11360,#4126);
#3469=LINE('',#11362,#4127);
#3470=LINE('',#11364,#4128);
#3471=LINE('',#11366,#4129);
#3472=LINE('',#11368,#4130);
#3473=LINE('',#11370,#4131);
#3474=LINE('',#11372,#4132);
#3475=LINE('',#11374,#4133);
#3476=LINE('',#11376,#4134);
#3477=LINE('',#11378,#4135);
#3478=LINE('',#11380,#4136);
#3479=LINE('',#11382,#4137);
#3480=LINE('',#11385,#4138);
#3481=LINE('',#11387,#4139);
#3482=LINE('',#11389,#4140);
#3483=LINE('',#11394,#4141);
#3484=LINE('',#11399,#4142);
#3485=LINE('',#11402,#4143);
#3486=LINE('',#11406,#4144);
#3487=LINE('',#11411,#4145);
#3488=LINE('',#11414,#4146);
#3489=LINE('',#11416,#4147);
#3490=LINE('',#11420,#4148);
#3491=LINE('',#11425,#4149);
#3492=LINE('',#11433,#4150);
#3493=LINE('',#11435,#4151);
#3494=LINE('',#11443,#4152);
#3495=LINE('',#11446,#4153);
#3496=LINE('',#11480,#4154);
#3497=LINE('',#11488,#4155);
#3498=LINE('',#11490,#4156);
#3499=LINE('',#11492,#4157);
#3500=LINE('',#11494,#4158);
#3501=LINE('',#11496,#4159);
#3502=LINE('',#11502,#4160);
#3503=LINE('',#11504,#4161);
#3504=LINE('',#11506,#4162);
#3505=LINE('',#11508,#4163);
#3506=LINE('',#11515,#4164);
#3507=LINE('',#11519,#4165);
#3508=LINE('',#11521,#4166);
#3509=LINE('',#11523,#4167);
#3510=LINE('',#11529,#4168);
#3511=LINE('',#11531,#4169);
#3512=LINE('',#11533,#4170);
#3513=LINE('',#11540,#4171);
#3514=LINE('',#11543,#4172);
#3515=LINE('',#11545,#4173);
#3516=LINE('',#11547,#4174);
#3517=LINE('',#11549,#4175);
#3518=LINE('',#11551,#4176);
#3519=LINE('',#11559,#4177);
#3520=LINE('',#11561,#4178);
#3521=LINE('',#11563,#4179);
#3522=LINE('',#11565,#4180);
#3523=LINE('',#11567,#4181);
#3524=LINE('',#11573,#4182);
#3525=LINE('',#11575,#4183);
#3526=LINE('',#11577,#4184);
#3527=LINE('',#11579,#4185);
#3528=LINE('',#11584,#4186);
#3529=LINE('',#11588,#4187);
#3530=LINE('',#11590,#4188);
#3531=LINE('',#11592,#4189);
#3532=LINE('',#11598,#4190);
#3533=LINE('',#11600,#4191);
#3534=LINE('',#11602,#4192);
#3535=LINE('',#11613,#4193);
#3536=LINE('',#11615,#4194);
#3537=LINE('',#11617,#4195);
#3538=LINE('',#11619,#4196);
#3539=LINE('',#11621,#4197);
#3540=LINE('',#11625,#4198);
#3541=LINE('',#11627,#4199);
#3542=LINE('',#11628,#4200);
#3543=LINE('',#11630,#4201);
#3544=LINE('',#11633,#4202);
#3545=LINE('',#11635,#4203);
#3546=LINE('',#11637,#4204);
#3547=LINE('',#11639,#4205);
#3548=LINE('',#11641,#4206);
#3549=LINE('',#11643,#4207);
#3550=LINE('',#11645,#4208);
#3551=LINE('',#11647,#4209);
#3552=LINE('',#11649,#4210);
#3553=LINE('',#11651,#4211);
#3554=LINE('',#11653,#4212);
#3555=LINE('',#11655,#4213);
#3556=LINE('',#11657,#4214);
#3557=LINE('',#11659,#4215);
#3558=LINE('',#11661,#4216);
#3559=LINE('',#11663,#4217);
#3560=LINE('',#11665,#4218);
#3561=LINE('',#11667,#4219);
#3562=LINE('',#11669,#4220);
#3563=LINE('',#11671,#4221);
#3564=LINE('',#11673,#4222);
#3565=LINE('',#11675,#4223);
#3566=LINE('',#11677,#4224);
#3567=LINE('',#11679,#4225);
#3568=LINE('',#11681,#4226);
#3569=LINE('',#11683,#4227);
#3570=LINE('',#11685,#4228);
#3571=LINE('',#11688,#4229);
#3572=LINE('',#11690,#4230);
#3573=LINE('',#11692,#4231);
#3574=LINE('',#11694,#4232);
#3575=LINE('',#11696,#4233);
#3576=LINE('',#11698,#4234);
#3577=LINE('',#11700,#4235);
#3578=LINE('',#11702,#4236);
#3579=LINE('',#11704,#4237);
#3580=LINE('',#11706,#4238);
#3581=LINE('',#11708,#4239);
#3582=LINE('',#11710,#4240);
#3583=LINE('',#11712,#4241);
#3584=LINE('',#11714,#4242);
#3585=LINE('',#11716,#4243);
#3586=LINE('',#11718,#4244);
#3587=LINE('',#11720,#4245);
#3588=LINE('',#11722,#4246);
#3589=LINE('',#11724,#4247);
#3590=LINE('',#11726,#4248);
#3591=LINE('',#11728,#4249);
#3592=LINE('',#11730,#4250);
#3593=LINE('',#11732,#4251);
#3594=LINE('',#11734,#4252);
#3595=LINE('',#11736,#4253);
#3596=LINE('',#11738,#4254);
#3597=LINE('',#11740,#4255);
#3598=LINE('',#11743,#4256);
#3599=LINE('',#11745,#4257);
#3600=LINE('',#11747,#4258);
#3601=LINE('',#11749,#4259);
#3602=LINE('',#11751,#4260);
#3603=LINE('',#11753,#4261);
#3604=LINE('',#11755,#4262);
#3605=LINE('',#11757,#4263);
#3606=LINE('',#11759,#4264);
#3607=LINE('',#11761,#4265);
#3608=LINE('',#11763,#4266);
#3609=LINE('',#11765,#4267);
#3610=LINE('',#11767,#4268);
#3611=LINE('',#11769,#4269);
#3612=LINE('',#11771,#4270);
#3613=LINE('',#11773,#4271);
#3614=LINE('',#11775,#4272);
#3615=LINE('',#11777,#4273);
#3616=LINE('',#11779,#4274);
#3617=LINE('',#11781,#4275);
#3618=LINE('',#11783,#4276);
#3619=LINE('',#11785,#4277);
#3620=LINE('',#11787,#4278);
#3621=LINE('',#11789,#4279);
#3622=LINE('',#11791,#4280);
#3623=LINE('',#11793,#4281);
#3624=LINE('',#11795,#4282);
#3625=LINE('',#11798,#4283);
#3626=LINE('',#11800,#4284);
#3627=LINE('',#11802,#4285);
#3628=LINE('',#11804,#4286);
#3629=LINE('',#11806,#4287);
#3630=LINE('',#11808,#4288);
#3631=LINE('',#11810,#4289);
#3632=LINE('',#11812,#4290);
#3633=LINE('',#11814,#4291);
#3634=LINE('',#11816,#4292);
#3635=LINE('',#11818,#4293);
#3636=LINE('',#11820,#4294);
#3637=LINE('',#11822,#4295);
#3638=LINE('',#11824,#4296);
#3639=LINE('',#11826,#4297);
#3640=LINE('',#11828,#4298);
#3641=LINE('',#11830,#4299);
#3642=LINE('',#11832,#4300);
#3643=LINE('',#11834,#4301);
#3644=LINE('',#11836,#4302);
#3645=LINE('',#11838,#4303);
#3646=LINE('',#11840,#4304);
#3647=LINE('',#11842,#4305);
#3648=LINE('',#11844,#4306);
#3649=LINE('',#11846,#4307);
#3650=LINE('',#11848,#4308);
#3651=LINE('',#11850,#4309);
#3652=LINE('',#11853,#4310);
#3653=LINE('',#11855,#4311);
#3654=LINE('',#11857,#4312);
#3655=LINE('',#11859,#4313);
#3656=LINE('',#11861,#4314);
#3657=LINE('',#11863,#4315);
#3658=LINE('',#11865,#4316);
#3659=LINE('',#11867,#4317);
#3660=LINE('',#11869,#4318);
#3661=LINE('',#11871,#4319);
#3662=LINE('',#11873,#4320);
#3663=LINE('',#11875,#4321);
#3664=LINE('',#11877,#4322);
#3665=LINE('',#11879,#4323);
#3666=LINE('',#11881,#4324);
#3667=LINE('',#11883,#4325);
#3668=LINE('',#11885,#4326);
#3669=LINE('',#11887,#4327);
#3670=LINE('',#11889,#4328);
#3671=LINE('',#11891,#4329);
#3672=LINE('',#11893,#4330);
#3673=LINE('',#11895,#4331);
#3674=LINE('',#11897,#4332);
#3675=LINE('',#11899,#4333);
#3676=LINE('',#11901,#4334);
#3677=LINE('',#11903,#4335);
#3678=LINE('',#11905,#4336);
#3679=LINE('',#11908,#4337);
#3680=LINE('',#11910,#4338);
#3681=LINE('',#11912,#4339);
#3682=LINE('',#11914,#4340);
#3683=LINE('',#11916,#4341);
#3684=LINE('',#11918,#4342);
#3685=LINE('',#11920,#4343);
#3686=LINE('',#11922,#4344);
#3687=LINE('',#11924,#4345);
#3688=LINE('',#11926,#4346);
#3689=LINE('',#11928,#4347);
#3690=LINE('',#11930,#4348);
#3691=LINE('',#11932,#4349);
#3692=LINE('',#11934,#4350);
#3693=LINE('',#11937,#4351);
#3694=LINE('',#11938,#4352);
#3695=LINE('',#11940,#4353);
#3696=LINE('',#11943,#4354);
#3697=LINE('',#11944,#4355);
#3698=LINE('',#11946,#4356);
#3699=LINE('',#11948,#4357);
#3700=LINE('',#11950,#4358);
#3701=LINE('',#11952,#4359);
#3702=LINE('',#11954,#4360);
#3703=LINE('',#11956,#4361);
#3704=LINE('',#11959,#4362);
#3705=LINE('',#11961,#4363);
#3706=LINE('',#11963,#4364);
#3707=LINE('',#11965,#4365);
#3708=LINE('',#11967,#4366);
#3709=LINE('',#11969,#4367);
#3710=LINE('',#11971,#4368);
#3711=LINE('',#11973,#4369);
#3712=LINE('',#11975,#4370);
#3713=LINE('',#11977,#4371);
#3714=LINE('',#11979,#4372);
#3715=LINE('',#11981,#4373);
#3716=LINE('',#11983,#4374);
#3717=LINE('',#11985,#4375);
#3718=LINE('',#11987,#4376);
#3719=LINE('',#11989,#4377);
#3720=LINE('',#11991,#4378);
#3721=LINE('',#11993,#4379);
#3722=LINE('',#11995,#4380);
#3723=LINE('',#11997,#4381);
#3724=LINE('',#11999,#4382);
#3725=LINE('',#12001,#4383);
#3726=LINE('',#12003,#4384);
#3727=LINE('',#12005,#4385);
#3728=LINE('',#12007,#4386);
#3729=LINE('',#12009,#4387);
#3730=LINE('',#12011,#4388);
#3731=LINE('',#12014,#4389);
#3732=LINE('',#12016,#4390);
#3733=LINE('',#12018,#4391);
#3734=LINE('',#12020,#4392);
#3735=LINE('',#12022,#4393);
#3736=LINE('',#12024,#4394);
#3737=LINE('',#12026,#4395);
#3738=LINE('',#12028,#4396);
#3739=LINE('',#12030,#4397);
#3740=LINE('',#12032,#4398);
#3741=LINE('',#12034,#4399);
#3742=LINE('',#12036,#4400);
#3743=LINE('',#12038,#4401);
#3744=LINE('',#12040,#4402);
#3745=LINE('',#12042,#4403);
#3746=LINE('',#12044,#4404);
#3747=LINE('',#12046,#4405);
#3748=LINE('',#12048,#4406);
#3749=LINE('',#12050,#4407);
#3750=LINE('',#12052,#4408);
#3751=LINE('',#12054,#4409);
#3752=LINE('',#12056,#4410);
#3753=LINE('',#12058,#4411);
#3754=LINE('',#12060,#4412);
#3755=LINE('',#12062,#4413);
#3756=LINE('',#12064,#4414);
#3757=LINE('',#12066,#4415);
#3758=LINE('',#12069,#4416);
#3759=LINE('',#12071,#4417);
#3760=LINE('',#12073,#4418);
#3761=LINE('',#12075,#4419);
#3762=LINE('',#12077,#4420);
#3763=LINE('',#12079,#4421);
#3764=LINE('',#12081,#4422);
#3765=LINE('',#12083,#4423);
#3766=LINE('',#12085,#4424);
#3767=LINE('',#12087,#4425);
#3768=LINE('',#12089,#4426);
#3769=LINE('',#12091,#4427);
#3770=LINE('',#12093,#4428);
#3771=LINE('',#12095,#4429);
#3772=LINE('',#12097,#4430);
#3773=LINE('',#12099,#4431);
#3774=LINE('',#12101,#4432);
#3775=LINE('',#12103,#4433);
#3776=LINE('',#12105,#4434);
#3777=LINE('',#12107,#4435);
#3778=LINE('',#12109,#4436);
#3779=LINE('',#12111,#4437);
#3780=LINE('',#12113,#4438);
#3781=LINE('',#12115,#4439);
#3782=LINE('',#12117,#4440);
#3783=LINE('',#12119,#4441);
#3784=LINE('',#12121,#4442);
#3785=LINE('',#12124,#4443);
#3786=LINE('',#12126,#4444);
#3787=LINE('',#12128,#4445);
#3788=LINE('',#12130,#4446);
#3789=LINE('',#12132,#4447);
#3790=LINE('',#12134,#4448);
#3791=LINE('',#12136,#4449);
#3792=LINE('',#12138,#4450);
#3793=LINE('',#12140,#4451);
#3794=LINE('',#12142,#4452);
#3795=LINE('',#12144,#4453);
#3796=LINE('',#12146,#4454);
#3797=LINE('',#12148,#4455);
#3798=LINE('',#12150,#4456);
#3799=LINE('',#12152,#4457);
#3800=LINE('',#12154,#4458);
#3801=LINE('',#12156,#4459);
#3802=LINE('',#12158,#4460);
#3803=LINE('',#12160,#4461);
#3804=LINE('',#12162,#4462);
#3805=LINE('',#12164,#4463);
#3806=LINE('',#12166,#4464);
#3807=LINE('',#12168,#4465);
#3808=LINE('',#12170,#4466);
#3809=LINE('',#12175,#4467);
#3810=LINE('',#12177,#4468);
#3811=LINE('',#12179,#4469);
#3812=LINE('',#12181,#4470);
#3813=LINE('',#12185,#4471);
#3814=LINE('',#12189,#4472);
#3815=LINE('',#12191,#4473);
#3816=LINE('',#12193,#4474);
#3817=LINE('',#12217,#4475);
#3818=LINE('',#12219,#4476);
#3819=LINE('',#12221,#4477);
#3820=LINE('',#12223,#4478);
#3821=LINE('',#12227,#4479);
#3822=LINE('',#12231,#4480);
#3823=LINE('',#12233,#4481);
#3824=LINE('',#12235,#4482);
#3825=LINE('',#12247,#4483);
#3826=LINE('',#12250,#4484);
#3827=LINE('',#12251,#4485);
#3828=LINE('',#12253,#4486);
#3829=LINE('',#12264,#4487);
#3830=LINE('',#12266,#4488);
#3831=LINE('',#12268,#4489);
#3832=LINE('',#12270,#4490);
#3833=LINE('',#12274,#4491);
#3834=LINE('',#12278,#4492);
#3835=LINE('',#12280,#4493);
#3836=LINE('',#12282,#4494);
#3837=LINE('',#12304,#4495);
#3838=LINE('',#12306,#4496);
#3839=LINE('',#12308,#4497);
#3840=LINE('',#12310,#4498);
#3841=LINE('',#12314,#4499);
#3842=LINE('',#12318,#4500);
#3843=LINE('',#12320,#4501);
#3844=LINE('',#12322,#4502);
#3845=LINE('',#12348,#4503);
#3846=LINE('',#12350,#4504);
#3847=LINE('',#12353,#4505);
#3848=LINE('',#12354,#4506);
#3849=LINE('',#12358,#4507);
#3850=LINE('',#12362,#4508);
#3851=LINE('',#12365,#4509);
#3852=LINE('',#12366,#4510);
#3853=LINE('',#12386,#4511);
#3854=LINE('',#12388,#4512);
#3855=LINE('',#12390,#4513);
#3856=LINE('',#12392,#4514);
#3857=LINE('',#12396,#4515);
#3858=LINE('',#12400,#4516);
#3859=LINE('',#12402,#4517);
#3860=LINE('',#12404,#4518);
#3861=LINE('',#12426,#4519);
#3862=LINE('',#12428,#4520);
#3863=LINE('',#12430,#4521);
#3864=LINE('',#12432,#4522);
#3865=LINE('',#12436,#4523);
#3866=LINE('',#12440,#4524);
#3867=LINE('',#12442,#4525);
#3868=LINE('',#12444,#4526);
#3869=LINE('',#12466,#4527);
#3870=LINE('',#12468,#4528);
#3871=LINE('',#12470,#4529);
#3872=LINE('',#12472,#4530);
#3873=LINE('',#12476,#4531);
#3874=LINE('',#12480,#4532);
#3875=LINE('',#12482,#4533);
#3876=LINE('',#12484,#4534);
#3877=LINE('',#12506,#4535);
#3878=LINE('',#12508,#4536);
#3879=LINE('',#12510,#4537);
#3880=LINE('',#12512,#4538);
#3881=LINE('',#12516,#4539);
#3882=LINE('',#12520,#4540);
#3883=LINE('',#12522,#4541);
#3884=LINE('',#12524,#4542);
#3885=LINE('',#12544,#4543);
#3886=LINE('',#12546,#4544);
#3887=LINE('',#12548,#4545);
#3888=LINE('',#12550,#4546);
#3889=LINE('',#12554,#4547);
#3890=LINE('',#12558,#4548);
#3891=LINE('',#12560,#4549);
#3892=LINE('',#12562,#4550);
#3893=LINE('',#12581,#4551);
#3894=LINE('',#12584,#4552);
#3895=LINE('',#12586,#4553);
#3896=LINE('',#12588,#4554);
#3897=LINE('',#12590,#4555);
#3898=LINE('',#12596,#4556);
#3899=LINE('',#12598,#4557);
#3900=LINE('',#12600,#4558);
#3901=LINE('',#12604,#4559);
#3902=LINE('',#12608,#4560);
#3903=LINE('',#12611,#4561);
#3904=LINE('',#12612,#4562);
#3905=LINE('',#12614,#4563);
#3906=LINE('',#12616,#4564);
#3907=LINE('',#12618,#4565);
#3908=LINE('',#12620,#4566);
#3909=LINE('',#12623,#4567);
#3910=LINE('',#12624,#4568);
#3911=LINE('',#12626,#4569);
#3912=LINE('',#12628,#4570);
#3913=LINE('',#12630,#4571);
#3914=LINE('',#12634,#4572);
#3915=LINE('',#12638,#4573);
#3916=LINE('',#12640,#4574);
#3917=LINE('',#12642,#4575);
#3918=LINE('',#12644,#4576);
#3919=LINE('',#12646,#4577);
#3920=LINE('',#12648,#4578);
#3921=LINE('',#12650,#4579);
#3922=LINE('',#12653,#4580);
#3923=LINE('',#12654,#4581);
#3924=LINE('',#12656,#4582);
#3925=LINE('',#12661,#4583);
#3926=LINE('',#12664,#4584);
#3927=LINE('',#12666,#4585);
#3928=LINE('',#12668,#4586);
#3929=LINE('',#12673,#4587);
#3930=LINE('',#12678,#4588);
#3931=LINE('',#12681,#4589);
#3932=LINE('',#12682,#4590);
#3933=LINE('',#12684,#4591);
#3934=LINE('',#12686,#4592);
#3935=LINE('',#12688,#4593);
#3936=LINE('',#12690,#4594);
#3937=LINE('',#12691,#4595);
#3938=LINE('',#12692,#4596);
#3939=LINE('',#12694,#4597);
#3940=LINE('',#12696,#4598);
#3941=LINE('',#12698,#4599);
#3942=LINE('',#12700,#4600);
#3943=LINE('',#12702,#4601);
#3944=LINE('',#12704,#4602);
#3945=LINE('',#12706,#4603);
#3946=LINE('',#12708,#4604);
#3947=LINE('',#12710,#4605);
#3948=LINE('',#12712,#4606);
#3949=LINE('',#12714,#4607);
#3950=LINE('',#12716,#4608);
#3951=LINE('',#12719,#4609);
#3952=LINE('',#12721,#4610);
#3953=LINE('',#12722,#4611);
#3954=LINE('',#12724,#4612);
#3955=LINE('',#12730,#4613);
#3956=LINE('',#12734,#4614);
#3957=LINE('',#12743,#4615);
#3958=LINE('',#12745,#4616);
#3959=LINE('',#12747,#4617);
#3960=LINE('',#12749,#4618);
#3961=LINE('',#12751,#4619);
#3962=LINE('',#12756,#4620);
#3963=LINE('',#12760,#4621);
#3964=LINE('',#12762,#4622);
#3965=LINE('',#12764,#4623);
#3966=LINE('',#12766,#4624);
#3967=LINE('',#12768,#4625);
#3968=LINE('',#12770,#4626);
#3969=LINE('',#12773,#4627);
#3970=LINE('',#12775,#4628);
#3971=LINE('',#12777,#4629);
#3972=LINE('',#12779,#4630);
#3973=LINE('',#12781,#4631);
#3974=LINE('',#12783,#4632);
#3975=LINE('',#12785,#4633);
#3976=LINE('',#12787,#4634);
#3977=LINE('',#12789,#4635);
#3978=LINE('',#12791,#4636);
#3979=LINE('',#12792,#4637);
#3980=LINE('',#12794,#4638);
#3981=LINE('',#12799,#4639);
#3982=LINE('',#12800,#4640);
#3983=LINE('',#12802,#4641);
#3984=LINE('',#12804,#4642);
#3985=LINE('',#12810,#4643);
#3986=LINE('',#12814,#4644);
#3987=LINE('',#12816,#4645);
#3988=LINE('',#12818,#4646);
#3989=LINE('',#12823,#4647);
#3990=LINE('',#12826,#4648);
#3991=LINE('',#12830,#4649);
#3992=LINE('',#12832,#4650);
#3993=LINE('',#12834,#4651);
#3994=LINE('',#12841,#4652);
#3995=LINE('',#12844,#4653);
#3996=LINE('',#12848,#4654);
#3997=LINE('',#12850,#4655);
#3998=LINE('',#12852,#4656);
#3999=LINE('',#12859,#4657);
#4000=LINE('',#12862,#4658);
#4001=LINE('',#12866,#4659);
#4002=LINE('',#12868,#4660);
#4003=LINE('',#12870,#4661);
#4004=LINE('',#12872,#4662);
#4005=LINE('',#12875,#4663);
#4006=LINE('',#12876,#4664);
#4007=LINE('',#12880,#4665);
#4008=LINE('',#12883,#4666);
#4009=LINE('',#12887,#4667);
#4010=LINE('',#12889,#4668);
#4011=LINE('',#12891,#4669);
#4012=LINE('',#12898,#4670);
#4013=LINE('',#12900,#4671);
#4014=LINE('',#12902,#4672);
#4015=LINE('',#12907,#4673);
#4016=LINE('',#12909,#4674);
#4017=LINE('',#12911,#4675);
#4018=LINE('',#12919,#4676);
#4019=LINE('',#12921,#4677);
#4020=LINE('',#12925,#4678);
#4021=LINE('',#12934,#4679);
#4022=LINE('',#12935,#4680);
#4023=LINE('',#12937,#4681);
#4024=LINE('',#12939,#4682);
#4025=LINE('',#12941,#4683);
#4026=LINE('',#12943,#4684);
#4027=LINE('',#12945,#4685);
#4028=LINE('',#12947,#4686);
#4029=LINE('',#12952,#4687);
#4030=LINE('',#12956,#4688);
#4031=LINE('',#12959,#4689);
#4032=LINE('',#12966,#4690);
#4033=LINE('',#12968,#4691);
#4034=LINE('',#12970,#4692);
#4035=LINE('',#12972,#4693);
#4036=LINE('',#12974,#4694);
#4037=LINE('',#12976,#4695);
#4038=LINE('',#12978,#4696);
#4039=VECTOR('',#9423,1000.);
#4040=VECTOR('',#9424,1000.);
#4041=VECTOR('',#9425,1000.);
#4042=VECTOR('',#9426,1000.);
#4043=VECTOR('',#9429,1000.);
#4044=VECTOR('',#9430,1000.);
#4045=VECTOR('',#9431,1000.);
#4046=VECTOR('',#9434,1000.);
#4047=VECTOR('',#9435,1000.);
#4048=VECTOR('',#9438,1000.);
#4049=VECTOR('',#9439,1000.);
#4050=VECTOR('',#9442,1000.);
#4051=VECTOR('',#9443,1000.);
#4052=VECTOR('',#9444,1000.);
#4053=VECTOR('',#9447,1000.);
#4054=VECTOR('',#9448,1000.);
#4055=VECTOR('',#9449,1000.);
#4056=VECTOR('',#9452,1000.);
#4057=VECTOR('',#9453,1000.);
#4058=VECTOR('',#9454,1000.);
#4059=VECTOR('',#9457,1000.);
#4060=VECTOR('',#9458,1000.);
#4061=VECTOR('',#9461,1000.);
#4062=VECTOR('',#9462,1000.);
#4063=VECTOR('',#9465,1000.);
#4064=VECTOR('',#9466,1000.);
#4065=VECTOR('',#9467,1000.);
#4066=VECTOR('',#9470,1000.);
#4067=VECTOR('',#9471,1000.);
#4068=VECTOR('',#9472,1000.);
#4069=VECTOR('',#9475,1000.);
#4070=VECTOR('',#9476,1000.);
#4071=VECTOR('',#9477,1000.);
#4072=VECTOR('',#9480,1000.);
#4073=VECTOR('',#9481,1000.);
#4074=VECTOR('',#9484,1000.);
#4075=VECTOR('',#9485,1000.);
#4076=VECTOR('',#9488,1000.);
#4077=VECTOR('',#9489,1000.);
#4078=VECTOR('',#9490,1000.);
#4079=VECTOR('',#9493,1000.);
#4080=VECTOR('',#9494,1000.);
#4081=VECTOR('',#9495,1000.);
#4082=VECTOR('',#9498,1000.);
#4083=VECTOR('',#9499,1000.);
#4084=VECTOR('',#9500,1000.);
#4085=VECTOR('',#9503,1000.);
#4086=VECTOR('',#9504,1000.);
#4087=VECTOR('',#9507,1000.);
#4088=VECTOR('',#9508,1000.);
#4089=VECTOR('',#9511,1000.);
#4090=VECTOR('',#9512,1000.);
#4091=VECTOR('',#9513,1000.);
#4092=VECTOR('',#9516,1000.);
#4093=VECTOR('',#9517,1000.);
#4094=VECTOR('',#9518,1000.);
#4095=VECTOR('',#9521,1000.);
#4096=VECTOR('',#9522,1000.);
#4097=VECTOR('',#9523,1000.);
#4098=VECTOR('',#9526,1000.);
#4099=VECTOR('',#9527,1000.);
#4100=VECTOR('',#9530,1000.);
#4101=VECTOR('',#9531,1000.);
#4102=VECTOR('',#9534,1000.);
#4103=VECTOR('',#9535,1000.);
#4104=VECTOR('',#9536,1000.);
#4105=VECTOR('',#9539,1000.);
#4106=VECTOR('',#9540,1000.);
#4107=VECTOR('',#9541,1000.);
#4108=VECTOR('',#9544,1000.);
#4109=VECTOR('',#9545,1000.);
#4110=VECTOR('',#9546,1000.);
#4111=VECTOR('',#9549,1000.);
#4112=VECTOR('',#9550,1000.);
#4113=VECTOR('',#9553,1000.);
#4114=VECTOR('',#9554,1000.);
#4115=VECTOR('',#9557,1000.);
#4116=VECTOR('',#9558,1000.);
#4117=VECTOR('',#9559,1000.);
#4118=VECTOR('',#9562,1000.);
#4119=VECTOR('',#9563,1000.);
#4120=VECTOR('',#9564,1000.);
#4121=VECTOR('',#9567,1000.);
#4122=VECTOR('',#9568,1000.);
#4123=VECTOR('',#9569,1000.);
#4124=VECTOR('',#9572,1000.);
#4125=VECTOR('',#9573,1000.);
#4126=VECTOR('',#9576,1000.);
#4127=VECTOR('',#9577,1000.);
#4128=VECTOR('',#9580,1000.);
#4129=VECTOR('',#9581,1000.);
#4130=VECTOR('',#9582,1000.);
#4131=VECTOR('',#9585,1000.);
#4132=VECTOR('',#9586,1000.);
#4133=VECTOR('',#9587,1000.);
#4134=VECTOR('',#9588,1000.);
#4135=VECTOR('',#9591,1000.);
#4136=VECTOR('',#9592,1000.);
#4137=VECTOR('',#9595,1000.);
#4138=VECTOR('',#9596,1000.);
#4139=VECTOR('',#9597,1000.);
#4140=VECTOR('',#9598,1000.);
#4141=VECTOR('',#9603,1000.);
#4142=VECTOR('',#9608,1000.);
#4143=VECTOR('',#9611,1000.);
#4144=VECTOR('',#9616,1000.);
#4145=VECTOR('',#9621,1000.);
#4146=VECTOR('',#9624,1000.);
#4147=VECTOR('',#9627,1000.);
#4148=VECTOR('',#9632,1000.);
#4149=VECTOR('',#9637,1000.);
#4150=VECTOR('',#9644,1000.);
#4151=VECTOR('',#9647,1000.);
#4152=VECTOR('',#9654,1000.);
#4153=VECTOR('',#9657,1000.);
#4154=VECTOR('',#9700,1000.);
#4155=VECTOR('',#9701,1000.);
#4156=VECTOR('',#9702,1000.);
#4157=VECTOR('',#9705,1000.);
#4158=VECTOR('',#9706,1000.);
#4159=VECTOR('',#9707,1000.);
#4160=VECTOR('',#9714,1000.);
#4161=VECTOR('',#9717,1000.);
#4162=VECTOR('',#9718,1000.);
#4163=VECTOR('',#9719,1000.);
#4164=VECTOR('',#9728,1000.);
#4165=VECTOR('',#9733,1000.);
#4166=VECTOR('',#9734,1000.);
#4167=VECTOR('',#9735,1000.);
#4168=VECTOR('',#9742,1000.);
#4169=VECTOR('',#9745,1000.);
#4170=VECTOR('',#9746,1000.);
#4171=VECTOR('',#9749,1000.);
#4172=VECTOR('',#9750,1000.);
#4173=VECTOR('',#9751,1000.);
#4174=VECTOR('',#9752,1000.);
#4175=VECTOR('',#9753,1000.);
#4176=VECTOR('',#9756,1000.);
#4177=VECTOR('',#9757,1000.);
#4178=VECTOR('',#9758,1000.);
#4179=VECTOR('',#9761,1000.);
#4180=VECTOR('',#9762,1000.);
#4181=VECTOR('',#9763,1000.);
#4182=VECTOR('',#9770,1000.);
#4183=VECTOR('',#9773,1000.);
#4184=VECTOR('',#9774,1000.);
#4185=VECTOR('',#9775,1000.);
#4186=VECTOR('',#9782,1000.);
#4187=VECTOR('',#9787,1000.);
#4188=VECTOR('',#9788,1000.);
#4189=VECTOR('',#9789,1000.);
#4190=VECTOR('',#9796,1000.);
#4191=VECTOR('',#9799,1000.);
#4192=VECTOR('',#9800,1000.);
#4193=VECTOR('',#9807,1000.);
#4194=VECTOR('',#9810,1000.);
#4195=VECTOR('',#9811,1000.);
#4196=VECTOR('',#9812,1000.);
#4197=VECTOR('',#9815,1000.);
#4198=VECTOR('',#9820,1000.);
#4199=VECTOR('',#9821,1000.);
#4200=VECTOR('',#9822,1000.);
#4201=VECTOR('',#9825,1000.);
#4202=VECTOR('',#9826,1000.);
#4203=VECTOR('',#9827,1000.);
#4204=VECTOR('',#9828,1000.);
#4205=VECTOR('',#9829,1000.);
#4206=VECTOR('',#9830,1000.);
#4207=VECTOR('',#9833,1000.);
#4208=VECTOR('',#9834,1000.);
#4209=VECTOR('',#9835,1000.);
#4210=VECTOR('',#9836,1000.);
#4211=VECTOR('',#9839,1000.);
#4212=VECTOR('',#9840,1000.);
#4213=VECTOR('',#9841,1000.);
#4214=VECTOR('',#9842,1000.);
#4215=VECTOR('',#9845,1000.);
#4216=VECTOR('',#9846,1000.);
#4217=VECTOR('',#9847,1000.);
#4218=VECTOR('',#9850,1000.);
#4219=VECTOR('',#9851,1000.);
#4220=VECTOR('',#9854,1000.);
#4221=VECTOR('',#9857,1000.);
#4222=VECTOR('',#9858,1000.);
#4223=VECTOR('',#9861,1000.);
#4224=VECTOR('',#9862,1000.);
#4225=VECTOR('',#9865,1000.);
#4226=VECTOR('',#9866,1000.);
#4227=VECTOR('',#9869,1000.);
#4228=VECTOR('',#9872,1000.);
#4229=VECTOR('',#9873,1000.);
#4230=VECTOR('',#9874,1000.);
#4231=VECTOR('',#9875,1000.);
#4232=VECTOR('',#9876,1000.);
#4233=VECTOR('',#9877,1000.);
#4234=VECTOR('',#9880,1000.);
#4235=VECTOR('',#9881,1000.);
#4236=VECTOR('',#9882,1000.);
#4237=VECTOR('',#9883,1000.);
#4238=VECTOR('',#9886,1000.);
#4239=VECTOR('',#9887,1000.);
#4240=VECTOR('',#9888,1000.);
#4241=VECTOR('',#9889,1000.);
#4242=VECTOR('',#9892,1000.);
#4243=VECTOR('',#9893,1000.);
#4244=VECTOR('',#9894,1000.);
#4245=VECTOR('',#9897,1000.);
#4246=VECTOR('',#9898,1000.);
#4247=VECTOR('',#9901,1000.);
#4248=VECTOR('',#9904,1000.);
#4249=VECTOR('',#9905,1000.);
#4250=VECTOR('',#9908,1000.);
#4251=VECTOR('',#9909,1000.);
#4252=VECTOR('',#9912,1000.);
#4253=VECTOR('',#9913,1000.);
#4254=VECTOR('',#9916,1000.);
#4255=VECTOR('',#9919,1000.);
#4256=VECTOR('',#9920,1000.);
#4257=VECTOR('',#9921,1000.);
#4258=VECTOR('',#9922,1000.);
#4259=VECTOR('',#9923,1000.);
#4260=VECTOR('',#9924,1000.);
#4261=VECTOR('',#9927,1000.);
#4262=VECTOR('',#9928,1000.);
#4263=VECTOR('',#9929,1000.);
#4264=VECTOR('',#9930,1000.);
#4265=VECTOR('',#9933,1000.);
#4266=VECTOR('',#9934,1000.);
#4267=VECTOR('',#9935,1000.);
#4268=VECTOR('',#9936,1000.);
#4269=VECTOR('',#9939,1000.);
#4270=VECTOR('',#9940,1000.);
#4271=VECTOR('',#9941,1000.);
#4272=VECTOR('',#9944,1000.);
#4273=VECTOR('',#9945,1000.);
#4274=VECTOR('',#9948,1000.);
#4275=VECTOR('',#9951,1000.);
#4276=VECTOR('',#9952,1000.);
#4277=VECTOR('',#9955,1000.);
#4278=VECTOR('',#9956,1000.);
#4279=VECTOR('',#9959,1000.);
#4280=VECTOR('',#9960,1000.);
#4281=VECTOR('',#9963,1000.);
#4282=VECTOR('',#9966,1000.);
#4283=VECTOR('',#9967,1000.);
#4284=VECTOR('',#9968,1000.);
#4285=VECTOR('',#9969,1000.);
#4286=VECTOR('',#9970,1000.);
#4287=VECTOR('',#9971,1000.);
#4288=VECTOR('',#9974,1000.);
#4289=VECTOR('',#9975,1000.);
#4290=VECTOR('',#9976,1000.);
#4291=VECTOR('',#9977,1000.);
#4292=VECTOR('',#9980,1000.);
#4293=VECTOR('',#9981,1000.);
#4294=VECTOR('',#9982,1000.);
#4295=VECTOR('',#9983,1000.);
#4296=VECTOR('',#9986,1000.);
#4297=VECTOR('',#9987,1000.);
#4298=VECTOR('',#9988,1000.);
#4299=VECTOR('',#9991,1000.);
#4300=VECTOR('',#9992,1000.);
#4301=VECTOR('',#9995,1000.);
#4302=VECTOR('',#9998,1000.);
#4303=VECTOR('',#9999,1000.);
#4304=VECTOR('',#10002,1000.);
#4305=VECTOR('',#10003,1000.);
#4306=VECTOR('',#10006,1000.);
#4307=VECTOR('',#10007,1000.);
#4308=VECTOR('',#10010,1000.);
#4309=VECTOR('',#10013,1000.);
#4310=VECTOR('',#10014,1000.);
#4311=VECTOR('',#10015,1000.);
#4312=VECTOR('',#10016,1000.);
#4313=VECTOR('',#10017,1000.);
#4314=VECTOR('',#10018,1000.);
#4315=VECTOR('',#10021,1000.);
#4316=VECTOR('',#10022,1000.);
#4317=VECTOR('',#10023,1000.);
#4318=VECTOR('',#10024,1000.);
#4319=VECTOR('',#10027,1000.);
#4320=VECTOR('',#10028,1000.);
#4321=VECTOR('',#10029,1000.);
#4322=VECTOR('',#10030,1000.);
#4323=VECTOR('',#10033,1000.);
#4324=VECTOR('',#10034,1000.);
#4325=VECTOR('',#10035,1000.);
#4326=VECTOR('',#10038,1000.);
#4327=VECTOR('',#10039,1000.);
#4328=VECTOR('',#10042,1000.);
#4329=VECTOR('',#10045,1000.);
#4330=VECTOR('',#10046,1000.);
#4331=VECTOR('',#10049,1000.);
#4332=VECTOR('',#10050,1000.);
#4333=VECTOR('',#10053,1000.);
#4334=VECTOR('',#10054,1000.);
#4335=VECTOR('',#10057,1000.);
#4336=VECTOR('',#10060,1000.);
#4337=VECTOR('',#10061,1000.);
#4338=VECTOR('',#10062,1000.);
#4339=VECTOR('',#10063,1000.);
#4340=VECTOR('',#10066,1000.);
#4341=VECTOR('',#10067,1000.);
#4342=VECTOR('',#10068,1000.);
#4343=VECTOR('',#10071,1000.);
#4344=VECTOR('',#10072,1000.);
#4345=VECTOR('',#10075,1000.);
#4346=VECTOR('',#10076,1000.);
#4347=VECTOR('',#10079,1000.);
#4348=VECTOR('',#10080,1000.);
#4349=VECTOR('',#10081,1000.);
#4350=VECTOR('',#10084,1000.);
#4351=VECTOR('',#10085,1000.);
#4352=VECTOR('',#10086,1000.);
#4353=VECTOR('',#10089,1000.);
#4354=VECTOR('',#10090,1000.);
#4355=VECTOR('',#10091,1000.);
#4356=VECTOR('',#10094,1000.);
#4357=VECTOR('',#10095,1000.);
#4358=VECTOR('',#10098,1000.);
#4359=VECTOR('',#10099,1000.);
#4360=VECTOR('',#10102,1000.);
#4361=VECTOR('',#10105,1000.);
#4362=VECTOR('',#10106,1000.);
#4363=VECTOR('',#10107,1000.);
#4364=VECTOR('',#10108,1000.);
#4365=VECTOR('',#10109,1000.);
#4366=VECTOR('',#10110,1000.);
#4367=VECTOR('',#10113,1000.);
#4368=VECTOR('',#10114,1000.);
#4369=VECTOR('',#10115,1000.);
#4370=VECTOR('',#10116,1000.);
#4371=VECTOR('',#10119,1000.);
#4372=VECTOR('',#10120,1000.);
#4373=VECTOR('',#10121,1000.);
#4374=VECTOR('',#10122,1000.);
#4375=VECTOR('',#10125,1000.);
#4376=VECTOR('',#10126,1000.);
#4377=VECTOR('',#10127,1000.);
#4378=VECTOR('',#10130,1000.);
#4379=VECTOR('',#10131,1000.);
#4380=VECTOR('',#10134,1000.);
#4381=VECTOR('',#10137,1000.);
#4382=VECTOR('',#10138,1000.);
#4383=VECTOR('',#10141,1000.);
#4384=VECTOR('',#10142,1000.);
#4385=VECTOR('',#10145,1000.);
#4386=VECTOR('',#10146,1000.);
#4387=VECTOR('',#10149,1000.);
#4388=VECTOR('',#10152,1000.);
#4389=VECTOR('',#10153,1000.);
#4390=VECTOR('',#10154,1000.);
#4391=VECTOR('',#10155,1000.);
#4392=VECTOR('',#10156,1000.);
#4393=VECTOR('',#10157,1000.);
#4394=VECTOR('',#10160,1000.);
#4395=VECTOR('',#10161,1000.);
#4396=VECTOR('',#10162,1000.);
#4397=VECTOR('',#10163,1000.);
#4398=VECTOR('',#10166,1000.);
#4399=VECTOR('',#10167,1000.);
#4400=VECTOR('',#10168,1000.);
#4401=VECTOR('',#10169,1000.);
#4402=VECTOR('',#10172,1000.);
#4403=VECTOR('',#10173,1000.);
#4404=VECTOR('',#10174,1000.);
#4405=VECTOR('',#10177,1000.);
#4406=VECTOR('',#10178,1000.);
#4407=VECTOR('',#10181,1000.);
#4408=VECTOR('',#10184,1000.);
#4409=VECTOR('',#10185,1000.);
#4410=VECTOR('',#10188,1000.);
#4411=VECTOR('',#10189,1000.);
#4412=VECTOR('',#10192,1000.);
#4413=VECTOR('',#10193,1000.);
#4414=VECTOR('',#10196,1000.);
#4415=VECTOR('',#10199,1000.);
#4416=VECTOR('',#10200,1000.);
#4417=VECTOR('',#10201,1000.);
#4418=VECTOR('',#10202,1000.);
#4419=VECTOR('',#10203,1000.);
#4420=VECTOR('',#10204,1000.);
#4421=VECTOR('',#10207,1000.);
#4422=VECTOR('',#10208,1000.);
#4423=VECTOR('',#10209,1000.);
#4424=VECTOR('',#10210,1000.);
#4425=VECTOR('',#10213,1000.);
#4426=VECTOR('',#10214,1000.);
#4427=VECTOR('',#10215,1000.);
#4428=VECTOR('',#10216,1000.);
#4429=VECTOR('',#10219,1000.);
#4430=VECTOR('',#10220,1000.);
#4431=VECTOR('',#10221,1000.);
#4432=VECTOR('',#10224,1000.);
#4433=VECTOR('',#10225,1000.);
#4434=VECTOR('',#10228,1000.);
#4435=VECTOR('',#10231,1000.);
#4436=VECTOR('',#10232,1000.);
#4437=VECTOR('',#10235,1000.);
#4438=VECTOR('',#10236,1000.);
#4439=VECTOR('',#10239,1000.);
#4440=VECTOR('',#10240,1000.);
#4441=VECTOR('',#10243,1000.);
#4442=VECTOR('',#10246,1000.);
#4443=VECTOR('',#10247,1000.);
#4444=VECTOR('',#10248,1000.);
#4445=VECTOR('',#10249,1000.);
#4446=VECTOR('',#10250,1000.);
#4447=VECTOR('',#10253,1000.);
#4448=VECTOR('',#10254,1000.);
#4449=VECTOR('',#10255,1000.);
#4450=VECTOR('',#10256,1000.);
#4451=VECTOR('',#10259,1000.);
#4452=VECTOR('',#10260,1000.);
#4453=VECTOR('',#10261,1000.);
#4454=VECTOR('',#10264,1000.);
#4455=VECTOR('',#10265,1000.);
#4456=VECTOR('',#10266,1000.);
#4457=VECTOR('',#10269,1000.);
#4458=VECTOR('',#10270,1000.);
#4459=VECTOR('',#10273,1000.);
#4460=VECTOR('',#10276,1000.);
#4461=VECTOR('',#10277,1000.);
#4462=VECTOR('',#10280,1000.);
#4463=VECTOR('',#10281,1000.);
#4464=VECTOR('',#10284,1000.);
#4465=VECTOR('',#10285,1000.);
#4466=VECTOR('',#10288,1000.);
#4467=VECTOR('',#10293,1000.);
#4468=VECTOR('',#10296,1000.);
#4469=VECTOR('',#10297,1000.);
#4470=VECTOR('',#10298,1000.);
#4471=VECTOR('',#10303,1000.);
#4472=VECTOR('',#10308,1000.);
#4473=VECTOR('',#10309,1000.);
#4474=VECTOR('',#10310,1000.);
#4475=VECTOR('',#10341,1000.);
#4476=VECTOR('',#10344,1000.);
#4477=VECTOR('',#10345,1000.);
#4478=VECTOR('',#10346,1000.);
#4479=VECTOR('',#10351,1000.);
#4480=VECTOR('',#10356,1000.);
#4481=VECTOR('',#10357,1000.);
#4482=VECTOR('',#10358,1000.);
#4483=VECTOR('',#10375,1000.);
#4484=VECTOR('',#10376,1000.);
#4485=VECTOR('',#10377,1000.);
#4486=VECTOR('',#10378,1000.);
#4487=VECTOR('',#10391,1000.);
#4488=VECTOR('',#10394,1000.);
#4489=VECTOR('',#10395,1000.);
#4490=VECTOR('',#10396,1000.);
#4491=VECTOR('',#10401,1000.);
#4492=VECTOR('',#10406,1000.);
#4493=VECTOR('',#10407,1000.);
#4494=VECTOR('',#10408,1000.);
#4495=VECTOR('',#10437,1000.);
#4496=VECTOR('',#10440,1000.);
#4497=VECTOR('',#10441,1000.);
#4498=VECTOR('',#10442,1000.);
#4499=VECTOR('',#10447,1000.);
#4500=VECTOR('',#10452,1000.);
#4501=VECTOR('',#10453,1000.);
#4502=VECTOR('',#10454,1000.);
#4503=VECTOR('',#10487,1000.);
#4504=VECTOR('',#10490,1000.);
#4505=VECTOR('',#10491,1000.);
#4506=VECTOR('',#10492,1000.);
#4507=VECTOR('',#10497,1000.);
#4508=VECTOR('',#10502,1000.);
#4509=VECTOR('',#10503,1000.);
#4510=VECTOR('',#10504,1000.);
#4511=VECTOR('',#10531,1000.);
#4512=VECTOR('',#10534,1000.);
#4513=VECTOR('',#10535,1000.);
#4514=VECTOR('',#10536,1000.);
#4515=VECTOR('',#10541,1000.);
#4516=VECTOR('',#10546,1000.);
#4517=VECTOR('',#10547,1000.);
#4518=VECTOR('',#10548,1000.);
#4519=VECTOR('',#10577,1000.);
#4520=VECTOR('',#10580,1000.);
#4521=VECTOR('',#10581,1000.);
#4522=VECTOR('',#10582,1000.);
#4523=VECTOR('',#10587,1000.);
#4524=VECTOR('',#10592,1000.);
#4525=VECTOR('',#10593,1000.);
#4526=VECTOR('',#10594,1000.);
#4527=VECTOR('',#10623,1000.);
#4528=VECTOR('',#10626,1000.);
#4529=VECTOR('',#10627,1000.);
#4530=VECTOR('',#10628,1000.);
#4531=VECTOR('',#10633,1000.);
#4532=VECTOR('',#10638,1000.);
#4533=VECTOR('',#10639,1000.);
#4534=VECTOR('',#10640,1000.);
#4535=VECTOR('',#10669,1000.);
#4536=VECTOR('',#10672,1000.);
#4537=VECTOR('',#10673,1000.);
#4538=VECTOR('',#10674,1000.);
#4539=VECTOR('',#10679,1000.);
#4540=VECTOR('',#10684,1000.);
#4541=VECTOR('',#10685,1000.);
#4542=VECTOR('',#10686,1000.);
#4543=VECTOR('',#10713,1000.);
#4544=VECTOR('',#10716,1000.);
#4545=VECTOR('',#10717,1000.);
#4546=VECTOR('',#10718,1000.);
#4547=VECTOR('',#10723,1000.);
#4548=VECTOR('',#10728,1000.);
#4549=VECTOR('',#10729,1000.);
#4550=VECTOR('',#10730,1000.);
#4551=VECTOR('',#10757,1000.);
#4552=VECTOR('',#10758,1000.);
#4553=VECTOR('',#10759,1000.);
#4554=VECTOR('',#10760,1000.);
#4555=VECTOR('',#10763,1000.);
#4556=VECTOR('',#10770,1000.);
#4557=VECTOR('',#10771,1000.);
#4558=VECTOR('',#10772,1000.);
#4559=VECTOR('',#10777,1000.);
#4560=VECTOR('',#10782,1000.);
#4561=VECTOR('',#10783,1000.);
#4562=VECTOR('',#10784,1000.);
#4563=VECTOR('',#10787,1000.);
#4564=VECTOR('',#10788,1000.);
#4565=VECTOR('',#10789,1000.);
#4566=VECTOR('',#10792,1000.);
#4567=VECTOR('',#10793,1000.);
#4568=VECTOR('',#10794,1000.);
#4569=VECTOR('',#10797,1000.);
#4570=VECTOR('',#10798,1000.);
#4571=VECTOR('',#10799,1000.);
#4572=VECTOR('',#10804,1000.);
#4573=VECTOR('',#10809,1000.);
#4574=VECTOR('',#10810,1000.);
#4575=VECTOR('',#10811,1000.);
#4576=VECTOR('',#10814,1000.);
#4577=VECTOR('',#10815,1000.);
#4578=VECTOR('',#10816,1000.);
#4579=VECTOR('',#10819,1000.);
#4580=VECTOR('',#10820,1000.);
#4581=VECTOR('',#10821,1000.);
#4582=VECTOR('',#10824,1000.);
#4583=VECTOR('',#10829,1000.);
#4584=VECTOR('',#10830,1000.);
#4585=VECTOR('',#10831,1000.);
#4586=VECTOR('',#10832,1000.);
#4587=VECTOR('',#10839,1000.);
#4588=VECTOR('',#10846,1000.);
#4589=VECTOR('',#10847,1000.);
#4590=VECTOR('',#10848,1000.);
#4591=VECTOR('',#10851,1000.);
#4592=VECTOR('',#10852,1000.);
#4593=VECTOR('',#10855,1000.);
#4594=VECTOR('',#10856,1000.);
#4595=VECTOR('',#10857,1000.);
#4596=VECTOR('',#10858,1000.);
#4597=VECTOR('',#10861,1000.);
#4598=VECTOR('',#10862,1000.);
#4599=VECTOR('',#10865,1000.);
#4600=VECTOR('',#10866,1000.);
#4601=VECTOR('',#10867,1000.);
#4602=VECTOR('',#10870,1000.);
#4603=VECTOR('',#10871,1000.);
#4604=VECTOR('',#10872,1000.);
#4605=VECTOR('',#10875,1000.);
#4606=VECTOR('',#10876,1000.);
#4607=VECTOR('',#10877,1000.);
#4608=VECTOR('',#10880,1000.);
#4609=VECTOR('',#10881,1000.);
#4610=VECTOR('',#10882,1000.);
#4611=VECTOR('',#10883,1000.);
#4612=VECTOR('',#10886,1000.);
#4613=VECTOR('',#10891,1000.);
#4614=VECTOR('',#10896,1000.);
#4615=VECTOR('',#10911,1000.);
#4616=VECTOR('',#10914,1000.);
#4617=VECTOR('',#10915,1000.);
#4618=VECTOR('',#10916,1000.);
#4619=VECTOR('',#10917,1000.);
#4620=VECTOR('',#10924,1000.);
#4621=VECTOR('',#10929,1000.);
#4622=VECTOR('',#10932,1000.);
#4623=VECTOR('',#10933,1000.);
#4624=VECTOR('',#10936,1000.);
#4625=VECTOR('',#10937,1000.);
#4626=VECTOR('',#10940,1000.);
#4627=VECTOR('',#10941,1000.);
#4628=VECTOR('',#10942,1000.);
#4629=VECTOR('',#10943,1000.);
#4630=VECTOR('',#10946,1000.);
#4631=VECTOR('',#10947,1000.);
#4632=VECTOR('',#10948,1000.);
#4633=VECTOR('',#10951,1000.);
#4634=VECTOR('',#10952,1000.);
#4635=VECTOR('',#10953,1000.);
#4636=VECTOR('',#10954,1000.);
#4637=VECTOR('',#10955,1000.);
#4638=VECTOR('',#10956,1000.);
#4639=VECTOR('',#10961,1000.);
#4640=VECTOR('',#10962,1000.);
#4641=VECTOR('',#10965,1000.);
#4642=VECTOR('',#10966,1000.);
#4643=VECTOR('',#10975,1000.);
#4644=VECTOR('',#10980,1000.);
#4645=VECTOR('',#10983,1000.);
#4646=VECTOR('',#10984,1000.);
#4647=VECTOR('',#10991,1000.);
#4648=VECTOR('',#10994,1000.);
#4649=VECTOR('',#10999,1000.);
#4650=VECTOR('',#11002,1000.);
#4651=VECTOR('',#11003,1000.);
#4652=VECTOR('',#11012,1000.);
#4653=VECTOR('',#11015,1000.);
#4654=VECTOR('',#11020,1000.);
#4655=VECTOR('',#11023,1000.);
#4656=VECTOR('',#11024,1000.);
#4657=VECTOR('',#11033,1000.);
#4658=VECTOR('',#11036,1000.);
#4659=VECTOR('',#11041,1000.);
#4660=VECTOR('',#11044,1000.);
#4661=VECTOR('',#11045,1000.);
#4662=VECTOR('',#11048,1000.);
#4663=VECTOR('',#11049,1000.);
#4664=VECTOR('',#11050,1000.);
#4665=VECTOR('',#11055,1000.);
#4666=VECTOR('',#11058,1000.);
#4667=VECTOR('',#11063,1000.);
#4668=VECTOR('',#11066,1000.);
#4669=VECTOR('',#11067,1000.);
#4670=VECTOR('',#11076,1000.);
#4671=VECTOR('',#11079,1000.);
#4672=VECTOR('',#11080,1000.);
#4673=VECTOR('',#11087,1000.);
#4674=VECTOR('',#11090,1000.);
#4675=VECTOR('',#11091,1000.);
#4676=VECTOR('',#11104,1000.);
#4677=VECTOR('',#11107,1000.);
#4678=VECTOR('',#11112,1000.);
#4679=VECTOR('',#11127,1000.);
#4680=VECTOR('',#11128,1000.);
#4681=VECTOR('',#11129,1000.);
#4682=VECTOR('',#11130,1000.);
#4683=VECTOR('',#11133,1000.);
#4684=VECTOR('',#11136,1000.);
#4685=VECTOR('',#11139,1000.);
#4686=VECTOR('',#11142,1000.);
#4687=VECTOR('',#11147,1000.);
#4688=VECTOR('',#11150,1000.);
#4689=VECTOR('',#11155,1000.);
#4690=VECTOR('',#11166,1000.);
#4691=VECTOR('',#11169,1000.);
#4692=VECTOR('',#11170,1000.);
#4693=VECTOR('',#11173,1000.);
#4694=VECTOR('',#11174,1000.);
#4695=VECTOR('',#11177,1000.);
#4696=VECTOR('',#11180,1000.);
#4697=EDGE_LOOP('',(#273,#274,#275,#276));
#4698=EDGE_LOOP('',(#277,#278,#279,#280));
#4699=EDGE_LOOP('',(#281,#282,#283,#284));
#4700=EDGE_LOOP('',(#285,#286,#287,#288));
#4701=EDGE_LOOP('',(#289,#290,#291,#292));
#4702=EDGE_LOOP('',(#293,#294,#295,#296));
#4703=EDGE_LOOP('',(#297,#298,#299,#300));
#4704=EDGE_LOOP('',(#301,#302,#303,#304));
#4705=EDGE_LOOP('',(#305,#306,#307,#308));
#4706=EDGE_LOOP('',(#309,#310,#311,#312));
#4707=EDGE_LOOP('',(#313,#314,#315,#316));
#4708=EDGE_LOOP('',(#317,#318,#319,#320));
#4709=EDGE_LOOP('',(#321,#322,#323,#324));
#4710=EDGE_LOOP('',(#325,#326,#327,#328));
#4711=EDGE_LOOP('',(#329,#330,#331,#332));
#4712=EDGE_LOOP('',(#333,#334,#335,#336));
#4713=EDGE_LOOP('',(#337,#338,#339,#340));
#4714=EDGE_LOOP('',(#341,#342,#343,#344));
#4715=EDGE_LOOP('',(#345,#346,#347,#348));
#4716=EDGE_LOOP('',(#349,#350,#351,#352));
#4717=EDGE_LOOP('',(#353,#354,#355,#356));
#4718=EDGE_LOOP('',(#357,#358,#359,#360));
#4719=EDGE_LOOP('',(#361,#362,#363,#364));
#4720=EDGE_LOOP('',(#365,#366,#367,#368));
#4721=EDGE_LOOP('',(#369,#370,#371,#372));
#4722=EDGE_LOOP('',(#373,#374,#375,#376));
#4723=EDGE_LOOP('',(#377,#378,#379,#380));
#4724=EDGE_LOOP('',(#381,#382,#383,#384));
#4725=EDGE_LOOP('',(#385,#386,#387,#388));
#4726=EDGE_LOOP('',(#389,#390,#391,#392));
#4727=EDGE_LOOP('',(#393,#394,#395,#396));
#4728=EDGE_LOOP('',(#397,#398,#399,#400));
#4729=EDGE_LOOP('',(#401,#402,#403,#404));
#4730=EDGE_LOOP('',(#405,#406,#407,#408));
#4731=EDGE_LOOP('',(#409,#410,#411,#412));
#4732=EDGE_LOOP('',(#413,#414,#415,#416));
#4733=EDGE_LOOP('',(#417,#418,#419,#420));
#4734=EDGE_LOOP('',(#421,#422,#423,#424));
#4735=EDGE_LOOP('',(#425,#426));
#4736=EDGE_LOOP('',(#427,#428,#429,#430));
#4737=EDGE_LOOP('',(#431,#432));
#4738=EDGE_LOOP('',(#433,#434,#435,#436));
#4739=EDGE_LOOP('',(#437,#438));
#4740=EDGE_LOOP('',(#439,#440));
#4741=EDGE_LOOP('',(#441,#442));
#4742=EDGE_LOOP('',(#443,#444));
#4743=EDGE_LOOP('',(#445,#446));
#4744=EDGE_LOOP('',(#447,#448,#449,#450));
#4745=EDGE_LOOP('',(#451));
#4746=EDGE_LOOP('',(#452));
#4747=EDGE_LOOP('',(#453));
#4748=EDGE_LOOP('',(#454));
#4749=EDGE_LOOP('',(#455));
#4750=EDGE_LOOP('',(#456));
#4751=EDGE_LOOP('',(#457));
#4752=EDGE_LOOP('',(#458));
#4753=EDGE_LOOP('',(#459));
#4754=EDGE_LOOP('',(#460));
#4755=EDGE_LOOP('',(#461));
#4756=EDGE_LOOP('',(#462));
#4757=EDGE_LOOP('',(#463,#464,#465,#466));
#4758=EDGE_LOOP('',(#467,#468,#469,#470));
#4759=EDGE_LOOP('',(#471,#472,#473,#474));
#4760=EDGE_LOOP('',(#475,#476,#477,#478));
#4761=EDGE_LOOP('',(#479));
#4762=EDGE_LOOP('',(#480));
#4763=EDGE_LOOP('',(#481,#482,#483,#484));
#4764=EDGE_LOOP('',(#485,#486,#487,#488));
#4765=EDGE_LOOP('',(#489,#490,#491,#492));
#4766=EDGE_LOOP('',(#493,#494,#495,#496));
#4767=EDGE_LOOP('',(#497,#498,#499,#500,#501));
#4768=EDGE_LOOP('',(#502,#503,#504,#505));
#4769=EDGE_LOOP('',(#506,#507,#508,#509));
#4770=EDGE_LOOP('',(#510,#511,#512,#513));
#4771=EDGE_LOOP('',(#514,#515,#516,#517));
#4772=EDGE_LOOP('',(#518));
#4773=EDGE_LOOP('',(#519));
#4774=EDGE_LOOP('',(#520,#521,#522,#523));
#4775=EDGE_LOOP('',(#524,#525,#526,#527));
#4776=EDGE_LOOP('',(#528,#529,#530,#531));
#4777=EDGE_LOOP('',(#532,#533,#534,#535));
#4778=EDGE_LOOP('',(#536,#537,#538,#539));
#4779=EDGE_LOOP('',(#540,#541,#542,#543));
#4780=EDGE_LOOP('',(#544,#545,#546,#547,#548,#549,#550,#551,#552,#553,#554,
#555));
#4781=EDGE_LOOP('',(#556,#557,#558,#559,#560));
#4782=EDGE_LOOP('',(#561,#562,#563,#564,#565,#566));
#4783=EDGE_LOOP('',(#567,#568,#569,#570,#571));
#4784=EDGE_LOOP('',(#572,#573,#574,#575,#576,#577));
#4785=EDGE_LOOP('',(#578,#579,#580,#581));
#4786=EDGE_LOOP('',(#582,#583,#584,#585));
#4787=EDGE_LOOP('',(#586,#587,#588,#589));
#4788=EDGE_LOOP('',(#590,#591,#592,#593,#594,#595));
#4789=EDGE_LOOP('',(#596,#597,#598,#599,#600,#601));
#4790=EDGE_LOOP('',(#602,#603,#604,#605,#606));
#4791=EDGE_LOOP('',(#607,#608,#609,#610));
#4792=EDGE_LOOP('',(#611,#612,#613,#614,#615,#616));
#4793=EDGE_LOOP('',(#617,#618,#619,#620,#621));
#4794=EDGE_LOOP('',(#622,#623,#624,#625,#626,#627));
#4795=EDGE_LOOP('',(#628,#629,#630,#631));
#4796=EDGE_LOOP('',(#632,#633,#634,#635));
#4797=EDGE_LOOP('',(#636,#637,#638,#639));
#4798=EDGE_LOOP('',(#640,#641,#642,#643,#644,#645));
#4799=EDGE_LOOP('',(#646,#647,#648,#649,#650,#651));
#4800=EDGE_LOOP('',(#652,#653,#654,#655,#656));
#4801=EDGE_LOOP('',(#657,#658,#659,#660));
#4802=EDGE_LOOP('',(#661,#662,#663,#664,#665,#666));
#4803=EDGE_LOOP('',(#667,#668,#669,#670,#671));
#4804=EDGE_LOOP('',(#672,#673,#674,#675,#676,#677));
#4805=EDGE_LOOP('',(#678,#679,#680,#681));
#4806=EDGE_LOOP('',(#682,#683,#684,#685));
#4807=EDGE_LOOP('',(#686,#687,#688,#689));
#4808=EDGE_LOOP('',(#690,#691,#692,#693,#694,#695));
#4809=EDGE_LOOP('',(#696,#697,#698,#699,#700,#701));
#4810=EDGE_LOOP('',(#702,#703,#704,#705,#706));
#4811=EDGE_LOOP('',(#707,#708,#709,#710));
#4812=EDGE_LOOP('',(#711,#712,#713,#714,#715,#716));
#4813=EDGE_LOOP('',(#717,#718,#719,#720,#721));
#4814=EDGE_LOOP('',(#722,#723,#724,#725,#726,#727));
#4815=EDGE_LOOP('',(#728,#729,#730,#731));
#4816=EDGE_LOOP('',(#732,#733,#734,#735));
#4817=EDGE_LOOP('',(#736,#737,#738,#739));
#4818=EDGE_LOOP('',(#740,#741,#742,#743,#744,#745));
#4819=EDGE_LOOP('',(#746,#747,#748,#749,#750,#751));
#4820=EDGE_LOOP('',(#752,#753,#754,#755,#756));
#4821=EDGE_LOOP('',(#757,#758,#759,#760));
#4822=EDGE_LOOP('',(#761,#762,#763,#764,#765,#766));
#4823=EDGE_LOOP('',(#767,#768,#769,#770,#771));
#4824=EDGE_LOOP('',(#772,#773,#774,#775,#776,#777));
#4825=EDGE_LOOP('',(#778,#779,#780,#781));
#4826=EDGE_LOOP('',(#782,#783,#784,#785));
#4827=EDGE_LOOP('',(#786,#787,#788,#789));
#4828=EDGE_LOOP('',(#790,#791,#792,#793,#794,#795));
#4829=EDGE_LOOP('',(#796,#797,#798,#799,#800,#801));
#4830=EDGE_LOOP('',(#802,#803,#804,#805,#806));
#4831=EDGE_LOOP('',(#807,#808,#809,#810));
#4832=EDGE_LOOP('',(#811,#812,#813,#814));
#4833=EDGE_LOOP('',(#815,#816,#817,#818));
#4834=EDGE_LOOP('',(#819,#820,#821,#822));
#4835=EDGE_LOOP('',(#823,#824,#825,#826));
#4836=EDGE_LOOP('',(#827,#828,#829,#830,#831,#832));
#4837=EDGE_LOOP('',(#833,#834,#835,#836,#837));
#4838=EDGE_LOOP('',(#838,#839,#840,#841,#842));
#4839=EDGE_LOOP('',(#843,#844,#845,#846,#847));
#4840=EDGE_LOOP('',(#848,#849,#850,#851,#852));
#4841=EDGE_LOOP('',(#853,#854,#855,#856));
#4842=EDGE_LOOP('',(#857,#858,#859,#860,#861,#862));
#4843=EDGE_LOOP('',(#863,#864,#865,#866,#867));
#4844=EDGE_LOOP('',(#868,#869,#870,#871,#872,#873));
#4845=EDGE_LOOP('',(#874,#875,#876,#877));
#4846=EDGE_LOOP('',(#878,#879,#880,#881));
#4847=EDGE_LOOP('',(#882,#883,#884,#885));
#4848=EDGE_LOOP('',(#886,#887,#888,#889,#890,#891));
#4849=EDGE_LOOP('',(#892,#893,#894,#895,#896,#897));
#4850=EDGE_LOOP('',(#898,#899,#900,#901,#902));
#4851=EDGE_LOOP('',(#903,#904,#905,#906));
#4852=EDGE_LOOP('',(#907,#908,#909,#910,#911,#912));
#4853=EDGE_LOOP('',(#913,#914,#915,#916,#917));
#4854=EDGE_LOOP('',(#918,#919,#920,#921,#922,#923));
#4855=EDGE_LOOP('',(#924,#925,#926,#927));
#4856=EDGE_LOOP('',(#928,#929,#930,#931));
#4857=EDGE_LOOP('',(#932,#933,#934,#935));
#4858=EDGE_LOOP('',(#936,#937,#938,#939,#940,#941));
#4859=EDGE_LOOP('',(#942,#943,#944,#945,#946,#947));
#4860=EDGE_LOOP('',(#948,#949,#950,#951,#952));
#4861=EDGE_LOOP('',(#953,#954,#955,#956));
#4862=EDGE_LOOP('',(#957,#958,#959,#960,#961,#962));
#4863=EDGE_LOOP('',(#963,#964,#965,#966,#967));
#4864=EDGE_LOOP('',(#968,#969,#970,#971,#972,#973));
#4865=EDGE_LOOP('',(#974,#975,#976,#977));
#4866=EDGE_LOOP('',(#978,#979,#980,#981));
#4867=EDGE_LOOP('',(#982,#983,#984,#985));
#4868=EDGE_LOOP('',(#986,#987,#988,#989,#990,#991));
#4869=EDGE_LOOP('',(#992,#993,#994,#995,#996,#997));
#4870=EDGE_LOOP('',(#998,#999,#1000,#1001,#1002));
#4871=EDGE_LOOP('',(#1003,#1004,#1005,#1006));
#4872=EDGE_LOOP('',(#1007,#1008,#1009,#1010,#1011));
#4873=EDGE_LOOP('',(#1012,#1013,#1014,#1015,#1016));
#4874=EDGE_LOOP('',(#1017,#1018,#1019,#1020));
#4875=EDGE_LOOP('',(#1021,#1022,#1023,#1024));
#4876=EDGE_LOOP('',(#1025,#1026,#1027,#1028));
#4877=EDGE_LOOP('',(#1029,#1030,#1031,#1032));
#4878=EDGE_LOOP('',(#1033,#1034,#1035,#1036,#1037,#1038));
#4879=EDGE_LOOP('',(#1039,#1040,#1041,#1042,#1043));
#4880=EDGE_LOOP('',(#1044,#1045,#1046,#1047,#1048));
#4881=EDGE_LOOP('',(#1049,#1050,#1051,#1052));
#4882=EDGE_LOOP('',(#1053,#1054));
#4883=EDGE_LOOP('',(#1055,#1056,#1057,#1058));
#4884=EDGE_LOOP('',(#1059,#1060,#1061,#1062));
#4885=EDGE_LOOP('',(#1063,#1064,#1065,#1066));
#4886=EDGE_LOOP('',(#1067,#1068));
#4887=EDGE_LOOP('',(#1069));
#4888=EDGE_LOOP('',(#1070));
#4889=EDGE_LOOP('',(#1071,#1072,#1073,#1074,#1075,#1076,#1077,#1078));
#4890=EDGE_LOOP('',(#1079));
#4891=EDGE_LOOP('',(#1080));
#4892=EDGE_LOOP('',(#1081));
#4893=EDGE_LOOP('',(#1082));
#4894=EDGE_LOOP('',(#1083));
#4895=EDGE_LOOP('',(#1084));
#4896=EDGE_LOOP('',(#1085));
#4897=EDGE_LOOP('',(#1086,#1087));
#4898=EDGE_LOOP('',(#1088,#1089,#1090,#1091));
#4899=EDGE_LOOP('',(#1092,#1093,#1094,#1095));
#4900=EDGE_LOOP('',(#1096,#1097,#1098,#1099));
#4901=EDGE_LOOP('',(#1100,#1101));
#4902=EDGE_LOOP('',(#1102));
#4903=EDGE_LOOP('',(#1103));
#4904=EDGE_LOOP('',(#1104,#1105,#1106,#1107,#1108,#1109,#1110,#1111));
#4905=EDGE_LOOP('',(#1112));
#4906=EDGE_LOOP('',(#1113,#1114,#1115,#1116,#1117));
#4907=EDGE_LOOP('',(#1118));
#4908=EDGE_LOOP('',(#1119));
#4909=EDGE_LOOP('',(#1120));
#4910=EDGE_LOOP('',(#1121));
#4911=EDGE_LOOP('',(#1122,#1123));
#4912=EDGE_LOOP('',(#1124,#1125,#1126,#1127));
#4913=EDGE_LOOP('',(#1128,#1129,#1130,#1131));
#4914=EDGE_LOOP('',(#1132,#1133,#1134,#1135));
#4915=EDGE_LOOP('',(#1136,#1137));
#4916=EDGE_LOOP('',(#1138));
#4917=EDGE_LOOP('',(#1139,#1140,#1141,#1142,#1143,#1144,#1145,#1146));
#4918=EDGE_LOOP('',(#1147));
#4919=EDGE_LOOP('',(#1148));
#4920=EDGE_LOOP('',(#1149));
#4921=EDGE_LOOP('',(#1150));
#4922=EDGE_LOOP('',(#1151));
#4923=EDGE_LOOP('',(#1152));
#4924=EDGE_LOOP('',(#1153));
#4925=EDGE_LOOP('',(#1154,#1155));
#4926=EDGE_LOOP('',(#1156,#1157,#1158,#1159));
#4927=EDGE_LOOP('',(#1160,#1161,#1162,#1163));
#4928=EDGE_LOOP('',(#1164,#1165,#1166,#1167));
#4929=EDGE_LOOP('',(#1168,#1169));
#4930=EDGE_LOOP('',(#1170));
#4931=EDGE_LOOP('',(#1171));
#4932=EDGE_LOOP('',(#1172,#1173,#1174,#1175,#1176,#1177,#1178,#1179));
#4933=EDGE_LOOP('',(#1180));
#4934=EDGE_LOOP('',(#1181));
#4935=EDGE_LOOP('',(#1182));
#4936=EDGE_LOOP('',(#1183));
#4937=EDGE_LOOP('',(#1184));
#4938=EDGE_LOOP('',(#1185));
#4939=EDGE_LOOP('',(#1186));
#4940=EDGE_LOOP('',(#1187,#1188));
#4941=EDGE_LOOP('',(#1189,#1190,#1191,#1192));
#4942=EDGE_LOOP('',(#1193,#1194,#1195,#1196));
#4943=EDGE_LOOP('',(#1197,#1198,#1199,#1200));
#4944=EDGE_LOOP('',(#1201,#1202));
#4945=EDGE_LOOP('',(#1203));
#4946=EDGE_LOOP('',(#1204,#1205,#1206,#1207,#1208,#1209,#1210,#1211));
#4947=EDGE_LOOP('',(#1212));
#4948=EDGE_LOOP('',(#1213));
#4949=EDGE_LOOP('',(#1214));
#4950=EDGE_LOOP('',(#1215));
#4951=EDGE_LOOP('',(#1216));
#4952=EDGE_LOOP('',(#1217));
#4953=EDGE_LOOP('',(#1218,#1219));
#4954=EDGE_LOOP('',(#1220,#1221,#1222,#1223));
#4955=EDGE_LOOP('',(#1224,#1225,#1226,#1227));
#4956=EDGE_LOOP('',(#1228,#1229,#1230,#1231));
#4957=EDGE_LOOP('',(#1232,#1233));
#4958=EDGE_LOOP('',(#1234));
#4959=EDGE_LOOP('',(#1235));
#4960=EDGE_LOOP('',(#1236,#1237,#1238,#1239,#1240,#1241,#1242,#1243));
#4961=EDGE_LOOP('',(#1244));
#4962=EDGE_LOOP('',(#1245));
#4963=EDGE_LOOP('',(#1246));
#4964=EDGE_LOOP('',(#1247));
#4965=EDGE_LOOP('',(#1248));
#4966=EDGE_LOOP('',(#1249));
#4967=EDGE_LOOP('',(#1250));
#4968=EDGE_LOOP('',(#1251,#1252));
#4969=EDGE_LOOP('',(#1253,#1254,#1255,#1256));
#4970=EDGE_LOOP('',(#1257,#1258,#1259,#1260));
#4971=EDGE_LOOP('',(#1261,#1262,#1263,#1264));
#4972=EDGE_LOOP('',(#1265,#1266));
#4973=EDGE_LOOP('',(#1267));
#4974=EDGE_LOOP('',(#1268));
#4975=EDGE_LOOP('',(#1269,#1270,#1271,#1272,#1273,#1274,#1275,#1276));
#4976=EDGE_LOOP('',(#1277));
#4977=EDGE_LOOP('',(#1278));
#4978=EDGE_LOOP('',(#1279));
#4979=EDGE_LOOP('',(#1280));
#4980=EDGE_LOOP('',(#1281));
#4981=EDGE_LOOP('',(#1282));
#4982=EDGE_LOOP('',(#1283,#1284));
#4983=EDGE_LOOP('',(#1285,#1286,#1287,#1288));
#4984=EDGE_LOOP('',(#1289,#1290,#1291,#1292));
#4985=EDGE_LOOP('',(#1293,#1294,#1295,#1296));
#4986=EDGE_LOOP('',(#1297,#1298));
#4987=EDGE_LOOP('',(#1299));
#4988=EDGE_LOOP('',(#1300));
#4989=EDGE_LOOP('',(#1301,#1302,#1303,#1304,#1305,#1306,#1307,#1308));
#4990=EDGE_LOOP('',(#1309));
#4991=EDGE_LOOP('',(#1310));
#4992=EDGE_LOOP('',(#1311));
#4993=EDGE_LOOP('',(#1312));
#4994=EDGE_LOOP('',(#1313));
#4995=EDGE_LOOP('',(#1314));
#4996=EDGE_LOOP('',(#1315,#1316));
#4997=EDGE_LOOP('',(#1317,#1318,#1319,#1320));
#4998=EDGE_LOOP('',(#1321,#1322,#1323,#1324));
#4999=EDGE_LOOP('',(#1325,#1326,#1327,#1328));
#5000=EDGE_LOOP('',(#1329,#1330));
#5001=EDGE_LOOP('',(#1331));
#5002=EDGE_LOOP('',(#1332));
#5003=EDGE_LOOP('',(#1333,#1334,#1335,#1336,#1337,#1338,#1339,#1340));
#5004=EDGE_LOOP('',(#1341));
#5005=EDGE_LOOP('',(#1342));
#5006=EDGE_LOOP('',(#1343));
#5007=EDGE_LOOP('',(#1344));
#5008=EDGE_LOOP('',(#1345));
#5009=EDGE_LOOP('',(#1346));
#5010=EDGE_LOOP('',(#1347));
#5011=EDGE_LOOP('',(#1348,#1349));
#5012=EDGE_LOOP('',(#1350,#1351,#1352,#1353));
#5013=EDGE_LOOP('',(#1354,#1355,#1356,#1357));
#5014=EDGE_LOOP('',(#1358,#1359,#1360,#1361));
#5015=EDGE_LOOP('',(#1362,#1363));
#5016=EDGE_LOOP('',(#1364));
#5017=EDGE_LOOP('',(#1365));
#5018=EDGE_LOOP('',(#1366,#1367,#1368,#1369,#1370,#1371,#1372,#1373));
#5019=EDGE_LOOP('',(#1374));
#5020=EDGE_LOOP('',(#1375));
#5021=EDGE_LOOP('',(#1376));
#5022=EDGE_LOOP('',(#1377));
#5023=EDGE_LOOP('',(#1378));
#5024=EDGE_LOOP('',(#1379));
#5025=EDGE_LOOP('',(#1380));
#5026=EDGE_LOOP('',(#1381,#1382,#1383,#1384));
#5027=EDGE_LOOP('',(#1385,#1386,#1387,#1388));
#5028=EDGE_LOOP('',(#1389,#1390,#1391,#1392));
#5029=EDGE_LOOP('',(#1393));
#5030=EDGE_LOOP('',(#1394));
#5031=EDGE_LOOP('',(#1395));
#5032=EDGE_LOOP('',(#1396));
#5033=EDGE_LOOP('',(#1397));
#5034=EDGE_LOOP('',(#1398));
#5035=EDGE_LOOP('',(#1399));
#5036=EDGE_LOOP('',(#1400));
#5037=EDGE_LOOP('',(#1401));
#5038=EDGE_LOOP('',(#1402));
#5039=EDGE_LOOP('',(#1403,#1404,#1405,#1406));
#5040=EDGE_LOOP('',(#1407,#1408,#1409,#1410));
#5041=EDGE_LOOP('',(#1411,#1412,#1413,#1414));
#5042=EDGE_LOOP('',(#1415,#1416,#1417,#1418));
#5043=EDGE_LOOP('',(#1419,#1420,#1421,#1422));
#5044=EDGE_LOOP('',(#1423,#1424,#1425,#1426));
#5045=EDGE_LOOP('',(#1427,#1428,#1429,#1430));
#5046=EDGE_LOOP('',(#1431,#1432,#1433,#1434));
#5047=EDGE_LOOP('',(#1435,#1436,#1437,#1438));
#5048=EDGE_LOOP('',(#1439,#1440,#1441,#1442));
#5049=EDGE_LOOP('',(#1443,#1444,#1445,#1446));
#5050=EDGE_LOOP('',(#1447,#1448,#1449,#1450));
#5051=EDGE_LOOP('',(#1451,#1452,#1453,#1454));
#5052=EDGE_LOOP('',(#1455,#1456,#1457,#1458));
#5053=EDGE_LOOP('',(#1459,#1460,#1461,#1462));
#5054=EDGE_LOOP('',(#1463,#1464,#1465,#1466));
#5055=EDGE_LOOP('',(#1467,#1468,#1469,#1470));
#5056=EDGE_LOOP('',(#1471,#1472,#1473,#1474));
#5057=EDGE_LOOP('',(#1475,#1476,#1477,#1478));
#5058=EDGE_LOOP('',(#1479,#1480));
#5059=EDGE_LOOP('',(#1481,#1482,#1483,#1484));
#5060=EDGE_LOOP('',(#1485));
#5061=EDGE_LOOP('',(#1486));
#5062=EDGE_LOOP('',(#1487,#1488,#1489,#1490,#1491,#1492));
#5063=EDGE_LOOP('',(#1493,#1494,#1495,#1496));
#5064=EDGE_LOOP('',(#1497,#1498,#1499,#1500));
#5065=EDGE_LOOP('',(#1501,#1502,#1503,#1504,#1505,#1506,#1507,#1508,#1509,
#1510,#1511,#1512,#1513,#1514,#1515,#1516,#1517,#1518,#1519,#1520));
#5066=EDGE_LOOP('',(#1521,#1522,#1523,#1524));
#5067=EDGE_LOOP('',(#1525,#1526,#1527,#1528));
#5068=EDGE_LOOP('',(#1529,#1530,#1531,#1532));
#5069=EDGE_LOOP('',(#1533,#1534,#1535,#1536));
#5070=EDGE_LOOP('',(#1537,#1538,#1539,#1540,#1541,#1542,#1543,#1544));
#5071=EDGE_LOOP('',(#1545,#1546,#1547,#1548,#1549));
#5072=EDGE_LOOP('',(#1550,#1551,#1552,#1553));
#5073=EDGE_LOOP('',(#1554,#1555,#1556,#1557,#1558));
#5074=EDGE_LOOP('',(#1559));
#5075=EDGE_LOOP('',(#1560));
#5076=EDGE_LOOP('',(#1561,#1562,#1563,#1564,#1565,#1566));
#5077=EDGE_LOOP('',(#1567,#1568,#1569,#1570,#1571,#1572,#1573,#1574,#1575,
#1576,#1577,#1578));
#5078=EDGE_LOOP('',(#1579,#1580,#1581,#1582,#1583,#1584));
#5079=EDGE_LOOP('',(#1585,#1586,#1587,#1588,#1589,#1590,#1591,#1592,#1593,
#1594,#1595,#1596));
#5080=EDGE_LOOP('',(#1597,#1598,#1599,#1600));
#5081=EDGE_LOOP('',(#1601,#1602,#1603,#1604));
#5082=EDGE_LOOP('',(#1605,#1606,#1607,#1608,#1609,#1610,#1611,#1612));
#5083=EDGE_LOOP('',(#1613,#1614,#1615,#1616));
#5084=EDGE_LOOP('',(#1617,#1618,#1619,#1620));
#5085=EDGE_LOOP('',(#1621,#1622,#1623,#1624,#1625,#1626,#1627,#1628,#1629,
#1630,#1631,#1632,#1633,#1634,#1635,#1636,#1637,#1638,#1639,#1640));
#5086=EDGE_LOOP('',(#1641,#1642,#1643,#1644));
#5087=EDGE_LOOP('',(#1645,#1646,#1647,#1648));
#5088=EDGE_LOOP('',(#1649));
#5089=EDGE_LOOP('',(#1650));
#5090=EDGE_LOOP('',(#1651,#1652));
#5091=EDGE_LOOP('',(#1653,#1654,#1655,#1656,#1657,#1658));
#5092=EDGE_LOOP('',(#1659,#1660,#1661,#1662));
#5093=EDGE_LOOP('',(#1663));
#5094=EDGE_LOOP('',(#1664));
#5095=EDGE_LOOP('',(#1665,#1666,#1667,#1668));
#5096=EDGE_LOOP('',(#1669,#1670,#1671,#1672,#1673,#1674));
#5097=EDGE_LOOP('',(#1675,#1676,#1677,#1678));
#5098=EDGE_LOOP('',(#1679));
#5099=EDGE_LOOP('',(#1680));
#5100=EDGE_LOOP('',(#1681,#1682,#1683,#1684));
#5101=EDGE_LOOP('',(#1685,#1686,#1687,#1688,#1689,#1690));
#5102=EDGE_LOOP('',(#1691,#1692,#1693,#1694));
#5103=EDGE_LOOP('',(#1695));
#5104=EDGE_LOOP('',(#1696));
#5105=EDGE_LOOP('',(#1697,#1698,#1699,#1700));
#5106=EDGE_LOOP('',(#1701,#1702,#1703,#1704,#1705,#1706));
#5107=EDGE_LOOP('',(#1707,#1708,#1709,#1710));
#5108=EDGE_LOOP('',(#1711,#1712,#1713,#1714));
#5109=EDGE_LOOP('',(#1715,#1716,#1717,#1718));
#5110=EDGE_LOOP('',(#1719,#1720,#1721,#1722,#1723,#1724));
#5111=EDGE_LOOP('',(#1725,#1726,#1727,#1728));
#5112=EDGE_LOOP('',(#1729));
#5113=EDGE_LOOP('',(#1730));
#5114=EDGE_LOOP('',(#1731,#1732,#1733,#1734,#1735,#1736));
#5115=EDGE_LOOP('',(#1737,#1738,#1739,#1740));
#5116=EDGE_LOOP('',(#1741));
#5117=EDGE_LOOP('',(#1742));
#5118=EDGE_LOOP('',(#1743,#1744,#1745,#1746,#1747,#1748));
#5119=EDGE_LOOP('',(#1749,#1750,#1751,#1752));
#5120=EDGE_LOOP('',(#1753));
#5121=EDGE_LOOP('',(#1754));
#5122=EDGE_LOOP('',(#1755,#1756,#1757,#1758,#1759,#1760));
#5123=EDGE_LOOP('',(#1761,#1762,#1763,#1764));
#5124=EDGE_LOOP('',(#1765,#1766));
#5125=EDGE_LOOP('',(#1767,#1768,#1769,#1770,#1771,#1772,#1773,#1774,#1775,
#1776,#1777,#1778,#1779,#1780,#1781,#1782,#1783,#1784,#1785,#1786,#1787,
#1788,#1789,#1790));
#5126=EDGE_LOOP('',(#1791,#1792,#1793,#1794));
#5127=EDGE_LOOP('',(#1795));
#5128=EDGE_LOOP('',(#1796));
#5129=EDGE_LOOP('',(#1797,#1798,#1799,#1800,#1801,#1802));
#5130=EDGE_LOOP('',(#1803,#1804,#1805,#1806,#1807,#1808,#1809,#1810,#1811,
#1812,#1813,#1814,#1815,#1816,#1817,#1818,#1819,#1820,#1821,#1822,#1823,
#1824,#1825,#1826,#1827,#1828,#1829,#1830,#1831,#1832,#1833,#1834,#1835,
#1836,#1837,#1838,#1839,#1840,#1841,#1842,#1843,#1844,#1845,#1846,#1847,
#1848,#1849,#1850,#1851,#1852,#1853,#1854,#1855,#1856,#1857,#1858,#1859,
#1860,#1861,#1862,#1863,#1864,#1865,#1866));
#5131=EDGE_LOOP('',(#1867));
#5132=EDGE_LOOP('',(#1868));
#5133=EDGE_LOOP('',(#1869));
#5134=EDGE_LOOP('',(#1870));
#5135=EDGE_LOOP('',(#1871));
#5136=EDGE_LOOP('',(#1872));
#5137=EDGE_LOOP('',(#1873));
#5138=EDGE_LOOP('',(#1874));
#5139=EDGE_LOOP('',(#1875));
#5140=EDGE_LOOP('',(#1876));
#5141=EDGE_LOOP('',(#1877,#1878,#1879,#1880));
#5142=EDGE_LOOP('',(#1881,#1882,#1883,#1884));
#5143=EDGE_LOOP('',(#1885,#1886,#1887,#1888,#1889));
#5144=EDGE_LOOP('',(#1890,#1891,#1892,#1893,#1894,#1895,#1896,#1897,#1898,
#1899,#1900,#1901,#1902,#1903,#1904,#1905,#1906,#1907,#1908,#1909));
#5145=EDGE_LOOP('',(#1910,#1911,#1912,#1913));
#5146=EDGE_LOOP('',(#1914,#1915,#1916,#1917,#1918));
#5147=EDGE_LOOP('',(#1919));
#5148=EDGE_LOOP('',(#1920,#1921,#1922,#1923,#1924,#1925));
#5149=EDGE_LOOP('',(#1926,#1927,#1928,#1929,#1930,#1931,#1932,#1933,#1934,
#1935,#1936,#1937));
#5150=EDGE_LOOP('',(#1938,#1939,#1940,#1941,#1942));
#5151=EDGE_LOOP('',(#1943,#1944,#1945,#1946,#1947));
#5152=EDGE_LOOP('',(#1948,#1949,#1950,#1951,#1952));
#5153=EDGE_LOOP('',(#1953,#1954,#1955,#1956,#1957,#1958,#1959,#1960));
#5154=EDGE_LOOP('',(#1961,#1962,#1963,#1964));
#5155=FACE_BOUND('',#4697,.T.);
#5156=FACE_BOUND('',#4698,.T.);
#5157=FACE_BOUND('',#4699,.T.);
#5158=FACE_BOUND('',#4700,.T.);
#5159=FACE_BOUND('',#4701,.T.);
#5160=FACE_BOUND('',#4702,.T.);
#5161=FACE_BOUND('',#4703,.T.);
#5162=FACE_BOUND('',#4704,.T.);
#5163=FACE_BOUND('',#4705,.T.);
#5164=FACE_BOUND('',#4706,.T.);
#5165=FACE_BOUND('',#4707,.T.);
#5166=FACE_BOUND('',#4708,.T.);
#5167=FACE_BOUND('',#4709,.T.);
#5168=FACE_BOUND('',#4710,.T.);
#5169=FACE_BOUND('',#4711,.T.);
#5170=FACE_BOUND('',#4712,.T.);
#5171=FACE_BOUND('',#4713,.T.);
#5172=FACE_BOUND('',#4714,.T.);
#5173=FACE_BOUND('',#4715,.T.);
#5174=FACE_BOUND('',#4716,.T.);
#5175=FACE_BOUND('',#4717,.T.);
#5176=FACE_BOUND('',#4718,.T.);
#5177=FACE_BOUND('',#4719,.T.);
#5178=FACE_BOUND('',#4720,.T.);
#5179=FACE_BOUND('',#4721,.T.);
#5180=FACE_BOUND('',#4722,.T.);
#5181=FACE_BOUND('',#4723,.T.);
#5182=FACE_BOUND('',#4724,.T.);
#5183=FACE_BOUND('',#4725,.T.);
#5184=FACE_BOUND('',#4726,.T.);
#5185=FACE_BOUND('',#4727,.T.);
#5186=FACE_BOUND('',#4728,.T.);
#5187=FACE_BOUND('',#4729,.T.);
#5188=FACE_BOUND('',#4730,.T.);
#5189=FACE_BOUND('',#4731,.T.);
#5190=FACE_BOUND('',#4732,.T.);
#5191=FACE_BOUND('',#4733,.T.);
#5192=FACE_BOUND('',#4734,.T.);
#5193=FACE_BOUND('',#4735,.T.);
#5194=FACE_BOUND('',#4736,.T.);
#5195=FACE_BOUND('',#4737,.T.);
#5196=FACE_BOUND('',#4738,.T.);
#5197=FACE_BOUND('',#4739,.T.);
#5198=FACE_BOUND('',#4740,.T.);
#5199=FACE_BOUND('',#4741,.T.);
#5200=FACE_BOUND('',#4742,.T.);
#5201=FACE_BOUND('',#4743,.T.);
#5202=FACE_BOUND('',#4744,.T.);
#5203=FACE_BOUND('',#4745,.T.);
#5204=FACE_BOUND('',#4746,.T.);
#5205=FACE_BOUND('',#4747,.T.);
#5206=FACE_BOUND('',#4748,.T.);
#5207=FACE_BOUND('',#4749,.T.);
#5208=FACE_BOUND('',#4750,.T.);
#5209=FACE_BOUND('',#4751,.T.);
#5210=FACE_BOUND('',#4752,.T.);
#5211=FACE_BOUND('',#4753,.T.);
#5212=FACE_BOUND('',#4754,.T.);
#5213=FACE_BOUND('',#4755,.T.);
#5214=FACE_BOUND('',#4756,.T.);
#5215=FACE_BOUND('',#4757,.T.);
#5216=FACE_BOUND('',#4758,.T.);
#5217=FACE_BOUND('',#4759,.T.);
#5218=FACE_BOUND('',#4760,.T.);
#5219=FACE_BOUND('',#4761,.T.);
#5220=FACE_BOUND('',#4762,.T.);
#5221=FACE_BOUND('',#4763,.T.);
#5222=FACE_BOUND('',#4764,.T.);
#5223=FACE_BOUND('',#4765,.T.);
#5224=FACE_BOUND('',#4766,.T.);
#5225=FACE_BOUND('',#4767,.T.);
#5226=FACE_BOUND('',#4768,.T.);
#5227=FACE_BOUND('',#4769,.T.);
#5228=FACE_BOUND('',#4770,.T.);
#5229=FACE_BOUND('',#4771,.T.);
#5230=FACE_BOUND('',#4772,.T.);
#5231=FACE_BOUND('',#4773,.T.);
#5232=FACE_BOUND('',#4774,.T.);
#5233=FACE_BOUND('',#4775,.T.);
#5234=FACE_BOUND('',#4776,.T.);
#5235=FACE_BOUND('',#4777,.T.);
#5236=FACE_BOUND('',#4778,.T.);
#5237=FACE_BOUND('',#4779,.T.);
#5238=FACE_BOUND('',#4780,.T.);
#5239=FACE_BOUND('',#4781,.T.);
#5240=FACE_BOUND('',#4782,.T.);
#5241=FACE_BOUND('',#4783,.T.);
#5242=FACE_BOUND('',#4784,.T.);
#5243=FACE_BOUND('',#4785,.T.);
#5244=FACE_BOUND('',#4786,.T.);
#5245=FACE_BOUND('',#4787,.T.);
#5246=FACE_BOUND('',#4788,.T.);
#5247=FACE_BOUND('',#4789,.T.);
#5248=FACE_BOUND('',#4790,.T.);
#5249=FACE_BOUND('',#4791,.T.);
#5250=FACE_BOUND('',#4792,.T.);
#5251=FACE_BOUND('',#4793,.T.);
#5252=FACE_BOUND('',#4794,.T.);
#5253=FACE_BOUND('',#4795,.T.);
#5254=FACE_BOUND('',#4796,.T.);
#5255=FACE_BOUND('',#4797,.T.);
#5256=FACE_BOUND('',#4798,.T.);
#5257=FACE_BOUND('',#4799,.T.);
#5258=FACE_BOUND('',#4800,.T.);
#5259=FACE_BOUND('',#4801,.T.);
#5260=FACE_BOUND('',#4802,.T.);
#5261=FACE_BOUND('',#4803,.T.);
#5262=FACE_BOUND('',#4804,.T.);
#5263=FACE_BOUND('',#4805,.T.);
#5264=FACE_BOUND('',#4806,.T.);
#5265=FACE_BOUND('',#4807,.T.);
#5266=FACE_BOUND('',#4808,.T.);
#5267=FACE_BOUND('',#4809,.T.);
#5268=FACE_BOUND('',#4810,.T.);
#5269=FACE_BOUND('',#4811,.T.);
#5270=FACE_BOUND('',#4812,.T.);
#5271=FACE_BOUND('',#4813,.T.);
#5272=FACE_BOUND('',#4814,.T.);
#5273=FACE_BOUND('',#4815,.T.);
#5274=FACE_BOUND('',#4816,.T.);
#5275=FACE_BOUND('',#4817,.T.);
#5276=FACE_BOUND('',#4818,.T.);
#5277=FACE_BOUND('',#4819,.T.);
#5278=FACE_BOUND('',#4820,.T.);
#5279=FACE_BOUND('',#4821,.T.);
#5280=FACE_BOUND('',#4822,.T.);
#5281=FACE_BOUND('',#4823,.T.);
#5282=FACE_BOUND('',#4824,.T.);
#5283=FACE_BOUND('',#4825,.T.);
#5284=FACE_BOUND('',#4826,.T.);
#5285=FACE_BOUND('',#4827,.T.);
#5286=FACE_BOUND('',#4828,.T.);
#5287=FACE_BOUND('',#4829,.T.);
#5288=FACE_BOUND('',#4830,.T.);
#5289=FACE_BOUND('',#4831,.T.);
#5290=FACE_BOUND('',#4832,.T.);
#5291=FACE_BOUND('',#4833,.T.);
#5292=FACE_BOUND('',#4834,.T.);
#5293=FACE_BOUND('',#4835,.T.);
#5294=FACE_BOUND('',#4836,.T.);
#5295=FACE_BOUND('',#4837,.T.);
#5296=FACE_BOUND('',#4838,.T.);
#5297=FACE_BOUND('',#4839,.T.);
#5298=FACE_BOUND('',#4840,.T.);
#5299=FACE_BOUND('',#4841,.T.);
#5300=FACE_BOUND('',#4842,.T.);
#5301=FACE_BOUND('',#4843,.T.);
#5302=FACE_BOUND('',#4844,.T.);
#5303=FACE_BOUND('',#4845,.T.);
#5304=FACE_BOUND('',#4846,.T.);
#5305=FACE_BOUND('',#4847,.T.);
#5306=FACE_BOUND('',#4848,.T.);
#5307=FACE_BOUND('',#4849,.T.);
#5308=FACE_BOUND('',#4850,.T.);
#5309=FACE_BOUND('',#4851,.T.);
#5310=FACE_BOUND('',#4852,.T.);
#5311=FACE_BOUND('',#4853,.T.);
#5312=FACE_BOUND('',#4854,.T.);
#5313=FACE_BOUND('',#4855,.T.);
#5314=FACE_BOUND('',#4856,.T.);
#5315=FACE_BOUND('',#4857,.T.);
#5316=FACE_BOUND('',#4858,.T.);
#5317=FACE_BOUND('',#4859,.T.);
#5318=FACE_BOUND('',#4860,.T.);
#5319=FACE_BOUND('',#4861,.T.);
#5320=FACE_BOUND('',#4862,.T.);
#5321=FACE_BOUND('',#4863,.T.);
#5322=FACE_BOUND('',#4864,.T.);
#5323=FACE_BOUND('',#4865,.T.);
#5324=FACE_BOUND('',#4866,.T.);
#5325=FACE_BOUND('',#4867,.T.);
#5326=FACE_BOUND('',#4868,.T.);
#5327=FACE_BOUND('',#4869,.T.);
#5328=FACE_BOUND('',#4870,.T.);
#5329=FACE_BOUND('',#4871,.T.);
#5330=FACE_BOUND('',#4872,.T.);
#5331=FACE_BOUND('',#4873,.T.);
#5332=FACE_BOUND('',#4874,.T.);
#5333=FACE_BOUND('',#4875,.T.);
#5334=FACE_BOUND('',#4876,.T.);
#5335=FACE_BOUND('',#4877,.T.);
#5336=FACE_BOUND('',#4878,.T.);
#5337=FACE_BOUND('',#4879,.T.);
#5338=FACE_BOUND('',#4880,.T.);
#5339=FACE_BOUND('',#4881,.T.);
#5340=FACE_BOUND('',#4882,.T.);
#5341=FACE_BOUND('',#4883,.T.);
#5342=FACE_BOUND('',#4884,.T.);
#5343=FACE_BOUND('',#4885,.T.);
#5344=FACE_BOUND('',#4886,.T.);
#5345=FACE_BOUND('',#4887,.T.);
#5346=FACE_BOUND('',#4888,.T.);
#5347=FACE_BOUND('',#4889,.T.);
#5348=FACE_BOUND('',#4890,.T.);
#5349=FACE_BOUND('',#4891,.T.);
#5350=FACE_BOUND('',#4892,.T.);
#5351=FACE_BOUND('',#4893,.T.);
#5352=FACE_BOUND('',#4894,.T.);
#5353=FACE_BOUND('',#4895,.T.);
#5354=FACE_BOUND('',#4896,.T.);
#5355=FACE_BOUND('',#4897,.T.);
#5356=FACE_BOUND('',#4898,.T.);
#5357=FACE_BOUND('',#4899,.T.);
#5358=FACE_BOUND('',#4900,.T.);
#5359=FACE_BOUND('',#4901,.T.);
#5360=FACE_BOUND('',#4902,.T.);
#5361=FACE_BOUND('',#4903,.T.);
#5362=FACE_BOUND('',#4904,.T.);
#5363=FACE_BOUND('',#4905,.T.);
#5364=FACE_BOUND('',#4906,.T.);
#5365=FACE_BOUND('',#4907,.T.);
#5366=FACE_BOUND('',#4908,.T.);
#5367=FACE_BOUND('',#4909,.T.);
#5368=FACE_BOUND('',#4910,.T.);
#5369=FACE_BOUND('',#4911,.T.);
#5370=FACE_BOUND('',#4912,.T.);
#5371=FACE_BOUND('',#4913,.T.);
#5372=FACE_BOUND('',#4914,.T.);
#5373=FACE_BOUND('',#4915,.T.);
#5374=FACE_BOUND('',#4916,.T.);
#5375=FACE_BOUND('',#4917,.T.);
#5376=FACE_BOUND('',#4918,.T.);
#5377=FACE_BOUND('',#4919,.T.);
#5378=FACE_BOUND('',#4920,.T.);
#5379=FACE_BOUND('',#4921,.T.);
#5380=FACE_BOUND('',#4922,.T.);
#5381=FACE_BOUND('',#4923,.T.);
#5382=FACE_BOUND('',#4924,.T.);
#5383=FACE_BOUND('',#4925,.T.);
#5384=FACE_BOUND('',#4926,.T.);
#5385=FACE_BOUND('',#4927,.T.);
#5386=FACE_BOUND('',#4928,.T.);
#5387=FACE_BOUND('',#4929,.T.);
#5388=FACE_BOUND('',#4930,.T.);
#5389=FACE_BOUND('',#4931,.T.);
#5390=FACE_BOUND('',#4932,.T.);
#5391=FACE_BOUND('',#4933,.T.);
#5392=FACE_BOUND('',#4934,.T.);
#5393=FACE_BOUND('',#4935,.T.);
#5394=FACE_BOUND('',#4936,.T.);
#5395=FACE_BOUND('',#4937,.T.);
#5396=FACE_BOUND('',#4938,.T.);
#5397=FACE_BOUND('',#4939,.T.);
#5398=FACE_BOUND('',#4940,.T.);
#5399=FACE_BOUND('',#4941,.T.);
#5400=FACE_BOUND('',#4942,.T.);
#5401=FACE_BOUND('',#4943,.T.);
#5402=FACE_BOUND('',#4944,.T.);
#5403=FACE_BOUND('',#4945,.T.);
#5404=FACE_BOUND('',#4946,.T.);
#5405=FACE_BOUND('',#4947,.T.);
#5406=FACE_BOUND('',#4948,.T.);
#5407=FACE_BOUND('',#4949,.T.);
#5408=FACE_BOUND('',#4950,.T.);
#5409=FACE_BOUND('',#4951,.T.);
#5410=FACE_BOUND('',#4952,.T.);
#5411=FACE_BOUND('',#4953,.T.);
#5412=FACE_BOUND('',#4954,.T.);
#5413=FACE_BOUND('',#4955,.T.);
#5414=FACE_BOUND('',#4956,.T.);
#5415=FACE_BOUND('',#4957,.T.);
#5416=FACE_BOUND('',#4958,.T.);
#5417=FACE_BOUND('',#4959,.T.);
#5418=FACE_BOUND('',#4960,.T.);
#5419=FACE_BOUND('',#4961,.T.);
#5420=FACE_BOUND('',#4962,.T.);
#5421=FACE_BOUND('',#4963,.T.);
#5422=FACE_BOUND('',#4964,.T.);
#5423=FACE_BOUND('',#4965,.T.);
#5424=FACE_BOUND('',#4966,.T.);
#5425=FACE_BOUND('',#4967,.T.);
#5426=FACE_BOUND('',#4968,.T.);
#5427=FACE_BOUND('',#4969,.T.);
#5428=FACE_BOUND('',#4970,.T.);
#5429=FACE_BOUND('',#4971,.T.);
#5430=FACE_BOUND('',#4972,.T.);
#5431=FACE_BOUND('',#4973,.T.);
#5432=FACE_BOUND('',#4974,.T.);
#5433=FACE_BOUND('',#4975,.T.);
#5434=FACE_BOUND('',#4976,.T.);
#5435=FACE_BOUND('',#4977,.T.);
#5436=FACE_BOUND('',#4978,.T.);
#5437=FACE_BOUND('',#4979,.T.);
#5438=FACE_BOUND('',#4980,.T.);
#5439=FACE_BOUND('',#4981,.T.);
#5440=FACE_BOUND('',#4982,.T.);
#5441=FACE_BOUND('',#4983,.T.);
#5442=FACE_BOUND('',#4984,.T.);
#5443=FACE_BOUND('',#4985,.T.);
#5444=FACE_BOUND('',#4986,.T.);
#5445=FACE_BOUND('',#4987,.T.);
#5446=FACE_BOUND('',#4988,.T.);
#5447=FACE_BOUND('',#4989,.T.);
#5448=FACE_BOUND('',#4990,.T.);
#5449=FACE_BOUND('',#4991,.T.);
#5450=FACE_BOUND('',#4992,.T.);
#5451=FACE_BOUND('',#4993,.T.);
#5452=FACE_BOUND('',#4994,.T.);
#5453=FACE_BOUND('',#4995,.T.);
#5454=FACE_BOUND('',#4996,.T.);
#5455=FACE_BOUND('',#4997,.T.);
#5456=FACE_BOUND('',#4998,.T.);
#5457=FACE_BOUND('',#4999,.T.);
#5458=FACE_BOUND('',#5000,.T.);
#5459=FACE_BOUND('',#5001,.T.);
#5460=FACE_BOUND('',#5002,.T.);
#5461=FACE_BOUND('',#5003,.T.);
#5462=FACE_BOUND('',#5004,.T.);
#5463=FACE_BOUND('',#5005,.T.);
#5464=FACE_BOUND('',#5006,.T.);
#5465=FACE_BOUND('',#5007,.T.);
#5466=FACE_BOUND('',#5008,.T.);
#5467=FACE_BOUND('',#5009,.T.);
#5468=FACE_BOUND('',#5010,.T.);
#5469=FACE_BOUND('',#5011,.T.);
#5470=FACE_BOUND('',#5012,.T.);
#5471=FACE_BOUND('',#5013,.T.);
#5472=FACE_BOUND('',#5014,.T.);
#5473=FACE_BOUND('',#5015,.T.);
#5474=FACE_BOUND('',#5016,.T.);
#5475=FACE_BOUND('',#5017,.T.);
#5476=FACE_BOUND('',#5018,.T.);
#5477=FACE_BOUND('',#5019,.T.);
#5478=FACE_BOUND('',#5020,.T.);
#5479=FACE_BOUND('',#5021,.T.);
#5480=FACE_BOUND('',#5022,.T.);
#5481=FACE_BOUND('',#5023,.T.);
#5482=FACE_BOUND('',#5024,.T.);
#5483=FACE_BOUND('',#5025,.T.);
#5484=FACE_BOUND('',#5026,.T.);
#5485=FACE_BOUND('',#5027,.T.);
#5486=FACE_BOUND('',#5028,.T.);
#5487=FACE_BOUND('',#5029,.T.);
#5488=FACE_BOUND('',#5030,.T.);
#5489=FACE_BOUND('',#5031,.T.);
#5490=FACE_BOUND('',#5032,.T.);
#5491=FACE_BOUND('',#5033,.T.);
#5492=FACE_BOUND('',#5034,.T.);
#5493=FACE_BOUND('',#5035,.T.);
#5494=FACE_BOUND('',#5036,.T.);
#5495=FACE_BOUND('',#5037,.T.);
#5496=FACE_BOUND('',#5038,.T.);
#5497=FACE_BOUND('',#5039,.T.);
#5498=FACE_BOUND('',#5040,.T.);
#5499=FACE_BOUND('',#5041,.T.);
#5500=FACE_BOUND('',#5042,.T.);
#5501=FACE_BOUND('',#5043,.T.);
#5502=FACE_BOUND('',#5044,.T.);
#5503=FACE_BOUND('',#5045,.T.);
#5504=FACE_BOUND('',#5046,.T.);
#5505=FACE_BOUND('',#5047,.T.);
#5506=FACE_BOUND('',#5048,.T.);
#5507=FACE_BOUND('',#5049,.T.);
#5508=FACE_BOUND('',#5050,.T.);
#5509=FACE_BOUND('',#5051,.T.);
#5510=FACE_BOUND('',#5052,.T.);
#5511=FACE_BOUND('',#5053,.T.);
#5512=FACE_BOUND('',#5054,.T.);
#5513=FACE_BOUND('',#5055,.T.);
#5514=FACE_BOUND('',#5056,.T.);
#5515=FACE_BOUND('',#5057,.T.);
#5516=FACE_BOUND('',#5058,.T.);
#5517=FACE_BOUND('',#5059,.T.);
#5518=FACE_BOUND('',#5060,.T.);
#5519=FACE_BOUND('',#5061,.T.);
#5520=FACE_BOUND('',#5062,.T.);
#5521=FACE_BOUND('',#5063,.T.);
#5522=FACE_BOUND('',#5064,.T.);
#5523=FACE_BOUND('',#5065,.T.);
#5524=FACE_BOUND('',#5066,.T.);
#5525=FACE_BOUND('',#5067,.T.);
#5526=FACE_BOUND('',#5068,.T.);
#5527=FACE_BOUND('',#5069,.T.);
#5528=FACE_BOUND('',#5070,.T.);
#5529=FACE_BOUND('',#5071,.T.);
#5530=FACE_BOUND('',#5072,.T.);
#5531=FACE_BOUND('',#5073,.T.);
#5532=FACE_BOUND('',#5074,.T.);
#5533=FACE_BOUND('',#5075,.T.);
#5534=FACE_BOUND('',#5076,.T.);
#5535=FACE_BOUND('',#5077,.T.);
#5536=FACE_BOUND('',#5078,.T.);
#5537=FACE_BOUND('',#5079,.T.);
#5538=FACE_BOUND('',#5080,.T.);
#5539=FACE_BOUND('',#5081,.T.);
#5540=FACE_BOUND('',#5082,.T.);
#5541=FACE_BOUND('',#5083,.T.);
#5542=FACE_BOUND('',#5084,.T.);
#5543=FACE_BOUND('',#5085,.T.);
#5544=FACE_BOUND('',#5086,.T.);
#5545=FACE_BOUND('',#5087,.T.);
#5546=FACE_BOUND('',#5088,.T.);
#5547=FACE_BOUND('',#5089,.T.);
#5548=FACE_BOUND('',#5090,.T.);
#5549=FACE_BOUND('',#5091,.T.);
#5550=FACE_BOUND('',#5092,.T.);
#5551=FACE_BOUND('',#5093,.T.);
#5552=FACE_BOUND('',#5094,.T.);
#5553=FACE_BOUND('',#5095,.T.);
#5554=FACE_BOUND('',#5096,.T.);
#5555=FACE_BOUND('',#5097,.T.);
#5556=FACE_BOUND('',#5098,.T.);
#5557=FACE_BOUND('',#5099,.T.);
#5558=FACE_BOUND('',#5100,.T.);
#5559=FACE_BOUND('',#5101,.T.);
#5560=FACE_BOUND('',#5102,.T.);
#5561=FACE_BOUND('',#5103,.T.);
#5562=FACE_BOUND('',#5104,.T.);
#5563=FACE_BOUND('',#5105,.T.);
#5564=FACE_BOUND('',#5106,.T.);
#5565=FACE_BOUND('',#5107,.T.);
#5566=FACE_BOUND('',#5108,.T.);
#5567=FACE_BOUND('',#5109,.T.);
#5568=FACE_BOUND('',#5110,.T.);
#5569=FACE_BOUND('',#5111,.T.);
#5570=FACE_BOUND('',#5112,.T.);
#5571=FACE_BOUND('',#5113,.T.);
#5572=FACE_BOUND('',#5114,.T.);
#5573=FACE_BOUND('',#5115,.T.);
#5574=FACE_BOUND('',#5116,.T.);
#5575=FACE_BOUND('',#5117,.T.);
#5576=FACE_BOUND('',#5118,.T.);
#5577=FACE_BOUND('',#5119,.T.);
#5578=FACE_BOUND('',#5120,.T.);
#5579=FACE_BOUND('',#5121,.T.);
#5580=FACE_BOUND('',#5122,.T.);
#5581=FACE_BOUND('',#5123,.T.);
#5582=FACE_BOUND('',#5124,.T.);
#5583=FACE_BOUND('',#5125,.T.);
#5584=FACE_BOUND('',#5126,.T.);
#5585=FACE_BOUND('',#5127,.T.);
#5586=FACE_BOUND('',#5128,.T.);
#5587=FACE_BOUND('',#5129,.T.);
#5588=FACE_BOUND('',#5130,.T.);
#5589=FACE_BOUND('',#5131,.T.);
#5590=FACE_BOUND('',#5132,.T.);
#5591=FACE_BOUND('',#5133,.T.);
#5592=FACE_BOUND('',#5134,.T.);
#5593=FACE_BOUND('',#5135,.T.);
#5594=FACE_BOUND('',#5136,.T.);
#5595=FACE_BOUND('',#5137,.T.);
#5596=FACE_BOUND('',#5138,.T.);
#5597=FACE_BOUND('',#5139,.T.);
#5598=FACE_BOUND('',#5140,.T.);
#5599=FACE_BOUND('',#5141,.T.);
#5600=FACE_BOUND('',#5142,.T.);
#5601=FACE_BOUND('',#5143,.T.);
#5602=FACE_BOUND('',#5144,.T.);
#5603=FACE_BOUND('',#5145,.T.);
#5604=FACE_BOUND('',#5146,.T.);
#5605=FACE_BOUND('',#5147,.T.);
#5606=FACE_BOUND('',#5148,.T.);
#5607=FACE_BOUND('',#5149,.T.);
#5608=FACE_BOUND('',#5150,.T.);
#5609=FACE_BOUND('',#5151,.T.);
#5610=FACE_BOUND('',#5152,.T.);
#5611=FACE_BOUND('',#5153,.T.);
#5612=FACE_BOUND('',#5154,.T.);
#5613=PLANE('',#8867);
#5614=PLANE('',#8868);
#5615=PLANE('',#8869);
#5616=PLANE('',#8870);
#5617=PLANE('',#8871);
#5618=PLANE('',#8872);
#5619=PLANE('',#8873);
#5620=PLANE('',#8874);
#5621=PLANE('',#8875);
#5622=PLANE('',#8876);
#5623=PLANE('',#8877);
#5624=PLANE('',#8878);
#5625=PLANE('',#8879);
#5626=PLANE('',#8880);
#5627=PLANE('',#8881);
#5628=PLANE('',#8882);
#5629=PLANE('',#8883);
#5630=PLANE('',#8884);
#5631=PLANE('',#8885);
#5632=PLANE('',#8886);
#5633=PLANE('',#8887);
#5634=PLANE('',#8888);
#5635=PLANE('',#8889);
#5636=PLANE('',#8890);
#5637=PLANE('',#8891);
#5638=PLANE('',#8892);
#5639=PLANE('',#8893);
#5640=PLANE('',#8894);
#5641=PLANE('',#8895);
#5642=PLANE('',#8896);
#5643=PLANE('',#8897);
#5644=PLANE('',#8898);
#5645=PLANE('',#8899);
#5646=PLANE('',#8900);
#5647=PLANE('',#8901);
#5648=PLANE('',#8902);
#5649=PLANE('',#8903);
#5650=PLANE('',#8904);
#5651=PLANE('',#8905);
#5652=PLANE('',#8907);
#5653=PLANE('',#8910);
#5654=PLANE('',#8912);
#5655=PLANE('',#8915);
#5656=PLANE('',#8917);
#5657=PLANE('',#8919);
#5658=PLANE('',#8921);
#5659=PLANE('',#8923);
#5660=PLANE('',#8925);
#5661=PLANE('',#8928);
#5662=PLANE('',#8931);
#5663=PLANE('',#8933);
#5664=PLANE('',#8938);
#5665=PLANE('',#8940);
#5666=PLANE('',#8943);
#5667=PLANE('',#8946);
#5668=PLANE('',#8948);
#5669=PLANE('',#8949);
#5670=PLANE('',#8953);
#5671=PLANE('',#8959);
#5672=PLANE('',#8963);
#5673=PLANE('',#8964);
#5674=PLANE('',#8965);
#5675=PLANE('',#8966);
#5676=PLANE('',#8970);
#5677=PLANE('',#8975);
#5678=PLANE('',#8979);
#5679=PLANE('',#8983);
#5680=PLANE('',#8984);
#5681=PLANE('',#8986);
#5682=PLANE('',#8987);
#5683=PLANE('',#8988);
#5684=PLANE('',#8989);
#5685=PLANE('',#8990);
#5686=PLANE('',#8991);
#5687=PLANE('',#8992);
#5688=PLANE('',#8993);
#5689=PLANE('',#8994);
#5690=PLANE('',#8995);
#5691=PLANE('',#8996);
#5692=PLANE('',#8997);
#5693=PLANE('',#8998);
#5694=PLANE('',#8999);
#5695=PLANE('',#9000);
#5696=PLANE('',#9001);
#5697=PLANE('',#9002);
#5698=PLANE('',#9003);
#5699=PLANE('',#9004);
#5700=PLANE('',#9005);
#5701=PLANE('',#9006);
#5702=PLANE('',#9007);
#5703=PLANE('',#9008);
#5704=PLANE('',#9009);
#5705=PLANE('',#9010);
#5706=PLANE('',#9011);
#5707=PLANE('',#9012);
#5708=PLANE('',#9013);
#5709=PLANE('',#9014);
#5710=PLANE('',#9015);
#5711=PLANE('',#9016);
#5712=PLANE('',#9017);
#5713=PLANE('',#9018);
#5714=PLANE('',#9019);
#5715=PLANE('',#9020);
#5716=PLANE('',#9021);
#5717=PLANE('',#9022);
#5718=PLANE('',#9023);
#5719=PLANE('',#9024);
#5720=PLANE('',#9025);
#5721=PLANE('',#9026);
#5722=PLANE('',#9027);
#5723=PLANE('',#9028);
#5724=PLANE('',#9029);
#5725=PLANE('',#9030);
#5726=PLANE('',#9031);
#5727=PLANE('',#9032);
#5728=PLANE('',#9033);
#5729=PLANE('',#9034);
#5730=PLANE('',#9035);
#5731=PLANE('',#9036);
#5732=PLANE('',#9037);
#5733=PLANE('',#9038);
#5734=PLANE('',#9039);
#5735=PLANE('',#9040);
#5736=PLANE('',#9041);
#5737=PLANE('',#9042);
#5738=PLANE('',#9043);
#5739=PLANE('',#9044);
#5740=PLANE('',#9045);
#5741=PLANE('',#9046);
#5742=PLANE('',#9047);
#5743=PLANE('',#9048);
#5744=PLANE('',#9049);
#5745=PLANE('',#9050);
#5746=PLANE('',#9051);
#5747=PLANE('',#9052);
#5748=PLANE('',#9053);
#5749=PLANE('',#9054);
#5750=PLANE('',#9055);
#5751=PLANE('',#9056);
#5752=PLANE('',#9057);
#5753=PLANE('',#9058);
#5754=PLANE('',#9059);
#5755=PLANE('',#9060);
#5756=PLANE('',#9061);
#5757=PLANE('',#9062);
#5758=PLANE('',#9063);
#5759=PLANE('',#9064);
#5760=PLANE('',#9065);
#5761=PLANE('',#9066);
#5762=PLANE('',#9067);
#5763=PLANE('',#9068);
#5764=PLANE('',#9069);
#5765=PLANE('',#9070);
#5766=PLANE('',#9071);
#5767=PLANE('',#9072);
#5768=PLANE('',#9073);
#5769=PLANE('',#9074);
#5770=PLANE('',#9075);
#5771=PLANE('',#9076);
#5772=PLANE('',#9077);
#5773=PLANE('',#9078);
#5774=PLANE('',#9079);
#5775=PLANE('',#9080);
#5776=PLANE('',#9081);
#5777=PLANE('',#9082);
#5778=PLANE('',#9083);
#5779=PLANE('',#9084);
#5780=PLANE('',#9085);
#5781=PLANE('',#9086);
#5782=PLANE('',#9087);
#5783=PLANE('',#9089);
#5784=PLANE('',#9090);
#5785=PLANE('',#9093);
#5786=PLANE('',#9094);
#5787=PLANE('',#9101);
#5788=PLANE('',#9107);
#5789=PLANE('',#9109);
#5790=PLANE('',#9110);
#5791=PLANE('',#9113);
#5792=PLANE('',#9114);
#5793=PLANE('',#9121);
#5794=PLANE('',#9122);
#5795=PLANE('',#9126);
#5796=PLANE('',#9128);
#5797=PLANE('',#9129);
#5798=PLANE('',#9132);
#5799=PLANE('',#9133);
#5800=PLANE('',#9135);
#5801=PLANE('',#9139);
#5802=PLANE('',#9141);
#5803=PLANE('',#9145);
#5804=PLANE('',#9147);
#5805=PLANE('',#9148);
#5806=PLANE('',#9151);
#5807=PLANE('',#9152);
#5808=PLANE('',#9154);
#5809=PLANE('',#9162);
#5810=PLANE('',#9166);
#5811=PLANE('',#9168);
#5812=PLANE('',#9169);
#5813=PLANE('',#9172);
#5814=PLANE('',#9173);
#5815=PLANE('',#9175);
#5816=PLANE('',#9178);
#5817=PLANE('',#9180);
#5818=PLANE('',#9184);
#5819=PLANE('',#9186);
#5820=PLANE('',#9187);
#5821=PLANE('',#9190);
#5822=PLANE('',#9191);
#5823=PLANE('',#9197);
#5824=PLANE('',#9199);
#5825=PLANE('',#9203);
#5826=PLANE('',#9205);
#5827=PLANE('',#9206);
#5828=PLANE('',#9209);
#5829=PLANE('',#9210);
#5830=PLANE('',#9212);
#5831=PLANE('',#9216);
#5832=PLANE('',#9218);
#5833=PLANE('',#9222);
#5834=PLANE('',#9224);
#5835=PLANE('',#9225);
#5836=PLANE('',#9228);
#5837=PLANE('',#9229);
#5838=PLANE('',#9236);
#5839=PLANE('',#9237);
#5840=PLANE('',#9241);
#5841=PLANE('',#9243);
#5842=PLANE('',#9244);
#5843=PLANE('',#9247);
#5844=PLANE('',#9248);
#5845=PLANE('',#9253);
#5846=PLANE('',#9259);
#5847=PLANE('',#9261);
#5848=PLANE('',#9262);
#5849=PLANE('',#9265);
#5850=PLANE('',#9266);
#5851=PLANE('',#9274);
#5852=PLANE('',#9278);
#5853=PLANE('',#9282);
#5854=PLANE('',#9286);
#5855=PLANE('',#9287);
#5856=PLANE('',#9288);
#5857=PLANE('',#9289);
#5858=PLANE('',#9293);
#5859=PLANE('',#9294);
#5860=PLANE('',#9295);
#5861=PLANE('',#9296);
#5862=PLANE('',#9298);
#5863=PLANE('',#9304);
#5864=PLANE('',#9305);
#5865=PLANE('',#9306);
#5866=PLANE('',#9307);
#5867=PLANE('',#9308);
#5868=PLANE('',#9309);
#5869=PLANE('',#9310);
#5870=PLANE('',#9311);
#5871=PLANE('',#9312);
#5872=PLANE('',#9317);
#5873=PLANE('',#9323);
#5874=PLANE('',#9324);
#5875=PLANE('',#9325);
#5876=PLANE('',#9330);
#5877=PLANE('',#9331);
#5878=PLANE('',#9332);
#5879=PLANE('',#9333);
#5880=PLANE('',#9334);
#5881=PLANE('',#9335);
#5882=PLANE('',#9337);
#5883=PLANE('',#9340);
#5884=PLANE('',#9344);
#5885=PLANE('',#9346);
#5886=PLANE('',#9351);
#5887=PLANE('',#9354);
#5888=PLANE('',#9359);
#5889=PLANE('',#9360);
#5890=PLANE('',#9362);
#5891=PLANE('',#9367);
#5892=PLANE('',#9368);
#5893=PLANE('',#9369);
#5894=PLANE('',#9374);
#5895=PLANE('',#9379);
#5896=PLANE('',#9380);
#5897=PLANE('',#9383);
#5898=PLANE('',#9384);
#5899=PLANE('',#9388);
#5900=PLANE('',#9390);
#5901=PLANE('',#9392);
#5902=PLANE('',#9393);
#5903=PLANE('',#9399);
#5904=PLANE('',#9400);
#5905=PLANE('',#9401);
#5906=PLANE('',#9402);
#5907=PLANE('',#9403);
#5908=PLANE('',#9407);
#5909=PLANE('',#9409);
#5910=PLANE('',#9413);
#5911=PLANE('',#9414);
#5912=PLANE('',#9415);
#5913=PLANE('',#9416);
#5914=PLANE('',#9417);
#5915=PLANE('',#9418);
#5916=STYLED_ITEM('',(#6284),#8494);
#5917=STYLED_ITEM('',(#6285),#8495);
#5918=STYLED_ITEM('',(#6286),#8496);
#5919=STYLED_ITEM('',(#6287),#8497);
#5920=STYLED_ITEM('',(#6288),#8498);
#5921=STYLED_ITEM('',(#6289),#8499);
#5922=STYLED_ITEM('',(#6290),#8500);
#5923=STYLED_ITEM('',(#6291),#8501);
#5924=STYLED_ITEM('',(#6292),#8502);
#5925=STYLED_ITEM('',(#6293),#8503);
#5926=STYLED_ITEM('',(#6294),#8504);
#5927=STYLED_ITEM('',(#6295),#8505);
#5928=STYLED_ITEM('',(#6296),#8506);
#5929=STYLED_ITEM('',(#6297),#8507);
#5930=STYLED_ITEM('',(#6298),#8508);
#5931=STYLED_ITEM('',(#6299),#8509);
#5932=STYLED_ITEM('',(#6300),#8510);
#5933=STYLED_ITEM('',(#6301),#8511);
#5934=STYLED_ITEM('',(#6302),#8512);
#5935=STYLED_ITEM('',(#6303),#8513);
#5936=STYLED_ITEM('',(#6304),#8514);
#5937=STYLED_ITEM('',(#6305),#8515);
#5938=STYLED_ITEM('',(#6306),#8516);
#5939=STYLED_ITEM('',(#6307),#8517);
#5940=STYLED_ITEM('',(#6308),#8518);
#5941=STYLED_ITEM('',(#6309),#8519);
#5942=STYLED_ITEM('',(#6310),#8520);
#5943=STYLED_ITEM('',(#6311),#8521);
#5944=STYLED_ITEM('',(#6312),#8522);
#5945=STYLED_ITEM('',(#6313),#8523);
#5946=STYLED_ITEM('',(#6314),#8524);
#5947=STYLED_ITEM('',(#6315),#8525);
#5948=STYLED_ITEM('',(#6316),#8526);
#5949=STYLED_ITEM('',(#6317),#8527);
#5950=STYLED_ITEM('',(#6318),#8528);
#5951=STYLED_ITEM('',(#6319),#8529);
#5952=STYLED_ITEM('',(#6320),#8530);
#5953=STYLED_ITEM('',(#6321),#8531);
#5954=STYLED_ITEM('',(#6322),#8532);
#5955=STYLED_ITEM('',(#6323),#8533);
#5956=STYLED_ITEM('',(#6324),#8534);
#5957=STYLED_ITEM('',(#6325),#8535);
#5958=STYLED_ITEM('',(#6326),#8536);
#5959=STYLED_ITEM('',(#6327),#8537);
#5960=STYLED_ITEM('',(#6328),#8538);
#5961=STYLED_ITEM('',(#6329),#8539);
#5962=STYLED_ITEM('',(#6330),#8540);
#5963=STYLED_ITEM('',(#6331),#8541);
#5964=STYLED_ITEM('',(#6332),#8542);
#5965=STYLED_ITEM('',(#6333),#8543);
#5966=STYLED_ITEM('',(#6334),#8544);
#5967=STYLED_ITEM('',(#6335),#8545);
#5968=STYLED_ITEM('',(#6336),#8546);
#5969=STYLED_ITEM('',(#6337),#8547);
#5970=STYLED_ITEM('',(#6338),#8548);
#5971=STYLED_ITEM('',(#6339),#8549);
#5972=STYLED_ITEM('',(#6340),#8550);
#5973=STYLED_ITEM('',(#6341),#8551);
#5974=STYLED_ITEM('',(#6342),#8552);
#5975=STYLED_ITEM('',(#6343),#8553);
#5976=STYLED_ITEM('',(#6344),#8554);
#5977=STYLED_ITEM('',(#6345),#8555);
#5978=STYLED_ITEM('',(#6346),#8556);
#5979=STYLED_ITEM('',(#6347),#8557);
#5980=STYLED_ITEM('',(#6348),#8558);
#5981=STYLED_ITEM('',(#6349),#8559);
#5982=STYLED_ITEM('',(#6350),#8560);
#5983=STYLED_ITEM('',(#6351),#8561);
#5984=STYLED_ITEM('',(#6352),#8562);
#5985=STYLED_ITEM('',(#6353),#8563);
#5986=STYLED_ITEM('',(#6354),#8564);
#5987=STYLED_ITEM('',(#6355),#8565);
#5988=STYLED_ITEM('',(#6356),#8566);
#5989=STYLED_ITEM('',(#6357),#8567);
#5990=STYLED_ITEM('',(#6358),#8568);
#5991=STYLED_ITEM('',(#6359),#8569);
#5992=STYLED_ITEM('',(#6360),#8570);
#5993=STYLED_ITEM('',(#6361),#8571);
#5994=STYLED_ITEM('',(#6362),#8572);
#5995=STYLED_ITEM('',(#6363),#8573);
#5996=STYLED_ITEM('',(#6364),#8574);
#5997=STYLED_ITEM('',(#6365),#8575);
#5998=STYLED_ITEM('',(#6366),#8576);
#5999=STYLED_ITEM('',(#6367),#8577);
#6000=STYLED_ITEM('',(#6368),#8578);
#6001=STYLED_ITEM('',(#6369),#8579);
#6002=STYLED_ITEM('',(#6370),#8580);
#6003=STYLED_ITEM('',(#6371),#8581);
#6004=STYLED_ITEM('',(#6372),#8582);
#6005=STYLED_ITEM('',(#6373),#8583);
#6006=STYLED_ITEM('',(#6374),#8584);
#6007=STYLED_ITEM('',(#6375),#8585);
#6008=STYLED_ITEM('',(#6376),#8586);
#6009=STYLED_ITEM('',(#6377),#8587);
#6010=STYLED_ITEM('',(#6378),#8588);
#6011=STYLED_ITEM('',(#6379),#8589);
#6012=STYLED_ITEM('',(#6380),#8590);
#6013=STYLED_ITEM('',(#6381),#8591);
#6014=STYLED_ITEM('',(#6382),#8592);
#6015=STYLED_ITEM('',(#6383),#8593);
#6016=STYLED_ITEM('',(#6384),#8594);
#6017=STYLED_ITEM('',(#6385),#8595);
#6018=STYLED_ITEM('',(#6386),#8596);
#6019=STYLED_ITEM('',(#6387),#8597);
#6020=STYLED_ITEM('',(#6388),#8598);
#6021=STYLED_ITEM('',(#6389),#8599);
#6022=STYLED_ITEM('',(#6390),#8600);
#6023=STYLED_ITEM('',(#6391),#8601);
#6024=STYLED_ITEM('',(#6392),#8602);
#6025=STYLED_ITEM('',(#6393),#8603);
#6026=STYLED_ITEM('',(#6394),#8604);
#6027=STYLED_ITEM('',(#6395),#8605);
#6028=STYLED_ITEM('',(#6396),#8606);
#6029=STYLED_ITEM('',(#6397),#8607);
#6030=STYLED_ITEM('',(#6398),#8608);
#6031=STYLED_ITEM('',(#6399),#8609);
#6032=STYLED_ITEM('',(#6400),#8610);
#6033=STYLED_ITEM('',(#6401),#8611);
#6034=STYLED_ITEM('',(#6402),#8612);
#6035=STYLED_ITEM('',(#6403),#8613);
#6036=STYLED_ITEM('',(#6404),#8614);
#6037=STYLED_ITEM('',(#6405),#8615);
#6038=STYLED_ITEM('',(#6406),#8616);
#6039=STYLED_ITEM('',(#6407),#8617);
#6040=STYLED_ITEM('',(#6408),#8618);
#6041=STYLED_ITEM('',(#6409),#8619);
#6042=STYLED_ITEM('',(#6410),#8620);
#6043=STYLED_ITEM('',(#6411),#8621);
#6044=STYLED_ITEM('',(#6412),#8622);
#6045=STYLED_ITEM('',(#6413),#8623);
#6046=STYLED_ITEM('',(#6414),#8624);
#6047=STYLED_ITEM('',(#6415),#8625);
#6048=STYLED_ITEM('',(#6416),#8626);
#6049=STYLED_ITEM('',(#6417),#8627);
#6050=STYLED_ITEM('',(#6418),#8628);
#6051=STYLED_ITEM('',(#6419),#8629);
#6052=STYLED_ITEM('',(#6420),#8630);
#6053=STYLED_ITEM('',(#6421),#8631);
#6054=STYLED_ITEM('',(#6422),#8632);
#6055=STYLED_ITEM('',(#6423),#8633);
#6056=STYLED_ITEM('',(#6424),#8634);
#6057=STYLED_ITEM('',(#6425),#8635);
#6058=STYLED_ITEM('',(#6426),#8636);
#6059=STYLED_ITEM('',(#6427),#8637);
#6060=STYLED_ITEM('',(#6428),#8638);
#6061=STYLED_ITEM('',(#6429),#8639);
#6062=STYLED_ITEM('',(#6430),#8640);
#6063=STYLED_ITEM('',(#6431),#8641);
#6064=STYLED_ITEM('',(#6432),#8642);
#6065=STYLED_ITEM('',(#6433),#8643);
#6066=STYLED_ITEM('',(#6434),#8644);
#6067=STYLED_ITEM('',(#6435),#8645);
#6068=STYLED_ITEM('',(#6436),#8646);
#6069=STYLED_ITEM('',(#6437),#8647);
#6070=STYLED_ITEM('',(#6438),#8648);
#6071=STYLED_ITEM('',(#6439),#8649);
#6072=STYLED_ITEM('',(#6440),#8650);
#6073=STYLED_ITEM('',(#6441),#8651);
#6074=STYLED_ITEM('',(#6442),#8652);
#6075=STYLED_ITEM('',(#6443),#8653);
#6076=STYLED_ITEM('',(#6444),#8654);
#6077=STYLED_ITEM('',(#6445),#8655);
#6078=STYLED_ITEM('',(#6446),#8656);
#6079=STYLED_ITEM('',(#6447),#8657);
#6080=STYLED_ITEM('',(#6448),#8658);
#6081=STYLED_ITEM('',(#6449),#8659);
#6082=STYLED_ITEM('',(#6450),#8660);
#6083=STYLED_ITEM('',(#6451),#8661);
#6084=STYLED_ITEM('',(#6452),#8662);
#6085=STYLED_ITEM('',(#6453),#8663);
#6086=STYLED_ITEM('',(#6454),#8664);
#6087=STYLED_ITEM('',(#6455),#8665);
#6088=STYLED_ITEM('',(#6456),#8666);
#6089=STYLED_ITEM('',(#6457),#8667);
#6090=STYLED_ITEM('',(#6458),#8668);
#6091=STYLED_ITEM('',(#6459),#8669);
#6092=STYLED_ITEM('',(#6460),#8670);
#6093=STYLED_ITEM('',(#6461),#8671);
#6094=STYLED_ITEM('',(#6462),#8672);
#6095=STYLED_ITEM('',(#6463),#8673);
#6096=STYLED_ITEM('',(#6464),#8674);
#6097=STYLED_ITEM('',(#6465),#8675);
#6098=STYLED_ITEM('',(#6466),#8676);
#6099=STYLED_ITEM('',(#6467),#8677);
#6100=STYLED_ITEM('',(#6468),#8678);
#6101=STYLED_ITEM('',(#6469),#8679);
#6102=STYLED_ITEM('',(#6470),#8680);
#6103=STYLED_ITEM('',(#6471),#8681);
#6104=STYLED_ITEM('',(#6472),#8682);
#6105=STYLED_ITEM('',(#6473),#8683);
#6106=STYLED_ITEM('',(#6474),#8684);
#6107=STYLED_ITEM('',(#6475),#8685);
#6108=STYLED_ITEM('',(#6476),#8686);
#6109=STYLED_ITEM('',(#6477),#8687);
#6110=STYLED_ITEM('',(#6478),#8688);
#6111=STYLED_ITEM('',(#6479),#8689);
#6112=STYLED_ITEM('',(#6480),#8690);
#6113=STYLED_ITEM('',(#6481),#8691);
#6114=STYLED_ITEM('',(#6482),#8692);
#6115=STYLED_ITEM('',(#6483),#8693);
#6116=STYLED_ITEM('',(#6484),#8694);
#6117=STYLED_ITEM('',(#6485),#8695);
#6118=STYLED_ITEM('',(#6486),#8696);
#6119=STYLED_ITEM('',(#6487),#8697);
#6120=STYLED_ITEM('',(#6488),#8698);
#6121=STYLED_ITEM('',(#6489),#8699);
#6122=STYLED_ITEM('',(#6490),#8700);
#6123=STYLED_ITEM('',(#6491),#8701);
#6124=STYLED_ITEM('',(#6492),#8702);
#6125=STYLED_ITEM('',(#6493),#8703);
#6126=STYLED_ITEM('',(#6494),#8704);
#6127=STYLED_ITEM('',(#6495),#8705);
#6128=STYLED_ITEM('',(#6496),#8706);
#6129=STYLED_ITEM('',(#6497),#8707);
#6130=STYLED_ITEM('',(#6498),#8708);
#6131=STYLED_ITEM('',(#6499),#8709);
#6132=STYLED_ITEM('',(#6500),#8710);
#6133=STYLED_ITEM('',(#6501),#8711);
#6134=STYLED_ITEM('',(#6502),#8712);
#6135=STYLED_ITEM('',(#6503),#8713);
#6136=STYLED_ITEM('',(#6504),#8714);
#6137=STYLED_ITEM('',(#6505),#8715);
#6138=STYLED_ITEM('',(#6506),#8716);
#6139=STYLED_ITEM('',(#6507),#8717);
#6140=STYLED_ITEM('',(#6508),#8718);
#6141=STYLED_ITEM('',(#6509),#8719);
#6142=STYLED_ITEM('',(#6510),#8720);
#6143=STYLED_ITEM('',(#6511),#8721);
#6144=STYLED_ITEM('',(#6512),#8722);
#6145=STYLED_ITEM('',(#6513),#8723);
#6146=STYLED_ITEM('',(#6514),#8724);
#6147=STYLED_ITEM('',(#6515),#8725);
#6148=STYLED_ITEM('',(#6516),#8726);
#6149=STYLED_ITEM('',(#6517),#8727);
#6150=STYLED_ITEM('',(#6518),#8728);
#6151=STYLED_ITEM('',(#6519),#8729);
#6152=STYLED_ITEM('',(#6520),#8730);
#6153=STYLED_ITEM('',(#6521),#8731);
#6154=STYLED_ITEM('',(#6522),#8732);
#6155=STYLED_ITEM('',(#6523),#8733);
#6156=STYLED_ITEM('',(#6524),#8734);
#6157=STYLED_ITEM('',(#6525),#8735);
#6158=STYLED_ITEM('',(#6526),#8736);
#6159=STYLED_ITEM('',(#6527),#8737);
#6160=STYLED_ITEM('',(#6528),#8738);
#6161=STYLED_ITEM('',(#6529),#8739);
#6162=STYLED_ITEM('',(#6530),#8740);
#6163=STYLED_ITEM('',(#6531),#8741);
#6164=STYLED_ITEM('',(#6532),#8742);
#6165=STYLED_ITEM('',(#6533),#8743);
#6166=STYLED_ITEM('',(#6534),#8744);
#6167=STYLED_ITEM('',(#6535),#8745);
#6168=STYLED_ITEM('',(#6536),#8746);
#6169=STYLED_ITEM('',(#6537),#8747);
#6170=STYLED_ITEM('',(#6538),#8748);
#6171=STYLED_ITEM('',(#6539),#8749);
#6172=STYLED_ITEM('',(#6540),#8750);
#6173=STYLED_ITEM('',(#6541),#8751);
#6174=STYLED_ITEM('',(#6542),#8752);
#6175=STYLED_ITEM('',(#6543),#8753);
#6176=STYLED_ITEM('',(#6544),#8754);
#6177=STYLED_ITEM('',(#6545),#8755);
#6178=STYLED_ITEM('',(#6546),#8756);
#6179=STYLED_ITEM('',(#6547),#8757);
#6180=STYLED_ITEM('',(#6548),#8758);
#6181=STYLED_ITEM('',(#6549),#8759);
#6182=STYLED_ITEM('',(#6550),#8760);
#6183=STYLED_ITEM('',(#6551),#8761);
#6184=STYLED_ITEM('',(#6552),#8762);
#6185=STYLED_ITEM('',(#6553),#8763);
#6186=STYLED_ITEM('',(#6554),#8764);
#6187=STYLED_ITEM('',(#6555),#8765);
#6188=STYLED_ITEM('',(#6556),#8766);
#6189=STYLED_ITEM('',(#6557),#8767);
#6190=STYLED_ITEM('',(#6558),#8768);
#6191=STYLED_ITEM('',(#6559),#8769);
#6192=STYLED_ITEM('',(#6560),#8770);
#6193=STYLED_ITEM('',(#6561),#8771);
#6194=STYLED_ITEM('',(#6562),#8772);
#6195=STYLED_ITEM('',(#6563),#8773);
#6196=STYLED_ITEM('',(#6564),#8774);
#6197=STYLED_ITEM('',(#6565),#8775);
#6198=STYLED_ITEM('',(#6566),#8776);
#6199=STYLED_ITEM('',(#6567),#8777);
#6200=STYLED_ITEM('',(#6568),#8778);
#6201=STYLED_ITEM('',(#6569),#8779);
#6202=STYLED_ITEM('',(#6570),#8780);
#6203=STYLED_ITEM('',(#6571),#8781);
#6204=STYLED_ITEM('',(#6572),#8782);
#6205=STYLED_ITEM('',(#6573),#8783);
#6206=STYLED_ITEM('',(#6574),#8784);
#6207=STYLED_ITEM('',(#6575),#8785);
#6208=STYLED_ITEM('',(#6576),#8786);
#6209=STYLED_ITEM('',(#6577),#8787);
#6210=STYLED_ITEM('',(#6578),#8788);
#6211=STYLED_ITEM('',(#6579),#8789);
#6212=STYLED_ITEM('',(#6580),#8790);
#6213=STYLED_ITEM('',(#6581),#8791);
#6214=STYLED_ITEM('',(#6582),#8792);
#6215=STYLED_ITEM('',(#6583),#8793);
#6216=STYLED_ITEM('',(#6584),#8794);
#6217=STYLED_ITEM('',(#6585),#8795);
#6218=STYLED_ITEM('',(#6586),#8796);
#6219=STYLED_ITEM('',(#6587),#8797);
#6220=STYLED_ITEM('',(#6588),#8798);
#6221=STYLED_ITEM('',(#6589),#8799);
#6222=STYLED_ITEM('',(#6590),#8800);
#6223=STYLED_ITEM('',(#6591),#8801);
#6224=STYLED_ITEM('',(#6592),#8802);
#6225=STYLED_ITEM('',(#6593),#8803);
#6226=STYLED_ITEM('',(#6594),#8804);
#6227=STYLED_ITEM('',(#6595),#8805);
#6228=STYLED_ITEM('',(#6596),#8806);
#6229=STYLED_ITEM('',(#6597),#8807);
#6230=STYLED_ITEM('',(#6598),#8808);
#6231=STYLED_ITEM('',(#6599),#8809);
#6232=STYLED_ITEM('',(#6600),#8810);
#6233=STYLED_ITEM('',(#6601),#8811);
#6234=STYLED_ITEM('',(#6602),#8812);
#6235=STYLED_ITEM('',(#6603),#8813);
#6236=STYLED_ITEM('',(#6604),#8814);
#6237=STYLED_ITEM('',(#6605),#8815);
#6238=STYLED_ITEM('',(#6606),#8816);
#6239=STYLED_ITEM('',(#6607),#8817);
#6240=STYLED_ITEM('',(#6608),#8818);
#6241=STYLED_ITEM('',(#6609),#8819);
#6242=STYLED_ITEM('',(#6610),#8820);
#6243=STYLED_ITEM('',(#6611),#8821);
#6244=STYLED_ITEM('',(#6612),#8822);
#6245=STYLED_ITEM('',(#6613),#8823);
#6246=STYLED_ITEM('',(#6614),#8824);
#6247=STYLED_ITEM('',(#6615),#8825);
#6248=STYLED_ITEM('',(#6616),#8826);
#6249=STYLED_ITEM('',(#6617),#8827);
#6250=STYLED_ITEM('',(#6618),#8828);
#6251=STYLED_ITEM('',(#6619),#8829);
#6252=STYLED_ITEM('',(#6620),#8830);
#6253=STYLED_ITEM('',(#6621),#8831);
#6254=STYLED_ITEM('',(#6622),#8832);
#6255=STYLED_ITEM('',(#6623),#8833);
#6256=STYLED_ITEM('',(#6624),#8834);
#6257=STYLED_ITEM('',(#6625),#8835);
#6258=STYLED_ITEM('',(#6626),#8836);
#6259=STYLED_ITEM('',(#6627),#8837);
#6260=STYLED_ITEM('',(#6628),#8838);
#6261=STYLED_ITEM('',(#6629),#8839);
#6262=STYLED_ITEM('',(#6630),#8840);
#6263=STYLED_ITEM('',(#6631),#8841);
#6264=STYLED_ITEM('',(#6632),#8842);
#6265=STYLED_ITEM('',(#6633),#8843);
#6266=STYLED_ITEM('',(#6634),#8844);
#6267=STYLED_ITEM('',(#6635),#8845);
#6268=STYLED_ITEM('',(#6636),#8846);
#6269=STYLED_ITEM('',(#6637),#8847);
#6270=STYLED_ITEM('',(#6638),#8848);
#6271=STYLED_ITEM('',(#6639),#8849);
#6272=STYLED_ITEM('',(#6640),#8850);
#6273=STYLED_ITEM('',(#6641),#8851);
#6274=STYLED_ITEM('',(#6642),#8852);
#6275=STYLED_ITEM('',(#6643),#8853);
#6276=STYLED_ITEM('',(#6644),#8854);
#6277=STYLED_ITEM('',(#6645),#8855);
#6278=STYLED_ITEM('',(#6646),#8856);
#6279=STYLED_ITEM('',(#6647),#8857);
#6280=STYLED_ITEM('',(#6648),#8858);
#6281=STYLED_ITEM('',(#6649),#8859);
#6282=STYLED_ITEM('',(#6650),#8860);
#6283=STYLED_ITEM('',(#6651),#8861);
#6284=PRESENTATION_STYLE_ASSIGNMENT((#6652));
#6285=PRESENTATION_STYLE_ASSIGNMENT((#6653));
#6286=PRESENTATION_STYLE_ASSIGNMENT((#6654));
#6287=PRESENTATION_STYLE_ASSIGNMENT((#6655));
#6288=PRESENTATION_STYLE_ASSIGNMENT((#6656));
#6289=PRESENTATION_STYLE_ASSIGNMENT((#6657));
#6290=PRESENTATION_STYLE_ASSIGNMENT((#6658));
#6291=PRESENTATION_STYLE_ASSIGNMENT((#6659));
#6292=PRESENTATION_STYLE_ASSIGNMENT((#6660));
#6293=PRESENTATION_STYLE_ASSIGNMENT((#6661));
#6294=PRESENTATION_STYLE_ASSIGNMENT((#6662));
#6295=PRESENTATION_STYLE_ASSIGNMENT((#6663));
#6296=PRESENTATION_STYLE_ASSIGNMENT((#6664));
#6297=PRESENTATION_STYLE_ASSIGNMENT((#6665));
#6298=PRESENTATION_STYLE_ASSIGNMENT((#6666));
#6299=PRESENTATION_STYLE_ASSIGNMENT((#6667));
#6300=PRESENTATION_STYLE_ASSIGNMENT((#6668));
#6301=PRESENTATION_STYLE_ASSIGNMENT((#6669));
#6302=PRESENTATION_STYLE_ASSIGNMENT((#6670));
#6303=PRESENTATION_STYLE_ASSIGNMENT((#6671));
#6304=PRESENTATION_STYLE_ASSIGNMENT((#6672));
#6305=PRESENTATION_STYLE_ASSIGNMENT((#6673));
#6306=PRESENTATION_STYLE_ASSIGNMENT((#6674));
#6307=PRESENTATION_STYLE_ASSIGNMENT((#6675));
#6308=PRESENTATION_STYLE_ASSIGNMENT((#6676));
#6309=PRESENTATION_STYLE_ASSIGNMENT((#6677));
#6310=PRESENTATION_STYLE_ASSIGNMENT((#6678));
#6311=PRESENTATION_STYLE_ASSIGNMENT((#6679));
#6312=PRESENTATION_STYLE_ASSIGNMENT((#6680));
#6313=PRESENTATION_STYLE_ASSIGNMENT((#6681));
#6314=PRESENTATION_STYLE_ASSIGNMENT((#6682));
#6315=PRESENTATION_STYLE_ASSIGNMENT((#6683));
#6316=PRESENTATION_STYLE_ASSIGNMENT((#6684));
#6317=PRESENTATION_STYLE_ASSIGNMENT((#6685));
#6318=PRESENTATION_STYLE_ASSIGNMENT((#6686));
#6319=PRESENTATION_STYLE_ASSIGNMENT((#6687));
#6320=PRESENTATION_STYLE_ASSIGNMENT((#6688));
#6321=PRESENTATION_STYLE_ASSIGNMENT((#6689));
#6322=PRESENTATION_STYLE_ASSIGNMENT((#6690));
#6323=PRESENTATION_STYLE_ASSIGNMENT((#6691));
#6324=PRESENTATION_STYLE_ASSIGNMENT((#6692));
#6325=PRESENTATION_STYLE_ASSIGNMENT((#6693));
#6326=PRESENTATION_STYLE_ASSIGNMENT((#6694));
#6327=PRESENTATION_STYLE_ASSIGNMENT((#6695));
#6328=PRESENTATION_STYLE_ASSIGNMENT((#6696));
#6329=PRESENTATION_STYLE_ASSIGNMENT((#6697));
#6330=PRESENTATION_STYLE_ASSIGNMENT((#6698));
#6331=PRESENTATION_STYLE_ASSIGNMENT((#6699));
#6332=PRESENTATION_STYLE_ASSIGNMENT((#6700));
#6333=PRESENTATION_STYLE_ASSIGNMENT((#6701));
#6334=PRESENTATION_STYLE_ASSIGNMENT((#6702));
#6335=PRESENTATION_STYLE_ASSIGNMENT((#6703));
#6336=PRESENTATION_STYLE_ASSIGNMENT((#6704));
#6337=PRESENTATION_STYLE_ASSIGNMENT((#6705));
#6338=PRESENTATION_STYLE_ASSIGNMENT((#6706));
#6339=PRESENTATION_STYLE_ASSIGNMENT((#6707));
#6340=PRESENTATION_STYLE_ASSIGNMENT((#6708));
#6341=PRESENTATION_STYLE_ASSIGNMENT((#6709));
#6342=PRESENTATION_STYLE_ASSIGNMENT((#6710));
#6343=PRESENTATION_STYLE_ASSIGNMENT((#6711));
#6344=PRESENTATION_STYLE_ASSIGNMENT((#6712));
#6345=PRESENTATION_STYLE_ASSIGNMENT((#6713));
#6346=PRESENTATION_STYLE_ASSIGNMENT((#6714));
#6347=PRESENTATION_STYLE_ASSIGNMENT((#6715));
#6348=PRESENTATION_STYLE_ASSIGNMENT((#6716));
#6349=PRESENTATION_STYLE_ASSIGNMENT((#6717));
#6350=PRESENTATION_STYLE_ASSIGNMENT((#6718));
#6351=PRESENTATION_STYLE_ASSIGNMENT((#6719));
#6352=PRESENTATION_STYLE_ASSIGNMENT((#6720));
#6353=PRESENTATION_STYLE_ASSIGNMENT((#6721));
#6354=PRESENTATION_STYLE_ASSIGNMENT((#6722));
#6355=PRESENTATION_STYLE_ASSIGNMENT((#6723));
#6356=PRESENTATION_STYLE_ASSIGNMENT((#6724));
#6357=PRESENTATION_STYLE_ASSIGNMENT((#6725));
#6358=PRESENTATION_STYLE_ASSIGNMENT((#6726));
#6359=PRESENTATION_STYLE_ASSIGNMENT((#6727));
#6360=PRESENTATION_STYLE_ASSIGNMENT((#6728));
#6361=PRESENTATION_STYLE_ASSIGNMENT((#6729));
#6362=PRESENTATION_STYLE_ASSIGNMENT((#6730));
#6363=PRESENTATION_STYLE_ASSIGNMENT((#6731));
#6364=PRESENTATION_STYLE_ASSIGNMENT((#6732));
#6365=PRESENTATION_STYLE_ASSIGNMENT((#6733));
#6366=PRESENTATION_STYLE_ASSIGNMENT((#6734));
#6367=PRESENTATION_STYLE_ASSIGNMENT((#6735));
#6368=PRESENTATION_STYLE_ASSIGNMENT((#6736));
#6369=PRESENTATION_STYLE_ASSIGNMENT((#6737));
#6370=PRESENTATION_STYLE_ASSIGNMENT((#6738));
#6371=PRESENTATION_STYLE_ASSIGNMENT((#6739));
#6372=PRESENTATION_STYLE_ASSIGNMENT((#6740));
#6373=PRESENTATION_STYLE_ASSIGNMENT((#6741));
#6374=PRESENTATION_STYLE_ASSIGNMENT((#6742));
#6375=PRESENTATION_STYLE_ASSIGNMENT((#6743));
#6376=PRESENTATION_STYLE_ASSIGNMENT((#6744));
#6377=PRESENTATION_STYLE_ASSIGNMENT((#6745));
#6378=PRESENTATION_STYLE_ASSIGNMENT((#6746));
#6379=PRESENTATION_STYLE_ASSIGNMENT((#6747));
#6380=PRESENTATION_STYLE_ASSIGNMENT((#6748));
#6381=PRESENTATION_STYLE_ASSIGNMENT((#6749));
#6382=PRESENTATION_STYLE_ASSIGNMENT((#6750));
#6383=PRESENTATION_STYLE_ASSIGNMENT((#6751));
#6384=PRESENTATION_STYLE_ASSIGNMENT((#6752));
#6385=PRESENTATION_STYLE_ASSIGNMENT((#6753));
#6386=PRESENTATION_STYLE_ASSIGNMENT((#6754));
#6387=PRESENTATION_STYLE_ASSIGNMENT((#6755));
#6388=PRESENTATION_STYLE_ASSIGNMENT((#6756));
#6389=PRESENTATION_STYLE_ASSIGNMENT((#6757));
#6390=PRESENTATION_STYLE_ASSIGNMENT((#6758));
#6391=PRESENTATION_STYLE_ASSIGNMENT((#6759));
#6392=PRESENTATION_STYLE_ASSIGNMENT((#6760));
#6393=PRESENTATION_STYLE_ASSIGNMENT((#6761));
#6394=PRESENTATION_STYLE_ASSIGNMENT((#6762));
#6395=PRESENTATION_STYLE_ASSIGNMENT((#6763));
#6396=PRESENTATION_STYLE_ASSIGNMENT((#6764));
#6397=PRESENTATION_STYLE_ASSIGNMENT((#6765));
#6398=PRESENTATION_STYLE_ASSIGNMENT((#6766));
#6399=PRESENTATION_STYLE_ASSIGNMENT((#6767));
#6400=PRESENTATION_STYLE_ASSIGNMENT((#6768));
#6401=PRESENTATION_STYLE_ASSIGNMENT((#6769));
#6402=PRESENTATION_STYLE_ASSIGNMENT((#6770));
#6403=PRESENTATION_STYLE_ASSIGNMENT((#6771));
#6404=PRESENTATION_STYLE_ASSIGNMENT((#6772));
#6405=PRESENTATION_STYLE_ASSIGNMENT((#6773));
#6406=PRESENTATION_STYLE_ASSIGNMENT((#6774));
#6407=PRESENTATION_STYLE_ASSIGNMENT((#6775));
#6408=PRESENTATION_STYLE_ASSIGNMENT((#6776));
#6409=PRESENTATION_STYLE_ASSIGNMENT((#6777));
#6410=PRESENTATION_STYLE_ASSIGNMENT((#6778));
#6411=PRESENTATION_STYLE_ASSIGNMENT((#6779));
#6412=PRESENTATION_STYLE_ASSIGNMENT((#6780));
#6413=PRESENTATION_STYLE_ASSIGNMENT((#6781));
#6414=PRESENTATION_STYLE_ASSIGNMENT((#6782));
#6415=PRESENTATION_STYLE_ASSIGNMENT((#6783));
#6416=PRESENTATION_STYLE_ASSIGNMENT((#6784));
#6417=PRESENTATION_STYLE_ASSIGNMENT((#6785));
#6418=PRESENTATION_STYLE_ASSIGNMENT((#6786));
#6419=PRESENTATION_STYLE_ASSIGNMENT((#6787));
#6420=PRESENTATION_STYLE_ASSIGNMENT((#6788));
#6421=PRESENTATION_STYLE_ASSIGNMENT((#6789));
#6422=PRESENTATION_STYLE_ASSIGNMENT((#6790));
#6423=PRESENTATION_STYLE_ASSIGNMENT((#6791));
#6424=PRESENTATION_STYLE_ASSIGNMENT((#6792));
#6425=PRESENTATION_STYLE_ASSIGNMENT((#6793));
#6426=PRESENTATION_STYLE_ASSIGNMENT((#6794));
#6427=PRESENTATION_STYLE_ASSIGNMENT((#6795));
#6428=PRESENTATION_STYLE_ASSIGNMENT((#6796));
#6429=PRESENTATION_STYLE_ASSIGNMENT((#6797));
#6430=PRESENTATION_STYLE_ASSIGNMENT((#6798));
#6431=PRESENTATION_STYLE_ASSIGNMENT((#6799));
#6432=PRESENTATION_STYLE_ASSIGNMENT((#6800));
#6433=PRESENTATION_STYLE_ASSIGNMENT((#6801));
#6434=PRESENTATION_STYLE_ASSIGNMENT((#6802));
#6435=PRESENTATION_STYLE_ASSIGNMENT((#6803));
#6436=PRESENTATION_STYLE_ASSIGNMENT((#6804));
#6437=PRESENTATION_STYLE_ASSIGNMENT((#6805));
#6438=PRESENTATION_STYLE_ASSIGNMENT((#6806));
#6439=PRESENTATION_STYLE_ASSIGNMENT((#6807));
#6440=PRESENTATION_STYLE_ASSIGNMENT((#6808));
#6441=PRESENTATION_STYLE_ASSIGNMENT((#6809));
#6442=PRESENTATION_STYLE_ASSIGNMENT((#6810));
#6443=PRESENTATION_STYLE_ASSIGNMENT((#6811));
#6444=PRESENTATION_STYLE_ASSIGNMENT((#6812));
#6445=PRESENTATION_STYLE_ASSIGNMENT((#6813));
#6446=PRESENTATION_STYLE_ASSIGNMENT((#6814));
#6447=PRESENTATION_STYLE_ASSIGNMENT((#6815));
#6448=PRESENTATION_STYLE_ASSIGNMENT((#6816));
#6449=PRESENTATION_STYLE_ASSIGNMENT((#6817));
#6450=PRESENTATION_STYLE_ASSIGNMENT((#6818));
#6451=PRESENTATION_STYLE_ASSIGNMENT((#6819));
#6452=PRESENTATION_STYLE_ASSIGNMENT((#6820));
#6453=PRESENTATION_STYLE_ASSIGNMENT((#6821));
#6454=PRESENTATION_STYLE_ASSIGNMENT((#6822));
#6455=PRESENTATION_STYLE_ASSIGNMENT((#6823));
#6456=PRESENTATION_STYLE_ASSIGNMENT((#6824));
#6457=PRESENTATION_STYLE_ASSIGNMENT((#6825));
#6458=PRESENTATION_STYLE_ASSIGNMENT((#6826));
#6459=PRESENTATION_STYLE_ASSIGNMENT((#6827));
#6460=PRESENTATION_STYLE_ASSIGNMENT((#6828));
#6461=PRESENTATION_STYLE_ASSIGNMENT((#6829));
#6462=PRESENTATION_STYLE_ASSIGNMENT((#6830));
#6463=PRESENTATION_STYLE_ASSIGNMENT((#6831));
#6464=PRESENTATION_STYLE_ASSIGNMENT((#6832));
#6465=PRESENTATION_STYLE_ASSIGNMENT((#6833));
#6466=PRESENTATION_STYLE_ASSIGNMENT((#6834));
#6467=PRESENTATION_STYLE_ASSIGNMENT((#6835));
#6468=PRESENTATION_STYLE_ASSIGNMENT((#6836));
#6469=PRESENTATION_STYLE_ASSIGNMENT((#6837));
#6470=PRESENTATION_STYLE_ASSIGNMENT((#6838));
#6471=PRESENTATION_STYLE_ASSIGNMENT((#6839));
#6472=PRESENTATION_STYLE_ASSIGNMENT((#6840));
#6473=PRESENTATION_STYLE_ASSIGNMENT((#6841));
#6474=PRESENTATION_STYLE_ASSIGNMENT((#6842));
#6475=PRESENTATION_STYLE_ASSIGNMENT((#6843));
#6476=PRESENTATION_STYLE_ASSIGNMENT((#6844));
#6477=PRESENTATION_STYLE_ASSIGNMENT((#6845));
#6478=PRESENTATION_STYLE_ASSIGNMENT((#6846));
#6479=PRESENTATION_STYLE_ASSIGNMENT((#6847));
#6480=PRESENTATION_STYLE_ASSIGNMENT((#6848));
#6481=PRESENTATION_STYLE_ASSIGNMENT((#6849));
#6482=PRESENTATION_STYLE_ASSIGNMENT((#6850));
#6483=PRESENTATION_STYLE_ASSIGNMENT((#6851));
#6484=PRESENTATION_STYLE_ASSIGNMENT((#6852));
#6485=PRESENTATION_STYLE_ASSIGNMENT((#6853));
#6486=PRESENTATION_STYLE_ASSIGNMENT((#6854));
#6487=PRESENTATION_STYLE_ASSIGNMENT((#6855));
#6488=PRESENTATION_STYLE_ASSIGNMENT((#6856));
#6489=PRESENTATION_STYLE_ASSIGNMENT((#6857));
#6490=PRESENTATION_STYLE_ASSIGNMENT((#6858));
#6491=PRESENTATION_STYLE_ASSIGNMENT((#6859));
#6492=PRESENTATION_STYLE_ASSIGNMENT((#6860));
#6493=PRESENTATION_STYLE_ASSIGNMENT((#6861));
#6494=PRESENTATION_STYLE_ASSIGNMENT((#6862));
#6495=PRESENTATION_STYLE_ASSIGNMENT((#6863));
#6496=PRESENTATION_STYLE_ASSIGNMENT((#6864));
#6497=PRESENTATION_STYLE_ASSIGNMENT((#6865));
#6498=PRESENTATION_STYLE_ASSIGNMENT((#6866));
#6499=PRESENTATION_STYLE_ASSIGNMENT((#6867));
#6500=PRESENTATION_STYLE_ASSIGNMENT((#6868));
#6501=PRESENTATION_STYLE_ASSIGNMENT((#6869));
#6502=PRESENTATION_STYLE_ASSIGNMENT((#6870));
#6503=PRESENTATION_STYLE_ASSIGNMENT((#6871));
#6504=PRESENTATION_STYLE_ASSIGNMENT((#6872));
#6505=PRESENTATION_STYLE_ASSIGNMENT((#6873));
#6506=PRESENTATION_STYLE_ASSIGNMENT((#6874));
#6507=PRESENTATION_STYLE_ASSIGNMENT((#6875));
#6508=PRESENTATION_STYLE_ASSIGNMENT((#6876));
#6509=PRESENTATION_STYLE_ASSIGNMENT((#6877));
#6510=PRESENTATION_STYLE_ASSIGNMENT((#6878));
#6511=PRESENTATION_STYLE_ASSIGNMENT((#6879));
#6512=PRESENTATION_STYLE_ASSIGNMENT((#6880));
#6513=PRESENTATION_STYLE_ASSIGNMENT((#6881));
#6514=PRESENTATION_STYLE_ASSIGNMENT((#6882));
#6515=PRESENTATION_STYLE_ASSIGNMENT((#6883));
#6516=PRESENTATION_STYLE_ASSIGNMENT((#6884));
#6517=PRESENTATION_STYLE_ASSIGNMENT((#6885));
#6518=PRESENTATION_STYLE_ASSIGNMENT((#6886));
#6519=PRESENTATION_STYLE_ASSIGNMENT((#6887));
#6520=PRESENTATION_STYLE_ASSIGNMENT((#6888));
#6521=PRESENTATION_STYLE_ASSIGNMENT((#6889));
#6522=PRESENTATION_STYLE_ASSIGNMENT((#6890));
#6523=PRESENTATION_STYLE_ASSIGNMENT((#6891));
#6524=PRESENTATION_STYLE_ASSIGNMENT((#6892));
#6525=PRESENTATION_STYLE_ASSIGNMENT((#6893));
#6526=PRESENTATION_STYLE_ASSIGNMENT((#6894));
#6527=PRESENTATION_STYLE_ASSIGNMENT((#6895));
#6528=PRESENTATION_STYLE_ASSIGNMENT((#6896));
#6529=PRESENTATION_STYLE_ASSIGNMENT((#6897));
#6530=PRESENTATION_STYLE_ASSIGNMENT((#6898));
#6531=PRESENTATION_STYLE_ASSIGNMENT((#6899));
#6532=PRESENTATION_STYLE_ASSIGNMENT((#6900));
#6533=PRESENTATION_STYLE_ASSIGNMENT((#6901));
#6534=PRESENTATION_STYLE_ASSIGNMENT((#6902));
#6535=PRESENTATION_STYLE_ASSIGNMENT((#6903));
#6536=PRESENTATION_STYLE_ASSIGNMENT((#6904));
#6537=PRESENTATION_STYLE_ASSIGNMENT((#6905));
#6538=PRESENTATION_STYLE_ASSIGNMENT((#6906));
#6539=PRESENTATION_STYLE_ASSIGNMENT((#6907));
#6540=PRESENTATION_STYLE_ASSIGNMENT((#6908));
#6541=PRESENTATION_STYLE_ASSIGNMENT((#6909));
#6542=PRESENTATION_STYLE_ASSIGNMENT((#6910));
#6543=PRESENTATION_STYLE_ASSIGNMENT((#6911));
#6544=PRESENTATION_STYLE_ASSIGNMENT((#6912));
#6545=PRESENTATION_STYLE_ASSIGNMENT((#6913));
#6546=PRESENTATION_STYLE_ASSIGNMENT((#6914));
#6547=PRESENTATION_STYLE_ASSIGNMENT((#6915));
#6548=PRESENTATION_STYLE_ASSIGNMENT((#6916));
#6549=PRESENTATION_STYLE_ASSIGNMENT((#6917));
#6550=PRESENTATION_STYLE_ASSIGNMENT((#6918));
#6551=PRESENTATION_STYLE_ASSIGNMENT((#6919));
#6552=PRESENTATION_STYLE_ASSIGNMENT((#6920));
#6553=PRESENTATION_STYLE_ASSIGNMENT((#6921));
#6554=PRESENTATION_STYLE_ASSIGNMENT((#6922));
#6555=PRESENTATION_STYLE_ASSIGNMENT((#6923));
#6556=PRESENTATION_STYLE_ASSIGNMENT((#6924));
#6557=PRESENTATION_STYLE_ASSIGNMENT((#6925));
#6558=PRESENTATION_STYLE_ASSIGNMENT((#6926));
#6559=PRESENTATION_STYLE_ASSIGNMENT((#6927));
#6560=PRESENTATION_STYLE_ASSIGNMENT((#6928));
#6561=PRESENTATION_STYLE_ASSIGNMENT((#6929));
#6562=PRESENTATION_STYLE_ASSIGNMENT((#6930));
#6563=PRESENTATION_STYLE_ASSIGNMENT((#6931));
#6564=PRESENTATION_STYLE_ASSIGNMENT((#6932));
#6565=PRESENTATION_STYLE_ASSIGNMENT((#6933));
#6566=PRESENTATION_STYLE_ASSIGNMENT((#6934));
#6567=PRESENTATION_STYLE_ASSIGNMENT((#6935));
#6568=PRESENTATION_STYLE_ASSIGNMENT((#6936));
#6569=PRESENTATION_STYLE_ASSIGNMENT((#6937));
#6570=PRESENTATION_STYLE_ASSIGNMENT((#6938));
#6571=PRESENTATION_STYLE_ASSIGNMENT((#6939));
#6572=PRESENTATION_STYLE_ASSIGNMENT((#6940));
#6573=PRESENTATION_STYLE_ASSIGNMENT((#6941));
#6574=PRESENTATION_STYLE_ASSIGNMENT((#6942));
#6575=PRESENTATION_STYLE_ASSIGNMENT((#6943));
#6576=PRESENTATION_STYLE_ASSIGNMENT((#6944));
#6577=PRESENTATION_STYLE_ASSIGNMENT((#6945));
#6578=PRESENTATION_STYLE_ASSIGNMENT((#6946));
#6579=PRESENTATION_STYLE_ASSIGNMENT((#6947));
#6580=PRESENTATION_STYLE_ASSIGNMENT((#6948));
#6581=PRESENTATION_STYLE_ASSIGNMENT((#6949));
#6582=PRESENTATION_STYLE_ASSIGNMENT((#6950));
#6583=PRESENTATION_STYLE_ASSIGNMENT((#6951));
#6584=PRESENTATION_STYLE_ASSIGNMENT((#6952));
#6585=PRESENTATION_STYLE_ASSIGNMENT((#6953));
#6586=PRESENTATION_STYLE_ASSIGNMENT((#6954));
#6587=PRESENTATION_STYLE_ASSIGNMENT((#6955));
#6588=PRESENTATION_STYLE_ASSIGNMENT((#6956));
#6589=PRESENTATION_STYLE_ASSIGNMENT((#6957));
#6590=PRESENTATION_STYLE_ASSIGNMENT((#6958));
#6591=PRESENTATION_STYLE_ASSIGNMENT((#6959));
#6592=PRESENTATION_STYLE_ASSIGNMENT((#6960));
#6593=PRESENTATION_STYLE_ASSIGNMENT((#6961));
#6594=PRESENTATION_STYLE_ASSIGNMENT((#6962));
#6595=PRESENTATION_STYLE_ASSIGNMENT((#6963));
#6596=PRESENTATION_STYLE_ASSIGNMENT((#6964));
#6597=PRESENTATION_STYLE_ASSIGNMENT((#6965));
#6598=PRESENTATION_STYLE_ASSIGNMENT((#6966));
#6599=PRESENTATION_STYLE_ASSIGNMENT((#6967));
#6600=PRESENTATION_STYLE_ASSIGNMENT((#6968));
#6601=PRESENTATION_STYLE_ASSIGNMENT((#6969));
#6602=PRESENTATION_STYLE_ASSIGNMENT((#6970));
#6603=PRESENTATION_STYLE_ASSIGNMENT((#6971));
#6604=PRESENTATION_STYLE_ASSIGNMENT((#6972));
#6605=PRESENTATION_STYLE_ASSIGNMENT((#6973));
#6606=PRESENTATION_STYLE_ASSIGNMENT((#6974));
#6607=PRESENTATION_STYLE_ASSIGNMENT((#6975));
#6608=PRESENTATION_STYLE_ASSIGNMENT((#6976));
#6609=PRESENTATION_STYLE_ASSIGNMENT((#6977));
#6610=PRESENTATION_STYLE_ASSIGNMENT((#6978));
#6611=PRESENTATION_STYLE_ASSIGNMENT((#6979));
#6612=PRESENTATION_STYLE_ASSIGNMENT((#6980));
#6613=PRESENTATION_STYLE_ASSIGNMENT((#6981));
#6614=PRESENTATION_STYLE_ASSIGNMENT((#6982));
#6615=PRESENTATION_STYLE_ASSIGNMENT((#6983));
#6616=PRESENTATION_STYLE_ASSIGNMENT((#6984));
#6617=PRESENTATION_STYLE_ASSIGNMENT((#6985));
#6618=PRESENTATION_STYLE_ASSIGNMENT((#6986));
#6619=PRESENTATION_STYLE_ASSIGNMENT((#6987));
#6620=PRESENTATION_STYLE_ASSIGNMENT((#6988));
#6621=PRESENTATION_STYLE_ASSIGNMENT((#6989));
#6622=PRESENTATION_STYLE_ASSIGNMENT((#6990));
#6623=PRESENTATION_STYLE_ASSIGNMENT((#6991));
#6624=PRESENTATION_STYLE_ASSIGNMENT((#6992));
#6625=PRESENTATION_STYLE_ASSIGNMENT((#6993));
#6626=PRESENTATION_STYLE_ASSIGNMENT((#6994));
#6627=PRESENTATION_STYLE_ASSIGNMENT((#6995));
#6628=PRESENTATION_STYLE_ASSIGNMENT((#6996));
#6629=PRESENTATION_STYLE_ASSIGNMENT((#6997));
#6630=PRESENTATION_STYLE_ASSIGNMENT((#6998));
#6631=PRESENTATION_STYLE_ASSIGNMENT((#6999));
#6632=PRESENTATION_STYLE_ASSIGNMENT((#7000));
#6633=PRESENTATION_STYLE_ASSIGNMENT((#7001));
#6634=PRESENTATION_STYLE_ASSIGNMENT((#7002));
#6635=PRESENTATION_STYLE_ASSIGNMENT((#7003));
#6636=PRESENTATION_STYLE_ASSIGNMENT((#7004));
#6637=PRESENTATION_STYLE_ASSIGNMENT((#7005));
#6638=PRESENTATION_STYLE_ASSIGNMENT((#7006));
#6639=PRESENTATION_STYLE_ASSIGNMENT((#7007));
#6640=PRESENTATION_STYLE_ASSIGNMENT((#7008));
#6641=PRESENTATION_STYLE_ASSIGNMENT((#7009));
#6642=PRESENTATION_STYLE_ASSIGNMENT((#7010));
#6643=PRESENTATION_STYLE_ASSIGNMENT((#7011));
#6644=PRESENTATION_STYLE_ASSIGNMENT((#7012));
#6645=PRESENTATION_STYLE_ASSIGNMENT((#7013));
#6646=PRESENTATION_STYLE_ASSIGNMENT((#7014));
#6647=PRESENTATION_STYLE_ASSIGNMENT((#7015));
#6648=PRESENTATION_STYLE_ASSIGNMENT((#7016));
#6649=PRESENTATION_STYLE_ASSIGNMENT((#7017));
#6650=PRESENTATION_STYLE_ASSIGNMENT((#7018));
#6651=PRESENTATION_STYLE_ASSIGNMENT((#7019));
#6652=SURFACE_STYLE_USAGE(.BOTH.,#7020);
#6653=SURFACE_STYLE_USAGE(.BOTH.,#7021);
#6654=SURFACE_STYLE_USAGE(.BOTH.,#7022);
#6655=SURFACE_STYLE_USAGE(.BOTH.,#7023);
#6656=SURFACE_STYLE_USAGE(.BOTH.,#7024);
#6657=SURFACE_STYLE_USAGE(.BOTH.,#7025);
#6658=SURFACE_STYLE_USAGE(.BOTH.,#7026);
#6659=SURFACE_STYLE_USAGE(.BOTH.,#7027);
#6660=SURFACE_STYLE_USAGE(.BOTH.,#7028);
#6661=SURFACE_STYLE_USAGE(.BOTH.,#7029);
#6662=SURFACE_STYLE_USAGE(.BOTH.,#7030);
#6663=SURFACE_STYLE_USAGE(.BOTH.,#7031);
#6664=SURFACE_STYLE_USAGE(.BOTH.,#7032);
#6665=SURFACE_STYLE_USAGE(.BOTH.,#7033);
#6666=SURFACE_STYLE_USAGE(.BOTH.,#7034);
#6667=SURFACE_STYLE_USAGE(.BOTH.,#7035);
#6668=SURFACE_STYLE_USAGE(.BOTH.,#7036);
#6669=SURFACE_STYLE_USAGE(.BOTH.,#7037);
#6670=SURFACE_STYLE_USAGE(.BOTH.,#7038);
#6671=SURFACE_STYLE_USAGE(.BOTH.,#7039);
#6672=SURFACE_STYLE_USAGE(.BOTH.,#7040);
#6673=SURFACE_STYLE_USAGE(.BOTH.,#7041);
#6674=SURFACE_STYLE_USAGE(.BOTH.,#7042);
#6675=SURFACE_STYLE_USAGE(.BOTH.,#7043);
#6676=SURFACE_STYLE_USAGE(.BOTH.,#7044);
#6677=SURFACE_STYLE_USAGE(.BOTH.,#7045);
#6678=SURFACE_STYLE_USAGE(.BOTH.,#7046);
#6679=SURFACE_STYLE_USAGE(.BOTH.,#7047);
#6680=SURFACE_STYLE_USAGE(.BOTH.,#7048);
#6681=SURFACE_STYLE_USAGE(.BOTH.,#7049);
#6682=SURFACE_STYLE_USAGE(.BOTH.,#7050);
#6683=SURFACE_STYLE_USAGE(.BOTH.,#7051);
#6684=SURFACE_STYLE_USAGE(.BOTH.,#7052);
#6685=SURFACE_STYLE_USAGE(.BOTH.,#7053);
#6686=SURFACE_STYLE_USAGE(.BOTH.,#7054);
#6687=SURFACE_STYLE_USAGE(.BOTH.,#7055);
#6688=SURFACE_STYLE_USAGE(.BOTH.,#7056);
#6689=SURFACE_STYLE_USAGE(.BOTH.,#7057);
#6690=SURFACE_STYLE_USAGE(.BOTH.,#7058);
#6691=SURFACE_STYLE_USAGE(.BOTH.,#7059);
#6692=SURFACE_STYLE_USAGE(.BOTH.,#7060);
#6693=SURFACE_STYLE_USAGE(.BOTH.,#7061);
#6694=SURFACE_STYLE_USAGE(.BOTH.,#7062);
#6695=SURFACE_STYLE_USAGE(.BOTH.,#7063);
#6696=SURFACE_STYLE_USAGE(.BOTH.,#7064);
#6697=SURFACE_STYLE_USAGE(.BOTH.,#7065);
#6698=SURFACE_STYLE_USAGE(.BOTH.,#7066);
#6699=SURFACE_STYLE_USAGE(.BOTH.,#7067);
#6700=SURFACE_STYLE_USAGE(.BOTH.,#7068);
#6701=SURFACE_STYLE_USAGE(.BOTH.,#7069);
#6702=SURFACE_STYLE_USAGE(.BOTH.,#7070);
#6703=SURFACE_STYLE_USAGE(.BOTH.,#7071);
#6704=SURFACE_STYLE_USAGE(.BOTH.,#7072);
#6705=SURFACE_STYLE_USAGE(.BOTH.,#7073);
#6706=SURFACE_STYLE_USAGE(.BOTH.,#7074);
#6707=SURFACE_STYLE_USAGE(.BOTH.,#7075);
#6708=SURFACE_STYLE_USAGE(.BOTH.,#7076);
#6709=SURFACE_STYLE_USAGE(.BOTH.,#7077);
#6710=SURFACE_STYLE_USAGE(.BOTH.,#7078);
#6711=SURFACE_STYLE_USAGE(.BOTH.,#7079);
#6712=SURFACE_STYLE_USAGE(.BOTH.,#7080);
#6713=SURFACE_STYLE_USAGE(.BOTH.,#7081);
#6714=SURFACE_STYLE_USAGE(.BOTH.,#7082);
#6715=SURFACE_STYLE_USAGE(.BOTH.,#7083);
#6716=SURFACE_STYLE_USAGE(.BOTH.,#7084);
#6717=SURFACE_STYLE_USAGE(.BOTH.,#7085);
#6718=SURFACE_STYLE_USAGE(.BOTH.,#7086);
#6719=SURFACE_STYLE_USAGE(.BOTH.,#7087);
#6720=SURFACE_STYLE_USAGE(.BOTH.,#7088);
#6721=SURFACE_STYLE_USAGE(.BOTH.,#7089);
#6722=SURFACE_STYLE_USAGE(.BOTH.,#7090);
#6723=SURFACE_STYLE_USAGE(.BOTH.,#7091);
#6724=SURFACE_STYLE_USAGE(.BOTH.,#7092);
#6725=SURFACE_STYLE_USAGE(.BOTH.,#7093);
#6726=SURFACE_STYLE_USAGE(.BOTH.,#7094);
#6727=SURFACE_STYLE_USAGE(.BOTH.,#7095);
#6728=SURFACE_STYLE_USAGE(.BOTH.,#7096);
#6729=SURFACE_STYLE_USAGE(.BOTH.,#7097);
#6730=SURFACE_STYLE_USAGE(.BOTH.,#7098);
#6731=SURFACE_STYLE_USAGE(.BOTH.,#7099);
#6732=SURFACE_STYLE_USAGE(.BOTH.,#7100);
#6733=SURFACE_STYLE_USAGE(.BOTH.,#7101);
#6734=SURFACE_STYLE_USAGE(.BOTH.,#7102);
#6735=SURFACE_STYLE_USAGE(.BOTH.,#7103);
#6736=SURFACE_STYLE_USAGE(.BOTH.,#7104);
#6737=SURFACE_STYLE_USAGE(.BOTH.,#7105);
#6738=SURFACE_STYLE_USAGE(.BOTH.,#7106);
#6739=SURFACE_STYLE_USAGE(.BOTH.,#7107);
#6740=SURFACE_STYLE_USAGE(.BOTH.,#7108);
#6741=SURFACE_STYLE_USAGE(.BOTH.,#7109);
#6742=SURFACE_STYLE_USAGE(.BOTH.,#7110);
#6743=SURFACE_STYLE_USAGE(.BOTH.,#7111);
#6744=SURFACE_STYLE_USAGE(.BOTH.,#7112);
#6745=SURFACE_STYLE_USAGE(.BOTH.,#7113);
#6746=SURFACE_STYLE_USAGE(.BOTH.,#7114);
#6747=SURFACE_STYLE_USAGE(.BOTH.,#7115);
#6748=SURFACE_STYLE_USAGE(.BOTH.,#7116);
#6749=SURFACE_STYLE_USAGE(.BOTH.,#7117);
#6750=SURFACE_STYLE_USAGE(.BOTH.,#7118);
#6751=SURFACE_STYLE_USAGE(.BOTH.,#7119);
#6752=SURFACE_STYLE_USAGE(.BOTH.,#7120);
#6753=SURFACE_STYLE_USAGE(.BOTH.,#7121);
#6754=SURFACE_STYLE_USAGE(.BOTH.,#7122);
#6755=SURFACE_STYLE_USAGE(.BOTH.,#7123);
#6756=SURFACE_STYLE_USAGE(.BOTH.,#7124);
#6757=SURFACE_STYLE_USAGE(.BOTH.,#7125);
#6758=SURFACE_STYLE_USAGE(.BOTH.,#7126);
#6759=SURFACE_STYLE_USAGE(.BOTH.,#7127);
#6760=SURFACE_STYLE_USAGE(.BOTH.,#7128);
#6761=SURFACE_STYLE_USAGE(.BOTH.,#7129);
#6762=SURFACE_STYLE_USAGE(.BOTH.,#7130);
#6763=SURFACE_STYLE_USAGE(.BOTH.,#7131);
#6764=SURFACE_STYLE_USAGE(.BOTH.,#7132);
#6765=SURFACE_STYLE_USAGE(.BOTH.,#7133);
#6766=SURFACE_STYLE_USAGE(.BOTH.,#7134);
#6767=SURFACE_STYLE_USAGE(.BOTH.,#7135);
#6768=SURFACE_STYLE_USAGE(.BOTH.,#7136);
#6769=SURFACE_STYLE_USAGE(.BOTH.,#7137);
#6770=SURFACE_STYLE_USAGE(.BOTH.,#7138);
#6771=SURFACE_STYLE_USAGE(.BOTH.,#7139);
#6772=SURFACE_STYLE_USAGE(.BOTH.,#7140);
#6773=SURFACE_STYLE_USAGE(.BOTH.,#7141);
#6774=SURFACE_STYLE_USAGE(.BOTH.,#7142);
#6775=SURFACE_STYLE_USAGE(.BOTH.,#7143);
#6776=SURFACE_STYLE_USAGE(.BOTH.,#7144);
#6777=SURFACE_STYLE_USAGE(.BOTH.,#7145);
#6778=SURFACE_STYLE_USAGE(.BOTH.,#7146);
#6779=SURFACE_STYLE_USAGE(.BOTH.,#7147);
#6780=SURFACE_STYLE_USAGE(.BOTH.,#7148);
#6781=SURFACE_STYLE_USAGE(.BOTH.,#7149);
#6782=SURFACE_STYLE_USAGE(.BOTH.,#7150);
#6783=SURFACE_STYLE_USAGE(.BOTH.,#7151);
#6784=SURFACE_STYLE_USAGE(.BOTH.,#7152);
#6785=SURFACE_STYLE_USAGE(.BOTH.,#7153);
#6786=SURFACE_STYLE_USAGE(.BOTH.,#7154);
#6787=SURFACE_STYLE_USAGE(.BOTH.,#7155);
#6788=SURFACE_STYLE_USAGE(.BOTH.,#7156);
#6789=SURFACE_STYLE_USAGE(.BOTH.,#7157);
#6790=SURFACE_STYLE_USAGE(.BOTH.,#7158);
#6791=SURFACE_STYLE_USAGE(.BOTH.,#7159);
#6792=SURFACE_STYLE_USAGE(.BOTH.,#7160);
#6793=SURFACE_STYLE_USAGE(.BOTH.,#7161);
#6794=SURFACE_STYLE_USAGE(.BOTH.,#7162);
#6795=SURFACE_STYLE_USAGE(.BOTH.,#7163);
#6796=SURFACE_STYLE_USAGE(.BOTH.,#7164);
#6797=SURFACE_STYLE_USAGE(.BOTH.,#7165);
#6798=SURFACE_STYLE_USAGE(.BOTH.,#7166);
#6799=SURFACE_STYLE_USAGE(.BOTH.,#7167);
#6800=SURFACE_STYLE_USAGE(.BOTH.,#7168);
#6801=SURFACE_STYLE_USAGE(.BOTH.,#7169);
#6802=SURFACE_STYLE_USAGE(.BOTH.,#7170);
#6803=SURFACE_STYLE_USAGE(.BOTH.,#7171);
#6804=SURFACE_STYLE_USAGE(.BOTH.,#7172);
#6805=SURFACE_STYLE_USAGE(.BOTH.,#7173);
#6806=SURFACE_STYLE_USAGE(.BOTH.,#7174);
#6807=SURFACE_STYLE_USAGE(.BOTH.,#7175);
#6808=SURFACE_STYLE_USAGE(.BOTH.,#7176);
#6809=SURFACE_STYLE_USAGE(.BOTH.,#7177);
#6810=SURFACE_STYLE_USAGE(.BOTH.,#7178);
#6811=SURFACE_STYLE_USAGE(.BOTH.,#7179);
#6812=SURFACE_STYLE_USAGE(.BOTH.,#7180);
#6813=SURFACE_STYLE_USAGE(.BOTH.,#7181);
#6814=SURFACE_STYLE_USAGE(.BOTH.,#7182);
#6815=SURFACE_STYLE_USAGE(.BOTH.,#7183);
#6816=SURFACE_STYLE_USAGE(.BOTH.,#7184);
#6817=SURFACE_STYLE_USAGE(.BOTH.,#7185);
#6818=SURFACE_STYLE_USAGE(.BOTH.,#7186);
#6819=SURFACE_STYLE_USAGE(.BOTH.,#7187);
#6820=SURFACE_STYLE_USAGE(.BOTH.,#7188);
#6821=SURFACE_STYLE_USAGE(.BOTH.,#7189);
#6822=SURFACE_STYLE_USAGE(.BOTH.,#7190);
#6823=SURFACE_STYLE_USAGE(.BOTH.,#7191);
#6824=SURFACE_STYLE_USAGE(.BOTH.,#7192);
#6825=SURFACE_STYLE_USAGE(.BOTH.,#7193);
#6826=SURFACE_STYLE_USAGE(.BOTH.,#7194);
#6827=SURFACE_STYLE_USAGE(.BOTH.,#7195);
#6828=SURFACE_STYLE_USAGE(.BOTH.,#7196);
#6829=SURFACE_STYLE_USAGE(.BOTH.,#7197);
#6830=SURFACE_STYLE_USAGE(.BOTH.,#7198);
#6831=SURFACE_STYLE_USAGE(.BOTH.,#7199);
#6832=SURFACE_STYLE_USAGE(.BOTH.,#7200);
#6833=SURFACE_STYLE_USAGE(.BOTH.,#7201);
#6834=SURFACE_STYLE_USAGE(.BOTH.,#7202);
#6835=SURFACE_STYLE_USAGE(.BOTH.,#7203);
#6836=SURFACE_STYLE_USAGE(.BOTH.,#7204);
#6837=SURFACE_STYLE_USAGE(.BOTH.,#7205);
#6838=SURFACE_STYLE_USAGE(.BOTH.,#7206);
#6839=SURFACE_STYLE_USAGE(.BOTH.,#7207);
#6840=SURFACE_STYLE_USAGE(.BOTH.,#7208);
#6841=SURFACE_STYLE_USAGE(.BOTH.,#7209);
#6842=SURFACE_STYLE_USAGE(.BOTH.,#7210);
#6843=SURFACE_STYLE_USAGE(.BOTH.,#7211);
#6844=SURFACE_STYLE_USAGE(.BOTH.,#7212);
#6845=SURFACE_STYLE_USAGE(.BOTH.,#7213);
#6846=SURFACE_STYLE_USAGE(.BOTH.,#7214);
#6847=SURFACE_STYLE_USAGE(.BOTH.,#7215);
#6848=SURFACE_STYLE_USAGE(.BOTH.,#7216);
#6849=SURFACE_STYLE_USAGE(.BOTH.,#7217);
#6850=SURFACE_STYLE_USAGE(.BOTH.,#7218);
#6851=SURFACE_STYLE_USAGE(.BOTH.,#7219);
#6852=SURFACE_STYLE_USAGE(.BOTH.,#7220);
#6853=SURFACE_STYLE_USAGE(.BOTH.,#7221);
#6854=SURFACE_STYLE_USAGE(.BOTH.,#7222);
#6855=SURFACE_STYLE_USAGE(.BOTH.,#7223);
#6856=SURFACE_STYLE_USAGE(.BOTH.,#7224);
#6857=SURFACE_STYLE_USAGE(.BOTH.,#7225);
#6858=SURFACE_STYLE_USAGE(.BOTH.,#7226);
#6859=SURFACE_STYLE_USAGE(.BOTH.,#7227);
#6860=SURFACE_STYLE_USAGE(.BOTH.,#7228);
#6861=SURFACE_STYLE_USAGE(.BOTH.,#7229);
#6862=SURFACE_STYLE_USAGE(.BOTH.,#7230);
#6863=SURFACE_STYLE_USAGE(.BOTH.,#7231);
#6864=SURFACE_STYLE_USAGE(.BOTH.,#7232);
#6865=SURFACE_STYLE_USAGE(.BOTH.,#7233);
#6866=SURFACE_STYLE_USAGE(.BOTH.,#7234);
#6867=SURFACE_STYLE_USAGE(.BOTH.,#7235);
#6868=SURFACE_STYLE_USAGE(.BOTH.,#7236);
#6869=SURFACE_STYLE_USAGE(.BOTH.,#7237);
#6870=SURFACE_STYLE_USAGE(.BOTH.,#7238);
#6871=SURFACE_STYLE_USAGE(.BOTH.,#7239);
#6872=SURFACE_STYLE_USAGE(.BOTH.,#7240);
#6873=SURFACE_STYLE_USAGE(.BOTH.,#7241);
#6874=SURFACE_STYLE_USAGE(.BOTH.,#7242);
#6875=SURFACE_STYLE_USAGE(.BOTH.,#7243);
#6876=SURFACE_STYLE_USAGE(.BOTH.,#7244);
#6877=SURFACE_STYLE_USAGE(.BOTH.,#7245);
#6878=SURFACE_STYLE_USAGE(.BOTH.,#7246);
#6879=SURFACE_STYLE_USAGE(.BOTH.,#7247);
#6880=SURFACE_STYLE_USAGE(.BOTH.,#7248);
#6881=SURFACE_STYLE_USAGE(.BOTH.,#7249);
#6882=SURFACE_STYLE_USAGE(.BOTH.,#7250);
#6883=SURFACE_STYLE_USAGE(.BOTH.,#7251);
#6884=SURFACE_STYLE_USAGE(.BOTH.,#7252);
#6885=SURFACE_STYLE_USAGE(.BOTH.,#7253);
#6886=SURFACE_STYLE_USAGE(.BOTH.,#7254);
#6887=SURFACE_STYLE_USAGE(.BOTH.,#7255);
#6888=SURFACE_STYLE_USAGE(.BOTH.,#7256);
#6889=SURFACE_STYLE_USAGE(.BOTH.,#7257);
#6890=SURFACE_STYLE_USAGE(.BOTH.,#7258);
#6891=SURFACE_STYLE_USAGE(.BOTH.,#7259);
#6892=SURFACE_STYLE_USAGE(.BOTH.,#7260);
#6893=SURFACE_STYLE_USAGE(.BOTH.,#7261);
#6894=SURFACE_STYLE_USAGE(.BOTH.,#7262);
#6895=SURFACE_STYLE_USAGE(.BOTH.,#7263);
#6896=SURFACE_STYLE_USAGE(.BOTH.,#7264);
#6897=SURFACE_STYLE_USAGE(.BOTH.,#7265);
#6898=SURFACE_STYLE_USAGE(.BOTH.,#7266);
#6899=SURFACE_STYLE_USAGE(.BOTH.,#7267);
#6900=SURFACE_STYLE_USAGE(.BOTH.,#7268);
#6901=SURFACE_STYLE_USAGE(.BOTH.,#7269);
#6902=SURFACE_STYLE_USAGE(.BOTH.,#7270);
#6903=SURFACE_STYLE_USAGE(.BOTH.,#7271);
#6904=SURFACE_STYLE_USAGE(.BOTH.,#7272);
#6905=SURFACE_STYLE_USAGE(.BOTH.,#7273);
#6906=SURFACE_STYLE_USAGE(.BOTH.,#7274);
#6907=SURFACE_STYLE_USAGE(.BOTH.,#7275);
#6908=SURFACE_STYLE_USAGE(.BOTH.,#7276);
#6909=SURFACE_STYLE_USAGE(.BOTH.,#7277);
#6910=SURFACE_STYLE_USAGE(.BOTH.,#7278);
#6911=SURFACE_STYLE_USAGE(.BOTH.,#7279);
#6912=SURFACE_STYLE_USAGE(.BOTH.,#7280);
#6913=SURFACE_STYLE_USAGE(.BOTH.,#7281);
#6914=SURFACE_STYLE_USAGE(.BOTH.,#7282);
#6915=SURFACE_STYLE_USAGE(.BOTH.,#7283);
#6916=SURFACE_STYLE_USAGE(.BOTH.,#7284);
#6917=SURFACE_STYLE_USAGE(.BOTH.,#7285);
#6918=SURFACE_STYLE_USAGE(.BOTH.,#7286);
#6919=SURFACE_STYLE_USAGE(.BOTH.,#7287);
#6920=SURFACE_STYLE_USAGE(.BOTH.,#7288);
#6921=SURFACE_STYLE_USAGE(.BOTH.,#7289);
#6922=SURFACE_STYLE_USAGE(.BOTH.,#7290);
#6923=SURFACE_STYLE_USAGE(.BOTH.,#7291);
#6924=SURFACE_STYLE_USAGE(.BOTH.,#7292);
#6925=SURFACE_STYLE_USAGE(.BOTH.,#7293);
#6926=SURFACE_STYLE_USAGE(.BOTH.,#7294);
#6927=SURFACE_STYLE_USAGE(.BOTH.,#7295);
#6928=SURFACE_STYLE_USAGE(.BOTH.,#7296);
#6929=SURFACE_STYLE_USAGE(.BOTH.,#7297);
#6930=SURFACE_STYLE_USAGE(.BOTH.,#7298);
#6931=SURFACE_STYLE_USAGE(.BOTH.,#7299);
#6932=SURFACE_STYLE_USAGE(.BOTH.,#7300);
#6933=SURFACE_STYLE_USAGE(.BOTH.,#7301);
#6934=SURFACE_STYLE_USAGE(.BOTH.,#7302);
#6935=SURFACE_STYLE_USAGE(.BOTH.,#7303);
#6936=SURFACE_STYLE_USAGE(.BOTH.,#7304);
#6937=SURFACE_STYLE_USAGE(.BOTH.,#7305);
#6938=SURFACE_STYLE_USAGE(.BOTH.,#7306);
#6939=SURFACE_STYLE_USAGE(.BOTH.,#7307);
#6940=SURFACE_STYLE_USAGE(.BOTH.,#7308);
#6941=SURFACE_STYLE_USAGE(.BOTH.,#7309);
#6942=SURFACE_STYLE_USAGE(.BOTH.,#7310);
#6943=SURFACE_STYLE_USAGE(.BOTH.,#7311);
#6944=SURFACE_STYLE_USAGE(.BOTH.,#7312);
#6945=SURFACE_STYLE_USAGE(.BOTH.,#7313);
#6946=SURFACE_STYLE_USAGE(.BOTH.,#7314);
#6947=SURFACE_STYLE_USAGE(.BOTH.,#7315);
#6948=SURFACE_STYLE_USAGE(.BOTH.,#7316);
#6949=SURFACE_STYLE_USAGE(.BOTH.,#7317);
#6950=SURFACE_STYLE_USAGE(.BOTH.,#7318);
#6951=SURFACE_STYLE_USAGE(.BOTH.,#7319);
#6952=SURFACE_STYLE_USAGE(.BOTH.,#7320);
#6953=SURFACE_STYLE_USAGE(.BOTH.,#7321);
#6954=SURFACE_STYLE_USAGE(.BOTH.,#7322);
#6955=SURFACE_STYLE_USAGE(.BOTH.,#7323);
#6956=SURFACE_STYLE_USAGE(.BOTH.,#7324);
#6957=SURFACE_STYLE_USAGE(.BOTH.,#7325);
#6958=SURFACE_STYLE_USAGE(.BOTH.,#7326);
#6959=SURFACE_STYLE_USAGE(.BOTH.,#7327);
#6960=SURFACE_STYLE_USAGE(.BOTH.,#7328);
#6961=SURFACE_STYLE_USAGE(.BOTH.,#7329);
#6962=SURFACE_STYLE_USAGE(.BOTH.,#7330);
#6963=SURFACE_STYLE_USAGE(.BOTH.,#7331);
#6964=SURFACE_STYLE_USAGE(.BOTH.,#7332);
#6965=SURFACE_STYLE_USAGE(.BOTH.,#7333);
#6966=SURFACE_STYLE_USAGE(.BOTH.,#7334);
#6967=SURFACE_STYLE_USAGE(.BOTH.,#7335);
#6968=SURFACE_STYLE_USAGE(.BOTH.,#7336);
#6969=SURFACE_STYLE_USAGE(.BOTH.,#7337);
#6970=SURFACE_STYLE_USAGE(.BOTH.,#7338);
#6971=SURFACE_STYLE_USAGE(.BOTH.,#7339);
#6972=SURFACE_STYLE_USAGE(.BOTH.,#7340);
#6973=SURFACE_STYLE_USAGE(.BOTH.,#7341);
#6974=SURFACE_STYLE_USAGE(.BOTH.,#7342);
#6975=SURFACE_STYLE_USAGE(.BOTH.,#7343);
#6976=SURFACE_STYLE_USAGE(.BOTH.,#7344);
#6977=SURFACE_STYLE_USAGE(.BOTH.,#7345);
#6978=SURFACE_STYLE_USAGE(.BOTH.,#7346);
#6979=SURFACE_STYLE_USAGE(.BOTH.,#7347);
#6980=SURFACE_STYLE_USAGE(.BOTH.,#7348);
#6981=SURFACE_STYLE_USAGE(.BOTH.,#7349);
#6982=SURFACE_STYLE_USAGE(.BOTH.,#7350);
#6983=SURFACE_STYLE_USAGE(.BOTH.,#7351);
#6984=SURFACE_STYLE_USAGE(.BOTH.,#7352);
#6985=SURFACE_STYLE_USAGE(.BOTH.,#7353);
#6986=SURFACE_STYLE_USAGE(.BOTH.,#7354);
#6987=SURFACE_STYLE_USAGE(.BOTH.,#7355);
#6988=SURFACE_STYLE_USAGE(.BOTH.,#7356);
#6989=SURFACE_STYLE_USAGE(.BOTH.,#7357);
#6990=SURFACE_STYLE_USAGE(.BOTH.,#7358);
#6991=SURFACE_STYLE_USAGE(.BOTH.,#7359);
#6992=SURFACE_STYLE_USAGE(.BOTH.,#7360);
#6993=SURFACE_STYLE_USAGE(.BOTH.,#7361);
#6994=SURFACE_STYLE_USAGE(.BOTH.,#7362);
#6995=SURFACE_STYLE_USAGE(.BOTH.,#7363);
#6996=SURFACE_STYLE_USAGE(.BOTH.,#7364);
#6997=SURFACE_STYLE_USAGE(.BOTH.,#7365);
#6998=SURFACE_STYLE_USAGE(.BOTH.,#7366);
#6999=SURFACE_STYLE_USAGE(.BOTH.,#7367);
#7000=SURFACE_STYLE_USAGE(.BOTH.,#7368);
#7001=SURFACE_STYLE_USAGE(.BOTH.,#7369);
#7002=SURFACE_STYLE_USAGE(.BOTH.,#7370);
#7003=SURFACE_STYLE_USAGE(.BOTH.,#7371);
#7004=SURFACE_STYLE_USAGE(.BOTH.,#7372);
#7005=SURFACE_STYLE_USAGE(.BOTH.,#7373);
#7006=SURFACE_STYLE_USAGE(.BOTH.,#7374);
#7007=SURFACE_STYLE_USAGE(.BOTH.,#7375);
#7008=SURFACE_STYLE_USAGE(.BOTH.,#7376);
#7009=SURFACE_STYLE_USAGE(.BOTH.,#7377);
#7010=SURFACE_STYLE_USAGE(.BOTH.,#7378);
#7011=SURFACE_STYLE_USAGE(.BOTH.,#7379);
#7012=SURFACE_STYLE_USAGE(.BOTH.,#7380);
#7013=SURFACE_STYLE_USAGE(.BOTH.,#7381);
#7014=SURFACE_STYLE_USAGE(.BOTH.,#7382);
#7015=SURFACE_STYLE_USAGE(.BOTH.,#7383);
#7016=SURFACE_STYLE_USAGE(.BOTH.,#7384);
#7017=SURFACE_STYLE_USAGE(.BOTH.,#7385);
#7018=SURFACE_STYLE_USAGE(.BOTH.,#7386);
#7019=SURFACE_STYLE_USAGE(.BOTH.,#7387);
#7020=SURFACE_SIDE_STYLE('',(#7388));
#7021=SURFACE_SIDE_STYLE('',(#7389));
#7022=SURFACE_SIDE_STYLE('',(#7390));
#7023=SURFACE_SIDE_STYLE('',(#7391));
#7024=SURFACE_SIDE_STYLE('',(#7392));
#7025=SURFACE_SIDE_STYLE('',(#7393));
#7026=SURFACE_SIDE_STYLE('',(#7394));
#7027=SURFACE_SIDE_STYLE('',(#7395));
#7028=SURFACE_SIDE_STYLE('',(#7396));
#7029=SURFACE_SIDE_STYLE('',(#7397));
#7030=SURFACE_SIDE_STYLE('',(#7398));
#7031=SURFACE_SIDE_STYLE('',(#7399));
#7032=SURFACE_SIDE_STYLE('',(#7400));
#7033=SURFACE_SIDE_STYLE('',(#7401));
#7034=SURFACE_SIDE_STYLE('',(#7402));
#7035=SURFACE_SIDE_STYLE('',(#7403));
#7036=SURFACE_SIDE_STYLE('',(#7404));
#7037=SURFACE_SIDE_STYLE('',(#7405));
#7038=SURFACE_SIDE_STYLE('',(#7406));
#7039=SURFACE_SIDE_STYLE('',(#7407));
#7040=SURFACE_SIDE_STYLE('',(#7408));
#7041=SURFACE_SIDE_STYLE('',(#7409));
#7042=SURFACE_SIDE_STYLE('',(#7410));
#7043=SURFACE_SIDE_STYLE('',(#7411));
#7044=SURFACE_SIDE_STYLE('',(#7412));
#7045=SURFACE_SIDE_STYLE('',(#7413));
#7046=SURFACE_SIDE_STYLE('',(#7414));
#7047=SURFACE_SIDE_STYLE('',(#7415));
#7048=SURFACE_SIDE_STYLE('',(#7416));
#7049=SURFACE_SIDE_STYLE('',(#7417));
#7050=SURFACE_SIDE_STYLE('',(#7418));
#7051=SURFACE_SIDE_STYLE('',(#7419));
#7052=SURFACE_SIDE_STYLE('',(#7420));
#7053=SURFACE_SIDE_STYLE('',(#7421));
#7054=SURFACE_SIDE_STYLE('',(#7422));
#7055=SURFACE_SIDE_STYLE('',(#7423));
#7056=SURFACE_SIDE_STYLE('',(#7424));
#7057=SURFACE_SIDE_STYLE('',(#7425));
#7058=SURFACE_SIDE_STYLE('',(#7426));
#7059=SURFACE_SIDE_STYLE('',(#7427));
#7060=SURFACE_SIDE_STYLE('',(#7428));
#7061=SURFACE_SIDE_STYLE('',(#7429));
#7062=SURFACE_SIDE_STYLE('',(#7430));
#7063=SURFACE_SIDE_STYLE('',(#7431));
#7064=SURFACE_SIDE_STYLE('',(#7432));
#7065=SURFACE_SIDE_STYLE('',(#7433));
#7066=SURFACE_SIDE_STYLE('',(#7434));
#7067=SURFACE_SIDE_STYLE('',(#7435));
#7068=SURFACE_SIDE_STYLE('',(#7436));
#7069=SURFACE_SIDE_STYLE('',(#7437));
#7070=SURFACE_SIDE_STYLE('',(#7438));
#7071=SURFACE_SIDE_STYLE('',(#7439));
#7072=SURFACE_SIDE_STYLE('',(#7440));
#7073=SURFACE_SIDE_STYLE('',(#7441));
#7074=SURFACE_SIDE_STYLE('',(#7442));
#7075=SURFACE_SIDE_STYLE('',(#7443));
#7076=SURFACE_SIDE_STYLE('',(#7444));
#7077=SURFACE_SIDE_STYLE('',(#7445));
#7078=SURFACE_SIDE_STYLE('',(#7446));
#7079=SURFACE_SIDE_STYLE('',(#7447));
#7080=SURFACE_SIDE_STYLE('',(#7448));
#7081=SURFACE_SIDE_STYLE('',(#7449));
#7082=SURFACE_SIDE_STYLE('',(#7450));
#7083=SURFACE_SIDE_STYLE('',(#7451));
#7084=SURFACE_SIDE_STYLE('',(#7452));
#7085=SURFACE_SIDE_STYLE('',(#7453));
#7086=SURFACE_SIDE_STYLE('',(#7454));
#7087=SURFACE_SIDE_STYLE('',(#7455));
#7088=SURFACE_SIDE_STYLE('',(#7456));
#7089=SURFACE_SIDE_STYLE('',(#7457));
#7090=SURFACE_SIDE_STYLE('',(#7458));
#7091=SURFACE_SIDE_STYLE('',(#7459));
#7092=SURFACE_SIDE_STYLE('',(#7460));
#7093=SURFACE_SIDE_STYLE('',(#7461));
#7094=SURFACE_SIDE_STYLE('',(#7462));
#7095=SURFACE_SIDE_STYLE('',(#7463));
#7096=SURFACE_SIDE_STYLE('',(#7464));
#7097=SURFACE_SIDE_STYLE('',(#7465));
#7098=SURFACE_SIDE_STYLE('',(#7466));
#7099=SURFACE_SIDE_STYLE('',(#7467));
#7100=SURFACE_SIDE_STYLE('',(#7468));
#7101=SURFACE_SIDE_STYLE('',(#7469));
#7102=SURFACE_SIDE_STYLE('',(#7470));
#7103=SURFACE_SIDE_STYLE('',(#7471));
#7104=SURFACE_SIDE_STYLE('',(#7472));
#7105=SURFACE_SIDE_STYLE('',(#7473));
#7106=SURFACE_SIDE_STYLE('',(#7474));
#7107=SURFACE_SIDE_STYLE('',(#7475));
#7108=SURFACE_SIDE_STYLE('',(#7476));
#7109=SURFACE_SIDE_STYLE('',(#7477));
#7110=SURFACE_SIDE_STYLE('',(#7478));
#7111=SURFACE_SIDE_STYLE('',(#7479));
#7112=SURFACE_SIDE_STYLE('',(#7480));
#7113=SURFACE_SIDE_STYLE('',(#7481));
#7114=SURFACE_SIDE_STYLE('',(#7482));
#7115=SURFACE_SIDE_STYLE('',(#7483));
#7116=SURFACE_SIDE_STYLE('',(#7484));
#7117=SURFACE_SIDE_STYLE('',(#7485));
#7118=SURFACE_SIDE_STYLE('',(#7486));
#7119=SURFACE_SIDE_STYLE('',(#7487));
#7120=SURFACE_SIDE_STYLE('',(#7488));
#7121=SURFACE_SIDE_STYLE('',(#7489));
#7122=SURFACE_SIDE_STYLE('',(#7490));
#7123=SURFACE_SIDE_STYLE('',(#7491));
#7124=SURFACE_SIDE_STYLE('',(#7492));
#7125=SURFACE_SIDE_STYLE('',(#7493));
#7126=SURFACE_SIDE_STYLE('',(#7494));
#7127=SURFACE_SIDE_STYLE('',(#7495));
#7128=SURFACE_SIDE_STYLE('',(#7496));
#7129=SURFACE_SIDE_STYLE('',(#7497));
#7130=SURFACE_SIDE_STYLE('',(#7498));
#7131=SURFACE_SIDE_STYLE('',(#7499));
#7132=SURFACE_SIDE_STYLE('',(#7500));
#7133=SURFACE_SIDE_STYLE('',(#7501));
#7134=SURFACE_SIDE_STYLE('',(#7502));
#7135=SURFACE_SIDE_STYLE('',(#7503));
#7136=SURFACE_SIDE_STYLE('',(#7504));
#7137=SURFACE_SIDE_STYLE('',(#7505));
#7138=SURFACE_SIDE_STYLE('',(#7506));
#7139=SURFACE_SIDE_STYLE('',(#7507));
#7140=SURFACE_SIDE_STYLE('',(#7508));
#7141=SURFACE_SIDE_STYLE('',(#7509));
#7142=SURFACE_SIDE_STYLE('',(#7510));
#7143=SURFACE_SIDE_STYLE('',(#7511));
#7144=SURFACE_SIDE_STYLE('',(#7512));
#7145=SURFACE_SIDE_STYLE('',(#7513));
#7146=SURFACE_SIDE_STYLE('',(#7514));
#7147=SURFACE_SIDE_STYLE('',(#7515));
#7148=SURFACE_SIDE_STYLE('',(#7516));
#7149=SURFACE_SIDE_STYLE('',(#7517));
#7150=SURFACE_SIDE_STYLE('',(#7518));
#7151=SURFACE_SIDE_STYLE('',(#7519));
#7152=SURFACE_SIDE_STYLE('',(#7520));
#7153=SURFACE_SIDE_STYLE('',(#7521));
#7154=SURFACE_SIDE_STYLE('',(#7522));
#7155=SURFACE_SIDE_STYLE('',(#7523));
#7156=SURFACE_SIDE_STYLE('',(#7524));
#7157=SURFACE_SIDE_STYLE('',(#7525));
#7158=SURFACE_SIDE_STYLE('',(#7526));
#7159=SURFACE_SIDE_STYLE('',(#7527));
#7160=SURFACE_SIDE_STYLE('',(#7528));
#7161=SURFACE_SIDE_STYLE('',(#7529));
#7162=SURFACE_SIDE_STYLE('',(#7530));
#7163=SURFACE_SIDE_STYLE('',(#7531));
#7164=SURFACE_SIDE_STYLE('',(#7532));
#7165=SURFACE_SIDE_STYLE('',(#7533));
#7166=SURFACE_SIDE_STYLE('',(#7534));
#7167=SURFACE_SIDE_STYLE('',(#7535));
#7168=SURFACE_SIDE_STYLE('',(#7536));
#7169=SURFACE_SIDE_STYLE('',(#7537));
#7170=SURFACE_SIDE_STYLE('',(#7538));
#7171=SURFACE_SIDE_STYLE('',(#7539));
#7172=SURFACE_SIDE_STYLE('',(#7540));
#7173=SURFACE_SIDE_STYLE('',(#7541));
#7174=SURFACE_SIDE_STYLE('',(#7542));
#7175=SURFACE_SIDE_STYLE('',(#7543));
#7176=SURFACE_SIDE_STYLE('',(#7544));
#7177=SURFACE_SIDE_STYLE('',(#7545));
#7178=SURFACE_SIDE_STYLE('',(#7546));
#7179=SURFACE_SIDE_STYLE('',(#7547));
#7180=SURFACE_SIDE_STYLE('',(#7548));
#7181=SURFACE_SIDE_STYLE('',(#7549));
#7182=SURFACE_SIDE_STYLE('',(#7550));
#7183=SURFACE_SIDE_STYLE('',(#7551));
#7184=SURFACE_SIDE_STYLE('',(#7552));
#7185=SURFACE_SIDE_STYLE('',(#7553));
#7186=SURFACE_SIDE_STYLE('',(#7554));
#7187=SURFACE_SIDE_STYLE('',(#7555));
#7188=SURFACE_SIDE_STYLE('',(#7556));
#7189=SURFACE_SIDE_STYLE('',(#7557));
#7190=SURFACE_SIDE_STYLE('',(#7558));
#7191=SURFACE_SIDE_STYLE('',(#7559));
#7192=SURFACE_SIDE_STYLE('',(#7560));
#7193=SURFACE_SIDE_STYLE('',(#7561));
#7194=SURFACE_SIDE_STYLE('',(#7562));
#7195=SURFACE_SIDE_STYLE('',(#7563));
#7196=SURFACE_SIDE_STYLE('',(#7564));
#7197=SURFACE_SIDE_STYLE('',(#7565));
#7198=SURFACE_SIDE_STYLE('',(#7566));
#7199=SURFACE_SIDE_STYLE('',(#7567));
#7200=SURFACE_SIDE_STYLE('',(#7568));
#7201=SURFACE_SIDE_STYLE('',(#7569));
#7202=SURFACE_SIDE_STYLE('',(#7570));
#7203=SURFACE_SIDE_STYLE('',(#7571));
#7204=SURFACE_SIDE_STYLE('',(#7572));
#7205=SURFACE_SIDE_STYLE('',(#7573));
#7206=SURFACE_SIDE_STYLE('',(#7574));
#7207=SURFACE_SIDE_STYLE('',(#7575));
#7208=SURFACE_SIDE_STYLE('',(#7576));
#7209=SURFACE_SIDE_STYLE('',(#7577));
#7210=SURFACE_SIDE_STYLE('',(#7578));
#7211=SURFACE_SIDE_STYLE('',(#7579));
#7212=SURFACE_SIDE_STYLE('',(#7580));
#7213=SURFACE_SIDE_STYLE('',(#7581));
#7214=SURFACE_SIDE_STYLE('',(#7582));
#7215=SURFACE_SIDE_STYLE('',(#7583));
#7216=SURFACE_SIDE_STYLE('',(#7584));
#7217=SURFACE_SIDE_STYLE('',(#7585));
#7218=SURFACE_SIDE_STYLE('',(#7586));
#7219=SURFACE_SIDE_STYLE('',(#7587));
#7220=SURFACE_SIDE_STYLE('',(#7588));
#7221=SURFACE_SIDE_STYLE('',(#7589));
#7222=SURFACE_SIDE_STYLE('',(#7590));
#7223=SURFACE_SIDE_STYLE('',(#7591));
#7224=SURFACE_SIDE_STYLE('',(#7592));
#7225=SURFACE_SIDE_STYLE('',(#7593));
#7226=SURFACE_SIDE_STYLE('',(#7594));
#7227=SURFACE_SIDE_STYLE('',(#7595));
#7228=SURFACE_SIDE_STYLE('',(#7596));
#7229=SURFACE_SIDE_STYLE('',(#7597));
#7230=SURFACE_SIDE_STYLE('',(#7598));
#7231=SURFACE_SIDE_STYLE('',(#7599));
#7232=SURFACE_SIDE_STYLE('',(#7600));
#7233=SURFACE_SIDE_STYLE('',(#7601));
#7234=SURFACE_SIDE_STYLE('',(#7602));
#7235=SURFACE_SIDE_STYLE('',(#7603));
#7236=SURFACE_SIDE_STYLE('',(#7604));
#7237=SURFACE_SIDE_STYLE('',(#7605));
#7238=SURFACE_SIDE_STYLE('',(#7606));
#7239=SURFACE_SIDE_STYLE('',(#7607));
#7240=SURFACE_SIDE_STYLE('',(#7608));
#7241=SURFACE_SIDE_STYLE('',(#7609));
#7242=SURFACE_SIDE_STYLE('',(#7610));
#7243=SURFACE_SIDE_STYLE('',(#7611));
#7244=SURFACE_SIDE_STYLE('',(#7612));
#7245=SURFACE_SIDE_STYLE('',(#7613));
#7246=SURFACE_SIDE_STYLE('',(#7614));
#7247=SURFACE_SIDE_STYLE('',(#7615));
#7248=SURFACE_SIDE_STYLE('',(#7616));
#7249=SURFACE_SIDE_STYLE('',(#7617));
#7250=SURFACE_SIDE_STYLE('',(#7618));
#7251=SURFACE_SIDE_STYLE('',(#7619));
#7252=SURFACE_SIDE_STYLE('',(#7620));
#7253=SURFACE_SIDE_STYLE('',(#7621));
#7254=SURFACE_SIDE_STYLE('',(#7622));
#7255=SURFACE_SIDE_STYLE('',(#7623));
#7256=SURFACE_SIDE_STYLE('',(#7624));
#7257=SURFACE_SIDE_STYLE('',(#7625));
#7258=SURFACE_SIDE_STYLE('',(#7626));
#7259=SURFACE_SIDE_STYLE('',(#7627));
#7260=SURFACE_SIDE_STYLE('',(#7628));
#7261=SURFACE_SIDE_STYLE('',(#7629));
#7262=SURFACE_SIDE_STYLE('',(#7630));
#7263=SURFACE_SIDE_STYLE('',(#7631));
#7264=SURFACE_SIDE_STYLE('',(#7632));
#7265=SURFACE_SIDE_STYLE('',(#7633));
#7266=SURFACE_SIDE_STYLE('',(#7634));
#7267=SURFACE_SIDE_STYLE('',(#7635));
#7268=SURFACE_SIDE_STYLE('',(#7636));
#7269=SURFACE_SIDE_STYLE('',(#7637));
#7270=SURFACE_SIDE_STYLE('',(#7638));
#7271=SURFACE_SIDE_STYLE('',(#7639));
#7272=SURFACE_SIDE_STYLE('',(#7640));
#7273=SURFACE_SIDE_STYLE('',(#7641));
#7274=SURFACE_SIDE_STYLE('',(#7642));
#7275=SURFACE_SIDE_STYLE('',(#7643));
#7276=SURFACE_SIDE_STYLE('',(#7644));
#7277=SURFACE_SIDE_STYLE('',(#7645));
#7278=SURFACE_SIDE_STYLE('',(#7646));
#7279=SURFACE_SIDE_STYLE('',(#7647));
#7280=SURFACE_SIDE_STYLE('',(#7648));
#7281=SURFACE_SIDE_STYLE('',(#7649));
#7282=SURFACE_SIDE_STYLE('',(#7650));
#7283=SURFACE_SIDE_STYLE('',(#7651));
#7284=SURFACE_SIDE_STYLE('',(#7652));
#7285=SURFACE_SIDE_STYLE('',(#7653));
#7286=SURFACE_SIDE_STYLE('',(#7654));
#7287=SURFACE_SIDE_STYLE('',(#7655));
#7288=SURFACE_SIDE_STYLE('',(#7656));
#7289=SURFACE_SIDE_STYLE('',(#7657));
#7290=SURFACE_SIDE_STYLE('',(#7658));
#7291=SURFACE_SIDE_STYLE('',(#7659));
#7292=SURFACE_SIDE_STYLE('',(#7660));
#7293=SURFACE_SIDE_STYLE('',(#7661));
#7294=SURFACE_SIDE_STYLE('',(#7662));
#7295=SURFACE_SIDE_STYLE('',(#7663));
#7296=SURFACE_SIDE_STYLE('',(#7664));
#7297=SURFACE_SIDE_STYLE('',(#7665));
#7298=SURFACE_SIDE_STYLE('',(#7666));
#7299=SURFACE_SIDE_STYLE('',(#7667));
#7300=SURFACE_SIDE_STYLE('',(#7668));
#7301=SURFACE_SIDE_STYLE('',(#7669));
#7302=SURFACE_SIDE_STYLE('',(#7670));
#7303=SURFACE_SIDE_STYLE('',(#7671));
#7304=SURFACE_SIDE_STYLE('',(#7672));
#7305=SURFACE_SIDE_STYLE('',(#7673));
#7306=SURFACE_SIDE_STYLE('',(#7674));
#7307=SURFACE_SIDE_STYLE('',(#7675));
#7308=SURFACE_SIDE_STYLE('',(#7676));
#7309=SURFACE_SIDE_STYLE('',(#7677));
#7310=SURFACE_SIDE_STYLE('',(#7678));
#7311=SURFACE_SIDE_STYLE('',(#7679));
#7312=SURFACE_SIDE_STYLE('',(#7680));
#7313=SURFACE_SIDE_STYLE('',(#7681));
#7314=SURFACE_SIDE_STYLE('',(#7682));
#7315=SURFACE_SIDE_STYLE('',(#7683));
#7316=SURFACE_SIDE_STYLE('',(#7684));
#7317=SURFACE_SIDE_STYLE('',(#7685));
#7318=SURFACE_SIDE_STYLE('',(#7686));
#7319=SURFACE_SIDE_STYLE('',(#7687));
#7320=SURFACE_SIDE_STYLE('',(#7688));
#7321=SURFACE_SIDE_STYLE('',(#7689));
#7322=SURFACE_SIDE_STYLE('',(#7690));
#7323=SURFACE_SIDE_STYLE('',(#7691));
#7324=SURFACE_SIDE_STYLE('',(#7692));
#7325=SURFACE_SIDE_STYLE('',(#7693));
#7326=SURFACE_SIDE_STYLE('',(#7694));
#7327=SURFACE_SIDE_STYLE('',(#7695));
#7328=SURFACE_SIDE_STYLE('',(#7696));
#7329=SURFACE_SIDE_STYLE('',(#7697));
#7330=SURFACE_SIDE_STYLE('',(#7698));
#7331=SURFACE_SIDE_STYLE('',(#7699));
#7332=SURFACE_SIDE_STYLE('',(#7700));
#7333=SURFACE_SIDE_STYLE('',(#7701));
#7334=SURFACE_SIDE_STYLE('',(#7702));
#7335=SURFACE_SIDE_STYLE('',(#7703));
#7336=SURFACE_SIDE_STYLE('',(#7704));
#7337=SURFACE_SIDE_STYLE('',(#7705));
#7338=SURFACE_SIDE_STYLE('',(#7706));
#7339=SURFACE_SIDE_STYLE('',(#7707));
#7340=SURFACE_SIDE_STYLE('',(#7708));
#7341=SURFACE_SIDE_STYLE('',(#7709));
#7342=SURFACE_SIDE_STYLE('',(#7710));
#7343=SURFACE_SIDE_STYLE('',(#7711));
#7344=SURFACE_SIDE_STYLE('',(#7712));
#7345=SURFACE_SIDE_STYLE('',(#7713));
#7346=SURFACE_SIDE_STYLE('',(#7714));
#7347=SURFACE_SIDE_STYLE('',(#7715));
#7348=SURFACE_SIDE_STYLE('',(#7716));
#7349=SURFACE_SIDE_STYLE('',(#7717));
#7350=SURFACE_SIDE_STYLE('',(#7718));
#7351=SURFACE_SIDE_STYLE('',(#7719));
#7352=SURFACE_SIDE_STYLE('',(#7720));
#7353=SURFACE_SIDE_STYLE('',(#7721));
#7354=SURFACE_SIDE_STYLE('',(#7722));
#7355=SURFACE_SIDE_STYLE('',(#7723));
#7356=SURFACE_SIDE_STYLE('',(#7724));
#7357=SURFACE_SIDE_STYLE('',(#7725));
#7358=SURFACE_SIDE_STYLE('',(#7726));
#7359=SURFACE_SIDE_STYLE('',(#7727));
#7360=SURFACE_SIDE_STYLE('',(#7728));
#7361=SURFACE_SIDE_STYLE('',(#7729));
#7362=SURFACE_SIDE_STYLE('',(#7730));
#7363=SURFACE_SIDE_STYLE('',(#7731));
#7364=SURFACE_SIDE_STYLE('',(#7732));
#7365=SURFACE_SIDE_STYLE('',(#7733));
#7366=SURFACE_SIDE_STYLE('',(#7734));
#7367=SURFACE_SIDE_STYLE('',(#7735));
#7368=SURFACE_SIDE_STYLE('',(#7736));
#7369=SURFACE_SIDE_STYLE('',(#7737));
#7370=SURFACE_SIDE_STYLE('',(#7738));
#7371=SURFACE_SIDE_STYLE('',(#7739));
#7372=SURFACE_SIDE_STYLE('',(#7740));
#7373=SURFACE_SIDE_STYLE('',(#7741));
#7374=SURFACE_SIDE_STYLE('',(#7742));
#7375=SURFACE_SIDE_STYLE('',(#7743));
#7376=SURFACE_SIDE_STYLE('',(#7744));
#7377=SURFACE_SIDE_STYLE('',(#7745));
#7378=SURFACE_SIDE_STYLE('',(#7746));
#7379=SURFACE_SIDE_STYLE('',(#7747));
#7380=SURFACE_SIDE_STYLE('',(#7748));
#7381=SURFACE_SIDE_STYLE('',(#7749));
#7382=SURFACE_SIDE_STYLE('',(#7750));
#7383=SURFACE_SIDE_STYLE('',(#7751));
#7384=SURFACE_SIDE_STYLE('',(#7752));
#7385=SURFACE_SIDE_STYLE('',(#7753));
#7386=SURFACE_SIDE_STYLE('',(#7754));
#7387=SURFACE_SIDE_STYLE('',(#7755));
#7388=SURFACE_STYLE_FILL_AREA(#7756);
#7389=SURFACE_STYLE_FILL_AREA(#7757);
#7390=SURFACE_STYLE_FILL_AREA(#7758);
#7391=SURFACE_STYLE_FILL_AREA(#7759);
#7392=SURFACE_STYLE_FILL_AREA(#7760);
#7393=SURFACE_STYLE_FILL_AREA(#7761);
#7394=SURFACE_STYLE_FILL_AREA(#7762);
#7395=SURFACE_STYLE_FILL_AREA(#7763);
#7396=SURFACE_STYLE_FILL_AREA(#7764);
#7397=SURFACE_STYLE_FILL_AREA(#7765);
#7398=SURFACE_STYLE_FILL_AREA(#7766);
#7399=SURFACE_STYLE_FILL_AREA(#7767);
#7400=SURFACE_STYLE_FILL_AREA(#7768);
#7401=SURFACE_STYLE_FILL_AREA(#7769);
#7402=SURFACE_STYLE_FILL_AREA(#7770);
#7403=SURFACE_STYLE_FILL_AREA(#7771);
#7404=SURFACE_STYLE_FILL_AREA(#7772);
#7405=SURFACE_STYLE_FILL_AREA(#7773);
#7406=SURFACE_STYLE_FILL_AREA(#7774);
#7407=SURFACE_STYLE_FILL_AREA(#7775);
#7408=SURFACE_STYLE_FILL_AREA(#7776);
#7409=SURFACE_STYLE_FILL_AREA(#7777);
#7410=SURFACE_STYLE_FILL_AREA(#7778);
#7411=SURFACE_STYLE_FILL_AREA(#7779);
#7412=SURFACE_STYLE_FILL_AREA(#7780);
#7413=SURFACE_STYLE_FILL_AREA(#7781);
#7414=SURFACE_STYLE_FILL_AREA(#7782);
#7415=SURFACE_STYLE_FILL_AREA(#7783);
#7416=SURFACE_STYLE_FILL_AREA(#7784);
#7417=SURFACE_STYLE_FILL_AREA(#7785);
#7418=SURFACE_STYLE_FILL_AREA(#7786);
#7419=SURFACE_STYLE_FILL_AREA(#7787);
#7420=SURFACE_STYLE_FILL_AREA(#7788);
#7421=SURFACE_STYLE_FILL_AREA(#7789);
#7422=SURFACE_STYLE_FILL_AREA(#7790);
#7423=SURFACE_STYLE_FILL_AREA(#7791);
#7424=SURFACE_STYLE_FILL_AREA(#7792);
#7425=SURFACE_STYLE_FILL_AREA(#7793);
#7426=SURFACE_STYLE_FILL_AREA(#7794);
#7427=SURFACE_STYLE_FILL_AREA(#7795);
#7428=SURFACE_STYLE_FILL_AREA(#7796);
#7429=SURFACE_STYLE_FILL_AREA(#7797);
#7430=SURFACE_STYLE_FILL_AREA(#7798);
#7431=SURFACE_STYLE_FILL_AREA(#7799);
#7432=SURFACE_STYLE_FILL_AREA(#7800);
#7433=SURFACE_STYLE_FILL_AREA(#7801);
#7434=SURFACE_STYLE_FILL_AREA(#7802);
#7435=SURFACE_STYLE_FILL_AREA(#7803);
#7436=SURFACE_STYLE_FILL_AREA(#7804);
#7437=SURFACE_STYLE_FILL_AREA(#7805);
#7438=SURFACE_STYLE_FILL_AREA(#7806);
#7439=SURFACE_STYLE_FILL_AREA(#7807);
#7440=SURFACE_STYLE_FILL_AREA(#7808);
#7441=SURFACE_STYLE_FILL_AREA(#7809);
#7442=SURFACE_STYLE_FILL_AREA(#7810);
#7443=SURFACE_STYLE_FILL_AREA(#7811);
#7444=SURFACE_STYLE_FILL_AREA(#7812);
#7445=SURFACE_STYLE_FILL_AREA(#7813);
#7446=SURFACE_STYLE_FILL_AREA(#7814);
#7447=SURFACE_STYLE_FILL_AREA(#7815);
#7448=SURFACE_STYLE_FILL_AREA(#7816);
#7449=SURFACE_STYLE_FILL_AREA(#7817);
#7450=SURFACE_STYLE_FILL_AREA(#7818);
#7451=SURFACE_STYLE_FILL_AREA(#7819);
#7452=SURFACE_STYLE_FILL_AREA(#7820);
#7453=SURFACE_STYLE_FILL_AREA(#7821);
#7454=SURFACE_STYLE_FILL_AREA(#7822);
#7455=SURFACE_STYLE_FILL_AREA(#7823);
#7456=SURFACE_STYLE_FILL_AREA(#7824);
#7457=SURFACE_STYLE_FILL_AREA(#7825);
#7458=SURFACE_STYLE_FILL_AREA(#7826);
#7459=SURFACE_STYLE_FILL_AREA(#7827);
#7460=SURFACE_STYLE_FILL_AREA(#7828);
#7461=SURFACE_STYLE_FILL_AREA(#7829);
#7462=SURFACE_STYLE_FILL_AREA(#7830);
#7463=SURFACE_STYLE_FILL_AREA(#7831);
#7464=SURFACE_STYLE_FILL_AREA(#7832);
#7465=SURFACE_STYLE_FILL_AREA(#7833);
#7466=SURFACE_STYLE_FILL_AREA(#7834);
#7467=SURFACE_STYLE_FILL_AREA(#7835);
#7468=SURFACE_STYLE_FILL_AREA(#7836);
#7469=SURFACE_STYLE_FILL_AREA(#7837);
#7470=SURFACE_STYLE_FILL_AREA(#7838);
#7471=SURFACE_STYLE_FILL_AREA(#7839);
#7472=SURFACE_STYLE_FILL_AREA(#7840);
#7473=SURFACE_STYLE_FILL_AREA(#7841);
#7474=SURFACE_STYLE_FILL_AREA(#7842);
#7475=SURFACE_STYLE_FILL_AREA(#7843);
#7476=SURFACE_STYLE_FILL_AREA(#7844);
#7477=SURFACE_STYLE_FILL_AREA(#7845);
#7478=SURFACE_STYLE_FILL_AREA(#7846);
#7479=SURFACE_STYLE_FILL_AREA(#7847);
#7480=SURFACE_STYLE_FILL_AREA(#7848);
#7481=SURFACE_STYLE_FILL_AREA(#7849);
#7482=SURFACE_STYLE_FILL_AREA(#7850);
#7483=SURFACE_STYLE_FILL_AREA(#7851);
#7484=SURFACE_STYLE_FILL_AREA(#7852);
#7485=SURFACE_STYLE_FILL_AREA(#7853);
#7486=SURFACE_STYLE_FILL_AREA(#7854);
#7487=SURFACE_STYLE_FILL_AREA(#7855);
#7488=SURFACE_STYLE_FILL_AREA(#7856);
#7489=SURFACE_STYLE_FILL_AREA(#7857);
#7490=SURFACE_STYLE_FILL_AREA(#7858);
#7491=SURFACE_STYLE_FILL_AREA(#7859);
#7492=SURFACE_STYLE_FILL_AREA(#7860);
#7493=SURFACE_STYLE_FILL_AREA(#7861);
#7494=SURFACE_STYLE_FILL_AREA(#7862);
#7495=SURFACE_STYLE_FILL_AREA(#7863);
#7496=SURFACE_STYLE_FILL_AREA(#7864);
#7497=SURFACE_STYLE_FILL_AREA(#7865);
#7498=SURFACE_STYLE_FILL_AREA(#7866);
#7499=SURFACE_STYLE_FILL_AREA(#7867);
#7500=SURFACE_STYLE_FILL_AREA(#7868);
#7501=SURFACE_STYLE_FILL_AREA(#7869);
#7502=SURFACE_STYLE_FILL_AREA(#7870);
#7503=SURFACE_STYLE_FILL_AREA(#7871);
#7504=SURFACE_STYLE_FILL_AREA(#7872);
#7505=SURFACE_STYLE_FILL_AREA(#7873);
#7506=SURFACE_STYLE_FILL_AREA(#7874);
#7507=SURFACE_STYLE_FILL_AREA(#7875);
#7508=SURFACE_STYLE_FILL_AREA(#7876);
#7509=SURFACE_STYLE_FILL_AREA(#7877);
#7510=SURFACE_STYLE_FILL_AREA(#7878);
#7511=SURFACE_STYLE_FILL_AREA(#7879);
#7512=SURFACE_STYLE_FILL_AREA(#7880);
#7513=SURFACE_STYLE_FILL_AREA(#7881);
#7514=SURFACE_STYLE_FILL_AREA(#7882);
#7515=SURFACE_STYLE_FILL_AREA(#7883);
#7516=SURFACE_STYLE_FILL_AREA(#7884);
#7517=SURFACE_STYLE_FILL_AREA(#7885);
#7518=SURFACE_STYLE_FILL_AREA(#7886);
#7519=SURFACE_STYLE_FILL_AREA(#7887);
#7520=SURFACE_STYLE_FILL_AREA(#7888);
#7521=SURFACE_STYLE_FILL_AREA(#7889);
#7522=SURFACE_STYLE_FILL_AREA(#7890);
#7523=SURFACE_STYLE_FILL_AREA(#7891);
#7524=SURFACE_STYLE_FILL_AREA(#7892);
#7525=SURFACE_STYLE_FILL_AREA(#7893);
#7526=SURFACE_STYLE_FILL_AREA(#7894);
#7527=SURFACE_STYLE_FILL_AREA(#7895);
#7528=SURFACE_STYLE_FILL_AREA(#7896);
#7529=SURFACE_STYLE_FILL_AREA(#7897);
#7530=SURFACE_STYLE_FILL_AREA(#7898);
#7531=SURFACE_STYLE_FILL_AREA(#7899);
#7532=SURFACE_STYLE_FILL_AREA(#7900);
#7533=SURFACE_STYLE_FILL_AREA(#7901);
#7534=SURFACE_STYLE_FILL_AREA(#7902);
#7535=SURFACE_STYLE_FILL_AREA(#7903);
#7536=SURFACE_STYLE_FILL_AREA(#7904);
#7537=SURFACE_STYLE_FILL_AREA(#7905);
#7538=SURFACE_STYLE_FILL_AREA(#7906);
#7539=SURFACE_STYLE_FILL_AREA(#7907);
#7540=SURFACE_STYLE_FILL_AREA(#7908);
#7541=SURFACE_STYLE_FILL_AREA(#7909);
#7542=SURFACE_STYLE_FILL_AREA(#7910);
#7543=SURFACE_STYLE_FILL_AREA(#7911);
#7544=SURFACE_STYLE_FILL_AREA(#7912);
#7545=SURFACE_STYLE_FILL_AREA(#7913);
#7546=SURFACE_STYLE_FILL_AREA(#7914);
#7547=SURFACE_STYLE_FILL_AREA(#7915);
#7548=SURFACE_STYLE_FILL_AREA(#7916);
#7549=SURFACE_STYLE_FILL_AREA(#7917);
#7550=SURFACE_STYLE_FILL_AREA(#7918);
#7551=SURFACE_STYLE_FILL_AREA(#7919);
#7552=SURFACE_STYLE_FILL_AREA(#7920);
#7553=SURFACE_STYLE_FILL_AREA(#7921);
#7554=SURFACE_STYLE_FILL_AREA(#7922);
#7555=SURFACE_STYLE_FILL_AREA(#7923);
#7556=SURFACE_STYLE_FILL_AREA(#7924);
#7557=SURFACE_STYLE_FILL_AREA(#7925);
#7558=SURFACE_STYLE_FILL_AREA(#7926);
#7559=SURFACE_STYLE_FILL_AREA(#7927);
#7560=SURFACE_STYLE_FILL_AREA(#7928);
#7561=SURFACE_STYLE_FILL_AREA(#7929);
#7562=SURFACE_STYLE_FILL_AREA(#7930);
#7563=SURFACE_STYLE_FILL_AREA(#7931);
#7564=SURFACE_STYLE_FILL_AREA(#7932);
#7565=SURFACE_STYLE_FILL_AREA(#7933);
#7566=SURFACE_STYLE_FILL_AREA(#7934);
#7567=SURFACE_STYLE_FILL_AREA(#7935);
#7568=SURFACE_STYLE_FILL_AREA(#7936);
#7569=SURFACE_STYLE_FILL_AREA(#7937);
#7570=SURFACE_STYLE_FILL_AREA(#7938);
#7571=SURFACE_STYLE_FILL_AREA(#7939);
#7572=SURFACE_STYLE_FILL_AREA(#7940);
#7573=SURFACE_STYLE_FILL_AREA(#7941);
#7574=SURFACE_STYLE_FILL_AREA(#7942);
#7575=SURFACE_STYLE_FILL_AREA(#7943);
#7576=SURFACE_STYLE_FILL_AREA(#7944);
#7577=SURFACE_STYLE_FILL_AREA(#7945);
#7578=SURFACE_STYLE_FILL_AREA(#7946);
#7579=SURFACE_STYLE_FILL_AREA(#7947);
#7580=SURFACE_STYLE_FILL_AREA(#7948);
#7581=SURFACE_STYLE_FILL_AREA(#7949);
#7582=SURFACE_STYLE_FILL_AREA(#7950);
#7583=SURFACE_STYLE_FILL_AREA(#7951);
#7584=SURFACE_STYLE_FILL_AREA(#7952);
#7585=SURFACE_STYLE_FILL_AREA(#7953);
#7586=SURFACE_STYLE_FILL_AREA(#7954);
#7587=SURFACE_STYLE_FILL_AREA(#7955);
#7588=SURFACE_STYLE_FILL_AREA(#7956);
#7589=SURFACE_STYLE_FILL_AREA(#7957);
#7590=SURFACE_STYLE_FILL_AREA(#7958);
#7591=SURFACE_STYLE_FILL_AREA(#7959);
#7592=SURFACE_STYLE_FILL_AREA(#7960);
#7593=SURFACE_STYLE_FILL_AREA(#7961);
#7594=SURFACE_STYLE_FILL_AREA(#7962);
#7595=SURFACE_STYLE_FILL_AREA(#7963);
#7596=SURFACE_STYLE_FILL_AREA(#7964);
#7597=SURFACE_STYLE_FILL_AREA(#7965);
#7598=SURFACE_STYLE_FILL_AREA(#7966);
#7599=SURFACE_STYLE_FILL_AREA(#7967);
#7600=SURFACE_STYLE_FILL_AREA(#7968);
#7601=SURFACE_STYLE_FILL_AREA(#7969);
#7602=SURFACE_STYLE_FILL_AREA(#7970);
#7603=SURFACE_STYLE_FILL_AREA(#7971);
#7604=SURFACE_STYLE_FILL_AREA(#7972);
#7605=SURFACE_STYLE_FILL_AREA(#7973);
#7606=SURFACE_STYLE_FILL_AREA(#7974);
#7607=SURFACE_STYLE_FILL_AREA(#7975);
#7608=SURFACE_STYLE_FILL_AREA(#7976);
#7609=SURFACE_STYLE_FILL_AREA(#7977);
#7610=SURFACE_STYLE_FILL_AREA(#7978);
#7611=SURFACE_STYLE_FILL_AREA(#7979);
#7612=SURFACE_STYLE_FILL_AREA(#7980);
#7613=SURFACE_STYLE_FILL_AREA(#7981);
#7614=SURFACE_STYLE_FILL_AREA(#7982);
#7615=SURFACE_STYLE_FILL_AREA(#7983);
#7616=SURFACE_STYLE_FILL_AREA(#7984);
#7617=SURFACE_STYLE_FILL_AREA(#7985);
#7618=SURFACE_STYLE_FILL_AREA(#7986);
#7619=SURFACE_STYLE_FILL_AREA(#7987);
#7620=SURFACE_STYLE_FILL_AREA(#7988);
#7621=SURFACE_STYLE_FILL_AREA(#7989);
#7622=SURFACE_STYLE_FILL_AREA(#7990);
#7623=SURFACE_STYLE_FILL_AREA(#7991);
#7624=SURFACE_STYLE_FILL_AREA(#7992);
#7625=SURFACE_STYLE_FILL_AREA(#7993);
#7626=SURFACE_STYLE_FILL_AREA(#7994);
#7627=SURFACE_STYLE_FILL_AREA(#7995);
#7628=SURFACE_STYLE_FILL_AREA(#7996);
#7629=SURFACE_STYLE_FILL_AREA(#7997);
#7630=SURFACE_STYLE_FILL_AREA(#7998);
#7631=SURFACE_STYLE_FILL_AREA(#7999);
#7632=SURFACE_STYLE_FILL_AREA(#8000);
#7633=SURFACE_STYLE_FILL_AREA(#8001);
#7634=SURFACE_STYLE_FILL_AREA(#8002);
#7635=SURFACE_STYLE_FILL_AREA(#8003);
#7636=SURFACE_STYLE_FILL_AREA(#8004);
#7637=SURFACE_STYLE_FILL_AREA(#8005);
#7638=SURFACE_STYLE_FILL_AREA(#8006);
#7639=SURFACE_STYLE_FILL_AREA(#8007);
#7640=SURFACE_STYLE_FILL_AREA(#8008);
#7641=SURFACE_STYLE_FILL_AREA(#8009);
#7642=SURFACE_STYLE_FILL_AREA(#8010);
#7643=SURFACE_STYLE_FILL_AREA(#8011);
#7644=SURFACE_STYLE_FILL_AREA(#8012);
#7645=SURFACE_STYLE_FILL_AREA(#8013);
#7646=SURFACE_STYLE_FILL_AREA(#8014);
#7647=SURFACE_STYLE_FILL_AREA(#8015);
#7648=SURFACE_STYLE_FILL_AREA(#8016);
#7649=SURFACE_STYLE_FILL_AREA(#8017);
#7650=SURFACE_STYLE_FILL_AREA(#8018);
#7651=SURFACE_STYLE_FILL_AREA(#8019);
#7652=SURFACE_STYLE_FILL_AREA(#8020);
#7653=SURFACE_STYLE_FILL_AREA(#8021);
#7654=SURFACE_STYLE_FILL_AREA(#8022);
#7655=SURFACE_STYLE_FILL_AREA(#8023);
#7656=SURFACE_STYLE_FILL_AREA(#8024);
#7657=SURFACE_STYLE_FILL_AREA(#8025);
#7658=SURFACE_STYLE_FILL_AREA(#8026);
#7659=SURFACE_STYLE_FILL_AREA(#8027);
#7660=SURFACE_STYLE_FILL_AREA(#8028);
#7661=SURFACE_STYLE_FILL_AREA(#8029);
#7662=SURFACE_STYLE_FILL_AREA(#8030);
#7663=SURFACE_STYLE_FILL_AREA(#8031);
#7664=SURFACE_STYLE_FILL_AREA(#8032);
#7665=SURFACE_STYLE_FILL_AREA(#8033);
#7666=SURFACE_STYLE_FILL_AREA(#8034);
#7667=SURFACE_STYLE_FILL_AREA(#8035);
#7668=SURFACE_STYLE_FILL_AREA(#8036);
#7669=SURFACE_STYLE_FILL_AREA(#8037);
#7670=SURFACE_STYLE_FILL_AREA(#8038);
#7671=SURFACE_STYLE_FILL_AREA(#8039);
#7672=SURFACE_STYLE_FILL_AREA(#8040);
#7673=SURFACE_STYLE_FILL_AREA(#8041);
#7674=SURFACE_STYLE_FILL_AREA(#8042);
#7675=SURFACE_STYLE_FILL_AREA(#8043);
#7676=SURFACE_STYLE_FILL_AREA(#8044);
#7677=SURFACE_STYLE_FILL_AREA(#8045);
#7678=SURFACE_STYLE_FILL_AREA(#8046);
#7679=SURFACE_STYLE_FILL_AREA(#8047);
#7680=SURFACE_STYLE_FILL_AREA(#8048);
#7681=SURFACE_STYLE_FILL_AREA(#8049);
#7682=SURFACE_STYLE_FILL_AREA(#8050);
#7683=SURFACE_STYLE_FILL_AREA(#8051);
#7684=SURFACE_STYLE_FILL_AREA(#8052);
#7685=SURFACE_STYLE_FILL_AREA(#8053);
#7686=SURFACE_STYLE_FILL_AREA(#8054);
#7687=SURFACE_STYLE_FILL_AREA(#8055);
#7688=SURFACE_STYLE_FILL_AREA(#8056);
#7689=SURFACE_STYLE_FILL_AREA(#8057);
#7690=SURFACE_STYLE_FILL_AREA(#8058);
#7691=SURFACE_STYLE_FILL_AREA(#8059);
#7692=SURFACE_STYLE_FILL_AREA(#8060);
#7693=SURFACE_STYLE_FILL_AREA(#8061);
#7694=SURFACE_STYLE_FILL_AREA(#8062);
#7695=SURFACE_STYLE_FILL_AREA(#8063);
#7696=SURFACE_STYLE_FILL_AREA(#8064);
#7697=SURFACE_STYLE_FILL_AREA(#8065);
#7698=SURFACE_STYLE_FILL_AREA(#8066);
#7699=SURFACE_STYLE_FILL_AREA(#8067);
#7700=SURFACE_STYLE_FILL_AREA(#8068);
#7701=SURFACE_STYLE_FILL_AREA(#8069);
#7702=SURFACE_STYLE_FILL_AREA(#8070);
#7703=SURFACE_STYLE_FILL_AREA(#8071);
#7704=SURFACE_STYLE_FILL_AREA(#8072);
#7705=SURFACE_STYLE_FILL_AREA(#8073);
#7706=SURFACE_STYLE_FILL_AREA(#8074);
#7707=SURFACE_STYLE_FILL_AREA(#8075);
#7708=SURFACE_STYLE_FILL_AREA(#8076);
#7709=SURFACE_STYLE_FILL_AREA(#8077);
#7710=SURFACE_STYLE_FILL_AREA(#8078);
#7711=SURFACE_STYLE_FILL_AREA(#8079);
#7712=SURFACE_STYLE_FILL_AREA(#8080);
#7713=SURFACE_STYLE_FILL_AREA(#8081);
#7714=SURFACE_STYLE_FILL_AREA(#8082);
#7715=SURFACE_STYLE_FILL_AREA(#8083);
#7716=SURFACE_STYLE_FILL_AREA(#8084);
#7717=SURFACE_STYLE_FILL_AREA(#8085);
#7718=SURFACE_STYLE_FILL_AREA(#8086);
#7719=SURFACE_STYLE_FILL_AREA(#8087);
#7720=SURFACE_STYLE_FILL_AREA(#8088);
#7721=SURFACE_STYLE_FILL_AREA(#8089);
#7722=SURFACE_STYLE_FILL_AREA(#8090);
#7723=SURFACE_STYLE_FILL_AREA(#8091);
#7724=SURFACE_STYLE_FILL_AREA(#8092);
#7725=SURFACE_STYLE_FILL_AREA(#8093);
#7726=SURFACE_STYLE_FILL_AREA(#8094);
#7727=SURFACE_STYLE_FILL_AREA(#8095);
#7728=SURFACE_STYLE_FILL_AREA(#8096);
#7729=SURFACE_STYLE_FILL_AREA(#8097);
#7730=SURFACE_STYLE_FILL_AREA(#8098);
#7731=SURFACE_STYLE_FILL_AREA(#8099);
#7732=SURFACE_STYLE_FILL_AREA(#8100);
#7733=SURFACE_STYLE_FILL_AREA(#8101);
#7734=SURFACE_STYLE_FILL_AREA(#8102);
#7735=SURFACE_STYLE_FILL_AREA(#8103);
#7736=SURFACE_STYLE_FILL_AREA(#8104);
#7737=SURFACE_STYLE_FILL_AREA(#8105);
#7738=SURFACE_STYLE_FILL_AREA(#8106);
#7739=SURFACE_STYLE_FILL_AREA(#8107);
#7740=SURFACE_STYLE_FILL_AREA(#8108);
#7741=SURFACE_STYLE_FILL_AREA(#8109);
#7742=SURFACE_STYLE_FILL_AREA(#8110);
#7743=SURFACE_STYLE_FILL_AREA(#8111);
#7744=SURFACE_STYLE_FILL_AREA(#8112);
#7745=SURFACE_STYLE_FILL_AREA(#8113);
#7746=SURFACE_STYLE_FILL_AREA(#8114);
#7747=SURFACE_STYLE_FILL_AREA(#8115);
#7748=SURFACE_STYLE_FILL_AREA(#8116);
#7749=SURFACE_STYLE_FILL_AREA(#8117);
#7750=SURFACE_STYLE_FILL_AREA(#8118);
#7751=SURFACE_STYLE_FILL_AREA(#8119);
#7752=SURFACE_STYLE_FILL_AREA(#8120);
#7753=SURFACE_STYLE_FILL_AREA(#8121);
#7754=SURFACE_STYLE_FILL_AREA(#8122);
#7755=SURFACE_STYLE_FILL_AREA(#8123);
#7756=FILL_AREA_STYLE('',(#8124));
#7757=FILL_AREA_STYLE('',(#8125));
#7758=FILL_AREA_STYLE('',(#8126));
#7759=FILL_AREA_STYLE('',(#8127));
#7760=FILL_AREA_STYLE('',(#8128));
#7761=FILL_AREA_STYLE('',(#8129));
#7762=FILL_AREA_STYLE('',(#8130));
#7763=FILL_AREA_STYLE('',(#8131));
#7764=FILL_AREA_STYLE('',(#8132));
#7765=FILL_AREA_STYLE('',(#8133));
#7766=FILL_AREA_STYLE('',(#8134));
#7767=FILL_AREA_STYLE('',(#8135));
#7768=FILL_AREA_STYLE('',(#8136));
#7769=FILL_AREA_STYLE('',(#8137));
#7770=FILL_AREA_STYLE('',(#8138));
#7771=FILL_AREA_STYLE('',(#8139));
#7772=FILL_AREA_STYLE('',(#8140));
#7773=FILL_AREA_STYLE('',(#8141));
#7774=FILL_AREA_STYLE('',(#8142));
#7775=FILL_AREA_STYLE('',(#8143));
#7776=FILL_AREA_STYLE('',(#8144));
#7777=FILL_AREA_STYLE('',(#8145));
#7778=FILL_AREA_STYLE('',(#8146));
#7779=FILL_AREA_STYLE('',(#8147));
#7780=FILL_AREA_STYLE('',(#8148));
#7781=FILL_AREA_STYLE('',(#8149));
#7782=FILL_AREA_STYLE('',(#8150));
#7783=FILL_AREA_STYLE('',(#8151));
#7784=FILL_AREA_STYLE('',(#8152));
#7785=FILL_AREA_STYLE('',(#8153));
#7786=FILL_AREA_STYLE('',(#8154));
#7787=FILL_AREA_STYLE('',(#8155));
#7788=FILL_AREA_STYLE('',(#8156));
#7789=FILL_AREA_STYLE('',(#8157));
#7790=FILL_AREA_STYLE('',(#8158));
#7791=FILL_AREA_STYLE('',(#8159));
#7792=FILL_AREA_STYLE('',(#8160));
#7793=FILL_AREA_STYLE('',(#8161));
#7794=FILL_AREA_STYLE('',(#8162));
#7795=FILL_AREA_STYLE('',(#8163));
#7796=FILL_AREA_STYLE('',(#8164));
#7797=FILL_AREA_STYLE('',(#8165));
#7798=FILL_AREA_STYLE('',(#8166));
#7799=FILL_AREA_STYLE('',(#8167));
#7800=FILL_AREA_STYLE('',(#8168));
#7801=FILL_AREA_STYLE('',(#8169));
#7802=FILL_AREA_STYLE('',(#8170));
#7803=FILL_AREA_STYLE('',(#8171));
#7804=FILL_AREA_STYLE('',(#8172));
#7805=FILL_AREA_STYLE('',(#8173));
#7806=FILL_AREA_STYLE('',(#8174));
#7807=FILL_AREA_STYLE('',(#8175));
#7808=FILL_AREA_STYLE('',(#8176));
#7809=FILL_AREA_STYLE('',(#8177));
#7810=FILL_AREA_STYLE('',(#8178));
#7811=FILL_AREA_STYLE('',(#8179));
#7812=FILL_AREA_STYLE('',(#8180));
#7813=FILL_AREA_STYLE('',(#8181));
#7814=FILL_AREA_STYLE('',(#8182));
#7815=FILL_AREA_STYLE('',(#8183));
#7816=FILL_AREA_STYLE('',(#8184));
#7817=FILL_AREA_STYLE('',(#8185));
#7818=FILL_AREA_STYLE('',(#8186));
#7819=FILL_AREA_STYLE('',(#8187));
#7820=FILL_AREA_STYLE('',(#8188));
#7821=FILL_AREA_STYLE('',(#8189));
#7822=FILL_AREA_STYLE('',(#8190));
#7823=FILL_AREA_STYLE('',(#8191));
#7824=FILL_AREA_STYLE('',(#8192));
#7825=FILL_AREA_STYLE('',(#8193));
#7826=FILL_AREA_STYLE('',(#8194));
#7827=FILL_AREA_STYLE('',(#8195));
#7828=FILL_AREA_STYLE('',(#8196));
#7829=FILL_AREA_STYLE('',(#8197));
#7830=FILL_AREA_STYLE('',(#8198));
#7831=FILL_AREA_STYLE('',(#8199));
#7832=FILL_AREA_STYLE('',(#8200));
#7833=FILL_AREA_STYLE('',(#8201));
#7834=FILL_AREA_STYLE('',(#8202));
#7835=FILL_AREA_STYLE('',(#8203));
#7836=FILL_AREA_STYLE('',(#8204));
#7837=FILL_AREA_STYLE('',(#8205));
#7838=FILL_AREA_STYLE('',(#8206));
#7839=FILL_AREA_STYLE('',(#8207));
#7840=FILL_AREA_STYLE('',(#8208));
#7841=FILL_AREA_STYLE('',(#8209));
#7842=FILL_AREA_STYLE('',(#8210));
#7843=FILL_AREA_STYLE('',(#8211));
#7844=FILL_AREA_STYLE('',(#8212));
#7845=FILL_AREA_STYLE('',(#8213));
#7846=FILL_AREA_STYLE('',(#8214));
#7847=FILL_AREA_STYLE('',(#8215));
#7848=FILL_AREA_STYLE('',(#8216));
#7849=FILL_AREA_STYLE('',(#8217));
#7850=FILL_AREA_STYLE('',(#8218));
#7851=FILL_AREA_STYLE('',(#8219));
#7852=FILL_AREA_STYLE('',(#8220));
#7853=FILL_AREA_STYLE('',(#8221));
#7854=FILL_AREA_STYLE('',(#8222));
#7855=FILL_AREA_STYLE('',(#8223));
#7856=FILL_AREA_STYLE('',(#8224));
#7857=FILL_AREA_STYLE('',(#8225));
#7858=FILL_AREA_STYLE('',(#8226));
#7859=FILL_AREA_STYLE('',(#8227));
#7860=FILL_AREA_STYLE('',(#8228));
#7861=FILL_AREA_STYLE('',(#8229));
#7862=FILL_AREA_STYLE('',(#8230));
#7863=FILL_AREA_STYLE('',(#8231));
#7864=FILL_AREA_STYLE('',(#8232));
#7865=FILL_AREA_STYLE('',(#8233));
#7866=FILL_AREA_STYLE('',(#8234));
#7867=FILL_AREA_STYLE('',(#8235));
#7868=FILL_AREA_STYLE('',(#8236));
#7869=FILL_AREA_STYLE('',(#8237));
#7870=FILL_AREA_STYLE('',(#8238));
#7871=FILL_AREA_STYLE('',(#8239));
#7872=FILL_AREA_STYLE('',(#8240));
#7873=FILL_AREA_STYLE('',(#8241));
#7874=FILL_AREA_STYLE('',(#8242));
#7875=FILL_AREA_STYLE('',(#8243));
#7876=FILL_AREA_STYLE('',(#8244));
#7877=FILL_AREA_STYLE('',(#8245));
#7878=FILL_AREA_STYLE('',(#8246));
#7879=FILL_AREA_STYLE('',(#8247));
#7880=FILL_AREA_STYLE('',(#8248));
#7881=FILL_AREA_STYLE('',(#8249));
#7882=FILL_AREA_STYLE('',(#8250));
#7883=FILL_AREA_STYLE('',(#8251));
#7884=FILL_AREA_STYLE('',(#8252));
#7885=FILL_AREA_STYLE('',(#8253));
#7886=FILL_AREA_STYLE('',(#8254));
#7887=FILL_AREA_STYLE('',(#8255));
#7888=FILL_AREA_STYLE('',(#8256));
#7889=FILL_AREA_STYLE('',(#8257));
#7890=FILL_AREA_STYLE('',(#8258));
#7891=FILL_AREA_STYLE('',(#8259));
#7892=FILL_AREA_STYLE('',(#8260));
#7893=FILL_AREA_STYLE('',(#8261));
#7894=FILL_AREA_STYLE('',(#8262));
#7895=FILL_AREA_STYLE('',(#8263));
#7896=FILL_AREA_STYLE('',(#8264));
#7897=FILL_AREA_STYLE('',(#8265));
#7898=FILL_AREA_STYLE('',(#8266));
#7899=FILL_AREA_STYLE('',(#8267));
#7900=FILL_AREA_STYLE('',(#8268));
#7901=FILL_AREA_STYLE('',(#8269));
#7902=FILL_AREA_STYLE('',(#8270));
#7903=FILL_AREA_STYLE('',(#8271));
#7904=FILL_AREA_STYLE('',(#8272));
#7905=FILL_AREA_STYLE('',(#8273));
#7906=FILL_AREA_STYLE('',(#8274));
#7907=FILL_AREA_STYLE('',(#8275));
#7908=FILL_AREA_STYLE('',(#8276));
#7909=FILL_AREA_STYLE('',(#8277));
#7910=FILL_AREA_STYLE('',(#8278));
#7911=FILL_AREA_STYLE('',(#8279));
#7912=FILL_AREA_STYLE('',(#8280));
#7913=FILL_AREA_STYLE('',(#8281));
#7914=FILL_AREA_STYLE('',(#8282));
#7915=FILL_AREA_STYLE('',(#8283));
#7916=FILL_AREA_STYLE('',(#8284));
#7917=FILL_AREA_STYLE('',(#8285));
#7918=FILL_AREA_STYLE('',(#8286));
#7919=FILL_AREA_STYLE('',(#8287));
#7920=FILL_AREA_STYLE('',(#8288));
#7921=FILL_AREA_STYLE('',(#8289));
#7922=FILL_AREA_STYLE('',(#8290));
#7923=FILL_AREA_STYLE('',(#8291));
#7924=FILL_AREA_STYLE('',(#8292));
#7925=FILL_AREA_STYLE('',(#8293));
#7926=FILL_AREA_STYLE('',(#8294));
#7927=FILL_AREA_STYLE('',(#8295));
#7928=FILL_AREA_STYLE('',(#8296));
#7929=FILL_AREA_STYLE('',(#8297));
#7930=FILL_AREA_STYLE('',(#8298));
#7931=FILL_AREA_STYLE('',(#8299));
#7932=FILL_AREA_STYLE('',(#8300));
#7933=FILL_AREA_STYLE('',(#8301));
#7934=FILL_AREA_STYLE('',(#8302));
#7935=FILL_AREA_STYLE('',(#8303));
#7936=FILL_AREA_STYLE('',(#8304));
#7937=FILL_AREA_STYLE('',(#8305));
#7938=FILL_AREA_STYLE('',(#8306));
#7939=FILL_AREA_STYLE('',(#8307));
#7940=FILL_AREA_STYLE('',(#8308));
#7941=FILL_AREA_STYLE('',(#8309));
#7942=FILL_AREA_STYLE('',(#8310));
#7943=FILL_AREA_STYLE('',(#8311));
#7944=FILL_AREA_STYLE('',(#8312));
#7945=FILL_AREA_STYLE('',(#8313));
#7946=FILL_AREA_STYLE('',(#8314));
#7947=FILL_AREA_STYLE('',(#8315));
#7948=FILL_AREA_STYLE('',(#8316));
#7949=FILL_AREA_STYLE('',(#8317));
#7950=FILL_AREA_STYLE('',(#8318));
#7951=FILL_AREA_STYLE('',(#8319));
#7952=FILL_AREA_STYLE('',(#8320));
#7953=FILL_AREA_STYLE('',(#8321));
#7954=FILL_AREA_STYLE('',(#8322));
#7955=FILL_AREA_STYLE('',(#8323));
#7956=FILL_AREA_STYLE('',(#8324));
#7957=FILL_AREA_STYLE('',(#8325));
#7958=FILL_AREA_STYLE('',(#8326));
#7959=FILL_AREA_STYLE('',(#8327));
#7960=FILL_AREA_STYLE('',(#8328));
#7961=FILL_AREA_STYLE('',(#8329));
#7962=FILL_AREA_STYLE('',(#8330));
#7963=FILL_AREA_STYLE('',(#8331));
#7964=FILL_AREA_STYLE('',(#8332));
#7965=FILL_AREA_STYLE('',(#8333));
#7966=FILL_AREA_STYLE('',(#8334));
#7967=FILL_AREA_STYLE('',(#8335));
#7968=FILL_AREA_STYLE('',(#8336));
#7969=FILL_AREA_STYLE('',(#8337));
#7970=FILL_AREA_STYLE('',(#8338));
#7971=FILL_AREA_STYLE('',(#8339));
#7972=FILL_AREA_STYLE('',(#8340));
#7973=FILL_AREA_STYLE('',(#8341));
#7974=FILL_AREA_STYLE('',(#8342));
#7975=FILL_AREA_STYLE('',(#8343));
#7976=FILL_AREA_STYLE('',(#8344));
#7977=FILL_AREA_STYLE('',(#8345));
#7978=FILL_AREA_STYLE('',(#8346));
#7979=FILL_AREA_STYLE('',(#8347));
#7980=FILL_AREA_STYLE('',(#8348));
#7981=FILL_AREA_STYLE('',(#8349));
#7982=FILL_AREA_STYLE('',(#8350));
#7983=FILL_AREA_STYLE('',(#8351));
#7984=FILL_AREA_STYLE('',(#8352));
#7985=FILL_AREA_STYLE('',(#8353));
#7986=FILL_AREA_STYLE('',(#8354));
#7987=FILL_AREA_STYLE('',(#8355));
#7988=FILL_AREA_STYLE('',(#8356));
#7989=FILL_AREA_STYLE('',(#8357));
#7990=FILL_AREA_STYLE('',(#8358));
#7991=FILL_AREA_STYLE('',(#8359));
#7992=FILL_AREA_STYLE('',(#8360));
#7993=FILL_AREA_STYLE('',(#8361));
#7994=FILL_AREA_STYLE('',(#8362));
#7995=FILL_AREA_STYLE('',(#8363));
#7996=FILL_AREA_STYLE('',(#8364));
#7997=FILL_AREA_STYLE('',(#8365));
#7998=FILL_AREA_STYLE('',(#8366));
#7999=FILL_AREA_STYLE('',(#8367));
#8000=FILL_AREA_STYLE('',(#8368));
#8001=FILL_AREA_STYLE('',(#8369));
#8002=FILL_AREA_STYLE('',(#8370));
#8003=FILL_AREA_STYLE('',(#8371));
#8004=FILL_AREA_STYLE('',(#8372));
#8005=FILL_AREA_STYLE('',(#8373));
#8006=FILL_AREA_STYLE('',(#8374));
#8007=FILL_AREA_STYLE('',(#8375));
#8008=FILL_AREA_STYLE('',(#8376));
#8009=FILL_AREA_STYLE('',(#8377));
#8010=FILL_AREA_STYLE('',(#8378));
#8011=FILL_AREA_STYLE('',(#8379));
#8012=FILL_AREA_STYLE('',(#8380));
#8013=FILL_AREA_STYLE('',(#8381));
#8014=FILL_AREA_STYLE('',(#8382));
#8015=FILL_AREA_STYLE('',(#8383));
#8016=FILL_AREA_STYLE('',(#8384));
#8017=FILL_AREA_STYLE('',(#8385));
#8018=FILL_AREA_STYLE('',(#8386));
#8019=FILL_AREA_STYLE('',(#8387));
#8020=FILL_AREA_STYLE('',(#8388));
#8021=FILL_AREA_STYLE('',(#8389));
#8022=FILL_AREA_STYLE('',(#8390));
#8023=FILL_AREA_STYLE('',(#8391));
#8024=FILL_AREA_STYLE('',(#8392));
#8025=FILL_AREA_STYLE('',(#8393));
#8026=FILL_AREA_STYLE('',(#8394));
#8027=FILL_AREA_STYLE('',(#8395));
#8028=FILL_AREA_STYLE('',(#8396));
#8029=FILL_AREA_STYLE('',(#8397));
#8030=FILL_AREA_STYLE('',(#8398));
#8031=FILL_AREA_STYLE('',(#8399));
#8032=FILL_AREA_STYLE('',(#8400));
#8033=FILL_AREA_STYLE('',(#8401));
#8034=FILL_AREA_STYLE('',(#8402));
#8035=FILL_AREA_STYLE('',(#8403));
#8036=FILL_AREA_STYLE('',(#8404));
#8037=FILL_AREA_STYLE('',(#8405));
#8038=FILL_AREA_STYLE('',(#8406));
#8039=FILL_AREA_STYLE('',(#8407));
#8040=FILL_AREA_STYLE('',(#8408));
#8041=FILL_AREA_STYLE('',(#8409));
#8042=FILL_AREA_STYLE('',(#8410));
#8043=FILL_AREA_STYLE('',(#8411));
#8044=FILL_AREA_STYLE('',(#8412));
#8045=FILL_AREA_STYLE('',(#8413));
#8046=FILL_AREA_STYLE('',(#8414));
#8047=FILL_AREA_STYLE('',(#8415));
#8048=FILL_AREA_STYLE('',(#8416));
#8049=FILL_AREA_STYLE('',(#8417));
#8050=FILL_AREA_STYLE('',(#8418));
#8051=FILL_AREA_STYLE('',(#8419));
#8052=FILL_AREA_STYLE('',(#8420));
#8053=FILL_AREA_STYLE('',(#8421));
#8054=FILL_AREA_STYLE('',(#8422));
#8055=FILL_AREA_STYLE('',(#8423));
#8056=FILL_AREA_STYLE('',(#8424));
#8057=FILL_AREA_STYLE('',(#8425));
#8058=FILL_AREA_STYLE('',(#8426));
#8059=FILL_AREA_STYLE('',(#8427));
#8060=FILL_AREA_STYLE('',(#8428));
#8061=FILL_AREA_STYLE('',(#8429));
#8062=FILL_AREA_STYLE('',(#8430));
#8063=FILL_AREA_STYLE('',(#8431));
#8064=FILL_AREA_STYLE('',(#8432));
#8065=FILL_AREA_STYLE('',(#8433));
#8066=FILL_AREA_STYLE('',(#8434));
#8067=FILL_AREA_STYLE('',(#8435));
#8068=FILL_AREA_STYLE('',(#8436));
#8069=FILL_AREA_STYLE('',(#8437));
#8070=FILL_AREA_STYLE('',(#8438));
#8071=FILL_AREA_STYLE('',(#8439));
#8072=FILL_AREA_STYLE('',(#8440));
#8073=FILL_AREA_STYLE('',(#8441));
#8074=FILL_AREA_STYLE('',(#8442));
#8075=FILL_AREA_STYLE('',(#8443));
#8076=FILL_AREA_STYLE('',(#8444));
#8077=FILL_AREA_STYLE('',(#8445));
#8078=FILL_AREA_STYLE('',(#8446));
#8079=FILL_AREA_STYLE('',(#8447));
#8080=FILL_AREA_STYLE('',(#8448));
#8081=FILL_AREA_STYLE('',(#8449));
#8082=FILL_AREA_STYLE('',(#8450));
#8083=FILL_AREA_STYLE('',(#8451));
#8084=FILL_AREA_STYLE('',(#8452));
#8085=FILL_AREA_STYLE('',(#8453));
#8086=FILL_AREA_STYLE('',(#8454));
#8087=FILL_AREA_STYLE('',(#8455));
#8088=FILL_AREA_STYLE('',(#8456));
#8089=FILL_AREA_STYLE('',(#8457));
#8090=FILL_AREA_STYLE('',(#8458));
#8091=FILL_AREA_STYLE('',(#8459));
#8092=FILL_AREA_STYLE('',(#8460));
#8093=FILL_AREA_STYLE('',(#8461));
#8094=FILL_AREA_STYLE('',(#8462));
#8095=FILL_AREA_STYLE('',(#8463));
#8096=FILL_AREA_STYLE('',(#8464));
#8097=FILL_AREA_STYLE('',(#8465));
#8098=FILL_AREA_STYLE('',(#8466));
#8099=FILL_AREA_STYLE('',(#8467));
#8100=FILL_AREA_STYLE('',(#8468));
#8101=FILL_AREA_STYLE('',(#8469));
#8102=FILL_AREA_STYLE('',(#8470));
#8103=FILL_AREA_STYLE('',(#8471));
#8104=FILL_AREA_STYLE('',(#8472));
#8105=FILL_AREA_STYLE('',(#8473));
#8106=FILL_AREA_STYLE('',(#8474));
#8107=FILL_AREA_STYLE('',(#8475));
#8108=FILL_AREA_STYLE('',(#8476));
#8109=FILL_AREA_STYLE('',(#8477));
#8110=FILL_AREA_STYLE('',(#8478));
#8111=FILL_AREA_STYLE('',(#8479));
#8112=FILL_AREA_STYLE('',(#8480));
#8113=FILL_AREA_STYLE('',(#8481));
#8114=FILL_AREA_STYLE('',(#8482));
#8115=FILL_AREA_STYLE('',(#8483));
#8116=FILL_AREA_STYLE('',(#8484));
#8117=FILL_AREA_STYLE('',(#8485));
#8118=FILL_AREA_STYLE('',(#8486));
#8119=FILL_AREA_STYLE('',(#8487));
#8120=FILL_AREA_STYLE('',(#8488));
#8121=FILL_AREA_STYLE('',(#8489));
#8122=FILL_AREA_STYLE('',(#8490));
#8123=FILL_AREA_STYLE('',(#8491));
#8124=FILL_AREA_STYLE_COLOUR('',#8492);
#8125=FILL_AREA_STYLE_COLOUR('',#8492);
#8126=FILL_AREA_STYLE_COLOUR('',#8492);
#8127=FILL_AREA_STYLE_COLOUR('',#8492);
#8128=FILL_AREA_STYLE_COLOUR('',#8492);
#8129=FILL_AREA_STYLE_COLOUR('',#8492);
#8130=FILL_AREA_STYLE_COLOUR('',#8492);
#8131=FILL_AREA_STYLE_COLOUR('',#8492);
#8132=FILL_AREA_STYLE_COLOUR('',#8492);
#8133=FILL_AREA_STYLE_COLOUR('',#8492);
#8134=FILL_AREA_STYLE_COLOUR('',#8492);
#8135=FILL_AREA_STYLE_COLOUR('',#8492);
#8136=FILL_AREA_STYLE_COLOUR('',#8492);
#8137=FILL_AREA_STYLE_COLOUR('',#8492);
#8138=FILL_AREA_STYLE_COLOUR('',#8492);
#8139=FILL_AREA_STYLE_COLOUR('',#8492);
#8140=FILL_AREA_STYLE_COLOUR('',#8492);
#8141=FILL_AREA_STYLE_COLOUR('',#8492);
#8142=FILL_AREA_STYLE_COLOUR('',#8492);
#8143=FILL_AREA_STYLE_COLOUR('',#8492);
#8144=FILL_AREA_STYLE_COLOUR('',#8492);
#8145=FILL_AREA_STYLE_COLOUR('',#8492);
#8146=FILL_AREA_STYLE_COLOUR('',#8492);
#8147=FILL_AREA_STYLE_COLOUR('',#8492);
#8148=FILL_AREA_STYLE_COLOUR('',#8492);
#8149=FILL_AREA_STYLE_COLOUR('',#8492);
#8150=FILL_AREA_STYLE_COLOUR('',#8492);
#8151=FILL_AREA_STYLE_COLOUR('',#8492);
#8152=FILL_AREA_STYLE_COLOUR('',#8492);
#8153=FILL_AREA_STYLE_COLOUR('',#8492);
#8154=FILL_AREA_STYLE_COLOUR('',#8492);
#8155=FILL_AREA_STYLE_COLOUR('',#8492);
#8156=FILL_AREA_STYLE_COLOUR('',#8492);
#8157=FILL_AREA_STYLE_COLOUR('',#8492);
#8158=FILL_AREA_STYLE_COLOUR('',#8492);
#8159=FILL_AREA_STYLE_COLOUR('',#8492);
#8160=FILL_AREA_STYLE_COLOUR('',#8492);
#8161=FILL_AREA_STYLE_COLOUR('',#8492);
#8162=FILL_AREA_STYLE_COLOUR('',#8492);
#8163=FILL_AREA_STYLE_COLOUR('',#8492);
#8164=FILL_AREA_STYLE_COLOUR('',#8492);
#8165=FILL_AREA_STYLE_COLOUR('',#8492);
#8166=FILL_AREA_STYLE_COLOUR('',#8492);
#8167=FILL_AREA_STYLE_COLOUR('',#8492);
#8168=FILL_AREA_STYLE_COLOUR('',#8492);
#8169=FILL_AREA_STYLE_COLOUR('',#8492);
#8170=FILL_AREA_STYLE_COLOUR('',#8492);
#8171=FILL_AREA_STYLE_COLOUR('',#8492);
#8172=FILL_AREA_STYLE_COLOUR('',#8492);
#8173=FILL_AREA_STYLE_COLOUR('',#8493);
#8174=FILL_AREA_STYLE_COLOUR('',#8493);
#8175=FILL_AREA_STYLE_COLOUR('',#8492);
#8176=FILL_AREA_STYLE_COLOUR('',#8493);
#8177=FILL_AREA_STYLE_COLOUR('',#8492);
#8178=FILL_AREA_STYLE_COLOUR('',#8492);
#8179=FILL_AREA_STYLE_COLOUR('',#8493);
#8180=FILL_AREA_STYLE_COLOUR('',#8492);
#8181=FILL_AREA_STYLE_COLOUR('',#8492);
#8182=FILL_AREA_STYLE_COLOUR('',#8492);
#8183=FILL_AREA_STYLE_COLOUR('',#8492);
#8184=FILL_AREA_STYLE_COLOUR('',#8492);
#8185=FILL_AREA_STYLE_COLOUR('',#8492);
#8186=FILL_AREA_STYLE_COLOUR('',#8492);
#8187=FILL_AREA_STYLE_COLOUR('',#8492);
#8188=FILL_AREA_STYLE_COLOUR('',#8492);
#8189=FILL_AREA_STYLE_COLOUR('',#8492);
#8190=FILL_AREA_STYLE_COLOUR('',#8492);
#8191=FILL_AREA_STYLE_COLOUR('',#8492);
#8192=FILL_AREA_STYLE_COLOUR('',#8492);
#8193=FILL_AREA_STYLE_COLOUR('',#8492);
#8194=FILL_AREA_STYLE_COLOUR('',#8492);
#8195=FILL_AREA_STYLE_COLOUR('',#8492);
#8196=FILL_AREA_STYLE_COLOUR('',#8492);
#8197=FILL_AREA_STYLE_COLOUR('',#8492);
#8198=FILL_AREA_STYLE_COLOUR('',#8492);
#8199=FILL_AREA_STYLE_COLOUR('',#8492);
#8200=FILL_AREA_STYLE_COLOUR('',#8492);
#8201=FILL_AREA_STYLE_COLOUR('',#8492);
#8202=FILL_AREA_STYLE_COLOUR('',#8492);
#8203=FILL_AREA_STYLE_COLOUR('',#8492);
#8204=FILL_AREA_STYLE_COLOUR('',#8492);
#8205=FILL_AREA_STYLE_COLOUR('',#8492);
#8206=FILL_AREA_STYLE_COLOUR('',#8492);
#8207=FILL_AREA_STYLE_COLOUR('',#8492);
#8208=FILL_AREA_STYLE_COLOUR('',#8492);
#8209=FILL_AREA_STYLE_COLOUR('',#8492);
#8210=FILL_AREA_STYLE_COLOUR('',#8492);
#8211=FILL_AREA_STYLE_COLOUR('',#8492);
#8212=FILL_AREA_STYLE_COLOUR('',#8492);
#8213=FILL_AREA_STYLE_COLOUR('',#8492);
#8214=FILL_AREA_STYLE_COLOUR('',#8492);
#8215=FILL_AREA_STYLE_COLOUR('',#8492);
#8216=FILL_AREA_STYLE_COLOUR('',#8492);
#8217=FILL_AREA_STYLE_COLOUR('',#8492);
#8218=FILL_AREA_STYLE_COLOUR('',#8492);
#8219=FILL_AREA_STYLE_COLOUR('',#8492);
#8220=FILL_AREA_STYLE_COLOUR('',#8492);
#8221=FILL_AREA_STYLE_COLOUR('',#8492);
#8222=FILL_AREA_STYLE_COLOUR('',#8492);
#8223=FILL_AREA_STYLE_COLOUR('',#8492);
#8224=FILL_AREA_STYLE_COLOUR('',#8492);
#8225=FILL_AREA_STYLE_COLOUR('',#8492);
#8226=FILL_AREA_STYLE_COLOUR('',#8492);
#8227=FILL_AREA_STYLE_COLOUR('',#8492);
#8228=FILL_AREA_STYLE_COLOUR('',#8492);
#8229=FILL_AREA_STYLE_COLOUR('',#8492);
#8230=FILL_AREA_STYLE_COLOUR('',#8492);
#8231=FILL_AREA_STYLE_COLOUR('',#8492);
#8232=FILL_AREA_STYLE_COLOUR('',#8492);
#8233=FILL_AREA_STYLE_COLOUR('',#8492);
#8234=FILL_AREA_STYLE_COLOUR('',#8492);
#8235=FILL_AREA_STYLE_COLOUR('',#8492);
#8236=FILL_AREA_STYLE_COLOUR('',#8492);
#8237=FILL_AREA_STYLE_COLOUR('',#8492);
#8238=FILL_AREA_STYLE_COLOUR('',#8492);
#8239=FILL_AREA_STYLE_COLOUR('',#8492);
#8240=FILL_AREA_STYLE_COLOUR('',#8492);
#8241=FILL_AREA_STYLE_COLOUR('',#8492);
#8242=FILL_AREA_STYLE_COLOUR('',#8492);
#8243=FILL_AREA_STYLE_COLOUR('',#8492);
#8244=FILL_AREA_STYLE_COLOUR('',#8492);
#8245=FILL_AREA_STYLE_COLOUR('',#8492);
#8246=FILL_AREA_STYLE_COLOUR('',#8492);
#8247=FILL_AREA_STYLE_COLOUR('',#8492);
#8248=FILL_AREA_STYLE_COLOUR('',#8492);
#8249=FILL_AREA_STYLE_COLOUR('',#8492);
#8250=FILL_AREA_STYLE_COLOUR('',#8492);
#8251=FILL_AREA_STYLE_COLOUR('',#8492);
#8252=FILL_AREA_STYLE_COLOUR('',#8492);
#8253=FILL_AREA_STYLE_COLOUR('',#8492);
#8254=FILL_AREA_STYLE_COLOUR('',#8492);
#8255=FILL_AREA_STYLE_COLOUR('',#8492);
#8256=FILL_AREA_STYLE_COLOUR('',#8492);
#8257=FILL_AREA_STYLE_COLOUR('',#8492);
#8258=FILL_AREA_STYLE_COLOUR('',#8492);
#8259=FILL_AREA_STYLE_COLOUR('',#8492);
#8260=FILL_AREA_STYLE_COLOUR('',#8492);
#8261=FILL_AREA_STYLE_COLOUR('',#8492);
#8262=FILL_AREA_STYLE_COLOUR('',#8492);
#8263=FILL_AREA_STYLE_COLOUR('',#8492);
#8264=FILL_AREA_STYLE_COLOUR('',#8492);
#8265=FILL_AREA_STYLE_COLOUR('',#8492);
#8266=FILL_AREA_STYLE_COLOUR('',#8492);
#8267=FILL_AREA_STYLE_COLOUR('',#8492);
#8268=FILL_AREA_STYLE_COLOUR('',#8492);
#8269=FILL_AREA_STYLE_COLOUR('',#8492);
#8270=FILL_AREA_STYLE_COLOUR('',#8492);
#8271=FILL_AREA_STYLE_COLOUR('',#8492);
#8272=FILL_AREA_STYLE_COLOUR('',#8492);
#8273=FILL_AREA_STYLE_COLOUR('',#8492);
#8274=FILL_AREA_STYLE_COLOUR('',#8492);
#8275=FILL_AREA_STYLE_COLOUR('',#8492);
#8276=FILL_AREA_STYLE_COLOUR('',#8492);
#8277=FILL_AREA_STYLE_COLOUR('',#8492);
#8278=FILL_AREA_STYLE_COLOUR('',#8492);
#8279=FILL_AREA_STYLE_COLOUR('',#8492);
#8280=FILL_AREA_STYLE_COLOUR('',#8492);
#8281=FILL_AREA_STYLE_COLOUR('',#8492);
#8282=FILL_AREA_STYLE_COLOUR('',#8492);
#8283=FILL_AREA_STYLE_COLOUR('',#8492);
#8284=FILL_AREA_STYLE_COLOUR('',#8492);
#8285=FILL_AREA_STYLE_COLOUR('',#8492);
#8286=FILL_AREA_STYLE_COLOUR('',#8492);
#8287=FILL_AREA_STYLE_COLOUR('',#8492);
#8288=FILL_AREA_STYLE_COLOUR('',#8492);
#8289=FILL_AREA_STYLE_COLOUR('',#8492);
#8290=FILL_AREA_STYLE_COLOUR('',#8492);
#8291=FILL_AREA_STYLE_COLOUR('',#8492);
#8292=FILL_AREA_STYLE_COLOUR('',#8492);
#8293=FILL_AREA_STYLE_COLOUR('',#8492);
#8294=FILL_AREA_STYLE_COLOUR('',#8492);
#8295=FILL_AREA_STYLE_COLOUR('',#8492);
#8296=FILL_AREA_STYLE_COLOUR('',#8492);
#8297=FILL_AREA_STYLE_COLOUR('',#8492);
#8298=FILL_AREA_STYLE_COLOUR('',#8492);
#8299=FILL_AREA_STYLE_COLOUR('',#8492);
#8300=FILL_AREA_STYLE_COLOUR('',#8492);
#8301=FILL_AREA_STYLE_COLOUR('',#8492);
#8302=FILL_AREA_STYLE_COLOUR('',#8492);
#8303=FILL_AREA_STYLE_COLOUR('',#8493);
#8304=FILL_AREA_STYLE_COLOUR('',#8493);
#8305=FILL_AREA_STYLE_COLOUR('',#8493);
#8306=FILL_AREA_STYLE_COLOUR('',#8493);
#8307=FILL_AREA_STYLE_COLOUR('',#8493);
#8308=FILL_AREA_STYLE_COLOUR('',#8492);
#8309=FILL_AREA_STYLE_COLOUR('',#8493);
#8310=FILL_AREA_STYLE_COLOUR('',#8492);
#8311=FILL_AREA_STYLE_COLOUR('',#8492);
#8312=FILL_AREA_STYLE_COLOUR('',#8492);
#8313=FILL_AREA_STYLE_COLOUR('',#8493);
#8314=FILL_AREA_STYLE_COLOUR('',#8493);
#8315=FILL_AREA_STYLE_COLOUR('',#8493);
#8316=FILL_AREA_STYLE_COLOUR('',#8493);
#8317=FILL_AREA_STYLE_COLOUR('',#8493);
#8318=FILL_AREA_STYLE_COLOUR('',#8492);
#8319=FILL_AREA_STYLE_COLOUR('',#8493);
#8320=FILL_AREA_STYLE_COLOUR('',#8492);
#8321=FILL_AREA_STYLE_COLOUR('',#8492);
#8322=FILL_AREA_STYLE_COLOUR('',#8492);
#8323=FILL_AREA_STYLE_COLOUR('',#8493);
#8324=FILL_AREA_STYLE_COLOUR('',#8493);
#8325=FILL_AREA_STYLE_COLOUR('',#8493);
#8326=FILL_AREA_STYLE_COLOUR('',#8493);
#8327=FILL_AREA_STYLE_COLOUR('',#8493);
#8328=FILL_AREA_STYLE_COLOUR('',#8493);
#8329=FILL_AREA_STYLE_COLOUR('',#8493);
#8330=FILL_AREA_STYLE_COLOUR('',#8492);
#8331=FILL_AREA_STYLE_COLOUR('',#8492);
#8332=FILL_AREA_STYLE_COLOUR('',#8492);
#8333=FILL_AREA_STYLE_COLOUR('',#8493);
#8334=FILL_AREA_STYLE_COLOUR('',#8493);
#8335=FILL_AREA_STYLE_COLOUR('',#8493);
#8336=FILL_AREA_STYLE_COLOUR('',#8493);
#8337=FILL_AREA_STYLE_COLOUR('',#8493);
#8338=FILL_AREA_STYLE_COLOUR('',#8492);
#8339=FILL_AREA_STYLE_COLOUR('',#8493);
#8340=FILL_AREA_STYLE_COLOUR('',#8492);
#8341=FILL_AREA_STYLE_COLOUR('',#8492);
#8342=FILL_AREA_STYLE_COLOUR('',#8492);
#8343=FILL_AREA_STYLE_COLOUR('',#8493);
#8344=FILL_AREA_STYLE_COLOUR('',#8493);
#8345=FILL_AREA_STYLE_COLOUR('',#8493);
#8346=FILL_AREA_STYLE_COLOUR('',#8493);
#8347=FILL_AREA_STYLE_COLOUR('',#8493);
#8348=FILL_AREA_STYLE_COLOUR('',#8493);
#8349=FILL_AREA_STYLE_COLOUR('',#8493);
#8350=FILL_AREA_STYLE_COLOUR('',#8492);
#8351=FILL_AREA_STYLE_COLOUR('',#8493);
#8352=FILL_AREA_STYLE_COLOUR('',#8492);
#8353=FILL_AREA_STYLE_COLOUR('',#8493);
#8354=FILL_AREA_STYLE_COLOUR('',#8493);
#8355=FILL_AREA_STYLE_COLOUR('',#8493);
#8356=FILL_AREA_STYLE_COLOUR('',#8493);
#8357=FILL_AREA_STYLE_COLOUR('',#8493);
#8358=FILL_AREA_STYLE_COLOUR('',#8492);
#8359=FILL_AREA_STYLE_COLOUR('',#8493);
#8360=FILL_AREA_STYLE_COLOUR('',#8492);
#8361=FILL_AREA_STYLE_COLOUR('',#8492);
#8362=FILL_AREA_STYLE_COLOUR('',#8492);
#8363=FILL_AREA_STYLE_COLOUR('',#8493);
#8364=FILL_AREA_STYLE_COLOUR('',#8493);
#8365=FILL_AREA_STYLE_COLOUR('',#8493);
#8366=FILL_AREA_STYLE_COLOUR('',#8493);
#8367=FILL_AREA_STYLE_COLOUR('',#8493);
#8368=FILL_AREA_STYLE_COLOUR('',#8492);
#8369=FILL_AREA_STYLE_COLOUR('',#8493);
#8370=FILL_AREA_STYLE_COLOUR('',#8493);
#8371=FILL_AREA_STYLE_COLOUR('',#8492);
#8372=FILL_AREA_STYLE_COLOUR('',#8492);
#8373=FILL_AREA_STYLE_COLOUR('',#8493);
#8374=FILL_AREA_STYLE_COLOUR('',#8493);
#8375=FILL_AREA_STYLE_COLOUR('',#8493);
#8376=FILL_AREA_STYLE_COLOUR('',#8493);
#8377=FILL_AREA_STYLE_COLOUR('',#8493);
#8378=FILL_AREA_STYLE_COLOUR('',#8492);
#8379=FILL_AREA_STYLE_COLOUR('',#8493);
#8380=FILL_AREA_STYLE_COLOUR('',#8493);
#8381=FILL_AREA_STYLE_COLOUR('',#8492);
#8382=FILL_AREA_STYLE_COLOUR('',#8492);
#8383=FILL_AREA_STYLE_COLOUR('',#8493);
#8384=FILL_AREA_STYLE_COLOUR('',#8493);
#8385=FILL_AREA_STYLE_COLOUR('',#8493);
#8386=FILL_AREA_STYLE_COLOUR('',#8493);
#8387=FILL_AREA_STYLE_COLOUR('',#8493);
#8388=FILL_AREA_STYLE_COLOUR('',#8492);
#8389=FILL_AREA_STYLE_COLOUR('',#8493);
#8390=FILL_AREA_STYLE_COLOUR('',#8492);
#8391=FILL_AREA_STYLE_COLOUR('',#8492);
#8392=FILL_AREA_STYLE_COLOUR('',#8492);
#8393=FILL_AREA_STYLE_COLOUR('',#8493);
#8394=FILL_AREA_STYLE_COLOUR('',#8493);
#8395=FILL_AREA_STYLE_COLOUR('',#8493);
#8396=FILL_AREA_STYLE_COLOUR('',#8493);
#8397=FILL_AREA_STYLE_COLOUR('',#8493);
#8398=FILL_AREA_STYLE_COLOUR('',#8492);
#8399=FILL_AREA_STYLE_COLOUR('',#8493);
#8400=FILL_AREA_STYLE_COLOUR('',#8492);
#8401=FILL_AREA_STYLE_COLOUR('',#8492);
#8402=FILL_AREA_STYLE_COLOUR('',#8492);
#8403=FILL_AREA_STYLE_COLOUR('',#8492);
#8404=FILL_AREA_STYLE_COLOUR('',#8492);
#8405=FILL_AREA_STYLE_COLOUR('',#8492);
#8406=FILL_AREA_STYLE_COLOUR('',#8492);
#8407=FILL_AREA_STYLE_COLOUR('',#8492);
#8408=FILL_AREA_STYLE_COLOUR('',#8492);
#8409=FILL_AREA_STYLE_COLOUR('',#8492);
#8410=FILL_AREA_STYLE_COLOUR('',#8492);
#8411=FILL_AREA_STYLE_COLOUR('',#8492);
#8412=FILL_AREA_STYLE_COLOUR('',#8492);
#8413=FILL_AREA_STYLE_COLOUR('',#8492);
#8414=FILL_AREA_STYLE_COLOUR('',#8492);
#8415=FILL_AREA_STYLE_COLOUR('',#8492);
#8416=FILL_AREA_STYLE_COLOUR('',#8492);
#8417=FILL_AREA_STYLE_COLOUR('',#8492);
#8418=FILL_AREA_STYLE_COLOUR('',#8492);
#8419=FILL_AREA_STYLE_COLOUR('',#8492);
#8420=FILL_AREA_STYLE_COLOUR('',#8492);
#8421=FILL_AREA_STYLE_COLOUR('',#8492);
#8422=FILL_AREA_STYLE_COLOUR('',#8492);
#8423=FILL_AREA_STYLE_COLOUR('',#8492);
#8424=FILL_AREA_STYLE_COLOUR('',#8492);
#8425=FILL_AREA_STYLE_COLOUR('',#8492);
#8426=FILL_AREA_STYLE_COLOUR('',#8492);
#8427=FILL_AREA_STYLE_COLOUR('',#8492);
#8428=FILL_AREA_STYLE_COLOUR('',#8492);
#8429=FILL_AREA_STYLE_COLOUR('',#8492);
#8430=FILL_AREA_STYLE_COLOUR('',#8492);
#8431=FILL_AREA_STYLE_COLOUR('',#8492);
#8432=FILL_AREA_STYLE_COLOUR('',#8492);
#8433=FILL_AREA_STYLE_COLOUR('',#8492);
#8434=FILL_AREA_STYLE_COLOUR('',#8492);
#8435=FILL_AREA_STYLE_COLOUR('',#8492);
#8436=FILL_AREA_STYLE_COLOUR('',#8492);
#8437=FILL_AREA_STYLE_COLOUR('',#8492);
#8438=FILL_AREA_STYLE_COLOUR('',#8492);
#8439=FILL_AREA_STYLE_COLOUR('',#8492);
#8440=FILL_AREA_STYLE_COLOUR('',#8492);
#8441=FILL_AREA_STYLE_COLOUR('',#8492);
#8442=FILL_AREA_STYLE_COLOUR('',#8492);
#8443=FILL_AREA_STYLE_COLOUR('',#8492);
#8444=FILL_AREA_STYLE_COLOUR('',#8492);
#8445=FILL_AREA_STYLE_COLOUR('',#8492);
#8446=FILL_AREA_STYLE_COLOUR('',#8492);
#8447=FILL_AREA_STYLE_COLOUR('',#8492);
#8448=FILL_AREA_STYLE_COLOUR('',#8492);
#8449=FILL_AREA_STYLE_COLOUR('',#8492);
#8450=FILL_AREA_STYLE_COLOUR('',#8492);
#8451=FILL_AREA_STYLE_COLOUR('',#8492);
#8452=FILL_AREA_STYLE_COLOUR('',#8492);
#8453=FILL_AREA_STYLE_COLOUR('',#8492);
#8454=FILL_AREA_STYLE_COLOUR('',#8492);
#8455=FILL_AREA_STYLE_COLOUR('',#8492);
#8456=FILL_AREA_STYLE_COLOUR('',#8492);
#8457=FILL_AREA_STYLE_COLOUR('',#8492);
#8458=FILL_AREA_STYLE_COLOUR('',#8492);
#8459=FILL_AREA_STYLE_COLOUR('',#8492);
#8460=FILL_AREA_STYLE_COLOUR('',#8492);
#8461=FILL_AREA_STYLE_COLOUR('',#8492);
#8462=FILL_AREA_STYLE_COLOUR('',#8492);
#8463=FILL_AREA_STYLE_COLOUR('',#8492);
#8464=FILL_AREA_STYLE_COLOUR('',#8492);
#8465=FILL_AREA_STYLE_COLOUR('',#8492);
#8466=FILL_AREA_STYLE_COLOUR('',#8492);
#8467=FILL_AREA_STYLE_COLOUR('',#8492);
#8468=FILL_AREA_STYLE_COLOUR('',#8492);
#8469=FILL_AREA_STYLE_COLOUR('',#8492);
#8470=FILL_AREA_STYLE_COLOUR('',#8492);
#8471=FILL_AREA_STYLE_COLOUR('',#8492);
#8472=FILL_AREA_STYLE_COLOUR('',#8492);
#8473=FILL_AREA_STYLE_COLOUR('',#8492);
#8474=FILL_AREA_STYLE_COLOUR('',#8492);
#8475=FILL_AREA_STYLE_COLOUR('',#8492);
#8476=FILL_AREA_STYLE_COLOUR('',#8492);
#8477=FILL_AREA_STYLE_COLOUR('',#8492);
#8478=FILL_AREA_STYLE_COLOUR('',#8492);
#8479=FILL_AREA_STYLE_COLOUR('',#8492);
#8480=FILL_AREA_STYLE_COLOUR('',#8492);
#8481=FILL_AREA_STYLE_COLOUR('',#8492);
#8482=FILL_AREA_STYLE_COLOUR('',#8492);
#8483=FILL_AREA_STYLE_COLOUR('',#8492);
#8484=FILL_AREA_STYLE_COLOUR('',#8493);
#8485=FILL_AREA_STYLE_COLOUR('',#8492);
#8486=FILL_AREA_STYLE_COLOUR('',#8492);
#8487=FILL_AREA_STYLE_COLOUR('',#8492);
#8488=FILL_AREA_STYLE_COLOUR('',#8492);
#8489=FILL_AREA_STYLE_COLOUR('',#8492);
#8490=FILL_AREA_STYLE_COLOUR('',#8492);
#8491=FILL_AREA_STYLE_COLOUR('',#8492);
#8492=COLOUR_RGB('',0.250980406999588,0.690196096897125,0.250980406999588);
#8493=COLOUR_RGB('',0.752941191196442,0.752941191196442,0.690196096897125);
#8494=ADVANCED_FACE('',(#5155),#5613,.T.);
#8495=ADVANCED_FACE('',(#5156),#5614,.T.);
#8496=ADVANCED_FACE('',(#5157),#5615,.F.);
#8497=ADVANCED_FACE('',(#5158),#5616,.F.);
#8498=ADVANCED_FACE('',(#5159),#5617,.F.);
#8499=ADVANCED_FACE('',(#5160),#5618,.T.);
#8500=ADVANCED_FACE('',(#5161),#5619,.T.);
#8501=ADVANCED_FACE('',(#5162),#5620,.F.);
#8502=ADVANCED_FACE('',(#5163),#5621,.F.);
#8503=ADVANCED_FACE('',(#5164),#5622,.F.);
#8504=ADVANCED_FACE('',(#5165),#5623,.T.);
#8505=ADVANCED_FACE('',(#5166),#5624,.T.);
#8506=ADVANCED_FACE('',(#5167),#5625,.F.);
#8507=ADVANCED_FACE('',(#5168),#5626,.F.);
#8508=ADVANCED_FACE('',(#5169),#5627,.F.);
#8509=ADVANCED_FACE('',(#5170),#5628,.T.);
#8510=ADVANCED_FACE('',(#5171),#5629,.T.);
#8511=ADVANCED_FACE('',(#5172),#5630,.F.);
#8512=ADVANCED_FACE('',(#5173),#5631,.F.);
#8513=ADVANCED_FACE('',(#5174),#5632,.F.);
#8514=ADVANCED_FACE('',(#5175),#5633,.T.);
#8515=ADVANCED_FACE('',(#5176),#5634,.T.);
#8516=ADVANCED_FACE('',(#5177),#5635,.F.);
#8517=ADVANCED_FACE('',(#5178),#5636,.F.);
#8518=ADVANCED_FACE('',(#5179),#5637,.F.);
#8519=ADVANCED_FACE('',(#5180),#5638,.T.);
#8520=ADVANCED_FACE('',(#5181),#5639,.T.);
#8521=ADVANCED_FACE('',(#5182),#5640,.F.);
#8522=ADVANCED_FACE('',(#5183),#5641,.F.);
#8523=ADVANCED_FACE('',(#5184),#5642,.F.);
#8524=ADVANCED_FACE('',(#5185),#5643,.T.);
#8525=ADVANCED_FACE('',(#5186),#5644,.T.);
#8526=ADVANCED_FACE('',(#5187),#5645,.F.);
#8527=ADVANCED_FACE('',(#5188),#5646,.F.);
#8528=ADVANCED_FACE('',(#5189),#5647,.F.);
#8529=ADVANCED_FACE('',(#5190),#5648,.T.);
#8530=ADVANCED_FACE('',(#5191),#5649,.T.);
#8531=ADVANCED_FACE('',(#5192),#5650,.F.);
#8532=ADVANCED_FACE('',(#5193),#5651,.F.);
#8533=ADVANCED_FACE('',(#5194),#5652,.T.);
#8534=ADVANCED_FACE('',(#5195),#5653,.F.);
#8535=ADVANCED_FACE('',(#5196),#5654,.T.);
#8536=ADVANCED_FACE('',(#5197),#5655,.F.);
#8537=ADVANCED_FACE('',(#5198),#5656,.F.);
#8538=ADVANCED_FACE('',(#5199),#5657,.F.);
#8539=ADVANCED_FACE('',(#5200),#5658,.F.);
#8540=ADVANCED_FACE('',(#5201),#5659,.F.);
#8541=ADVANCED_FACE('',(#5202),#5660,.T.);
#8542=ADVANCED_FACE('',(#5203,#5204),#5661,.F.);
#8543=ADVANCED_FACE('',(#5205),#5662,.T.);
#8544=ADVANCED_FACE('',(#5206),#5663,.T.);
#8545=ADVANCED_FACE('',(#5207,#5208),#24,.F.);
#8546=ADVANCED_FACE('',(#5209),#5664,.T.);
#8547=ADVANCED_FACE('',(#5210,#5211),#5665,.F.);
#8548=ADVANCED_FACE('',(#5212,#5213),#5666,.F.);
#8549=ADVANCED_FACE('',(#5214),#5667,.T.);
#8550=ADVANCED_FACE('',(#5215),#5668,.T.);
#8551=ADVANCED_FACE('',(#5216),#5669,.T.);
#8552=ADVANCED_FACE('',(#5217),#25,.T.);
#8553=ADVANCED_FACE('',(#5218),#5670,.T.);
#8554=ADVANCED_FACE('',(#5219,#5220),#26,.F.);
#8555=ADVANCED_FACE('',(#5221),#27,.T.);
#8556=ADVANCED_FACE('',(#5222),#5671,.T.);
#8557=ADVANCED_FACE('',(#5223),#28,.T.);
#8558=ADVANCED_FACE('',(#5224),#5672,.F.);
#8559=ADVANCED_FACE('',(#5225),#5673,.F.);
#8560=ADVANCED_FACE('',(#5226),#5674,.T.);
#8561=ADVANCED_FACE('',(#5227),#5675,.T.);
#8562=ADVANCED_FACE('',(#5228),#29,.T.);
#8563=ADVANCED_FACE('',(#5229),#5676,.T.);
#8564=ADVANCED_FACE('',(#5230,#5231),#30,.F.);
#8565=ADVANCED_FACE('',(#5232),#31,.T.);
#8566=ADVANCED_FACE('',(#5233),#5677,.T.);
#8567=ADVANCED_FACE('',(#5234),#32,.T.);
#8568=ADVANCED_FACE('',(#5235),#5678,.F.);
#8569=ADVANCED_FACE('',(#5236),#33,.F.);
#8570=ADVANCED_FACE('',(#5237),#5679,.F.);
#8571=ADVANCED_FACE('',(#5238),#5680,.F.);
#8572=ADVANCED_FACE('',(#5239),#5681,.F.);
#8573=ADVANCED_FACE('',(#5240),#5682,.T.);
#8574=ADVANCED_FACE('',(#5241),#5683,.F.);
#8575=ADVANCED_FACE('',(#5242),#5684,.F.);
#8576=ADVANCED_FACE('',(#5243),#5685,.F.);
#8577=ADVANCED_FACE('',(#5244),#5686,.T.);
#8578=ADVANCED_FACE('',(#5245),#5687,.T.);
#8579=ADVANCED_FACE('',(#5246),#5688,.T.);
#8580=ADVANCED_FACE('',(#5247),#5689,.T.);
#8581=ADVANCED_FACE('',(#5248),#5690,.T.);
#8582=ADVANCED_FACE('',(#5249),#5691,.T.);
#8583=ADVANCED_FACE('',(#5250),#5692,.T.);
#8584=ADVANCED_FACE('',(#5251),#5693,.F.);
#8585=ADVANCED_FACE('',(#5252),#5694,.F.);
#8586=ADVANCED_FACE('',(#5253),#5695,.F.);
#8587=ADVANCED_FACE('',(#5254),#5696,.T.);
#8588=ADVANCED_FACE('',(#5255),#5697,.T.);
#8589=ADVANCED_FACE('',(#5256),#5698,.T.);
#8590=ADVANCED_FACE('',(#5257),#5699,.T.);
#8591=ADVANCED_FACE('',(#5258),#5700,.T.);
#8592=ADVANCED_FACE('',(#5259),#5701,.T.);
#8593=ADVANCED_FACE('',(#5260),#5702,.T.);
#8594=ADVANCED_FACE('',(#5261),#5703,.F.);
#8595=ADVANCED_FACE('',(#5262),#5704,.F.);
#8596=ADVANCED_FACE('',(#5263),#5705,.F.);
#8597=ADVANCED_FACE('',(#5264),#5706,.T.);
#8598=ADVANCED_FACE('',(#5265),#5707,.T.);
#8599=ADVANCED_FACE('',(#5266),#5708,.T.);
#8600=ADVANCED_FACE('',(#5267),#5709,.T.);
#8601=ADVANCED_FACE('',(#5268),#5710,.T.);
#8602=ADVANCED_FACE('',(#5269),#5711,.T.);
#8603=ADVANCED_FACE('',(#5270),#5712,.T.);
#8604=ADVANCED_FACE('',(#5271),#5713,.F.);
#8605=ADVANCED_FACE('',(#5272),#5714,.F.);
#8606=ADVANCED_FACE('',(#5273),#5715,.F.);
#8607=ADVANCED_FACE('',(#5274),#5716,.T.);
#8608=ADVANCED_FACE('',(#5275),#5717,.T.);
#8609=ADVANCED_FACE('',(#5276),#5718,.T.);
#8610=ADVANCED_FACE('',(#5277),#5719,.T.);
#8611=ADVANCED_FACE('',(#5278),#5720,.T.);
#8612=ADVANCED_FACE('',(#5279),#5721,.T.);
#8613=ADVANCED_FACE('',(#5280),#5722,.T.);
#8614=ADVANCED_FACE('',(#5281),#5723,.F.);
#8615=ADVANCED_FACE('',(#5282),#5724,.F.);
#8616=ADVANCED_FACE('',(#5283),#5725,.F.);
#8617=ADVANCED_FACE('',(#5284),#5726,.T.);
#8618=ADVANCED_FACE('',(#5285),#5727,.T.);
#8619=ADVANCED_FACE('',(#5286),#5728,.T.);
#8620=ADVANCED_FACE('',(#5287),#5729,.T.);
#8621=ADVANCED_FACE('',(#5288),#5730,.T.);
#8622=ADVANCED_FACE('',(#5289),#5731,.T.);
#8623=ADVANCED_FACE('',(#5290),#5732,.T.);
#8624=ADVANCED_FACE('',(#5291),#5733,.F.);
#8625=ADVANCED_FACE('',(#5292),#5734,.F.);
#8626=ADVANCED_FACE('',(#5293),#5735,.T.);
#8627=ADVANCED_FACE('',(#5294),#5736,.F.);
#8628=ADVANCED_FACE('',(#5295),#5737,.T.);
#8629=ADVANCED_FACE('',(#5296),#5738,.F.);
#8630=ADVANCED_FACE('',(#5297),#5739,.T.);
#8631=ADVANCED_FACE('',(#5298),#5740,.F.);
#8632=ADVANCED_FACE('',(#5299),#5741,.T.);
#8633=ADVANCED_FACE('',(#5300),#5742,.T.);
#8634=ADVANCED_FACE('',(#5301),#5743,.F.);
#8635=ADVANCED_FACE('',(#5302),#5744,.F.);
#8636=ADVANCED_FACE('',(#5303),#5745,.F.);
#8637=ADVANCED_FACE('',(#5304),#5746,.T.);
#8638=ADVANCED_FACE('',(#5305),#5747,.T.);
#8639=ADVANCED_FACE('',(#5306),#5748,.T.);
#8640=ADVANCED_FACE('',(#5307),#5749,.T.);
#8641=ADVANCED_FACE('',(#5308),#5750,.T.);
#8642=ADVANCED_FACE('',(#5309),#5751,.T.);
#8643=ADVANCED_FACE('',(#5310),#5752,.T.);
#8644=ADVANCED_FACE('',(#5311),#5753,.F.);
#8645=ADVANCED_FACE('',(#5312),#5754,.F.);
#8646=ADVANCED_FACE('',(#5313),#5755,.F.);
#8647=ADVANCED_FACE('',(#5314),#5756,.T.);
#8648=ADVANCED_FACE('',(#5315),#5757,.T.);
#8649=ADVANCED_FACE('',(#5316),#5758,.T.);
#8650=ADVANCED_FACE('',(#5317),#5759,.T.);
#8651=ADVANCED_FACE('',(#5318),#5760,.T.);
#8652=ADVANCED_FACE('',(#5319),#5761,.T.);
#8653=ADVANCED_FACE('',(#5320),#5762,.T.);
#8654=ADVANCED_FACE('',(#5321),#5763,.F.);
#8655=ADVANCED_FACE('',(#5322),#5764,.F.);
#8656=ADVANCED_FACE('',(#5323),#5765,.F.);
#8657=ADVANCED_FACE('',(#5324),#5766,.T.);
#8658=ADVANCED_FACE('',(#5325),#5767,.T.);
#8659=ADVANCED_FACE('',(#5326),#5768,.T.);
#8660=ADVANCED_FACE('',(#5327),#5769,.T.);
#8661=ADVANCED_FACE('',(#5328),#5770,.T.);
#8662=ADVANCED_FACE('',(#5329),#5771,.T.);
#8663=ADVANCED_FACE('',(#5330),#5772,.T.);
#8664=ADVANCED_FACE('',(#5331),#5773,.T.);
#8665=ADVANCED_FACE('',(#5332),#5774,.T.);
#8666=ADVANCED_FACE('',(#5333),#5775,.F.);
#8667=ADVANCED_FACE('',(#5334),#5776,.T.);
#8668=ADVANCED_FACE('',(#5335),#5777,.T.);
#8669=ADVANCED_FACE('',(#5336),#5778,.T.);
#8670=ADVANCED_FACE('',(#5337),#5779,.T.);
#8671=ADVANCED_FACE('',(#5338),#5780,.T.);
#8672=ADVANCED_FACE('',(#5339),#5781,.T.);
#8673=ADVANCED_FACE('',(#5340),#5782,.T.);
#8674=ADVANCED_FACE('',(#5341),#5783,.T.);
#8675=ADVANCED_FACE('',(#5342),#5784,.T.);
#8676=ADVANCED_FACE('',(#5343),#5785,.T.);
#8677=ADVANCED_FACE('',(#5344),#5786,.T.);
#8678=ADVANCED_FACE('',(#5345,#5346),#34,.F.);
#8679=ADVANCED_FACE('',(#5347,#5348),#35,.T.);
#8680=ADVANCED_FACE('',(#5349,#5350),#5787,.F.);
#8681=ADVANCED_FACE('',(#5351,#5352),#36,.F.);
#8682=ADVANCED_FACE('',(#5353,#5354),#37,.F.);
#8683=ADVANCED_FACE('',(#5355),#5788,.T.);
#8684=ADVANCED_FACE('',(#5356),#5789,.T.);
#8685=ADVANCED_FACE('',(#5357),#5790,.T.);
#8686=ADVANCED_FACE('',(#5358),#5791,.T.);
#8687=ADVANCED_FACE('',(#5359),#5792,.T.);
#8688=ADVANCED_FACE('',(#5360,#5361),#38,.F.);
#8689=ADVANCED_FACE('',(#5362,#5363),#39,.T.);
#8690=ADVANCED_FACE('',(#5364),#5793,.F.);
#8691=ADVANCED_FACE('',(#5365,#5366),#5794,.F.);
#8692=ADVANCED_FACE('',(#5367,#5368),#40,.F.);
#8693=ADVANCED_FACE('',(#5369),#5795,.T.);
#8694=ADVANCED_FACE('',(#5370),#5796,.T.);
#8695=ADVANCED_FACE('',(#5371),#5797,.T.);
#8696=ADVANCED_FACE('',(#5372),#5798,.T.);
#8697=ADVANCED_FACE('',(#5373),#5799,.T.);
#8698=ADVANCED_FACE('',(#5374),#5800,.T.);
#8699=ADVANCED_FACE('',(#5375,#5376),#41,.T.);
#8700=ADVANCED_FACE('',(#5377,#5378),#5801,.F.);
#8701=ADVANCED_FACE('',(#5379,#5380),#5802,.F.);
#8702=ADVANCED_FACE('',(#5381,#5382),#42,.F.);
#8703=ADVANCED_FACE('',(#5383),#5803,.T.);
#8704=ADVANCED_FACE('',(#5384),#5804,.T.);
#8705=ADVANCED_FACE('',(#5385),#5805,.T.);
#8706=ADVANCED_FACE('',(#5386),#5806,.T.);
#8707=ADVANCED_FACE('',(#5387),#5807,.T.);
#8708=ADVANCED_FACE('',(#5388,#5389),#5808,.F.);
#8709=ADVANCED_FACE('',(#5390,#5391),#43,.T.);
#8710=ADVANCED_FACE('',(#5392,#5393),#44,.F.);
#8711=ADVANCED_FACE('',(#5394,#5395),#5809,.F.);
#8712=ADVANCED_FACE('',(#5396,#5397),#45,.F.);
#8713=ADVANCED_FACE('',(#5398),#5810,.T.);
#8714=ADVANCED_FACE('',(#5399),#5811,.F.);
#8715=ADVANCED_FACE('',(#5400),#5812,.T.);
#8716=ADVANCED_FACE('',(#5401),#5813,.F.);
#8717=ADVANCED_FACE('',(#5402),#5814,.T.);
#8718=ADVANCED_FACE('',(#5403),#5815,.T.);
#8719=ADVANCED_FACE('',(#5404,#5405),#46,.T.);
#8720=ADVANCED_FACE('',(#5406,#5407),#5816,.F.);
#8721=ADVANCED_FACE('',(#5408),#5817,.T.);
#8722=ADVANCED_FACE('',(#5409,#5410),#47,.F.);
#8723=ADVANCED_FACE('',(#5411),#5818,.T.);
#8724=ADVANCED_FACE('',(#5412),#5819,.T.);
#8725=ADVANCED_FACE('',(#5413),#5820,.T.);
#8726=ADVANCED_FACE('',(#5414),#5821,.T.);
#8727=ADVANCED_FACE('',(#5415),#5822,.T.);
#8728=ADVANCED_FACE('',(#5416,#5417),#48,.F.);
#8729=ADVANCED_FACE('',(#5418,#5419),#49,.T.);
#8730=ADVANCED_FACE('',(#5420,#5421),#5823,.F.);
#8731=ADVANCED_FACE('',(#5422,#5423),#5824,.F.);
#8732=ADVANCED_FACE('',(#5424,#5425),#50,.F.);
#8733=ADVANCED_FACE('',(#5426),#5825,.T.);
#8734=ADVANCED_FACE('',(#5427),#5826,.T.);
#8735=ADVANCED_FACE('',(#5428),#5827,.T.);
#8736=ADVANCED_FACE('',(#5429),#5828,.T.);
#8737=ADVANCED_FACE('',(#5430),#5829,.T.);
#8738=ADVANCED_FACE('',(#5431,#5432),#5830,.F.);
#8739=ADVANCED_FACE('',(#5433,#5434),#51,.T.);
#8740=ADVANCED_FACE('',(#5435),#5831,.T.);
#8741=ADVANCED_FACE('',(#5436,#5437),#5832,.F.);
#8742=ADVANCED_FACE('',(#5438,#5439),#52,.F.);
#8743=ADVANCED_FACE('',(#5440),#5833,.T.);
#8744=ADVANCED_FACE('',(#5441),#5834,.T.);
#8745=ADVANCED_FACE('',(#5442),#5835,.T.);
#8746=ADVANCED_FACE('',(#5443),#5836,.T.);
#8747=ADVANCED_FACE('',(#5444),#5837,.T.);
#8748=ADVANCED_FACE('',(#5445,#5446),#53,.F.);
#8749=ADVANCED_FACE('',(#5447,#5448),#54,.T.);
#8750=ADVANCED_FACE('',(#5449),#5838,.T.);
#8751=ADVANCED_FACE('',(#5450,#5451),#5839,.F.);
#8752=ADVANCED_FACE('',(#5452,#5453),#55,.F.);
#8753=ADVANCED_FACE('',(#5454),#5840,.T.);
#8754=ADVANCED_FACE('',(#5455),#5841,.T.);
#8755=ADVANCED_FACE('',(#5456),#5842,.T.);
#8756=ADVANCED_FACE('',(#5457),#5843,.T.);
#8757=ADVANCED_FACE('',(#5458),#5844,.T.);
#8758=ADVANCED_FACE('',(#5459,#5460),#56,.F.);
#8759=ADVANCED_FACE('',(#5461,#5462),#57,.T.);
#8760=ADVANCED_FACE('',(#5463,#5464),#5845,.F.);
#8761=ADVANCED_FACE('',(#5465,#5466),#58,.F.);
#8762=ADVANCED_FACE('',(#5467,#5468),#59,.F.);
#8763=ADVANCED_FACE('',(#5469),#5846,.T.);
#8764=ADVANCED_FACE('',(#5470),#5847,.T.);
#8765=ADVANCED_FACE('',(#5471),#5848,.T.);
#8766=ADVANCED_FACE('',(#5472),#5849,.T.);
#8767=ADVANCED_FACE('',(#5473),#5850,.T.);
#8768=ADVANCED_FACE('',(#5474,#5475),#60,.F.);
#8769=ADVANCED_FACE('',(#5476,#5477),#61,.T.);
#8770=ADVANCED_FACE('',(#5478,#5479),#62,.F.);
#8771=ADVANCED_FACE('',(#5480,#5481),#5851,.F.);
#8772=ADVANCED_FACE('',(#5482,#5483),#63,.F.);
#8773=ADVANCED_FACE('',(#5484),#5852,.F.);
#8774=ADVANCED_FACE('',(#5485),#64,.T.);
#8775=ADVANCED_FACE('',(#5486,#5487,#5488,#5489,#5490,#5491,#5492,#5493,
#5494,#5495,#5496),#5853,.T.);
#8776=ADVANCED_FACE('',(#5497),#65,.T.);
#8777=ADVANCED_FACE('',(#5498),#5854,.F.);
#8778=ADVANCED_FACE('',(#5499),#5855,.T.);
#8779=ADVANCED_FACE('',(#5500),#5856,.T.);
#8780=ADVANCED_FACE('',(#5501),#5857,.F.);
#8781=ADVANCED_FACE('',(#5502),#66,.T.);
#8782=ADVANCED_FACE('',(#5503,#5504,#5505,#5506,#5507,#5508,#5509,#5510,
#5511,#5512,#5513),#5858,.T.);
#8783=ADVANCED_FACE('',(#5514),#5859,.T.);
#8784=ADVANCED_FACE('',(#5515),#5860,.F.);
#8785=ADVANCED_FACE('',(#5516),#5861,.F.);
#8786=ADVANCED_FACE('',(#5517),#5862,.F.);
#8787=ADVANCED_FACE('',(#5518,#5519),#67,.F.);
#8788=ADVANCED_FACE('',(#5520),#68,.T.);
#8789=ADVANCED_FACE('',(#5521),#5863,.F.);
#8790=ADVANCED_FACE('',(#5522),#5864,.T.);
#8791=ADVANCED_FACE('',(#5523),#5865,.F.);
#8792=ADVANCED_FACE('',(#5524),#5866,.F.);
#8793=ADVANCED_FACE('',(#5525),#5867,.T.);
#8794=ADVANCED_FACE('',(#5526),#5868,.F.);
#8795=ADVANCED_FACE('',(#5527),#5869,.T.);
#8796=ADVANCED_FACE('',(#5528),#5870,.T.);
#8797=ADVANCED_FACE('',(#5529),#5871,.T.);
#8798=ADVANCED_FACE('',(#5530),#69,.T.);
#8799=ADVANCED_FACE('',(#5531),#5872,.F.);
#8800=ADVANCED_FACE('',(#5532,#5533),#70,.F.);
#8801=ADVANCED_FACE('',(#5534),#71,.F.);
#8802=ADVANCED_FACE('',(#5535),#5873,.T.);
#8803=ADVANCED_FACE('',(#5536),#5874,.F.);
#8804=ADVANCED_FACE('',(#5537),#5875,.F.);
#8805=ADVANCED_FACE('',(#5538),#72,.F.);
#8806=ADVANCED_FACE('',(#5539),#5876,.F.);
#8807=ADVANCED_FACE('',(#5540),#5877,.F.);
#8808=ADVANCED_FACE('',(#5541),#5878,.F.);
#8809=ADVANCED_FACE('',(#5542),#5879,.F.);
#8810=ADVANCED_FACE('',(#5543),#5880,.T.);
#8811=ADVANCED_FACE('',(#5544),#5881,.T.);
#8812=ADVANCED_FACE('',(#5545),#5882,.F.);
#8813=ADVANCED_FACE('',(#5546,#5547),#73,.F.);
#8814=ADVANCED_FACE('',(#5548),#5883,.F.);
#8815=ADVANCED_FACE('',(#5549),#74,.T.);
#8816=ADVANCED_FACE('',(#5550),#5884,.F.);
#8817=ADVANCED_FACE('',(#5551,#5552),#75,.F.);
#8818=ADVANCED_FACE('',(#5553),#5885,.T.);
#8819=ADVANCED_FACE('',(#5554),#76,.T.);
#8820=ADVANCED_FACE('',(#5555),#5886,.F.);
#8821=ADVANCED_FACE('',(#5556,#5557),#77,.F.);
#8822=ADVANCED_FACE('',(#5558),#5887,.T.);
#8823=ADVANCED_FACE('',(#5559),#78,.T.);
#8824=ADVANCED_FACE('',(#5560),#5888,.F.);
#8825=ADVANCED_FACE('',(#5561,#5562),#5889,.F.);
#8826=ADVANCED_FACE('',(#5563),#5890,.T.);
#8827=ADVANCED_FACE('',(#5564),#79,.T.);
#8828=ADVANCED_FACE('',(#5565),#5891,.F.);
#8829=ADVANCED_FACE('',(#5566),#5892,.F.);
#8830=ADVANCED_FACE('',(#5567),#5893,.T.);
#8831=ADVANCED_FACE('',(#5568),#80,.T.);
#8832=ADVANCED_FACE('',(#5569),#5894,.F.);
#8833=ADVANCED_FACE('',(#5570,#5571),#81,.F.);
#8834=ADVANCED_FACE('',(#5572),#82,.T.);
#8835=ADVANCED_FACE('',(#5573),#5895,.F.);
#8836=ADVANCED_FACE('',(#5574,#5575),#5896,.F.);
#8837=ADVANCED_FACE('',(#5576),#83,.T.);
#8838=ADVANCED_FACE('',(#5577),#5897,.F.);
#8839=ADVANCED_FACE('',(#5578,#5579),#5898,.F.);
#8840=ADVANCED_FACE('',(#5580),#84,.T.);
#8841=ADVANCED_FACE('',(#5581),#5899,.T.);
#8842=ADVANCED_FACE('',(#5582),#5900,.F.);
#8843=ADVANCED_FACE('',(#5583),#5901,.F.);
#8844=ADVANCED_FACE('',(#5584),#5902,.T.);
#8845=ADVANCED_FACE('',(#5585,#5586),#85,.F.);
#8846=ADVANCED_FACE('',(#5587),#86,.T.);
#8847=ADVANCED_FACE('',(#5588,#5589,#5590,#5591,#5592,#5593,#5594,#5595,
#5596,#5597,#5598),#5903,.T.);
#8848=ADVANCED_FACE('',(#5599),#5904,.F.);
#8849=ADVANCED_FACE('',(#5600),#5905,.F.);
#8850=ADVANCED_FACE('',(#5601),#5906,.F.);
#8851=ADVANCED_FACE('',(#5602),#5907,.F.);
#8852=ADVANCED_FACE('',(#5603),#87,.T.);
#8853=ADVANCED_FACE('',(#5604),#5908,.F.);
#8854=ADVANCED_FACE('',(#5605),#5909,.T.);
#8855=ADVANCED_FACE('',(#5606),#88,.F.);
#8856=ADVANCED_FACE('',(#5607),#5910,.T.);
#8857=ADVANCED_FACE('',(#5608),#5911,.F.);
#8858=ADVANCED_FACE('',(#5609),#5912,.T.);
#8859=ADVANCED_FACE('',(#5610),#5913,.F.);
#8860=ADVANCED_FACE('',(#5611),#5914,.T.);
#8861=ADVANCED_FACE('',(#5612),#5915,.F.);
#8862=CLOSED_SHELL('',(#8494,#8495,#8496,#8497,#8498,#8499,#8500,#8501,
#8502,#8503,#8504,#8505,#8506,#8507,#8508,#8509,#8510,#8511,#8512,#8513,
#8514,#8515,#8516,#8517,#8518,#8519,#8520,#8521,#8522,#8523,#8524,#8525,
#8526,#8527,#8528,#8529,#8530,#8531,#8532,#8533,#8534,#8535,#8536,#8537,
#8538,#8539,#8540,#8541,#8542,#8543,#8544,#8545,#8546,#8547,#8548,#8549,
#8550,#8551,#8552,#8553,#8554,#8555,#8556,#8557,#8558,#8559,#8560,#8561,
#8562,#8563,#8564,#8565,#8566,#8567,#8568,#8569,#8570,#8571,#8572,#8573,
#8574,#8575,#8576,#8577,#8578,#8579,#8580,#8581,#8582,#8583,#8584,#8585,
#8586,#8587,#8588,#8589,#8590,#8591,#8592,#8593,#8594,#8595,#8596,#8597,
#8598,#8599,#8600,#8601,#8602,#8603,#8604,#8605,#8606,#8607,#8608,#8609,
#8610,#8611,#8612,#8613,#8614,#8615,#8616,#8617,#8618,#8619,#8620,#8621,
#8622,#8623,#8624,#8625,#8626,#8627,#8628,#8629,#8630,#8631,#8632,#8633,
#8634,#8635,#8636,#8637,#8638,#8639,#8640,#8641,#8642,#8643,#8644,#8645,
#8646,#8647,#8648,#8649,#8650,#8651,#8652,#8653,#8654,#8655,#8656,#8657,
#8658,#8659,#8660,#8661,#8662,#8663,#8664,#8665,#8666,#8667,#8668,#8669,
#8670,#8671,#8672,#8673,#8674,#8675,#8676,#8677,#8678,#8679,#8680,#8681,
#8682,#8683,#8684,#8685,#8686,#8687,#8688,#8689,#8690,#8691,#8692,#8693,
#8694,#8695,#8696,#8697,#8698,#8699,#8700,#8701,#8702,#8703,#8704,#8705,
#8706,#8707,#8708,#8709,#8710,#8711,#8712,#8713,#8714,#8715,#8716,#8717,
#8718,#8719,#8720,#8721,#8722,#8723,#8724,#8725,#8726,#8727,#8728,#8729,
#8730,#8731,#8732,#8733,#8734,#8735,#8736,#8737,#8738,#8739,#8740,#8741,
#8742,#8743,#8744,#8745,#8746,#8747,#8748,#8749,#8750,#8751,#8752,#8753,
#8754,#8755,#8756,#8757,#8758,#8759,#8760,#8761,#8762,#8763,#8764,#8765,
#8766,#8767,#8768,#8769,#8770,#8771,#8772,#8773,#8774,#8775,#8776,#8777,
#8778,#8779,#8780,#8781,#8782,#8783,#8784,#8785,#8786,#8787,#8788,#8789,
#8790,#8791,#8792,#8793,#8794,#8795,#8796,#8797,#8798,#8799,#8800,#8801,
#8802,#8803,#8804,#8805,#8806,#8807,#8808,#8809,#8810,#8811,#8812,#8813,
#8814,#8815,#8816,#8817,#8818,#8819,#8820,#8821,#8822,#8823,#8824,#8825,
#8826,#8827,#8828,#8829,#8830,#8831,#8832,#8833,#8834,#8835,#8836,#8837,
#8838,#8839,#8840,#8841,#8842,#8843,#8844,#8845,#8846,#8847,#8848,#8849,
#8850,#8851,#8852,#8853,#8854,#8855,#8856,#8857,#8858,#8859,#8860,#8861));
#8863=MANIFOLD_SOLID_BREP('',#8862);
#8864=SHAPE_DEFINITION_REPRESENTATION(#12986,#8865);
#8865=SHAPE_REPRESENTATION('1754601',(#8866),#12981);
#8866=AXIS2_PLACEMENT_3D('',#11183,#9419,#9420);
#8867=AXIS2_PLACEMENT_3D('',#11184,#9421,#9422);
#8868=AXIS2_PLACEMENT_3D('',#11193,#9427,#9428);
#8869=AXIS2_PLACEMENT_3D('',#11199,#9432,#9433);
#8870=AXIS2_PLACEMENT_3D('',#11203,#9436,#9437);
#8871=AXIS2_PLACEMENT_3D('',#11207,#9440,#9441);
#8872=AXIS2_PLACEMENT_3D('',#11213,#9445,#9446);
#8873=AXIS2_PLACEMENT_3D('',#11219,#9450,#9451);
#8874=AXIS2_PLACEMENT_3D('',#11225,#9455,#9456);
#8875=AXIS2_PLACEMENT_3D('',#11229,#9459,#9460);
#8876=AXIS2_PLACEMENT_3D('',#11233,#9463,#9464);
#8877=AXIS2_PLACEMENT_3D('',#11239,#9468,#9469);
#8878=AXIS2_PLACEMENT_3D('',#11245,#9473,#9474);
#8879=AXIS2_PLACEMENT_3D('',#11251,#9478,#9479);
#8880=AXIS2_PLACEMENT_3D('',#11255,#9482,#9483);
#8881=AXIS2_PLACEMENT_3D('',#11259,#9486,#9487);
#8882=AXIS2_PLACEMENT_3D('',#11265,#9491,#9492);
#8883=AXIS2_PLACEMENT_3D('',#11271,#9496,#9497);
#8884=AXIS2_PLACEMENT_3D('',#11277,#9501,#9502);
#8885=AXIS2_PLACEMENT_3D('',#11281,#9505,#9506);
#8886=AXIS2_PLACEMENT_3D('',#11285,#9509,#9510);
#8887=AXIS2_PLACEMENT_3D('',#11291,#9514,#9515);
#8888=AXIS2_PLACEMENT_3D('',#11297,#9519,#9520);
#8889=AXIS2_PLACEMENT_3D('',#11303,#9524,#9525);
#8890=AXIS2_PLACEMENT_3D('',#11307,#9528,#9529);
#8891=AXIS2_PLACEMENT_3D('',#11311,#9532,#9533);
#8892=AXIS2_PLACEMENT_3D('',#11317,#9537,#9538);
#8893=AXIS2_PLACEMENT_3D('',#11323,#9542,#9543);
#8894=AXIS2_PLACEMENT_3D('',#11329,#9547,#9548);
#8895=AXIS2_PLACEMENT_3D('',#11333,#9551,#9552);
#8896=AXIS2_PLACEMENT_3D('',#11337,#9555,#9556);
#8897=AXIS2_PLACEMENT_3D('',#11343,#9560,#9561);
#8898=AXIS2_PLACEMENT_3D('',#11349,#9565,#9566);
#8899=AXIS2_PLACEMENT_3D('',#11355,#9570,#9571);
#8900=AXIS2_PLACEMENT_3D('',#11359,#9574,#9575);
#8901=AXIS2_PLACEMENT_3D('',#11363,#9578,#9579);
#8902=AXIS2_PLACEMENT_3D('',#11369,#9583,#9584);
#8903=AXIS2_PLACEMENT_3D('',#11377,#9589,#9590);
#8904=AXIS2_PLACEMENT_3D('',#11381,#9593,#9594);
#8905=AXIS2_PLACEMENT_3D('',#11390,#9599,#9600);
#8906=AXIS2_PLACEMENT_3D('',#11391,#9601,#9602);
#8907=AXIS2_PLACEMENT_3D('',#11395,#9604,#9605);
#8908=AXIS2_PLACEMENT_3D('',#11396,#9606,#9607);
#8909=AXIS2_PLACEMENT_3D('',#11401,#9609,#9610);
#8910=AXIS2_PLACEMENT_3D('',#11403,#9612,#9613);
#8911=AXIS2_PLACEMENT_3D('',#11404,#9614,#9615);
#8912=AXIS2_PLACEMENT_3D('',#11407,#9617,#9618);
#8913=AXIS2_PLACEMENT_3D('',#11408,#9619,#9620);
#8914=AXIS2_PLACEMENT_3D('',#11413,#9622,#9623);
#8915=AXIS2_PLACEMENT_3D('',#11415,#9625,#9626);
#8916=AXIS2_PLACEMENT_3D('',#11418,#9628,#9629);
#8917=AXIS2_PLACEMENT_3D('',#11419,#9630,#9631);
#8918=AXIS2_PLACEMENT_3D('',#11423,#9633,#9634);
#8919=AXIS2_PLACEMENT_3D('',#11424,#9635,#9636);
#8920=AXIS2_PLACEMENT_3D('',#11428,#9638,#9639);
#8921=AXIS2_PLACEMENT_3D('',#11429,#9640,#9641);
#8922=AXIS2_PLACEMENT_3D('',#11430,#9642,#9643);
#8923=AXIS2_PLACEMENT_3D('',#11434,#9645,#9646);
#8924=AXIS2_PLACEMENT_3D('',#11438,#9648,#9649);
#8925=AXIS2_PLACEMENT_3D('',#11439,#9650,#9651);
#8926=AXIS2_PLACEMENT_3D('',#11440,#9652,#9653);
#8927=AXIS2_PLACEMENT_3D('',#11445,#9655,#9656);
#8928=AXIS2_PLACEMENT_3D('',#11447,#9658,#9659);
#8929=AXIS2_PLACEMENT_3D('',#11448,#9660,#9661);
#8930=AXIS2_PLACEMENT_3D('',#11450,#9662,#9663);
#8931=AXIS2_PLACEMENT_3D('',#11452,#9664,#9665);
#8932=AXIS2_PLACEMENT_3D('',#11453,#9666,#9667);
#8933=AXIS2_PLACEMENT_3D('',#11455,#9668,#9669);
#8934=AXIS2_PLACEMENT_3D('',#11456,#9670,#9671);
#8935=AXIS2_PLACEMENT_3D('',#11458,#9672,#9673);
#8936=AXIS2_PLACEMENT_3D('',#11459,#9674,#9675);
#8937=AXIS2_PLACEMENT_3D('',#11461,#9676,#9677);
#8938=AXIS2_PLACEMENT_3D('',#11463,#9678,#9679);
#8939=AXIS2_PLACEMENT_3D('',#11464,#9680,#9681);
#8940=AXIS2_PLACEMENT_3D('',#11466,#9682,#9683);
#8941=AXIS2_PLACEMENT_3D('',#11467,#9684,#9685);
#8942=AXIS2_PLACEMENT_3D('',#11469,#9686,#9687);
#8943=AXIS2_PLACEMENT_3D('',#11471,#9688,#9689);
#8944=AXIS2_PLACEMENT_3D('',#11472,#9690,#9691);
#8945=AXIS2_PLACEMENT_3D('',#11474,#9692,#9693);
#8946=AXIS2_PLACEMENT_3D('',#11476,#9694,#9695);
#8947=AXIS2_PLACEMENT_3D('',#11477,#9696,#9697);
#8948=AXIS2_PLACEMENT_3D('',#11479,#9698,#9699);
#8949=AXIS2_PLACEMENT_3D('',#11491,#9703,#9704);
#8950=AXIS2_PLACEMENT_3D('',#11497,#9708,#9709);
#8951=AXIS2_PLACEMENT_3D('',#11498,#9710,#9711);
#8952=AXIS2_PLACEMENT_3D('',#11500,#9712,#9713);
#8953=AXIS2_PLACEMENT_3D('',#11503,#9715,#9716);
#8954=AXIS2_PLACEMENT_3D('',#11509,#9720,#9721);
#8955=AXIS2_PLACEMENT_3D('',#11510,#9722,#9723);
#8956=AXIS2_PLACEMENT_3D('',#11512,#9724,#9725);
#8957=AXIS2_PLACEMENT_3D('',#11513,#9726,#9727);
#8958=AXIS2_PLACEMENT_3D('',#11517,#9729,#9730);
#8959=AXIS2_PLACEMENT_3D('',#11518,#9731,#9732);
#8960=AXIS2_PLACEMENT_3D('',#11524,#9736,#9737);
#8961=AXIS2_PLACEMENT_3D('',#11525,#9738,#9739);
#8962=AXIS2_PLACEMENT_3D('',#11527,#9740,#9741);
#8963=AXIS2_PLACEMENT_3D('',#11530,#9743,#9744);
#8964=AXIS2_PLACEMENT_3D('',#11539,#9747,#9748);
#8965=AXIS2_PLACEMENT_3D('',#11550,#9754,#9755);
#8966=AXIS2_PLACEMENT_3D('',#11562,#9759,#9760);
#8967=AXIS2_PLACEMENT_3D('',#11568,#9764,#9765);
#8968=AXIS2_PLACEMENT_3D('',#11569,#9766,#9767);
#8969=AXIS2_PLACEMENT_3D('',#11571,#9768,#9769);
#8970=AXIS2_PLACEMENT_3D('',#11574,#9771,#9772);
#8971=AXIS2_PLACEMENT_3D('',#11580,#9776,#9777);
#8972=AXIS2_PLACEMENT_3D('',#11581,#9778,#9779);
#8973=AXIS2_PLACEMENT_3D('',#11582,#9780,#9781);
#8974=AXIS2_PLACEMENT_3D('',#11586,#9783,#9784);
#8975=AXIS2_PLACEMENT_3D('',#11587,#9785,#9786);
#8976=AXIS2_PLACEMENT_3D('',#11593,#9790,#9791);
#8977=AXIS2_PLACEMENT_3D('',#11594,#9792,#9793);
#8978=AXIS2_PLACEMENT_3D('',#11596,#9794,#9795);
#8979=AXIS2_PLACEMENT_3D('',#11599,#9797,#9798);
#8980=AXIS2_PLACEMENT_3D('',#11608,#9801,#9802);
#8981=AXIS2_PLACEMENT_3D('',#11609,#9803,#9804);
#8982=AXIS2_PLACEMENT_3D('',#11611,#9805,#9806);
#8983=AXIS2_PLACEMENT_3D('',#11614,#9808,#9809);
#8984=AXIS2_PLACEMENT_3D('',#11620,#9813,#9814);
#8985=AXIS2_PLACEMENT_3D('',#11623,#9816,#9817);
#8986=AXIS2_PLACEMENT_3D('',#11624,#9818,#9819);
#8987=AXIS2_PLACEMENT_3D('',#11629,#9823,#9824);
#8988=AXIS2_PLACEMENT_3D('',#11642,#9831,#9832);
#8989=AXIS2_PLACEMENT_3D('',#11650,#9837,#9838);
#8990=AXIS2_PLACEMENT_3D('',#11658,#9843,#9844);
#8991=AXIS2_PLACEMENT_3D('',#11664,#9848,#9849);
#8992=AXIS2_PLACEMENT_3D('',#11668,#9852,#9853);
#8993=AXIS2_PLACEMENT_3D('',#11670,#9855,#9856);
#8994=AXIS2_PLACEMENT_3D('',#11674,#9859,#9860);
#8995=AXIS2_PLACEMENT_3D('',#11678,#9863,#9864);
#8996=AXIS2_PLACEMENT_3D('',#11682,#9867,#9868);
#8997=AXIS2_PLACEMENT_3D('',#11684,#9870,#9871);
#8998=AXIS2_PLACEMENT_3D('',#11697,#9878,#9879);
#8999=AXIS2_PLACEMENT_3D('',#11705,#9884,#9885);
#9000=AXIS2_PLACEMENT_3D('',#11713,#9890,#9891);
#9001=AXIS2_PLACEMENT_3D('',#11719,#9895,#9896);
#9002=AXIS2_PLACEMENT_3D('',#11723,#9899,#9900);
#9003=AXIS2_PLACEMENT_3D('',#11725,#9902,#9903);
#9004=AXIS2_PLACEMENT_3D('',#11729,#9906,#9907);
#9005=AXIS2_PLACEMENT_3D('',#11733,#9910,#9911);
#9006=AXIS2_PLACEMENT_3D('',#11737,#9914,#9915);
#9007=AXIS2_PLACEMENT_3D('',#11739,#9917,#9918);
#9008=AXIS2_PLACEMENT_3D('',#11752,#9925,#9926);
#9009=AXIS2_PLACEMENT_3D('',#11760,#9931,#9932);
#9010=AXIS2_PLACEMENT_3D('',#11768,#9937,#9938);
#9011=AXIS2_PLACEMENT_3D('',#11774,#9942,#9943);
#9012=AXIS2_PLACEMENT_3D('',#11778,#9946,#9947);
#9013=AXIS2_PLACEMENT_3D('',#11780,#9949,#9950);
#9014=AXIS2_PLACEMENT_3D('',#11784,#9953,#9954);
#9015=AXIS2_PLACEMENT_3D('',#11788,#9957,#9958);
#9016=AXIS2_PLACEMENT_3D('',#11792,#9961,#9962);
#9017=AXIS2_PLACEMENT_3D('',#11794,#9964,#9965);
#9018=AXIS2_PLACEMENT_3D('',#11807,#9972,#9973);
#9019=AXIS2_PLACEMENT_3D('',#11815,#9978,#9979);
#9020=AXIS2_PLACEMENT_3D('',#11823,#9984,#9985);
#9021=AXIS2_PLACEMENT_3D('',#11829,#9989,#9990);
#9022=AXIS2_PLACEMENT_3D('',#11833,#9993,#9994);
#9023=AXIS2_PLACEMENT_3D('',#11835,#9996,#9997);
#9024=AXIS2_PLACEMENT_3D('',#11839,#10000,#10001);
#9025=AXIS2_PLACEMENT_3D('',#11843,#10004,#10005);
#9026=AXIS2_PLACEMENT_3D('',#11847,#10008,#10009);
#9027=AXIS2_PLACEMENT_3D('',#11849,#10011,#10012);
#9028=AXIS2_PLACEMENT_3D('',#11862,#10019,#10020);
#9029=AXIS2_PLACEMENT_3D('',#11870,#10025,#10026);
#9030=AXIS2_PLACEMENT_3D('',#11878,#10031,#10032);
#9031=AXIS2_PLACEMENT_3D('',#11884,#10036,#10037);
#9032=AXIS2_PLACEMENT_3D('',#11888,#10040,#10041);
#9033=AXIS2_PLACEMENT_3D('',#11890,#10043,#10044);
#9034=AXIS2_PLACEMENT_3D('',#11894,#10047,#10048);
#9035=AXIS2_PLACEMENT_3D('',#11898,#10051,#10052);
#9036=AXIS2_PLACEMENT_3D('',#11902,#10055,#10056);
#9037=AXIS2_PLACEMENT_3D('',#11904,#10058,#10059);
#9038=AXIS2_PLACEMENT_3D('',#11913,#10064,#10065);
#9039=AXIS2_PLACEMENT_3D('',#11919,#10069,#10070);
#9040=AXIS2_PLACEMENT_3D('',#11923,#10073,#10074);
#9041=AXIS2_PLACEMENT_3D('',#11927,#10077,#10078);
#9042=AXIS2_PLACEMENT_3D('',#11933,#10082,#10083);
#9043=AXIS2_PLACEMENT_3D('',#11939,#10087,#10088);
#9044=AXIS2_PLACEMENT_3D('',#11945,#10092,#10093);
#9045=AXIS2_PLACEMENT_3D('',#11949,#10096,#10097);
#9046=AXIS2_PLACEMENT_3D('',#11953,#10100,#10101);
#9047=AXIS2_PLACEMENT_3D('',#11955,#10103,#10104);
#9048=AXIS2_PLACEMENT_3D('',#11968,#10111,#10112);
#9049=AXIS2_PLACEMENT_3D('',#11976,#10117,#10118);
#9050=AXIS2_PLACEMENT_3D('',#11984,#10123,#10124);
#9051=AXIS2_PLACEMENT_3D('',#11990,#10128,#10129);
#9052=AXIS2_PLACEMENT_3D('',#11994,#10132,#10133);
#9053=AXIS2_PLACEMENT_3D('',#11996,#10135,#10136);
#9054=AXIS2_PLACEMENT_3D('',#12000,#10139,#10140);
#9055=AXIS2_PLACEMENT_3D('',#12004,#10143,#10144);
#9056=AXIS2_PLACEMENT_3D('',#12008,#10147,#10148);
#9057=AXIS2_PLACEMENT_3D('',#12010,#10150,#10151);
#9058=AXIS2_PLACEMENT_3D('',#12023,#10158,#10159);
#9059=AXIS2_PLACEMENT_3D('',#12031,#10164,#10165);
#9060=AXIS2_PLACEMENT_3D('',#12039,#10170,#10171);
#9061=AXIS2_PLACEMENT_3D('',#12045,#10175,#10176);
#9062=AXIS2_PLACEMENT_3D('',#12049,#10179,#10180);
#9063=AXIS2_PLACEMENT_3D('',#12051,#10182,#10183);
#9064=AXIS2_PLACEMENT_3D('',#12055,#10186,#10187);
#9065=AXIS2_PLACEMENT_3D('',#12059,#10190,#10191);
#9066=AXIS2_PLACEMENT_3D('',#12063,#10194,#10195);
#9067=AXIS2_PLACEMENT_3D('',#12065,#10197,#10198);
#9068=AXIS2_PLACEMENT_3D('',#12078,#10205,#10206);
#9069=AXIS2_PLACEMENT_3D('',#12086,#10211,#10212);
#9070=AXIS2_PLACEMENT_3D('',#12094,#10217,#10218);
#9071=AXIS2_PLACEMENT_3D('',#12100,#10222,#10223);
#9072=AXIS2_PLACEMENT_3D('',#12104,#10226,#10227);
#9073=AXIS2_PLACEMENT_3D('',#12106,#10229,#10230);
#9074=AXIS2_PLACEMENT_3D('',#12110,#10233,#10234);
#9075=AXIS2_PLACEMENT_3D('',#12114,#10237,#10238);
#9076=AXIS2_PLACEMENT_3D('',#12118,#10241,#10242);
#9077=AXIS2_PLACEMENT_3D('',#12120,#10244,#10245);
#9078=AXIS2_PLACEMENT_3D('',#12131,#10251,#10252);
#9079=AXIS2_PLACEMENT_3D('',#12139,#10257,#10258);
#9080=AXIS2_PLACEMENT_3D('',#12145,#10262,#10263);
#9081=AXIS2_PLACEMENT_3D('',#12151,#10267,#10268);
#9082=AXIS2_PLACEMENT_3D('',#12155,#10271,#10272);
#9083=AXIS2_PLACEMENT_3D('',#12157,#10274,#10275);
#9084=AXIS2_PLACEMENT_3D('',#12161,#10278,#10279);
#9085=AXIS2_PLACEMENT_3D('',#12165,#10282,#10283);
#9086=AXIS2_PLACEMENT_3D('',#12169,#10286,#10287);
#9087=AXIS2_PLACEMENT_3D('',#12171,#10289,#10290);
#9088=AXIS2_PLACEMENT_3D('',#12172,#10291,#10292);
#9089=AXIS2_PLACEMENT_3D('',#12176,#10294,#10295);
#9090=AXIS2_PLACEMENT_3D('',#12182,#10299,#10300);
#9091=AXIS2_PLACEMENT_3D('',#12183,#10301,#10302);
#9092=AXIS2_PLACEMENT_3D('',#12187,#10304,#10305);
#9093=AXIS2_PLACEMENT_3D('',#12188,#10306,#10307);
#9094=AXIS2_PLACEMENT_3D('',#12194,#10311,#10312);
#9095=AXIS2_PLACEMENT_3D('',#12195,#10313,#10314);
#9096=AXIS2_PLACEMENT_3D('',#12196,#10315,#10316);
#9097=AXIS2_PLACEMENT_3D('',#12197,#10317,#10318);
#9098=AXIS2_PLACEMENT_3D('',#12199,#10319,#10320);
#9099=AXIS2_PLACEMENT_3D('',#12201,#10321,#10322);
#9100=AXIS2_PLACEMENT_3D('',#12202,#10323,#10324);
#9101=AXIS2_PLACEMENT_3D('',#12204,#10325,#10326);
#9102=AXIS2_PLACEMENT_3D('',#12205,#10327,#10328);
#9103=AXIS2_PLACEMENT_3D('',#12207,#10329,#10330);
#9104=AXIS2_PLACEMENT_3D('',#12208,#10331,#10332);
#9105=AXIS2_PLACEMENT_3D('',#12210,#10333,#10334);
#9106=AXIS2_PLACEMENT_3D('',#12211,#10335,#10336);
#9107=AXIS2_PLACEMENT_3D('',#12213,#10337,#10338);
#9108=AXIS2_PLACEMENT_3D('',#12214,#10339,#10340);
#9109=AXIS2_PLACEMENT_3D('',#12218,#10342,#10343);
#9110=AXIS2_PLACEMENT_3D('',#12224,#10347,#10348);
#9111=AXIS2_PLACEMENT_3D('',#12225,#10349,#10350);
#9112=AXIS2_PLACEMENT_3D('',#12229,#10352,#10353);
#9113=AXIS2_PLACEMENT_3D('',#12230,#10354,#10355);
#9114=AXIS2_PLACEMENT_3D('',#12236,#10359,#10360);
#9115=AXIS2_PLACEMENT_3D('',#12237,#10361,#10362);
#9116=AXIS2_PLACEMENT_3D('',#12238,#10363,#10364);
#9117=AXIS2_PLACEMENT_3D('',#12239,#10365,#10366);
#9118=AXIS2_PLACEMENT_3D('',#12241,#10367,#10368);
#9119=AXIS2_PLACEMENT_3D('',#12243,#10369,#10370);
#9120=AXIS2_PLACEMENT_3D('',#12244,#10371,#10372);
#9121=AXIS2_PLACEMENT_3D('',#12246,#10373,#10374);
#9122=AXIS2_PLACEMENT_3D('',#12254,#10379,#10380);
#9123=AXIS2_PLACEMENT_3D('',#12255,#10381,#10382);
#9124=AXIS2_PLACEMENT_3D('',#12257,#10383,#10384);
#9125=AXIS2_PLACEMENT_3D('',#12258,#10385,#10386);
#9126=AXIS2_PLACEMENT_3D('',#12260,#10387,#10388);
#9127=AXIS2_PLACEMENT_3D('',#12261,#10389,#10390);
#9128=AXIS2_PLACEMENT_3D('',#12265,#10392,#10393);
#9129=AXIS2_PLACEMENT_3D('',#12271,#10397,#10398);
#9130=AXIS2_PLACEMENT_3D('',#12272,#10399,#10400);
#9131=AXIS2_PLACEMENT_3D('',#12276,#10402,#10403);
#9132=AXIS2_PLACEMENT_3D('',#12277,#10404,#10405);
#9133=AXIS2_PLACEMENT_3D('',#12283,#10409,#10410);
#9134=AXIS2_PLACEMENT_3D('',#12284,#10411,#10412);
#9135=AXIS2_PLACEMENT_3D('',#12285,#10413,#10414);
#9136=AXIS2_PLACEMENT_3D('',#12286,#10415,#10416);
#9137=AXIS2_PLACEMENT_3D('',#12288,#10417,#10418);
#9138=AXIS2_PLACEMENT_3D('',#12289,#10419,#10420);
#9139=AXIS2_PLACEMENT_3D('',#12291,#10421,#10422);
#9140=AXIS2_PLACEMENT_3D('',#12292,#10423,#10424);
#9141=AXIS2_PLACEMENT_3D('',#12294,#10425,#10426);
#9142=AXIS2_PLACEMENT_3D('',#12295,#10427,#10428);
#9143=AXIS2_PLACEMENT_3D('',#12297,#10429,#10430);
#9144=AXIS2_PLACEMENT_3D('',#12298,#10431,#10432);
#9145=AXIS2_PLACEMENT_3D('',#12300,#10433,#10434);
#9146=AXIS2_PLACEMENT_3D('',#12301,#10435,#10436);
#9147=AXIS2_PLACEMENT_3D('',#12305,#10438,#10439);
#9148=AXIS2_PLACEMENT_3D('',#12311,#10443,#10444);
#9149=AXIS2_PLACEMENT_3D('',#12312,#10445,#10446);
#9150=AXIS2_PLACEMENT_3D('',#12316,#10448,#10449);
#9151=AXIS2_PLACEMENT_3D('',#12317,#10450,#10451);
#9152=AXIS2_PLACEMENT_3D('',#12323,#10455,#10456);
#9153=AXIS2_PLACEMENT_3D('',#12324,#10457,#10458);
#9154=AXIS2_PLACEMENT_3D('',#12325,#10459,#10460);
#9155=AXIS2_PLACEMENT_3D('',#12326,#10461,#10462);
#9156=AXIS2_PLACEMENT_3D('',#12328,#10463,#10464);
#9157=AXIS2_PLACEMENT_3D('',#12330,#10465,#10466);
#9158=AXIS2_PLACEMENT_3D('',#12331,#10467,#10468);
#9159=AXIS2_PLACEMENT_3D('',#12333,#10469,#10470);
#9160=AXIS2_PLACEMENT_3D('',#12334,#10471,#10472);
#9161=AXIS2_PLACEMENT_3D('',#12336,#10473,#10474);
#9162=AXIS2_PLACEMENT_3D('',#12338,#10475,#10476);
#9163=AXIS2_PLACEMENT_3D('',#12339,#10477,#10478);
#9164=AXIS2_PLACEMENT_3D('',#12341,#10479,#10480);
#9165=AXIS2_PLACEMENT_3D('',#12342,#10481,#10482);
#9166=AXIS2_PLACEMENT_3D('',#12344,#10483,#10484);
#9167=AXIS2_PLACEMENT_3D('',#12345,#10485,#10486);
#9168=AXIS2_PLACEMENT_3D('',#12349,#10488,#10489);
#9169=AXIS2_PLACEMENT_3D('',#12355,#10493,#10494);
#9170=AXIS2_PLACEMENT_3D('',#12356,#10495,#10496);
#9171=AXIS2_PLACEMENT_3D('',#12360,#10498,#10499);
#9172=AXIS2_PLACEMENT_3D('',#12361,#10500,#10501);
#9173=AXIS2_PLACEMENT_3D('',#12367,#10505,#10506);
#9174=AXIS2_PLACEMENT_3D('',#12368,#10507,#10508);
#9175=AXIS2_PLACEMENT_3D('',#12369,#10509,#10510);
#9176=AXIS2_PLACEMENT_3D('',#12370,#10511,#10512);
#9177=AXIS2_PLACEMENT_3D('',#12371,#10513,#10514);
#9178=AXIS2_PLACEMENT_3D('',#12373,#10515,#10516);
#9179=AXIS2_PLACEMENT_3D('',#12374,#10517,#10518);
#9180=AXIS2_PLACEMENT_3D('',#12376,#10519,#10520);
#9181=AXIS2_PLACEMENT_3D('',#12377,#10521,#10522);
#9182=AXIS2_PLACEMENT_3D('',#12379,#10523,#10524);
#9183=AXIS2_PLACEMENT_3D('',#12380,#10525,#10526);
#9184=AXIS2_PLACEMENT_3D('',#12382,#10527,#10528);
#9185=AXIS2_PLACEMENT_3D('',#12383,#10529,#10530);
#9186=AXIS2_PLACEMENT_3D('',#12387,#10532,#10533);
#9187=AXIS2_PLACEMENT_3D('',#12393,#10537,#10538);
#9188=AXIS2_PLACEMENT_3D('',#12394,#10539,#10540);
#9189=AXIS2_PLACEMENT_3D('',#12398,#10542,#10543);
#9190=AXIS2_PLACEMENT_3D('',#12399,#10544,#10545);
#9191=AXIS2_PLACEMENT_3D('',#12405,#10549,#10550);
#9192=AXIS2_PLACEMENT_3D('',#12406,#10551,#10552);
#9193=AXIS2_PLACEMENT_3D('',#12407,#10553,#10554);
#9194=AXIS2_PLACEMENT_3D('',#12408,#10555,#10556);
#9195=AXIS2_PLACEMENT_3D('',#12410,#10557,#10558);
#9196=AXIS2_PLACEMENT_3D('',#12411,#10559,#10560);
#9197=AXIS2_PLACEMENT_3D('',#12413,#10561,#10562);
#9198=AXIS2_PLACEMENT_3D('',#12414,#10563,#10564);
#9199=AXIS2_PLACEMENT_3D('',#12416,#10565,#10566);
#9200=AXIS2_PLACEMENT_3D('',#12417,#10567,#10568);
#9201=AXIS2_PLACEMENT_3D('',#12419,#10569,#10570);
#9202=AXIS2_PLACEMENT_3D('',#12420,#10571,#10572);
#9203=AXIS2_PLACEMENT_3D('',#12422,#10573,#10574);
#9204=AXIS2_PLACEMENT_3D('',#12423,#10575,#10576);
#9205=AXIS2_PLACEMENT_3D('',#12427,#10578,#10579);
#9206=AXIS2_PLACEMENT_3D('',#12433,#10583,#10584);
#9207=AXIS2_PLACEMENT_3D('',#12434,#10585,#10586);
#9208=AXIS2_PLACEMENT_3D('',#12438,#10588,#10589);
#9209=AXIS2_PLACEMENT_3D('',#12439,#10590,#10591);
#9210=AXIS2_PLACEMENT_3D('',#12445,#10595,#10596);
#9211=AXIS2_PLACEMENT_3D('',#12446,#10597,#10598);
#9212=AXIS2_PLACEMENT_3D('',#12447,#10599,#10600);
#9213=AXIS2_PLACEMENT_3D('',#12448,#10601,#10602);
#9214=AXIS2_PLACEMENT_3D('',#12450,#10603,#10604);
#9215=AXIS2_PLACEMENT_3D('',#12451,#10605,#10606);
#9216=AXIS2_PLACEMENT_3D('',#12453,#10607,#10608);
#9217=AXIS2_PLACEMENT_3D('',#12454,#10609,#10610);
#9218=AXIS2_PLACEMENT_3D('',#12456,#10611,#10612);
#9219=AXIS2_PLACEMENT_3D('',#12457,#10613,#10614);
#9220=AXIS2_PLACEMENT_3D('',#12459,#10615,#10616);
#9221=AXIS2_PLACEMENT_3D('',#12460,#10617,#10618);
#9222=AXIS2_PLACEMENT_3D('',#12462,#10619,#10620);
#9223=AXIS2_PLACEMENT_3D('',#12463,#10621,#10622);
#9224=AXIS2_PLACEMENT_3D('',#12467,#10624,#10625);
#9225=AXIS2_PLACEMENT_3D('',#12473,#10629,#10630);
#9226=AXIS2_PLACEMENT_3D('',#12474,#10631,#10632);
#9227=AXIS2_PLACEMENT_3D('',#12478,#10634,#10635);
#9228=AXIS2_PLACEMENT_3D('',#12479,#10636,#10637);
#9229=AXIS2_PLACEMENT_3D('',#12485,#10641,#10642);
#9230=AXIS2_PLACEMENT_3D('',#12486,#10643,#10644);
#9231=AXIS2_PLACEMENT_3D('',#12487,#10645,#10646);
#9232=AXIS2_PLACEMENT_3D('',#12488,#10647,#10648);
#9233=AXIS2_PLACEMENT_3D('',#12490,#10649,#10650);
#9234=AXIS2_PLACEMENT_3D('',#12492,#10651,#10652);
#9235=AXIS2_PLACEMENT_3D('',#12493,#10653,#10654);
#9236=AXIS2_PLACEMENT_3D('',#12495,#10655,#10656);
#9237=AXIS2_PLACEMENT_3D('',#12496,#10657,#10658);
#9238=AXIS2_PLACEMENT_3D('',#12497,#10659,#10660);
#9239=AXIS2_PLACEMENT_3D('',#12499,#10661,#10662);
#9240=AXIS2_PLACEMENT_3D('',#12500,#10663,#10664);
#9241=AXIS2_PLACEMENT_3D('',#12502,#10665,#10666);
#9242=AXIS2_PLACEMENT_3D('',#12503,#10667,#10668);
#9243=AXIS2_PLACEMENT_3D('',#12507,#10670,#10671);
#9244=AXIS2_PLACEMENT_3D('',#12513,#10675,#10676);
#9245=AXIS2_PLACEMENT_3D('',#12514,#10677,#10678);
#9246=AXIS2_PLACEMENT_3D('',#12518,#10680,#10681);
#9247=AXIS2_PLACEMENT_3D('',#12519,#10682,#10683);
#9248=AXIS2_PLACEMENT_3D('',#12525,#10687,#10688);
#9249=AXIS2_PLACEMENT_3D('',#12526,#10689,#10690);
#9250=AXIS2_PLACEMENT_3D('',#12527,#10691,#10692);
#9251=AXIS2_PLACEMENT_3D('',#12528,#10693,#10694);
#9252=AXIS2_PLACEMENT_3D('',#12529,#10695,#10696);
#9253=AXIS2_PLACEMENT_3D('',#12531,#10697,#10698);
#9254=AXIS2_PLACEMENT_3D('',#12532,#10699,#10700);
#9255=AXIS2_PLACEMENT_3D('',#12534,#10701,#10702);
#9256=AXIS2_PLACEMENT_3D('',#12535,#10703,#10704);
#9257=AXIS2_PLACEMENT_3D('',#12537,#10705,#10706);
#9258=AXIS2_PLACEMENT_3D('',#12538,#10707,#10708);
#9259=AXIS2_PLACEMENT_3D('',#12540,#10709,#10710);
#9260=AXIS2_PLACEMENT_3D('',#12541,#10711,#10712);
#9261=AXIS2_PLACEMENT_3D('',#12545,#10714,#10715);
#9262=AXIS2_PLACEMENT_3D('',#12551,#10719,#10720);
#9263=AXIS2_PLACEMENT_3D('',#12552,#10721,#10722);
#9264=AXIS2_PLACEMENT_3D('',#12556,#10724,#10725);
#9265=AXIS2_PLACEMENT_3D('',#12557,#10726,#10727);
#9266=AXIS2_PLACEMENT_3D('',#12563,#10731,#10732);
#9267=AXIS2_PLACEMENT_3D('',#12564,#10733,#10734);
#9268=AXIS2_PLACEMENT_3D('',#12565,#10735,#10736);
#9269=AXIS2_PLACEMENT_3D('',#12566,#10737,#10738);
#9270=AXIS2_PLACEMENT_3D('',#12568,#10739,#10740);
#9271=AXIS2_PLACEMENT_3D('',#12569,#10741,#10742);
#9272=AXIS2_PLACEMENT_3D('',#12571,#10743,#10744);
#9273=AXIS2_PLACEMENT_3D('',#12572,#10745,#10746);
#9274=AXIS2_PLACEMENT_3D('',#12574,#10747,#10748);
#9275=AXIS2_PLACEMENT_3D('',#12575,#10749,#10750);
#9276=AXIS2_PLACEMENT_3D('',#12577,#10751,#10752);
#9277=AXIS2_PLACEMENT_3D('',#12578,#10753,#10754);
#9278=AXIS2_PLACEMENT_3D('',#12580,#10755,#10756);
#9279=AXIS2_PLACEMENT_3D('',#12589,#10761,#10762);
#9280=AXIS2_PLACEMENT_3D('',#12593,#10764,#10765);
#9281=AXIS2_PLACEMENT_3D('',#12594,#10766,#10767);
#9282=AXIS2_PLACEMENT_3D('',#12595,#10768,#10769);
#9283=AXIS2_PLACEMENT_3D('',#12601,#10773,#10774);
#9284=AXIS2_PLACEMENT_3D('',#12602,#10775,#10776);
#9285=AXIS2_PLACEMENT_3D('',#12606,#10778,#10779);
#9286=AXIS2_PLACEMENT_3D('',#12607,#10780,#10781);
#9287=AXIS2_PLACEMENT_3D('',#12613,#10785,#10786);
#9288=AXIS2_PLACEMENT_3D('',#12619,#10790,#10791);
#9289=AXIS2_PLACEMENT_3D('',#12625,#10795,#10796);
#9290=AXIS2_PLACEMENT_3D('',#12631,#10800,#10801);
#9291=AXIS2_PLACEMENT_3D('',#12632,#10802,#10803);
#9292=AXIS2_PLACEMENT_3D('',#12636,#10805,#10806);
#9293=AXIS2_PLACEMENT_3D('',#12637,#10807,#10808);
#9294=AXIS2_PLACEMENT_3D('',#12643,#10812,#10813);
#9295=AXIS2_PLACEMENT_3D('',#12649,#10817,#10818);
#9296=AXIS2_PLACEMENT_3D('',#12655,#10822,#10823);
#9297=AXIS2_PLACEMENT_3D('',#12659,#10825,#10826);
#9298=AXIS2_PLACEMENT_3D('',#12660,#10827,#10828);
#9299=AXIS2_PLACEMENT_3D('',#12669,#10833,#10834);
#9300=AXIS2_PLACEMENT_3D('',#12670,#10835,#10836);
#9301=AXIS2_PLACEMENT_3D('',#12671,#10837,#10838);
#9302=AXIS2_PLACEMENT_3D('',#12675,#10840,#10841);
#9303=AXIS2_PLACEMENT_3D('',#12676,#10842,#10843);
#9304=AXIS2_PLACEMENT_3D('',#12677,#10844,#10845);
#9305=AXIS2_PLACEMENT_3D('',#12683,#10849,#10850);
#9306=AXIS2_PLACEMENT_3D('',#12687,#10853,#10854);
#9307=AXIS2_PLACEMENT_3D('',#12693,#10859,#10860);
#9308=AXIS2_PLACEMENT_3D('',#12697,#10863,#10864);
#9309=AXIS2_PLACEMENT_3D('',#12703,#10868,#10869);
#9310=AXIS2_PLACEMENT_3D('',#12709,#10873,#10874);
#9311=AXIS2_PLACEMENT_3D('',#12715,#10878,#10879);
#9312=AXIS2_PLACEMENT_3D('',#12723,#10884,#10885);
#9313=AXIS2_PLACEMENT_3D('',#12727,#10887,#10888);
#9314=AXIS2_PLACEMENT_3D('',#12729,#10889,#10890);
#9315=AXIS2_PLACEMENT_3D('',#12731,#10892,#10893);
#9316=AXIS2_PLACEMENT_3D('',#12732,#10894,#10895);
#9317=AXIS2_PLACEMENT_3D('',#12735,#10897,#10898);
#9318=AXIS2_PLACEMENT_3D('',#12736,#10899,#10900);
#9319=AXIS2_PLACEMENT_3D('',#12737,#10901,#10902);
#9320=AXIS2_PLACEMENT_3D('',#12738,#10903,#10904);
#9321=AXIS2_PLACEMENT_3D('',#12740,#10905,#10906);
#9322=AXIS2_PLACEMENT_3D('',#12741,#10907,#10908);
#9323=AXIS2_PLACEMENT_3D('',#12742,#10909,#10910);
#9324=AXIS2_PLACEMENT_3D('',#12744,#10912,#10913);
#9325=AXIS2_PLACEMENT_3D('',#12752,#10918,#10919);
#9326=AXIS2_PLACEMENT_3D('',#12753,#10920,#10921);
#9327=AXIS2_PLACEMENT_3D('',#12754,#10922,#10923);
#9328=AXIS2_PLACEMENT_3D('',#12757,#10925,#10926);
#9329=AXIS2_PLACEMENT_3D('',#12758,#10927,#10928);
#9330=AXIS2_PLACEMENT_3D('',#12761,#10930,#10931);
#9331=AXIS2_PLACEMENT_3D('',#12765,#10934,#10935);
#9332=AXIS2_PLACEMENT_3D('',#12769,#10938,#10939);
#9333=AXIS2_PLACEMENT_3D('',#12778,#10944,#10945);
#9334=AXIS2_PLACEMENT_3D('',#12784,#10949,#10950);
#9335=AXIS2_PLACEMENT_3D('',#12795,#10957,#10958);
#9336=AXIS2_PLACEMENT_3D('',#12796,#10959,#10960);
#9337=AXIS2_PLACEMENT_3D('',#12801,#10963,#10964);
#9338=AXIS2_PLACEMENT_3D('',#12805,#10967,#10968);
#9339=AXIS2_PLACEMENT_3D('',#12806,#10969,#10970);
#9340=AXIS2_PLACEMENT_3D('',#12808,#10971,#10972);
#9341=AXIS2_PLACEMENT_3D('',#12809,#10973,#10974);
#9342=AXIS2_PLACEMENT_3D('',#12811,#10976,#10977);
#9343=AXIS2_PLACEMENT_3D('',#12812,#10978,#10979);
#9344=AXIS2_PLACEMENT_3D('',#12815,#10981,#10982);
#9345=AXIS2_PLACEMENT_3D('',#12819,#10985,#10986);
#9346=AXIS2_PLACEMENT_3D('',#12820,#10987,#10988);
#9347=AXIS2_PLACEMENT_3D('',#12821,#10989,#10990);
#9348=AXIS2_PLACEMENT_3D('',#12825,#10992,#10993);
#9349=AXIS2_PLACEMENT_3D('',#12827,#10995,#10996);
#9350=AXIS2_PLACEMENT_3D('',#12828,#10997,#10998);
#9351=AXIS2_PLACEMENT_3D('',#12831,#11000,#11001);
#9352=AXIS2_PLACEMENT_3D('',#12835,#11004,#11005);
#9353=AXIS2_PLACEMENT_3D('',#12836,#11006,#11007);
#9354=AXIS2_PLACEMENT_3D('',#12838,#11008,#11009);
#9355=AXIS2_PLACEMENT_3D('',#12839,#11010,#11011);
#9356=AXIS2_PLACEMENT_3D('',#12843,#11013,#11014);
#9357=AXIS2_PLACEMENT_3D('',#12845,#11016,#11017);
#9358=AXIS2_PLACEMENT_3D('',#12846,#11018,#11019);
#9359=AXIS2_PLACEMENT_3D('',#12849,#11021,#11022);
#9360=AXIS2_PLACEMENT_3D('',#12853,#11025,#11026);
#9361=AXIS2_PLACEMENT_3D('',#12854,#11027,#11028);
#9362=AXIS2_PLACEMENT_3D('',#12856,#11029,#11030);
#9363=AXIS2_PLACEMENT_3D('',#12857,#11031,#11032);
#9364=AXIS2_PLACEMENT_3D('',#12861,#11034,#11035);
#9365=AXIS2_PLACEMENT_3D('',#12863,#11037,#11038);
#9366=AXIS2_PLACEMENT_3D('',#12864,#11039,#11040);
#9367=AXIS2_PLACEMENT_3D('',#12867,#11042,#11043);
#9368=AXIS2_PLACEMENT_3D('',#12871,#11046,#11047);
#9369=AXIS2_PLACEMENT_3D('',#12877,#11051,#11052);
#9370=AXIS2_PLACEMENT_3D('',#12878,#11053,#11054);
#9371=AXIS2_PLACEMENT_3D('',#12882,#11056,#11057);
#9372=AXIS2_PLACEMENT_3D('',#12884,#11059,#11060);
#9373=AXIS2_PLACEMENT_3D('',#12885,#11061,#11062);
#9374=AXIS2_PLACEMENT_3D('',#12888,#11064,#11065);
#9375=AXIS2_PLACEMENT_3D('',#12892,#11068,#11069);
#9376=AXIS2_PLACEMENT_3D('',#12893,#11070,#11071);
#9377=AXIS2_PLACEMENT_3D('',#12895,#11072,#11073);
#9378=AXIS2_PLACEMENT_3D('',#12896,#11074,#11075);
#9379=AXIS2_PLACEMENT_3D('',#12899,#11077,#11078);
#9380=AXIS2_PLACEMENT_3D('',#12903,#11081,#11082);
#9381=AXIS2_PLACEMENT_3D('',#12904,#11083,#11084);
#9382=AXIS2_PLACEMENT_3D('',#12905,#11085,#11086);
#9383=AXIS2_PLACEMENT_3D('',#12908,#11088,#11089);
#9384=AXIS2_PLACEMENT_3D('',#12912,#11092,#11093);
#9385=AXIS2_PLACEMENT_3D('',#12913,#11094,#11095);
#9386=AXIS2_PLACEMENT_3D('',#12914,#11096,#11097);
#9387=AXIS2_PLACEMENT_3D('',#12915,#11098,#11099);
#9388=AXIS2_PLACEMENT_3D('',#12916,#11100,#11101);
#9389=AXIS2_PLACEMENT_3D('',#12917,#11102,#11103);
#9390=AXIS2_PLACEMENT_3D('',#12920,#11105,#11106);
#9391=AXIS2_PLACEMENT_3D('',#12923,#11108,#11109);
#9392=AXIS2_PLACEMENT_3D('',#12924,#11110,#11111);
#9393=AXIS2_PLACEMENT_3D('',#12926,#11113,#11114);
#9394=AXIS2_PLACEMENT_3D('',#12927,#11115,#11116);
#9395=AXIS2_PLACEMENT_3D('',#12928,#11117,#11118);
#9396=AXIS2_PLACEMENT_3D('',#12929,#11119,#11120);
#9397=AXIS2_PLACEMENT_3D('',#12931,#11121,#11122);
#9398=AXIS2_PLACEMENT_3D('',#12932,#11123,#11124);
#9399=AXIS2_PLACEMENT_3D('',#12933,#11125,#11126);
#9400=AXIS2_PLACEMENT_3D('',#12940,#11131,#11132);
#9401=AXIS2_PLACEMENT_3D('',#12942,#11134,#11135);
#9402=AXIS2_PLACEMENT_3D('',#12944,#11137,#11138);
#9403=AXIS2_PLACEMENT_3D('',#12946,#11140,#11141);
#9404=AXIS2_PLACEMENT_3D('',#12948,#11143,#11144);
#9405=AXIS2_PLACEMENT_3D('',#12949,#11145,#11146);
#9406=AXIS2_PLACEMENT_3D('',#12954,#11148,#11149);
#9407=AXIS2_PLACEMENT_3D('',#12957,#11151,#11152);
#9408=AXIS2_PLACEMENT_3D('',#12958,#11153,#11154);
#9409=AXIS2_PLACEMENT_3D('',#12960,#11156,#11157);
#9410=AXIS2_PLACEMENT_3D('',#12961,#11158,#11159);
#9411=AXIS2_PLACEMENT_3D('',#12962,#11160,#11161);
#9412=AXIS2_PLACEMENT_3D('',#12964,#11162,#11163);
#9413=AXIS2_PLACEMENT_3D('',#12965,#11164,#11165);
#9414=AXIS2_PLACEMENT_3D('',#12967,#11167,#11168);
#9415=AXIS2_PLACEMENT_3D('',#12971,#11171,#11172);
#9416=AXIS2_PLACEMENT_3D('',#12975,#11175,#11176);
#9417=AXIS2_PLACEMENT_3D('',#12977,#11178,#11179);
#9418=AXIS2_PLACEMENT_3D('',#12979,#11181,#11182);
#9419=DIRECTION('',(0.,0.,1.));
#9420=DIRECTION('',(1.,0.,0.));
#9421=DIRECTION('',(0.94515120192171,2.62332156531406E-17,-0.32663313595829));
#9422=DIRECTION('',(0.32663313595829,9.06589070366032E-18,0.94515120192171));
#9423=DIRECTION('',(-0.326633135958287,-9.06589070366023E-18,-0.945151201921711));
#9424=DIRECTION('',(2.77555756156289E-17,-1.,7.70371977754893E-34));
#9425=DIRECTION('',(0.32663313595829,-1.34124215070474E-14,0.94515120192171));
#9426=DIRECTION('',(-2.77555756156289E-17,1.,-7.70371977754893E-34));
#9427=DIRECTION('',(-2.77555756156293E-17,1.,1.42003600804422E-14));
#9428=DIRECTION('',(-2.77555756156285E-17,-1.42003600804422E-14,1.));
#9429=DIRECTION('',(1.,2.77555756156289E-17,2.77555756156289E-17));
#9430=DIRECTION('',(0.32663313595829,1.34305532884547E-14,-0.94515120192171));
#9431=DIRECTION('',(1.,2.7755575615628E-17,8.89858933067478E-17));
#9432=DIRECTION('',(8.89858933067478E-17,1.69948271264483E-33,-1.));
#9433=DIRECTION('',(1.,2.77555756156289E-17,8.89858933067478E-17));
#9434=DIRECTION('',(-1.,-2.77555756156289E-17,-8.89858933067478E-17));
#9435=DIRECTION('',(-2.77555756156289E-17,1.,-7.70371977754893E-34));
#9436=DIRECTION('',(0.94515120192171,2.62332156531406E-17,0.32663313595829));
#9437=DIRECTION('',(-0.32663313595829,-9.06589070366032E-18,0.94515120192171));
#9438=DIRECTION('',(-2.77555756156289E-17,1.,-7.70371977754893E-34));
#9439=DIRECTION('',(-0.326633135958287,-9.06589070366023E-18,0.945151201921711));
#9440=DIRECTION('',(2.77555756156289E-17,6.84227765783602E-49,-1.));
#9441=DIRECTION('',(2.77555756156289E-17,-1.,7.70371977754893E-34));
#9442=DIRECTION('',(1.,2.77555756156289E-17,2.77555756156289E-17));
#9443=DIRECTION('',(2.77555756156289E-17,-1.,7.70371977754893E-34));
#9444=DIRECTION('',(1.,2.77555756156289E-17,2.77555756156289E-17));
#9445=DIRECTION('',(0.94515120192171,2.62332156531406E-17,-0.32663313595829));
#9446=DIRECTION('',(0.32663313595829,9.06589070366032E-18,0.94515120192171));
#9447=DIRECTION('',(-0.326633135958295,-9.06589070366046E-18,-0.945151201921708));
#9448=DIRECTION('',(0.32663313595829,-1.34124215070474E-14,0.94515120192171));
#9449=DIRECTION('',(-2.77555756156289E-17,1.,-7.70371977754893E-34));
#9450=DIRECTION('',(-2.77555756156293E-17,1.,1.42003600804422E-14));
#9451=DIRECTION('',(-2.77555756156285E-17,-1.42003600804422E-14,1.));
#9452=DIRECTION('',(-1.,-2.77555756156289E-17,-2.77555756156289E-17));
#9453=DIRECTION('',(0.32663313595829,1.34305532884547E-14,-0.94515120192171));
#9454=DIRECTION('',(1.,2.7755575615628E-17,8.89858933067478E-17));
#9455=DIRECTION('',(8.89858933067478E-17,1.69948271264483E-33,-1.));
#9456=DIRECTION('',(1.,2.77555756156289E-17,8.89858933067478E-17));
#9457=DIRECTION('',(-1.,-2.77555756156289E-17,-8.89858933067478E-17));
#9458=DIRECTION('',(-2.77555756156289E-17,1.,-7.70371977754893E-34));
#9459=DIRECTION('',(0.94515120192171,2.62332156531406E-17,0.32663313595829));
#9460=DIRECTION('',(-0.32663313595829,-9.06589070366032E-18,0.94515120192171));
#9461=DIRECTION('',(-2.77555756156289E-17,1.,-7.70371977754893E-34));
#9462=DIRECTION('',(-0.326633135958287,-9.06589070366023E-18,0.945151201921711));
#9463=DIRECTION('',(2.77555756156289E-17,6.84227765783602E-49,-1.));
#9464=DIRECTION('',(2.77555756156289E-17,-1.,7.70371977754893E-34));
#9465=DIRECTION('',(1.,2.77555756156289E-17,2.77555756156289E-17));
#9466=DIRECTION('',(2.77555756156289E-17,-1.,7.70371977754893E-34));
#9467=DIRECTION('',(1.,2.77555756156289E-17,2.77555756156289E-17));
#9468=DIRECTION('',(0.94515120192171,2.62332156531406E-17,-0.32663313595829));
#9469=DIRECTION('',(0.32663313595829,9.06589070366032E-18,0.94515120192171));
#9470=DIRECTION('',(-0.326633135958291,-9.06589070366034E-18,-0.94515120192171));
#9471=DIRECTION('',(0.32663313595829,-1.34124215070474E-14,0.94515120192171));
#9472=DIRECTION('',(-2.77555756156289E-17,1.,-7.70371977754893E-34));
#9473=DIRECTION('',(-2.77555756156293E-17,1.,1.42003600804422E-14));
#9474=DIRECTION('',(-2.77555756156285E-17,-1.42003600804422E-14,1.));
#9475=DIRECTION('',(-1.,-2.77555756156289E-17,-2.77555756156289E-17));
#9476=DIRECTION('',(0.32663313595829,1.34305532884547E-14,-0.94515120192171));
#9477=DIRECTION('',(1.,2.7755575615628E-17,8.89858933067478E-17));
#9478=DIRECTION('',(8.89858933067478E-17,1.69948271264483E-33,-1.));
#9479=DIRECTION('',(1.,2.77555756156289E-17,8.89858933067478E-17));
#9480=DIRECTION('',(-1.,-2.77555756156289E-17,-8.89858933067478E-17));
#9481=DIRECTION('',(-2.77555756156289E-17,1.,-7.70371977754893E-34));
#9482=DIRECTION('',(0.94515120192171,2.62332156531406E-17,0.32663313595829));
#9483=DIRECTION('',(-0.32663313595829,-9.06589070366032E-18,0.94515120192171));
#9484=DIRECTION('',(-2.77555756156289E-17,1.,-7.70371977754893E-34));
#9485=DIRECTION('',(-0.326633135958287,-9.06589070366023E-18,0.945151201921711));
#9486=DIRECTION('',(2.77555756156289E-17,6.84227765783602E-49,-1.));
#9487=DIRECTION('',(2.77555756156289E-17,-1.,7.70371977754893E-34));
#9488=DIRECTION('',(1.,2.77555756156289E-17,2.77555756156289E-17));
#9489=DIRECTION('',(2.77555756156289E-17,-1.,7.70371977754893E-34));
#9490=DIRECTION('',(1.,2.77555756156289E-17,2.77555756156289E-17));
#9491=DIRECTION('',(0.94515120192171,2.62332156531406E-17,-0.32663313595829));
#9492=DIRECTION('',(0.32663313595829,9.06589070366032E-18,0.94515120192171));
#9493=DIRECTION('',(-0.326633135958291,-9.06589070366034E-18,-0.94515120192171));
#9494=DIRECTION('',(0.32663313595829,-1.34124215070474E-14,0.94515120192171));
#9495=DIRECTION('',(-2.77555756156289E-17,1.,-7.70371977754893E-34));
#9496=DIRECTION('',(-2.77555756156293E-17,1.,1.42003600804422E-14));
#9497=DIRECTION('',(-2.77555756156285E-17,-1.42003600804422E-14,1.));
#9498=DIRECTION('',(1.,2.77555756156289E-17,2.77555756156289E-17));
#9499=DIRECTION('',(0.32663313595829,1.34305532884547E-14,-0.94515120192171));
#9500=DIRECTION('',(1.,2.7755575615628E-17,8.89858933067478E-17));
#9501=DIRECTION('',(8.89858933067478E-17,1.69948271264483E-33,-1.));
#9502=DIRECTION('',(1.,2.77555756156289E-17,8.89858933067478E-17));
#9503=DIRECTION('',(-1.,-2.77555756156289E-17,-8.89858933067478E-17));
#9504=DIRECTION('',(-2.77555756156289E-17,1.,-7.70371977754893E-34));
#9505=DIRECTION('',(0.94515120192171,2.62332156531406E-17,0.32663313595829));
#9506=DIRECTION('',(-0.32663313595829,-9.06589070366032E-18,0.94515120192171));
#9507=DIRECTION('',(-2.77555756156289E-17,1.,-7.70371977754893E-34));
#9508=DIRECTION('',(-0.326633135958291,-9.06589070366034E-18,0.94515120192171));
#9509=DIRECTION('',(2.77555756156289E-17,6.84227765783602E-49,-1.));
#9510=DIRECTION('',(2.77555756156289E-17,-1.,7.70371977754893E-34));
#9511=DIRECTION('',(1.,2.77555756156289E-17,2.77555756156289E-17));
#9512=DIRECTION('',(2.77555756156289E-17,-1.,7.70371977754893E-34));
#9513=DIRECTION('',(1.,2.77555756156289E-17,2.77555756156289E-17));
#9514=DIRECTION('',(0.94515120192171,2.62332156531406E-17,-0.32663313595829));
#9515=DIRECTION('',(0.32663313595829,9.06589070366032E-18,0.94515120192171));
#9516=DIRECTION('',(-0.326633135958287,-9.06589070366023E-18,-0.945151201921711));
#9517=DIRECTION('',(0.32663313595829,-1.34124215070474E-14,0.94515120192171));
#9518=DIRECTION('',(-2.77555756156289E-17,1.,-7.70371977754893E-34));
#9519=DIRECTION('',(-2.77555756156293E-17,1.,1.42003600804422E-14));
#9520=DIRECTION('',(-2.77555756156285E-17,-1.42003600804422E-14,1.));
#9521=DIRECTION('',(1.,2.77555756156289E-17,2.77555756156289E-17));
#9522=DIRECTION('',(0.32663313595829,1.34305532884547E-14,-0.94515120192171));
#9523=DIRECTION('',(1.,2.7755575615628E-17,8.89858933067478E-17));
#9524=DIRECTION('',(8.89858933067478E-17,1.69948271264483E-33,-1.));
#9525=DIRECTION('',(1.,2.77555756156289E-17,8.89858933067478E-17));
#9526=DIRECTION('',(-1.,-2.77555756156289E-17,-8.89858933067478E-17));
#9527=DIRECTION('',(-2.77555756156289E-17,1.,-7.70371977754893E-34));
#9528=DIRECTION('',(0.94515120192171,2.62332156531406E-17,0.32663313595829));
#9529=DIRECTION('',(-0.32663313595829,-9.06589070366032E-18,0.94515120192171));
#9530=DIRECTION('',(-2.77555756156289E-17,1.,-7.70371977754893E-34));
#9531=DIRECTION('',(-0.326633135958291,-9.06589070366034E-18,0.94515120192171));
#9532=DIRECTION('',(2.77555756156289E-17,6.84227765783602E-49,-1.));
#9533=DIRECTION('',(2.77555756156289E-17,-1.,7.70371977754893E-34));
#9534=DIRECTION('',(1.,2.77555756156289E-17,2.77555756156289E-17));
#9535=DIRECTION('',(2.77555756156289E-17,-1.,7.70371977754893E-34));
#9536=DIRECTION('',(1.,2.77555756156289E-17,2.77555756156289E-17));
#9537=DIRECTION('',(0.94515120192171,2.62332156531406E-17,-0.32663313595829));
#9538=DIRECTION('',(0.32663313595829,9.06589070366032E-18,0.94515120192171));
#9539=DIRECTION('',(-0.326633135958287,-9.06589070366023E-18,-0.945151201921711));
#9540=DIRECTION('',(0.32663313595829,-1.34124215070474E-14,0.94515120192171));
#9541=DIRECTION('',(-2.77555756156289E-17,1.,-7.70371977754893E-34));
#9542=DIRECTION('',(-2.77555756156293E-17,1.,1.42003600804422E-14));
#9543=DIRECTION('',(-2.77555756156285E-17,-1.42003600804422E-14,1.));
#9544=DIRECTION('',(-1.,-2.77555756156289E-17,-2.77555756156289E-17));
#9545=DIRECTION('',(0.32663313595829,1.34305532884547E-14,-0.94515120192171));
#9546=DIRECTION('',(1.,2.7755575615628E-17,8.89858933067478E-17));
#9547=DIRECTION('',(8.89858933067478E-17,1.69948271264483E-33,-1.));
#9548=DIRECTION('',(1.,2.77555756156289E-17,8.89858933067478E-17));
#9549=DIRECTION('',(-1.,-2.77555756156289E-17,-8.89858933067478E-17));
#9550=DIRECTION('',(-2.77555756156289E-17,1.,-7.70371977754893E-34));
#9551=DIRECTION('',(0.94515120192171,2.62332156531406E-17,0.32663313595829));
#9552=DIRECTION('',(-0.32663313595829,-9.06589070366032E-18,0.94515120192171));
#9553=DIRECTION('',(-2.77555756156289E-17,1.,-7.70371977754893E-34));
#9554=DIRECTION('',(-0.326633135958295,-9.06589070366046E-18,0.945151201921708));
#9555=DIRECTION('',(2.77555756156289E-17,6.84227765783602E-49,-1.));
#9556=DIRECTION('',(2.77555756156289E-17,-1.,7.70371977754893E-34));
#9557=DIRECTION('',(1.,2.77555756156289E-17,2.77555756156289E-17));
#9558=DIRECTION('',(2.77555756156289E-17,-1.,7.70371977754893E-34));
#9559=DIRECTION('',(1.,2.77555756156289E-17,2.77555756156289E-17));
#9560=DIRECTION('',(0.94515120192171,2.62332156531406E-17,-0.32663313595829));
#9561=DIRECTION('',(0.32663313595829,9.06589070366032E-18,0.94515120192171));
#9562=DIRECTION('',(-0.326633135958287,-9.06589070366023E-18,-0.945151201921711));
#9563=DIRECTION('',(0.32663313595829,-1.34124215070474E-14,0.94515120192171));
#9564=DIRECTION('',(-2.77555756156289E-17,1.,-7.70371977754893E-34));
#9565=DIRECTION('',(-2.77555756156293E-17,1.,1.42003600804422E-14));
#9566=DIRECTION('',(-2.77555756156285E-17,-1.42003600804422E-14,1.));
#9567=DIRECTION('',(-1.,-2.77555756156289E-17,-2.77555756156289E-17));
#9568=DIRECTION('',(0.32663313595829,1.34305532884547E-14,-0.94515120192171));
#9569=DIRECTION('',(1.,2.7755575615628E-17,8.89858933067478E-17));
#9570=DIRECTION('',(8.89858933067478E-17,1.69948271264483E-33,-1.));
#9571=DIRECTION('',(1.,2.77555756156289E-17,8.89858933067478E-17));
#9572=DIRECTION('',(-1.,-2.77555756156289E-17,-8.89858933067478E-17));
#9573=DIRECTION('',(-2.77555756156289E-17,1.,-7.70371977754893E-34));
#9574=DIRECTION('',(0.94515120192171,2.62332156531406E-17,0.32663313595829));
#9575=DIRECTION('',(-0.32663313595829,-9.06589070366032E-18,0.94515120192171));
#9576=DIRECTION('',(-2.77555756156289E-17,1.,-7.70371977754893E-34));
#9577=DIRECTION('',(-0.326633135958295,-9.06589070366046E-18,0.945151201921708));
#9578=DIRECTION('',(2.77555756156289E-17,6.84227765783602E-49,-1.));
#9579=DIRECTION('',(2.77555756156289E-17,-1.,7.70371977754893E-34));
#9580=DIRECTION('',(1.,2.77555756156289E-17,2.77555756156289E-17));
#9581=DIRECTION('',(2.77555756156289E-17,-1.,7.70371977754893E-34));
#9582=DIRECTION('',(1.,2.77555756156289E-17,2.77555756156289E-17));
#9583=DIRECTION('',(-2.77555756156293E-17,1.,1.42003600804422E-14));
#9584=DIRECTION('',(-2.77555756156285E-17,-1.42003600804422E-14,1.));
#9585=DIRECTION('',(-1.,-2.77555756156289E-17,-2.77555756156289E-17));
#9586=DIRECTION('',(0.32663313595829,1.34305532884547E-14,-0.94515120192171));
#9587=DIRECTION('',(1.,2.7755575615628E-17,8.89858933067478E-17));
#9588=DIRECTION('',(0.32663313595829,-1.34124215070474E-14,0.94515120192171));
#9589=DIRECTION('',(0.94515120192171,2.62332156531406E-17,-0.32663313595829));
#9590=DIRECTION('',(0.32663313595829,9.06589070366032E-18,0.94515120192171));
#9591=DIRECTION('',(-0.326633135958287,-9.06589070366023E-18,-0.945151201921711));
#9592=DIRECTION('',(-2.77555756156289E-17,1.,-7.70371977754893E-34));
#9593=DIRECTION('',(-2.77555756156289E-17,-6.84227765783602E-49,1.));
#9594=DIRECTION('',(-1.,-2.77555756156289E-17,-2.77555756156289E-17));
#9595=DIRECTION('',(-2.77555756156289E-17,1.,-7.70371977754893E-34));
#9596=DIRECTION('',(1.,2.77555756156289E-17,2.77555756156289E-17));
#9597=DIRECTION('',(2.77555756156289E-17,-1.,7.70371977754893E-34));
#9598=DIRECTION('',(-1.,-2.77555756156289E-17,-2.77555756156289E-17));
#9599=DIRECTION('',(-2.77555756156293E-17,1.,1.42003600804422E-14));
#9600=DIRECTION('',(-2.77555756156285E-17,-1.42003600804422E-14,1.));
#9601=DIRECTION('',(2.77555756156293E-17,-1.,-1.42003600804422E-14));
#9602=DIRECTION('',(2.77555756156285E-17,1.42003600804422E-14,-1.));
#9603=DIRECTION('',(-1.,-2.77555756156289E-17,-2.77555756156289E-17));
#9604=DIRECTION('',(-2.77555756156293E-17,1.,1.42003600804422E-14));
#9605=DIRECTION('',(-2.77555756156285E-17,-1.42003600804422E-14,1.));
#9606=DIRECTION('',(2.77555756156293E-17,-1.,-1.42003600804422E-14));
#9607=DIRECTION('',(2.77555756156285E-17,1.42003600804422E-14,-1.));
#9608=DIRECTION('',(1.,2.77555756156289E-17,2.77555756156289E-17));
#9609=DIRECTION('',(2.77555756156293E-17,-1.,-1.42003600804422E-14));
#9610=DIRECTION('',(2.77555756156285E-17,1.42003600804422E-14,-1.));
#9611=DIRECTION('',(-1.,-2.77555756156289E-17,-2.77555756156289E-17));
#9612=DIRECTION('',(-2.77555756156293E-17,1.,1.42003600804422E-14));
#9613=DIRECTION('',(-2.77555756156285E-17,-1.42003600804422E-14,1.));
#9614=DIRECTION('',(2.77555756156293E-17,-1.,-1.42003600804422E-14));
#9615=DIRECTION('',(2.77555756156285E-17,1.42003600804422E-14,-1.));
#9616=DIRECTION('',(-1.,-2.77555756156289E-17,-2.77555756156289E-17));
#9617=DIRECTION('',(-2.77555756156293E-17,1.,1.42003600804422E-14));
#9618=DIRECTION('',(-2.77555756156285E-17,-1.42003600804422E-14,1.));
#9619=DIRECTION('',(2.77555756156293E-17,-1.,-1.42003600804422E-14));
#9620=DIRECTION('',(2.77555756156285E-17,1.42003600804422E-14,-1.));
#9621=DIRECTION('',(1.,2.77555756156289E-17,2.77555756156289E-17));
#9622=DIRECTION('',(2.77555756156293E-17,-1.,-1.42003600804422E-14));
#9623=DIRECTION('',(2.77555756156285E-17,1.42003600804422E-14,-1.));
#9624=DIRECTION('',(-1.,-2.77555756156289E-17,-2.77555756156289E-17));
#9625=DIRECTION('',(-2.77555756156293E-17,1.,1.42003600804422E-14));
#9626=DIRECTION('',(-2.77555756156285E-17,-1.42003600804422E-14,1.));
#9627=DIRECTION('',(-1.,-2.77555756156289E-17,-2.77555756156289E-17));
#9628=DIRECTION('',(2.77555756156293E-17,-1.,-1.42003600804422E-14));
#9629=DIRECTION('',(2.77555756156285E-17,1.42003600804422E-14,-1.));
#9630=DIRECTION('',(-2.77555756156293E-17,1.,1.42003600804422E-14));
#9631=DIRECTION('',(-2.77555756156285E-17,-1.42003600804422E-14,1.));
#9632=DIRECTION('',(-1.,-2.77555756156289E-17,-2.77555756156289E-17));
#9633=DIRECTION('',(2.77555756156293E-17,-1.,-1.42003600804422E-14));
#9634=DIRECTION('',(2.77555756156285E-17,1.42003600804422E-14,-1.));
#9635=DIRECTION('',(-2.77555756156293E-17,1.,1.42003600804422E-14));
#9636=DIRECTION('',(-2.77555756156285E-17,-1.42003600804422E-14,1.));
#9637=DIRECTION('',(-1.,-2.77555756156289E-17,-2.77555756156289E-17));
#9638=DIRECTION('',(2.77555756156293E-17,-1.,-1.42003600804422E-14));
#9639=DIRECTION('',(2.77555756156285E-17,1.42003600804422E-14,-1.));
#9640=DIRECTION('',(-2.77555756156293E-17,1.,1.42003600804422E-14));
#9641=DIRECTION('',(-2.77555756156285E-17,-1.42003600804422E-14,1.));
#9642=DIRECTION('',(2.77555756156293E-17,-1.,-1.42003600804422E-14));
#9643=DIRECTION('',(2.77555756156285E-17,1.42003600804422E-14,-1.));
#9644=DIRECTION('',(-1.,-2.77555756156289E-17,-2.77555756156289E-17));
#9645=DIRECTION('',(-2.77555756156293E-17,1.,1.42003600804422E-14));
#9646=DIRECTION('',(-2.77555756156285E-17,-1.42003600804422E-14,1.));
#9647=DIRECTION('',(-1.,-2.77555756156289E-17,-2.77555756156289E-17));
#9648=DIRECTION('',(2.77555756156293E-17,-1.,-1.42003600804422E-14));
#9649=DIRECTION('',(2.77555756156285E-17,1.42003600804422E-14,-1.));
#9650=DIRECTION('',(-2.77555756156293E-17,1.,1.42003600804422E-14));
#9651=DIRECTION('',(-2.77555756156285E-17,-1.42003600804422E-14,1.));
#9652=DIRECTION('',(2.77555756156293E-17,-1.,-1.42003600804422E-14));
#9653=DIRECTION('',(2.77555756156285E-17,1.42003600804422E-14,-1.));
#9654=DIRECTION('',(1.,2.77555756156289E-17,2.77555756156289E-17));
#9655=DIRECTION('',(2.77555756156293E-17,-1.,-1.42003600804422E-14));
#9656=DIRECTION('',(2.77555756156285E-17,1.42003600804422E-14,-1.));
#9657=DIRECTION('',(-1.,-2.77555756156289E-17,-2.77555756156289E-17));
#9658=DIRECTION('',(2.77555756156289E-17,-1.,7.70371977754893E-34));
#9659=DIRECTION('',(2.77555756156289E-17,6.84227765783602E-49,-1.));
#9660=DIRECTION('',(-2.77555756156289E-17,1.,-7.70371977754893E-34));
#9661=DIRECTION('',(1.,2.77555756156289E-17,2.77555756156289E-17));
#9662=DIRECTION('',(2.77555756156289E-17,-1.,7.70371977754893E-34));
#9663=DIRECTION('',(1.,2.77555756156289E-17,2.77555756156289E-17));
#9664=DIRECTION('',(-2.77555756156289E-17,1.,-7.70371977754893E-34));
#9665=DIRECTION('',(2.77555756156289E-17,6.84227765783602E-49,-1.));
#9666=DIRECTION('',(-2.77555756156289E-17,1.,-7.70371977754893E-34));
#9667=DIRECTION('',(-1.,-2.77555756156289E-17,-2.77555756156289E-17));
#9668=DIRECTION('',(-2.77555756156289E-17,1.,-7.70371977754893E-34));
#9669=DIRECTION('',(2.77555756156289E-17,6.84227765783602E-49,-1.));
#9670=DIRECTION('',(-2.77555756156289E-17,1.,-7.70371977754893E-34));
#9671=DIRECTION('',(-1.,-2.77555756156289E-17,-2.77555756156289E-17));
#9672=DIRECTION('',(-2.77555756156289E-17,1.,-7.70371977754893E-34));
#9673=DIRECTION('',(2.77555756156289E-17,6.84227765783602E-49,-1.));
#9674=DIRECTION('',(2.77555756156289E-17,-1.,7.70371977754893E-34));
#9675=DIRECTION('',(2.50989705209902E-15,7.04340093947333E-32,1.));
#9676=DIRECTION('',(-2.77555756156289E-17,1.,-7.70371977754893E-34));
#9677=DIRECTION('',(1.,2.77555756156289E-17,2.77555756156289E-17));
#9678=DIRECTION('',(-2.77555756156289E-17,1.,-7.70371977754893E-34));
#9679=DIRECTION('',(2.77555756156289E-17,6.84227765783602E-49,-1.));
#9680=DIRECTION('',(-2.77555756156289E-17,1.,-7.70371977754893E-34));
#9681=DIRECTION('',(-1.,-2.77555756156289E-17,-2.77555756156289E-17));
#9682=DIRECTION('',(2.77555756156289E-17,-1.,7.70371977754893E-34));
#9683=DIRECTION('',(2.77555756156289E-17,6.84227765783602E-49,-1.));
#9684=DIRECTION('',(2.77555756156289E-17,-1.,7.70371977754893E-34));
#9685=DIRECTION('',(1.,2.77555756156289E-17,2.77555756156289E-17));
#9686=DIRECTION('',(-2.77555756156289E-17,1.,-7.70371977754893E-34));
#9687=DIRECTION('',(1.,2.77555756156289E-17,2.77555756156289E-17));
#9688=DIRECTION('',(2.77555756156289E-17,-1.,7.70371977754893E-34));
#9689=DIRECTION('',(2.77555756156289E-17,6.84227765783602E-49,-1.));
#9690=DIRECTION('',(2.77555756156289E-17,-1.,7.70371977754893E-34));
#9691=DIRECTION('',(1.,2.77555756156289E-17,2.77555756156289E-17));
#9692=DIRECTION('',(-2.77555756156289E-17,1.,-7.70371977754893E-34));
#9693=DIRECTION('',(1.,2.77555756156289E-17,2.77555756156289E-17));
#9694=DIRECTION('',(-2.77555756156289E-17,1.,-7.70371977754893E-34));
#9695=DIRECTION('',(2.77555756156289E-17,6.84227765783602E-49,-1.));
#9696=DIRECTION('',(-2.77555756156289E-17,1.,-7.70371977754893E-34));
#9697=DIRECTION('',(-1.,-2.77555756156289E-17,-2.77555756156289E-17));
#9698=DIRECTION('',(2.78727003272122E-17,-0.00422880389068771,-0.999991058568853));
#9699=DIRECTION('',(-2.76379545549089E-17,0.999991058568853,-0.00422880389068771));
#9700=DIRECTION('',(-2.76379545549089E-17,0.999991058568853,-0.00422880389068771));
#9701=DIRECTION('',(2.76379545549089E-17,-0.999991058568853,0.00422880389068771));
#9702=DIRECTION('',(-1.,-2.77555756156289E-17,-2.77555756156289E-17));
#9703=DIRECTION('',(3.92219534527106E-17,-0.678755080632472,-0.73436471900249));
#9704=DIRECTION('',(-1.54347752273681E-18,0.73436471900249,-0.678755080632472));
#9705=DIRECTION('',(-1.54347752273681E-18,0.73436471900249,-0.678755080632472));
#9706=DIRECTION('',(1.54347752273681E-18,-0.73436471900249,0.678755080632472));
#9707=DIRECTION('',(-1.,-2.77555756156289E-17,-2.77555756156289E-17));
#9708=DIRECTION('',(-1.,-2.77555756156289E-17,-2.77555756156289E-17));
#9709=DIRECTION('',(2.77555756156289E-17,-1.,7.70371977754893E-34));
#9710=DIRECTION('',(1.,2.77555756156289E-17,2.77555756156289E-17));
#9711=DIRECTION('',(2.77555756156289E-17,-1.,7.70371977754893E-34));
#9712=DIRECTION('',(-1.,-2.77555756156289E-17,-2.77555756156289E-17));
#9713=DIRECTION('',(2.77555756156289E-17,-1.,7.70371977754893E-34));
#9714=DIRECTION('',(1.,2.77555756156289E-17,2.77555756156289E-17));
#9715=DIRECTION('',(8.66050373817642E-18,0.533667106172272,-0.845694637437009));
#9716=DIRECTION('',(-3.82849791760531E-17,0.845694637437009,0.533667106172272));
#9717=DIRECTION('',(-3.82849791760531E-17,0.845694637437008,0.533667106172272));
#9718=DIRECTION('',(3.82849791760531E-17,-0.845694637437008,-0.533667106172272));
#9719=DIRECTION('',(-1.,-2.77555756156289E-17,-2.77555756156289E-17));
#9720=DIRECTION('',(-2.77555756156289E-17,1.,-7.70371977754893E-34));
#9721=DIRECTION('',(2.77555756156289E-17,6.84227765783602E-49,-1.));
#9722=DIRECTION('',(-2.77555756156289E-17,1.,-7.70371977754893E-34));
#9723=DIRECTION('',(-1.,-2.77555756156289E-17,-2.77555756156289E-17));
#9724=DIRECTION('',(-1.,-2.77555756156289E-17,-2.77555756156289E-17));
#9725=DIRECTION('',(2.77555756156289E-17,-1.,7.70371977754893E-34));
#9726=DIRECTION('',(-1.,-2.77555756156289E-17,-2.77555756156289E-17));
#9727=DIRECTION('',(2.77555756156289E-17,-1.,7.70371977754893E-34));
#9728=DIRECTION('',(1.,2.77555756156289E-17,2.77555756156289E-17));
#9729=DIRECTION('',(1.,2.77555756156289E-17,2.77555756156289E-17));
#9730=DIRECTION('',(2.77555756156289E-17,-1.,7.70371977754893E-34));
#9731=DIRECTION('',(-3.92219534527105E-17,0.678755080632429,0.73436471900253));
#9732=DIRECTION('',(1.54347752273912E-18,-0.73436471900253,0.678755080632429));
#9733=DIRECTION('',(-1.54347752273912E-18,0.73436471900253,-0.678755080632429));
#9734=DIRECTION('',(-1.,-2.77555756156289E-17,-2.77555756156289E-17));
#9735=DIRECTION('',(1.54347752273912E-18,-0.73436471900253,0.678755080632429));
#9736=DIRECTION('',(-1.,-2.77555756156289E-17,-2.77555756156289E-17));
#9737=DIRECTION('',(2.77555756156289E-17,-1.,7.70371977754893E-34));
#9738=DIRECTION('',(1.,2.77555756156289E-17,2.77555756156289E-17));
#9739=DIRECTION('',(2.77555756156289E-17,-1.,7.70371977754893E-34));
#9740=DIRECTION('',(-1.,-2.77555756156289E-17,-2.77555756156289E-17));
#9741=DIRECTION('',(2.77555756156289E-17,-1.,7.70371977754893E-34));
#9742=DIRECTION('',(-1.,-2.77555756156289E-17,-2.77555756156289E-17));
#9743=DIRECTION('',(3.25535108861854E-17,-0.191340022895413,-0.981523813077596));
#9744=DIRECTION('',(2.19320059386458E-17,-0.981523813077596,0.191340022895413));
#9745=DIRECTION('',(2.19320059386458E-17,-0.981523813077596,0.191340022895413));
#9746=DIRECTION('',(-2.19320059386458E-17,0.981523813077596,-0.191340022895413));
#9747=DIRECTION('',(3.79148213876091E-17,-0.866025403784434,-0.500000000000008));
#9748=DIRECTION('',(-1.01592457719797E-17,-0.500000000000008,0.866025403784434));
#9749=DIRECTION('',(1.01592457719799E-17,0.500000000000005,-0.866025403784436));
#9750=DIRECTION('',(-1.,-2.77555756156289E-17,-2.77555756156289E-17));
#9751=DIRECTION('',(-1.01592457719797E-17,-0.500000000000009,0.866025403784433));
#9752=DIRECTION('',(-1.,-2.77555756156289E-17,-2.77555756156289E-17));
#9753=DIRECTION('',(1.,2.77555756156289E-17,2.77555756156289E-17));
#9754=DIRECTION('',(2.78727003272122E-17,-0.00422880389068771,-0.999991058568853));
#9755=DIRECTION('',(-2.76379545549089E-17,0.999991058568853,-0.00422880389068771));
#9756=DIRECTION('',(-2.76379545549089E-17,0.999991058568853,-0.00422880389068771));
#9757=DIRECTION('',(2.76379545549089E-17,-0.999991058568853,0.00422880389068771));
#9758=DIRECTION('',(-1.,-2.77555756156289E-17,-2.77555756156289E-17));
#9759=DIRECTION('',(3.92219534527106E-17,-0.678755080632472,-0.73436471900249));
#9760=DIRECTION('',(-1.54347752273681E-18,0.73436471900249,-0.678755080632472));
#9761=DIRECTION('',(-1.54347752273778E-18,0.734364719002507,-0.678755080632454));
#9762=DIRECTION('',(1.54347752273643E-18,-0.734364719002483,0.678755080632479));
#9763=DIRECTION('',(-1.,-2.77555756156289E-17,-2.77555756156289E-17));
#9764=DIRECTION('',(-1.,-2.77555756156289E-17,-2.77555756156289E-17));
#9765=DIRECTION('',(2.77555756156289E-17,-1.,7.70371977754893E-34));
#9766=DIRECTION('',(1.,2.77555756156289E-17,2.77555756156289E-17));
#9767=DIRECTION('',(3.92219534527129E-17,-0.678755080633583,-0.734364719001463));
#9768=DIRECTION('',(-1.,-2.77555756156289E-17,-2.77555756156289E-17));
#9769=DIRECTION('',(8.66050373809465E-18,0.533667106174078,-0.845694637435869));
#9770=DIRECTION('',(1.,2.77555756156289E-17,2.77555756156289E-17));
#9771=DIRECTION('',(8.66050373817642E-18,0.533667106172272,-0.845694637437009));
#9772=DIRECTION('',(-3.82849791760531E-17,0.845694637437009,0.533667106172272));
#9773=DIRECTION('',(-3.82849791760531E-17,0.845694637437007,0.533667106172274));
#9774=DIRECTION('',(3.82849791760532E-17,-0.845694637437003,-0.533667106172281));
#9775=DIRECTION('',(-1.,-2.77555756156289E-17,-2.77555756156289E-17));
#9776=DIRECTION('',(-2.77555756156289E-17,1.,-7.70371977754893E-34));
#9777=DIRECTION('',(2.77555756156289E-17,6.84227765783602E-49,-1.));
#9778=DIRECTION('',(-1.,-2.77555756156289E-17,-2.77555756156289E-17));
#9779=DIRECTION('',(2.77555756156289E-17,-1.,7.70371977754893E-34));
#9780=DIRECTION('',(-1.,-2.77555756156289E-17,-2.77555756156289E-17));
#9781=DIRECTION('',(-3.92219534527096E-17,0.678755080632008,0.734364719002919));
#9782=DIRECTION('',(1.,2.77555756156289E-17,2.77555756156289E-17));
#9783=DIRECTION('',(1.,2.77555756156289E-17,2.77555756156289E-17));
#9784=DIRECTION('',(8.66050373832524E-18,0.533667106168984,-0.845694637439083));
#9785=DIRECTION('',(-3.92219534527105E-17,0.678755080632429,0.73436471900253));
#9786=DIRECTION('',(1.54347752273912E-18,-0.73436471900253,0.678755080632429));
#9787=DIRECTION('',(-1.54347752273906E-18,0.734364719002529,-0.67875508063243));
#9788=DIRECTION('',(-1.,-2.77555756156289E-17,-2.77555756156289E-17));
#9789=DIRECTION('',(1.54347752273906E-18,-0.734364719002529,0.67875508063243));
#9790=DIRECTION('',(-1.,-2.77555756156289E-17,-2.77555756156289E-17));
#9791=DIRECTION('',(2.77555756156289E-17,-1.,7.70371977754893E-34));
#9792=DIRECTION('',(1.,2.77555756156289E-17,2.77555756156289E-17));
#9793=DIRECTION('',(-3.92219534527109E-17,0.678755080632635,0.734364719002339));
#9794=DIRECTION('',(-1.,-2.77555756156289E-17,-2.77555756156289E-17));
#9795=DIRECTION('',(-3.2424891989875E-17,0.18560551161104,0.982624340253998));
#9796=DIRECTION('',(-1.,-2.77555756156289E-17,-2.77555756156289E-17));
#9797=DIRECTION('',(3.25535108861854E-17,-0.191340022895413,-0.981523813077596));
#9798=DIRECTION('',(2.19320059386458E-17,-0.981523813077596,0.191340022895413));
#9799=DIRECTION('',(2.19320059386458E-17,-0.981523813077596,0.191340022895413));
#9800=DIRECTION('',(-2.19320059386458E-17,0.981523813077596,-0.191340022895413));
#9801=DIRECTION('',(-1.,-2.77555756156289E-17,-2.77555756156289E-17));
#9802=DIRECTION('',(2.77555756156289E-17,-1.,7.70371977754893E-34));
#9803=DIRECTION('',(-1.,-2.77555756156289E-17,-2.77555756156289E-17));
#9804=DIRECTION('',(2.77555756156289E-17,-1.,7.70371977754893E-34));
#9805=DIRECTION('',(1.,2.77555756156289E-17,2.77555756156289E-17));
#9806=DIRECTION('',(2.77555756156289E-17,-1.,7.70371977754893E-34));
#9807=DIRECTION('',(1.,2.77555756156289E-17,2.77555756156289E-17));
#9808=DIRECTION('',(3.31907352518332E-17,-0.975405871546271,-0.220416391752202));
#9809=DIRECTION('',(-2.09551675954286E-17,-0.220416391752202,0.975405871546271));
#9810=DIRECTION('',(2.09551675954286E-17,0.220416391752202,-0.975405871546271));
#9811=DIRECTION('',(-1.,-2.77555756156289E-17,-2.77555756156289E-17));
#9812=DIRECTION('',(-2.09551675954286E-17,-0.220416391752202,0.975405871546271));
#9813=DIRECTION('',(-1.,-2.77555756156289E-17,-2.77555756156289E-17));
#9814=DIRECTION('',(2.77555756156289E-17,-1.,7.70371977754893E-34));
#9815=DIRECTION('',(-2.77555756156286E-17,-1.04601832286568E-14,1.));
#9816=DIRECTION('',(-1.,-2.77555756156289E-17,-2.77555756156289E-17));
#9817=DIRECTION('',(2.77555756156289E-17,-1.,7.70371977754893E-34));
#9818=DIRECTION('',(2.77555756156292E-17,-1.,-1.05999949515771E-14));
#9819=DIRECTION('',(-2.77555756156286E-17,-1.05999949515771E-14,1.));
#9820=DIRECTION('',(-1.,-2.77555756156289E-17,-2.77555756156289E-17));
#9821=DIRECTION('',(2.77555756156286E-17,1.05992726530663E-14,-1.));
#9822=DIRECTION('',(-2.77555756156286E-17,-1.11946978159421E-14,1.));
#9823=DIRECTION('',(-1.01592457720055E-17,-0.499999999999419,0.866025403784774));
#9824=DIRECTION('',(-3.79148213876022E-17,0.866025403784774,0.499999999999419));
#9825=DIRECTION('',(1.,2.77555756156289E-17,2.77555756156289E-17));
#9826=DIRECTION('',(-0.299263933399769,-0.826335781401908,-0.477085185832673));
#9827=DIRECTION('',(-0.120820319327235,-0.859681241989623,-0.496337196479212));
#9828=DIRECTION('',(-1.,-2.77555756156289E-17,-2.77555756156289E-17));
#9829=DIRECTION('',(0.120820319327236,-0.859681241989623,-0.496337196479212));
#9830=DIRECTION('',(0.300626578483278,-0.825964736070861,-0.476870962710911));
#9831=DIRECTION('',(0.990268068741566,0.139173100960094,2.74854602616993E-17));
#9832=DIRECTION('',(-0.139173100960094,0.990268068741566,-3.86282952735945E-18));
#9833=DIRECTION('',(2.77555756156289E-17,6.84227765783602E-49,-1.));
#9834=DIRECTION('',(0.139173100960094,-0.990268068741566,3.86282952735945E-18));
#9835=DIRECTION('',(-0.0592906331641906,0.421874776037382,-0.904713376800851));
#9836=DIRECTION('',(-2.77555756156289E-17,-6.84227765783602E-49,1.));
#9837=DIRECTION('',(0.939692620785929,0.342020143325613,2.60817095916723E-17));
#9838=DIRECTION('',(-0.342020143325613,0.939692620785929,-9.49296595014228E-18));
#9839=DIRECTION('',(-0.342020143325613,0.939692620785929,-9.49296595014228E-18));
#9840=DIRECTION('',(-0.152032383673561,0.417705541169047,-0.895772423772472));
#9841=DIRECTION('',(0.342020143325613,-0.939692620785929,9.49296595014228E-18));
#9842=DIRECTION('',(2.77555756156289E-17,6.84227765783602E-49,-1.));
#9843=DIRECTION('',(-2.77555756156289E-17,-6.84227765783602E-49,1.));
#9844=DIRECTION('',(2.77555756156289E-17,-1.,7.70371977754893E-34));
#9845=DIRECTION('',(1.,2.77555756156289E-17,2.77555756156289E-17));
#9846=DIRECTION('',(1.,2.77555756156289E-17,2.77555756156289E-17));
#9847=DIRECTION('',(-0.340514912231407,-0.940239115623275,-9.45118739468805E-18));
#9848=DIRECTION('',(2.77555756156289E-17,-1.,7.70371977754893E-34));
#9849=DIRECTION('',(1.,2.77555756156289E-17,2.77555756156289E-17));
#9850=DIRECTION('',(-2.77555756156289E-17,-6.84227765783602E-49,1.));
#9851=DIRECTION('',(1.,2.77555756156289E-17,2.77555756156289E-17));
#9852=DIRECTION('',(-2.77555756156289E-17,-6.84227765783602E-49,1.));
#9853=DIRECTION('',(2.77555756156289E-17,-1.,7.70371977754893E-34));
#9854=DIRECTION('',(-0.340514912231407,-0.940239115623275,-9.45118739468805E-18));
#9855=DIRECTION('',(0.940239115623275,-0.340514912231407,2.60968778704538E-17));
#9856=DIRECTION('',(0.340514912231407,0.940239115623275,9.45118739468805E-18));
#9857=DIRECTION('',(-2.77555756156289E-17,-6.84227765783602E-49,1.));
#9858=DIRECTION('',(0.151292683462702,0.417753507378179,-0.895875287639906));
#9859=DIRECTION('',(3.68851074344172E-17,-0.906307787036697,-0.422618261740598));
#9860=DIRECTION('',(-1.34250811938435E-17,-0.422618261740598,0.906307787036697));
#9861=DIRECTION('',(1.,2.77555756156289E-17,2.77555756156289E-17));
#9862=DIRECTION('',(0.0592906331641906,0.421874776037382,-0.904713376800851));
#9863=DIRECTION('',(0.990268068741566,-0.139173100960094,2.74854602616993E-17));
#9864=DIRECTION('',(0.139173100960094,0.990268068741566,3.86282952735945E-18));
#9865=DIRECTION('',(0.139173100960094,0.990268068741566,3.86282952735945E-18));
#9866=DIRECTION('',(2.77555756156289E-17,6.84227765783602E-49,-1.));
#9867=DIRECTION('',(2.77555756156289E-17,6.84227765783602E-49,-1.));
#9868=DIRECTION('',(2.77555756156289E-17,-1.,7.70371977754893E-34));
#9869=DIRECTION('',(1.,2.77555756156289E-17,2.77555756156289E-17));
#9870=DIRECTION('',(-1.01592457720055E-17,-0.499999999999419,0.866025403784774));
#9871=DIRECTION('',(-3.79148213876022E-17,0.866025403784774,0.499999999999419));
#9872=DIRECTION('',(1.,2.77555756156289E-17,2.77555756156289E-17));
#9873=DIRECTION('',(-0.299263933399769,-0.826335781401908,-0.477085185832673));
#9874=DIRECTION('',(-0.120820319327235,-0.859681241989623,-0.496337196479212));
#9875=DIRECTION('',(-1.,-2.77555756156289E-17,-2.77555756156289E-17));
#9876=DIRECTION('',(0.120820319327236,-0.859681241989623,-0.496337196479212));
#9877=DIRECTION('',(0.300626578483278,-0.825964736070861,-0.476870962710911));
#9878=DIRECTION('',(0.990268068741566,0.139173100960094,2.74854602616993E-17));
#9879=DIRECTION('',(-0.139173100960094,0.990268068741566,-3.86282952735945E-18));
#9880=DIRECTION('',(2.77555756156289E-17,6.84227765783602E-49,-1.));
#9881=DIRECTION('',(0.139173100960094,-0.990268068741566,3.86282952735945E-18));
#9882=DIRECTION('',(-0.0592906331641906,0.421874776037382,-0.904713376800851));
#9883=DIRECTION('',(-2.77555756156289E-17,-6.84227765783602E-49,1.));
#9884=DIRECTION('',(0.939692620785929,0.342020143325613,2.60817095916723E-17));
#9885=DIRECTION('',(-0.342020143325613,0.939692620785929,-9.49296595014228E-18));
#9886=DIRECTION('',(-0.342020143325613,0.939692620785929,-9.49296595014228E-18));
#9887=DIRECTION('',(-0.152032383673561,0.417705541169047,-0.895772423772472));
#9888=DIRECTION('',(0.342020143325613,-0.939692620785929,9.49296595014228E-18));
#9889=DIRECTION('',(2.77555756156289E-17,6.84227765783602E-49,-1.));
#9890=DIRECTION('',(-2.77555756156289E-17,-6.84227765783602E-49,1.));
#9891=DIRECTION('',(2.77555756156289E-17,-1.,7.70371977754893E-34));
#9892=DIRECTION('',(1.,2.77555756156289E-17,2.77555756156289E-17));
#9893=DIRECTION('',(1.,2.77555756156289E-17,2.77555756156289E-17));
#9894=DIRECTION('',(-0.340514912231407,-0.940239115623275,-9.45118739468805E-18));
#9895=DIRECTION('',(2.77555756156289E-17,-1.,7.70371977754893E-34));
#9896=DIRECTION('',(1.,2.77555756156289E-17,2.77555756156289E-17));
#9897=DIRECTION('',(-2.77555756156289E-17,-6.84227765783602E-49,1.));
#9898=DIRECTION('',(1.,2.77555756156289E-17,2.77555756156289E-17));
#9899=DIRECTION('',(-2.77555756156289E-17,-6.84227765783602E-49,1.));
#9900=DIRECTION('',(2.77555756156289E-17,-1.,7.70371977754893E-34));
#9901=DIRECTION('',(-0.340514912231407,-0.940239115623275,-9.45118739468805E-18));
#9902=DIRECTION('',(0.940239115623275,-0.340514912231407,2.60968778704538E-17));
#9903=DIRECTION('',(0.340514912231407,0.940239115623275,9.45118739468805E-18));
#9904=DIRECTION('',(-2.77555756156289E-17,-6.84227765783602E-49,1.));
#9905=DIRECTION('',(0.151292683462702,0.417753507378179,-0.895875287639906));
#9906=DIRECTION('',(3.68851074344172E-17,-0.906307787036697,-0.422618261740598));
#9907=DIRECTION('',(-1.34250811938435E-17,-0.422618261740598,0.906307787036697));
#9908=DIRECTION('',(-1.,-2.77555756156289E-17,-2.77555756156289E-17));
#9909=DIRECTION('',(0.0592906331641906,0.421874776037382,-0.904713376800851));
#9910=DIRECTION('',(0.990268068741566,-0.139173100960094,2.74854602616993E-17));
#9911=DIRECTION('',(0.139173100960094,0.990268068741566,3.86282952735945E-18));
#9912=DIRECTION('',(0.139173100960094,0.990268068741566,3.86282952735945E-18));
#9913=DIRECTION('',(2.77555756156289E-17,6.84227765783602E-49,-1.));
#9914=DIRECTION('',(2.77555756156289E-17,6.84227765783602E-49,-1.));
#9915=DIRECTION('',(2.77555756156289E-17,-1.,7.70371977754893E-34));
#9916=DIRECTION('',(-1.,-2.77555756156289E-17,-2.77555756156289E-17));
#9917=DIRECTION('',(-1.01592457720055E-17,-0.499999999999419,0.866025403784774));
#9918=DIRECTION('',(-3.79148213876022E-17,0.866025403784774,0.499999999999419));
#9919=DIRECTION('',(1.,2.77555756156289E-17,2.77555756156289E-17));
#9920=DIRECTION('',(-0.299263933399769,-0.826335781401908,-0.477085185832673));
#9921=DIRECTION('',(-0.120820319327235,-0.859681241989623,-0.496337196479212));
#9922=DIRECTION('',(-1.,-2.77555756156289E-17,-2.77555756156289E-17));
#9923=DIRECTION('',(0.120820319327236,-0.859681241989623,-0.496337196479212));
#9924=DIRECTION('',(0.300626578483278,-0.825964736070861,-0.476870962710911));
#9925=DIRECTION('',(0.990268068741566,0.139173100960094,2.74854602616993E-17));
#9926=DIRECTION('',(-0.139173100960094,0.990268068741566,-3.86282952735945E-18));
#9927=DIRECTION('',(2.77555756156289E-17,6.84227765783602E-49,-1.));
#9928=DIRECTION('',(0.139173100960094,-0.990268068741566,3.86282952735945E-18));
#9929=DIRECTION('',(-0.0592906331641906,0.421874776037382,-0.904713376800851));
#9930=DIRECTION('',(-2.77555756156289E-17,-6.84227765783602E-49,1.));
#9931=DIRECTION('',(0.939692620785929,0.342020143325613,2.60817095916723E-17));
#9932=DIRECTION('',(-0.342020143325613,0.939692620785929,-9.49296595014228E-18));
#9933=DIRECTION('',(-0.342020143325613,0.939692620785929,-9.49296595014228E-18));
#9934=DIRECTION('',(-0.152032383673561,0.417705541169047,-0.895772423772472));
#9935=DIRECTION('',(0.342020143325613,-0.939692620785929,9.49296595014228E-18));
#9936=DIRECTION('',(2.77555756156289E-17,6.84227765783602E-49,-1.));
#9937=DIRECTION('',(-2.77555756156289E-17,-6.84227765783602E-49,1.));
#9938=DIRECTION('',(2.77555756156289E-17,-1.,7.70371977754893E-34));
#9939=DIRECTION('',(1.,2.77555756156289E-17,2.77555756156289E-17));
#9940=DIRECTION('',(1.,2.77555756156289E-17,2.77555756156289E-17));
#9941=DIRECTION('',(-0.340514912231407,-0.940239115623275,-9.45118739468805E-18));
#9942=DIRECTION('',(2.77555756156289E-17,-1.,7.70371977754893E-34));
#9943=DIRECTION('',(1.,2.77555756156289E-17,2.77555756156289E-17));
#9944=DIRECTION('',(-2.77555756156289E-17,-6.84227765783602E-49,1.));
#9945=DIRECTION('',(1.,2.77555756156289E-17,2.77555756156289E-17));
#9946=DIRECTION('',(-2.77555756156289E-17,-6.84227765783602E-49,1.));
#9947=DIRECTION('',(2.77555756156289E-17,-1.,7.70371977754893E-34));
#9948=DIRECTION('',(-0.340514912231407,-0.940239115623275,-9.45118739468805E-18));
#9949=DIRECTION('',(0.940239115623275,-0.340514912231407,2.60968778704538E-17));
#9950=DIRECTION('',(0.340514912231407,0.940239115623275,9.45118739468805E-18));
#9951=DIRECTION('',(-2.77555756156289E-17,-6.84227765783602E-49,1.));
#9952=DIRECTION('',(0.151292683462702,0.417753507378179,-0.895875287639906));
#9953=DIRECTION('',(3.68851074344172E-17,-0.906307787036697,-0.422618261740598));
#9954=DIRECTION('',(-1.34250811938435E-17,-0.422618261740598,0.906307787036697));
#9955=DIRECTION('',(-1.,-2.77555756156289E-17,-2.77555756156289E-17));
#9956=DIRECTION('',(0.0592906331641906,0.421874776037382,-0.904713376800851));
#9957=DIRECTION('',(0.990268068741566,-0.139173100960094,2.74854602616993E-17));
#9958=DIRECTION('',(0.139173100960094,0.990268068741566,3.86282952735945E-18));
#9959=DIRECTION('',(0.139173100960094,0.990268068741566,3.86282952735945E-18));
#9960=DIRECTION('',(2.77555756156289E-17,6.84227765783602E-49,-1.));
#9961=DIRECTION('',(2.77555756156289E-17,6.84227765783602E-49,-1.));
#9962=DIRECTION('',(2.77555756156289E-17,-1.,7.70371977754893E-34));
#9963=DIRECTION('',(1.,2.77555756156289E-17,2.77555756156289E-17));
#9964=DIRECTION('',(-1.01592457720055E-17,-0.499999999999419,0.866025403784774));
#9965=DIRECTION('',(-3.79148213876022E-17,0.866025403784774,0.499999999999419));
#9966=DIRECTION('',(1.,2.77555756156289E-17,2.77555756156289E-17));
#9967=DIRECTION('',(-0.299263933399769,-0.826335781401908,-0.477085185832673));
#9968=DIRECTION('',(-0.120820319327235,-0.859681241989623,-0.496337196479212));
#9969=DIRECTION('',(-1.,-2.77555756156289E-17,-2.77555756156289E-17));
#9970=DIRECTION('',(0.120820319327236,-0.859681241989623,-0.496337196479212));
#9971=DIRECTION('',(0.300626578483278,-0.825964736070861,-0.476870962710911));
#9972=DIRECTION('',(0.990268068741566,0.139173100960094,2.74854602616993E-17));
#9973=DIRECTION('',(-0.139173100960094,0.990268068741566,-3.86282952735945E-18));
#9974=DIRECTION('',(2.77555756156289E-17,6.84227765783602E-49,-1.));
#9975=DIRECTION('',(0.139173100960094,-0.990268068741566,3.86282952735945E-18));
#9976=DIRECTION('',(-0.0592906331641906,0.421874776037382,-0.904713376800851));
#9977=DIRECTION('',(-2.77555756156289E-17,-6.84227765783602E-49,1.));
#9978=DIRECTION('',(0.939692620785929,0.342020143325613,2.60817095916723E-17));
#9979=DIRECTION('',(-0.342020143325613,0.939692620785929,-9.49296595014228E-18));
#9980=DIRECTION('',(-0.342020143325613,0.939692620785929,-9.49296595014228E-18));
#9981=DIRECTION('',(-0.152032383673561,0.417705541169047,-0.895772423772472));
#9982=DIRECTION('',(0.342020143325613,-0.939692620785929,9.49296595014228E-18));
#9983=DIRECTION('',(2.77555756156289E-17,6.84227765783602E-49,-1.));
#9984=DIRECTION('',(-2.77555756156289E-17,-6.84227765783602E-49,1.));
#9985=DIRECTION('',(2.77555756156289E-17,-1.,7.70371977754893E-34));
#9986=DIRECTION('',(1.,2.77555756156289E-17,2.77555756156289E-17));
#9987=DIRECTION('',(1.,2.77555756156289E-17,2.77555756156289E-17));
#9988=DIRECTION('',(-0.340514912231407,-0.940239115623275,-9.45118739468805E-18));
#9989=DIRECTION('',(2.77555756156289E-17,-1.,7.70371977754893E-34));
#9990=DIRECTION('',(1.,2.77555756156289E-17,2.77555756156289E-17));
#9991=DIRECTION('',(-2.77555756156289E-17,-6.84227765783602E-49,1.));
#9992=DIRECTION('',(1.,2.77555756156289E-17,2.77555756156289E-17));
#9993=DIRECTION('',(-2.77555756156289E-17,-6.84227765783602E-49,1.));
#9994=DIRECTION('',(2.77555756156289E-17,-1.,7.70371977754893E-34));
#9995=DIRECTION('',(-0.340514912231407,-0.940239115623275,-9.45118739468805E-18));
#9996=DIRECTION('',(0.940239115623275,-0.340514912231407,2.60968778704538E-17));
#9997=DIRECTION('',(0.340514912231407,0.940239115623275,9.45118739468805E-18));
#9998=DIRECTION('',(-2.77555756156289E-17,-6.84227765783602E-49,1.));
#9999=DIRECTION('',(0.151292683462702,0.417753507378179,-0.895875287639906));
#10000=DIRECTION('',(3.68851074344172E-17,-0.906307787036697,-0.422618261740598));
#10001=DIRECTION('',(-1.34250811938435E-17,-0.422618261740598,0.906307787036697));
#10002=DIRECTION('',(1.,2.77555756156289E-17,2.77555756156289E-17));
#10003=DIRECTION('',(0.0592906331641906,0.421874776037382,-0.904713376800851));
#10004=DIRECTION('',(0.990268068741566,-0.139173100960094,2.74854602616993E-17));
#10005=DIRECTION('',(0.139173100960094,0.990268068741566,3.86282952735945E-18));
#10006=DIRECTION('',(0.139173100960094,0.990268068741566,3.86282952735945E-18));
#10007=DIRECTION('',(2.77555756156289E-17,6.84227765783602E-49,-1.));
#10008=DIRECTION('',(2.77555756156289E-17,6.84227765783602E-49,-1.));
#10009=DIRECTION('',(2.77555756156289E-17,-1.,7.70371977754893E-34));
#10010=DIRECTION('',(1.,2.77555756156289E-17,2.77555756156289E-17));
#10011=DIRECTION('',(-1.01592457720055E-17,-0.499999999999419,0.866025403784774));
#10012=DIRECTION('',(-3.79148213876022E-17,0.866025403784774,0.499999999999419));
#10013=DIRECTION('',(1.,2.77555756156289E-17,2.77555756156289E-17));
#10014=DIRECTION('',(-0.299263933399769,-0.826335781401908,-0.477085185832673));
#10015=DIRECTION('',(-0.120820319327235,-0.859681241989623,-0.496337196479212));
#10016=DIRECTION('',(-1.,-2.77555756156289E-17,-2.77555756156289E-17));
#10017=DIRECTION('',(0.120820319327236,-0.859681241989623,-0.496337196479212));
#10018=DIRECTION('',(0.300626578483278,-0.825964736070861,-0.476870962710911));
#10019=DIRECTION('',(0.990268068741566,0.139173100960094,2.74854602616993E-17));
#10020=DIRECTION('',(-0.139173100960094,0.990268068741566,-3.86282952735945E-18));
#10021=DIRECTION('',(2.77555756156289E-17,6.84227765783602E-49,-1.));
#10022=DIRECTION('',(0.139173100960094,-0.990268068741566,3.86282952735945E-18));
#10023=DIRECTION('',(-0.0592906331641906,0.421874776037382,-0.904713376800851));
#10024=DIRECTION('',(-2.77555756156289E-17,-6.84227765783602E-49,1.));
#10025=DIRECTION('',(0.939692620785929,0.342020143325613,2.60817095916723E-17));
#10026=DIRECTION('',(-0.342020143325613,0.939692620785929,-9.49296595014228E-18));
#10027=DIRECTION('',(-0.342020143325613,0.939692620785929,-9.49296595014228E-18));
#10028=DIRECTION('',(-0.152032383673561,0.417705541169047,-0.895772423772472));
#10029=DIRECTION('',(0.342020143325613,-0.939692620785929,9.49296595014228E-18));
#10030=DIRECTION('',(2.77555756156289E-17,6.84227765783602E-49,-1.));
#10031=DIRECTION('',(-2.77555756156289E-17,-6.84227765783602E-49,1.));
#10032=DIRECTION('',(2.77555756156289E-17,-1.,7.70371977754893E-34));
#10033=DIRECTION('',(1.,2.77555756156289E-17,2.77555756156289E-17));
#10034=DIRECTION('',(1.,2.77555756156289E-17,2.77555756156289E-17));
#10035=DIRECTION('',(-0.340514912231407,-0.940239115623275,-9.45118739468805E-18));
#10036=DIRECTION('',(2.77555756156289E-17,-1.,7.70371977754893E-34));
#10037=DIRECTION('',(1.,2.77555756156289E-17,2.77555756156289E-17));
#10038=DIRECTION('',(-2.77555756156289E-17,-6.84227765783602E-49,1.));
#10039=DIRECTION('',(1.,2.77555756156289E-17,2.77555756156289E-17));
#10040=DIRECTION('',(-2.77555756156289E-17,-6.84227765783602E-49,1.));
#10041=DIRECTION('',(2.77555756156289E-17,-1.,7.70371977754893E-34));
#10042=DIRECTION('',(-0.340514912231407,-0.940239115623275,-9.45118739468805E-18));
#10043=DIRECTION('',(0.940239115623275,-0.340514912231407,2.60968778704538E-17));
#10044=DIRECTION('',(0.340514912231407,0.940239115623275,9.45118739468805E-18));
#10045=DIRECTION('',(-2.77555756156289E-17,-6.84227765783602E-49,1.));
#10046=DIRECTION('',(0.151292683462702,0.417753507378179,-0.895875287639906));
#10047=DIRECTION('',(3.68851074344172E-17,-0.906307787036697,-0.422618261740598));
#10048=DIRECTION('',(-1.34250811938435E-17,-0.422618261740598,0.906307787036697));
#10049=DIRECTION('',(1.,2.77555756156289E-17,2.77555756156289E-17));
#10050=DIRECTION('',(0.0592906331641906,0.421874776037382,-0.904713376800851));
#10051=DIRECTION('',(0.990268068741566,-0.139173100960094,2.74854602616993E-17));
#10052=DIRECTION('',(0.139173100960094,0.990268068741566,3.86282952735945E-18));
#10053=DIRECTION('',(0.139173100960094,0.990268068741566,3.86282952735945E-18));
#10054=DIRECTION('',(2.77555756156289E-17,6.84227765783602E-49,-1.));
#10055=DIRECTION('',(2.77555756156289E-17,6.84227765783602E-49,-1.));
#10056=DIRECTION('',(2.77555756156289E-17,-1.,7.70371977754893E-34));
#10057=DIRECTION('',(-1.,-2.77555756156289E-17,-2.77555756156289E-17));
#10058=DIRECTION('',(2.77555756156289E-17,-1.,7.70371977754893E-34));
#10059=DIRECTION('',(1.,2.77555756156289E-17,2.77555756156289E-17));
#10060=DIRECTION('',(1.,2.77555756156289E-17,2.77555756156289E-17));
#10061=DIRECTION('',(-2.77555756156289E-17,-6.84227765783602E-49,1.));
#10062=DIRECTION('',(1.,2.77555756156289E-17,2.77555756156289E-17));
#10063=DIRECTION('',(2.77555756156289E-17,6.84227765783602E-49,-1.));
#10064=DIRECTION('',(-2.77555756156289E-17,-6.84227765783602E-49,1.));
#10065=DIRECTION('',(2.77555756156289E-17,-1.,7.70371977754893E-34));
#10066=DIRECTION('',(-0.340514912231407,0.940239115623275,-9.45118739468805E-18));
#10067=DIRECTION('',(1.,2.77555756156289E-17,2.77555756156289E-17));
#10068=DIRECTION('',(2.77555756156289E-17,-1.,7.70371977754893E-34));
#10069=DIRECTION('',(-1.,-2.77555756156289E-17,-2.77555756156289E-17));
#10070=DIRECTION('',(2.77555756156289E-17,-1.,7.70371977754893E-34));
#10071=DIRECTION('',(2.77555756156289E-17,6.84227765783602E-49,-1.));
#10072=DIRECTION('',(2.77555756156289E-17,-1.,7.70371977754893E-34));
#10073=DIRECTION('',(-2.77555756156289E-17,-6.84227765783602E-49,1.));
#10074=DIRECTION('',(2.77555756156289E-17,-1.,7.70371977754893E-34));
#10075=DIRECTION('',(1.,2.77555756156289E-17,2.77555756156289E-17));
#10076=DIRECTION('',(0.340514912231407,-0.940239115623275,9.45118739468805E-18));
#10077=DIRECTION('',(0.940239115623275,0.340514912231407,2.60968778704538E-17));
#10078=DIRECTION('',(-0.340514912231407,0.940239115623275,-9.45118739468805E-18));
#10079=DIRECTION('',(-0.151292683462702,0.417753507378179,-0.895875287639906));
#10080=DIRECTION('',(0.29926393339977,-0.826335781401908,-0.477085185832673));
#10081=DIRECTION('',(-2.77555756156289E-17,-6.84227765783602E-49,1.));
#10082=DIRECTION('',(3.68851074344172E-17,-0.906307787036697,-0.422618261740598));
#10083=DIRECTION('',(-1.34250811938435E-17,-0.422618261740598,0.906307787036697));
#10084=DIRECTION('',(1.,2.77555756156289E-17,2.77555756156289E-17));
#10085=DIRECTION('',(-0.0369490590098304,-0.42232967702004,0.905688915106306));
#10086=DIRECTION('',(-0.0592906331641906,0.421874776037382,-0.904713376800851));
#10087=DIRECTION('',(-0.996194698091743,0.0871557427476862,-2.7649957270774E-17));
#10088=DIRECTION('',(-0.0871557427476862,-0.996194698091743,-2.4190578081697E-18));
#10089=DIRECTION('',(2.77555756156289E-17,6.84227765783602E-49,-1.));
#10090=DIRECTION('',(0.075550858101184,0.863550259614754,0.498570974846577));
#10091=DIRECTION('',(0.0871557427476862,0.996194698091743,2.4190578081697E-18));
#10092=DIRECTION('',(-1.01592457720055E-17,-0.499999999999419,0.866025403784774));
#10093=DIRECTION('',(-3.79148213876022E-17,0.866025403784774,0.499999999999419));
#10094=DIRECTION('',(-1.,-2.77555756156289E-17,-2.77555756156289E-17));
#10095=DIRECTION('',(0.120820319327236,-0.859681241989623,-0.496337196479212));
#10096=DIRECTION('',(0.990268068741566,0.139173100960094,2.74854602616993E-17));
#10097=DIRECTION('',(-0.139173100960094,0.990268068741566,-3.86282952735945E-18));
#10098=DIRECTION('',(2.77555756156289E-17,6.84227765783602E-49,-1.));
#10099=DIRECTION('',(0.139173100960094,-0.990268068741566,3.86282952735945E-18));
#10100=DIRECTION('',(2.77555756156289E-17,6.84227765783602E-49,-1.));
#10101=DIRECTION('',(2.77555756156289E-17,-1.,7.70371977754893E-34));
#10102=DIRECTION('',(-1.,-2.77555756156289E-17,-2.77555756156289E-17));
#10103=DIRECTION('',(-1.01592457720055E-17,-0.499999999999419,0.866025403784774));
#10104=DIRECTION('',(-3.79148213876022E-17,0.866025403784774,0.499999999999419));
#10105=DIRECTION('',(1.,2.77555756156289E-17,2.77555756156289E-17));
#10106=DIRECTION('',(-0.299263933399769,-0.826335781401908,-0.477085185832673));
#10107=DIRECTION('',(-0.120820319327235,-0.859681241989623,-0.496337196479212));
#10108=DIRECTION('',(-1.,-2.77555756156289E-17,-2.77555756156289E-17));
#10109=DIRECTION('',(0.120820319327236,-0.859681241989623,-0.496337196479212));
#10110=DIRECTION('',(0.300626578483278,-0.825964736070861,-0.476870962710911));
#10111=DIRECTION('',(0.990268068741566,0.139173100960094,2.74854602616993E-17));
#10112=DIRECTION('',(-0.139173100960094,0.990268068741566,-3.86282952735945E-18));
#10113=DIRECTION('',(2.77555756156289E-17,6.84227765783602E-49,-1.));
#10114=DIRECTION('',(0.139173100960094,-0.990268068741566,3.86282952735945E-18));
#10115=DIRECTION('',(-0.0592906331641906,0.421874776037382,-0.904713376800851));
#10116=DIRECTION('',(-2.77555756156289E-17,-6.84227765783602E-49,1.));
#10117=DIRECTION('',(0.939692620785929,0.342020143325613,2.60817095916723E-17));
#10118=DIRECTION('',(-0.342020143325613,0.939692620785929,-9.49296595014228E-18));
#10119=DIRECTION('',(-0.342020143325613,0.939692620785929,-9.49296595014228E-18));
#10120=DIRECTION('',(-0.152032383673561,0.417705541169047,-0.895772423772472));
#10121=DIRECTION('',(0.342020143325613,-0.939692620785929,9.49296595014228E-18));
#10122=DIRECTION('',(2.77555756156289E-17,6.84227765783602E-49,-1.));
#10123=DIRECTION('',(-2.77555756156289E-17,-6.84227765783602E-49,1.));
#10124=DIRECTION('',(2.77555756156289E-17,-1.,7.70371977754893E-34));
#10125=DIRECTION('',(1.,2.77555756156289E-17,2.77555756156289E-17));
#10126=DIRECTION('',(1.,2.77555756156289E-17,2.77555756156289E-17));
#10127=DIRECTION('',(-0.340514912231407,-0.940239115623275,-9.45118739468805E-18));
#10128=DIRECTION('',(2.77555756156289E-17,-1.,7.70371977754893E-34));
#10129=DIRECTION('',(1.,2.77555756156289E-17,2.77555756156289E-17));
#10130=DIRECTION('',(-2.77555756156289E-17,-6.84227765783602E-49,1.));
#10131=DIRECTION('',(1.,2.77555756156289E-17,2.77555756156289E-17));
#10132=DIRECTION('',(-2.77555756156289E-17,-6.84227765783602E-49,1.));
#10133=DIRECTION('',(2.77555756156289E-17,-1.,7.70371977754893E-34));
#10134=DIRECTION('',(-0.340514912231407,-0.940239115623275,-9.45118739468805E-18));
#10135=DIRECTION('',(0.940239115623275,-0.340514912231407,2.60968778704538E-17));
#10136=DIRECTION('',(0.340514912231407,0.940239115623275,9.45118739468805E-18));
#10137=DIRECTION('',(-2.77555756156289E-17,-6.84227765783602E-49,1.));
#10138=DIRECTION('',(0.151292683462702,0.417753507378179,-0.895875287639906));
#10139=DIRECTION('',(3.68851074344172E-17,-0.906307787036697,-0.422618261740598));
#10140=DIRECTION('',(-1.34250811938435E-17,-0.422618261740598,0.906307787036697));
#10141=DIRECTION('',(-1.,-2.77555756156289E-17,-2.77555756156289E-17));
#10142=DIRECTION('',(0.0592906331641906,0.421874776037382,-0.904713376800851));
#10143=DIRECTION('',(0.990268068741566,-0.139173100960094,2.74854602616993E-17));
#10144=DIRECTION('',(0.139173100960094,0.990268068741566,3.86282952735945E-18));
#10145=DIRECTION('',(0.139173100960094,0.990268068741566,3.86282952735945E-18));
#10146=DIRECTION('',(2.77555756156289E-17,6.84227765783602E-49,-1.));
#10147=DIRECTION('',(2.77555756156289E-17,6.84227765783602E-49,-1.));
#10148=DIRECTION('',(2.77555756156289E-17,-1.,7.70371977754893E-34));
#10149=DIRECTION('',(-1.,-2.77555756156289E-17,-2.77555756156289E-17));
#10150=DIRECTION('',(-1.01592457720055E-17,-0.499999999999419,0.866025403784774));
#10151=DIRECTION('',(-3.79148213876022E-17,0.866025403784774,0.499999999999419));
#10152=DIRECTION('',(1.,2.77555756156289E-17,2.77555756156289E-17));
#10153=DIRECTION('',(-0.299263933399769,-0.826335781401908,-0.477085185832673));
#10154=DIRECTION('',(-0.120820319327235,-0.859681241989623,-0.496337196479212));
#10155=DIRECTION('',(-1.,-2.77555756156289E-17,-2.77555756156289E-17));
#10156=DIRECTION('',(0.120820319327236,-0.859681241989623,-0.496337196479212));
#10157=DIRECTION('',(0.300626578483278,-0.825964736070861,-0.476870962710911));
#10158=DIRECTION('',(0.990268068741566,0.139173100960094,2.74854602616993E-17));
#10159=DIRECTION('',(-0.139173100960094,0.990268068741566,-3.86282952735945E-18));
#10160=DIRECTION('',(2.77555756156289E-17,6.84227765783602E-49,-1.));
#10161=DIRECTION('',(0.139173100960094,-0.990268068741566,3.86282952735945E-18));
#10162=DIRECTION('',(-0.0592906331641906,0.421874776037382,-0.904713376800851));
#10163=DIRECTION('',(-2.77555756156289E-17,-6.84227765783602E-49,1.));
#10164=DIRECTION('',(0.939692620785929,0.342020143325613,2.60817095916723E-17));
#10165=DIRECTION('',(-0.342020143325613,0.939692620785929,-9.49296595014228E-18));
#10166=DIRECTION('',(-0.342020143325613,0.939692620785929,-9.49296595014228E-18));
#10167=DIRECTION('',(-0.152032383673561,0.417705541169047,-0.895772423772472));
#10168=DIRECTION('',(0.342020143325613,-0.939692620785929,9.49296595014228E-18));
#10169=DIRECTION('',(2.77555756156289E-17,6.84227765783602E-49,-1.));
#10170=DIRECTION('',(-2.77555756156289E-17,-6.84227765783602E-49,1.));
#10171=DIRECTION('',(2.77555756156289E-17,-1.,7.70371977754893E-34));
#10172=DIRECTION('',(1.,2.77555756156289E-17,2.77555756156289E-17));
#10173=DIRECTION('',(1.,2.77555756156289E-17,2.77555756156289E-17));
#10174=DIRECTION('',(-0.340514912231407,-0.940239115623275,-9.45118739468805E-18));
#10175=DIRECTION('',(2.77555756156289E-17,-1.,7.70371977754893E-34));
#10176=DIRECTION('',(1.,2.77555756156289E-17,2.77555756156289E-17));
#10177=DIRECTION('',(-2.77555756156289E-17,-6.84227765783602E-49,1.));
#10178=DIRECTION('',(1.,2.77555756156289E-17,2.77555756156289E-17));
#10179=DIRECTION('',(-2.77555756156289E-17,-6.84227765783602E-49,1.));
#10180=DIRECTION('',(2.77555756156289E-17,-1.,7.70371977754893E-34));
#10181=DIRECTION('',(-0.340514912231407,-0.940239115623275,-9.45118739468805E-18));
#10182=DIRECTION('',(0.940239115623275,-0.340514912231407,2.60968778704538E-17));
#10183=DIRECTION('',(0.340514912231407,0.940239115623275,9.45118739468805E-18));
#10184=DIRECTION('',(-2.77555756156289E-17,-6.84227765783602E-49,1.));
#10185=DIRECTION('',(0.151292683462702,0.417753507378179,-0.895875287639906));
#10186=DIRECTION('',(3.68851074344172E-17,-0.906307787036697,-0.422618261740598));
#10187=DIRECTION('',(-1.34250811938435E-17,-0.422618261740598,0.906307787036697));
#10188=DIRECTION('',(-1.,-2.77555756156289E-17,-2.77555756156289E-17));
#10189=DIRECTION('',(0.0592906331641906,0.421874776037382,-0.904713376800851));
#10190=DIRECTION('',(0.990268068741566,-0.139173100960094,2.74854602616993E-17));
#10191=DIRECTION('',(0.139173100960094,0.990268068741566,3.86282952735945E-18));
#10192=DIRECTION('',(0.139173100960094,0.990268068741566,3.86282952735945E-18));
#10193=DIRECTION('',(2.77555756156289E-17,6.84227765783602E-49,-1.));
#10194=DIRECTION('',(2.77555756156289E-17,6.84227765783602E-49,-1.));
#10195=DIRECTION('',(2.77555756156289E-17,-1.,7.70371977754893E-34));
#10196=DIRECTION('',(-1.,-2.77555756156289E-17,-2.77555756156289E-17));
#10197=DIRECTION('',(-1.01592457720055E-17,-0.499999999999419,0.866025403784774));
#10198=DIRECTION('',(-3.79148213876022E-17,0.866025403784774,0.499999999999419));
#10199=DIRECTION('',(1.,2.77555756156289E-17,2.77555756156289E-17));
#10200=DIRECTION('',(-0.299263933399769,-0.826335781401908,-0.477085185832673));
#10201=DIRECTION('',(-0.120820319327235,-0.859681241989623,-0.496337196479212));
#10202=DIRECTION('',(-1.,-2.77555756156289E-17,-2.77555756156289E-17));
#10203=DIRECTION('',(0.120820319327236,-0.859681241989623,-0.496337196479212));
#10204=DIRECTION('',(0.300626578483278,-0.825964736070861,-0.476870962710911));
#10205=DIRECTION('',(0.990268068741566,0.139173100960094,2.74854602616993E-17));
#10206=DIRECTION('',(-0.139173100960094,0.990268068741566,-3.86282952735945E-18));
#10207=DIRECTION('',(2.77555756156289E-17,6.84227765783602E-49,-1.));
#10208=DIRECTION('',(0.139173100960094,-0.990268068741566,3.86282952735945E-18));
#10209=DIRECTION('',(-0.0592906331641906,0.421874776037382,-0.904713376800851));
#10210=DIRECTION('',(-2.77555756156289E-17,-6.84227765783602E-49,1.));
#10211=DIRECTION('',(0.939692620785929,0.342020143325613,2.60817095916723E-17));
#10212=DIRECTION('',(-0.342020143325613,0.939692620785929,-9.49296595014228E-18));
#10213=DIRECTION('',(-0.342020143325613,0.939692620785929,-9.49296595014228E-18));
#10214=DIRECTION('',(-0.152032383673561,0.417705541169047,-0.895772423772472));
#10215=DIRECTION('',(0.342020143325613,-0.939692620785929,9.49296595014228E-18));
#10216=DIRECTION('',(2.77555756156289E-17,6.84227765783602E-49,-1.));
#10217=DIRECTION('',(-2.77555756156289E-17,-6.84227765783602E-49,1.));
#10218=DIRECTION('',(2.77555756156289E-17,-1.,7.70371977754893E-34));
#10219=DIRECTION('',(1.,2.77555756156289E-17,2.77555756156289E-17));
#10220=DIRECTION('',(1.,2.77555756156289E-17,2.77555756156289E-17));
#10221=DIRECTION('',(-0.340514912231407,-0.940239115623275,-9.45118739468805E-18));
#10222=DIRECTION('',(2.77555756156289E-17,-1.,7.70371977754893E-34));
#10223=DIRECTION('',(1.,2.77555756156289E-17,2.77555756156289E-17));
#10224=DIRECTION('',(-2.77555756156289E-17,-6.84227765783602E-49,1.));
#10225=DIRECTION('',(1.,2.77555756156289E-17,2.77555756156289E-17));
#10226=DIRECTION('',(-2.77555756156289E-17,-6.84227765783602E-49,1.));
#10227=DIRECTION('',(2.77555756156289E-17,-1.,7.70371977754893E-34));
#10228=DIRECTION('',(-0.340514912231407,-0.940239115623275,-9.45118739468805E-18));
#10229=DIRECTION('',(0.940239115623275,-0.340514912231407,2.60968778704538E-17));
#10230=DIRECTION('',(0.340514912231407,0.940239115623275,9.45118739468805E-18));
#10231=DIRECTION('',(-2.77555756156289E-17,-6.84227765783602E-49,1.));
#10232=DIRECTION('',(0.151292683462702,0.417753507378179,-0.895875287639906));
#10233=DIRECTION('',(3.68851074344172E-17,-0.906307787036697,-0.422618261740598));
#10234=DIRECTION('',(-1.34250811938435E-17,-0.422618261740598,0.906307787036697));
#10235=DIRECTION('',(1.,2.77555756156289E-17,2.77555756156289E-17));
#10236=DIRECTION('',(0.0592906331641906,0.421874776037382,-0.904713376800851));
#10237=DIRECTION('',(0.990268068741566,-0.139173100960094,2.74854602616993E-17));
#10238=DIRECTION('',(0.139173100960094,0.990268068741566,3.86282952735945E-18));
#10239=DIRECTION('',(0.139173100960094,0.990268068741566,3.86282952735945E-18));
#10240=DIRECTION('',(2.77555756156289E-17,6.84227765783602E-49,-1.));
#10241=DIRECTION('',(2.77555756156289E-17,6.84227765783602E-49,-1.));
#10242=DIRECTION('',(2.77555756156289E-17,-1.,7.70371977754893E-34));
#10243=DIRECTION('',(1.,2.77555756156289E-17,2.77555756156289E-17));
#10244=DIRECTION('',(-1.01592457720055E-17,-0.499999999999419,0.866025403784774));
#10245=DIRECTION('',(-3.79148213876022E-17,0.866025403784774,0.499999999999419));
#10246=DIRECTION('',(1.,2.77555756156289E-17,2.77555756156289E-17));
#10247=DIRECTION('',(-0.299263933399765,-0.82633578140191,-0.477085185832672));
#10248=DIRECTION('',(-0.12082031932723,-0.859681241989624,-0.496337196479211));
#10249=DIRECTION('',(-1.,-2.77555756156289E-17,-2.77555756156289E-17));
#10250=DIRECTION('',(0.0755508581011846,-0.863550259614756,-0.498570974846573));
#10251=DIRECTION('',(-0.996194698091743,-0.0871557427476862,-2.7649957270774E-17));
#10252=DIRECTION('',(0.0871557427476862,-0.996194698091743,2.41905780816971E-18));
#10253=DIRECTION('',(-2.77555756156289E-17,-6.84227765783602E-49,1.));
#10254=DIRECTION('',(2.77555756156289E-17,6.84227765783602E-49,-1.));
#10255=DIRECTION('',(0.087155742747682,-0.996194698091743,2.41905780816959E-18));
#10256=DIRECTION('',(-0.0369490590098311,0.422329677020036,-0.905688915106307));
#10257=DIRECTION('',(-1.,-2.77555756156289E-17,-2.77555756156289E-17));
#10258=DIRECTION('',(2.77555756156289E-17,-1.,7.70371977754893E-34));
#10259=DIRECTION('',(2.77555756156289E-17,-1.,7.70371977754893E-34));
#10260=DIRECTION('',(-2.77555756156289E-17,1.,-7.70371977754893E-34));
#10261=DIRECTION('',(-2.77555756156289E-17,-6.84227765783602E-49,1.));
#10262=DIRECTION('',(-2.77555756156289E-17,-6.84227765783602E-49,1.));
#10263=DIRECTION('',(2.77555756156289E-17,-1.,7.70371977754893E-34));
#10264=DIRECTION('',(1.,2.77555756156289E-17,2.77555756156289E-17));
#10265=DIRECTION('',(1.,2.77555756156289E-17,2.77555756156289E-17));
#10266=DIRECTION('',(0.340514912231407,0.940239115623275,9.45118739468805E-18));
#10267=DIRECTION('',(2.77555756156289E-17,-1.,7.70371977754893E-34));
#10268=DIRECTION('',(1.,2.77555756156289E-17,2.77555756156289E-17));
#10269=DIRECTION('',(-2.77555756156289E-17,-6.84227765783602E-49,1.));
#10270=DIRECTION('',(1.,2.77555756156289E-17,2.77555756156289E-17));
#10271=DIRECTION('',(-2.77555756156289E-17,-6.84227765783602E-49,1.));
#10272=DIRECTION('',(2.77555756156289E-17,-1.,7.70371977754893E-34));
#10273=DIRECTION('',(-0.340514912231407,-0.940239115623275,-9.45118739468805E-18));
#10274=DIRECTION('',(0.940239115623275,-0.340514912231407,2.60968778704538E-17));
#10275=DIRECTION('',(0.340514912231407,0.940239115623275,9.45118739468805E-18));
#10276=DIRECTION('',(-2.77555756156289E-17,-6.84227765783602E-49,1.));
#10277=DIRECTION('',(0.151292683462698,0.41775350737818,-0.895875287639906));
#10278=DIRECTION('',(3.68851074344172E-17,-0.906307787036697,-0.422618261740598));
#10279=DIRECTION('',(-1.34250811938435E-17,-0.422618261740598,0.906307787036697));
#10280=DIRECTION('',(-1.,-2.77555756156289E-17,-2.77555756156289E-17));
#10281=DIRECTION('',(0.0592906331641838,0.421874776037382,-0.904713376800851));
#10282=DIRECTION('',(0.990268068741566,-0.139173100960094,2.74854602616993E-17));
#10283=DIRECTION('',(0.139173100960094,0.990268068741566,3.86282952735945E-18));
#10284=DIRECTION('',(0.139173100960073,0.990268068741569,3.86282952735886E-18));
#10285=DIRECTION('',(2.77555756156289E-17,6.84227765783602E-49,-1.));
#10286=DIRECTION('',(2.77555756156289E-17,6.84227765783602E-49,-1.));
#10287=DIRECTION('',(2.77555756156289E-17,-1.,7.70371977754893E-34));
#10288=DIRECTION('',(1.,2.77555756156289E-17,2.77555756156289E-17));
#10289=DIRECTION('',(-2.77555756156289E-17,-6.84227765783602E-49,1.));
#10290=DIRECTION('',(0.707106781186548,-0.707106781186547,1.96261557335472E-17));
#10291=DIRECTION('',(-2.77555756156289E-17,-6.84227765783602E-49,1.));
#10292=DIRECTION('',(-1.,-2.77555756156289E-17,-2.77555756156289E-17));
#10293=DIRECTION('',(0.707106781186547,0.707106781186548,1.96261557335472E-17));
#10294=DIRECTION('',(0.707106781186548,-0.707106781186547,1.96261557335472E-17));
#10295=DIRECTION('',(2.77555756156289E-17,6.84227765783602E-49,-1.));
#10296=DIRECTION('',(-2.77555756156289E-17,-6.84227765783602E-49,1.));
#10297=DIRECTION('',(-0.707106781186547,-0.707106781186548,-1.96261557335472E-17));
#10298=DIRECTION('',(2.77555756156289E-17,6.84227765783602E-49,-1.));
#10299=DIRECTION('',(-2.77555756156289E-17,-6.84227765783602E-49,1.));
#10300=DIRECTION('',(0.707106781186548,-0.707106781186547,1.96261557335472E-17));
#10301=DIRECTION('',(-2.77555756156289E-17,-6.84227765783602E-49,1.));
#10302=DIRECTION('',(-1.,-2.77555756156289E-17,-2.77555756156289E-17));
#10303=DIRECTION('',(-0.707106781186547,-0.707106781186548,-1.96261557335472E-17));
#10304=DIRECTION('',(-2.77555756156289E-17,-6.84227765783602E-49,1.));
#10305=DIRECTION('',(-1.,-2.77555756156289E-17,-2.77555756156289E-17));
#10306=DIRECTION('',(-0.707106781186548,0.707106781186547,-1.96261557335472E-17));
#10307=DIRECTION('',(-2.77555756156289E-17,-6.84227765783602E-49,1.));
#10308=DIRECTION('',(2.77555756156289E-17,6.84227765783602E-49,-1.));
#10309=DIRECTION('',(0.707106781186547,0.707106781186548,1.96261557335472E-17));
#10310=DIRECTION('',(-2.77555756156289E-17,-6.84227765783602E-49,1.));
#10311=DIRECTION('',(-2.77555756156289E-17,-6.84227765783602E-49,1.));
#10312=DIRECTION('',(0.707106781186548,-0.707106781186547,1.96261557335472E-17));
#10313=DIRECTION('',(-2.77555756156289E-17,-6.84227765783602E-49,1.));
#10314=DIRECTION('',(-1.,-2.77555756156289E-17,-2.77555756156289E-17));
#10315=DIRECTION('',(-2.77555756156289E-17,1.,-7.70371977754893E-34));
#10316=DIRECTION('',(2.77555756156289E-17,6.84227765783602E-49,-1.));
#10317=DIRECTION('',(2.77555756156289E-17,-1.,7.70371977754893E-34));
#10318=DIRECTION('',(-2.77555756156289E-17,-6.84227765783602E-49,1.));
#10319=DIRECTION('',(-2.77555756156289E-17,1.,-7.70371977754893E-34));
#10320=DIRECTION('',(1.,2.77555756156289E-17,2.77555756156289E-17));
#10321=DIRECTION('',(-2.77555756156289E-17,-6.84227765783602E-49,1.));
#10322=DIRECTION('',(0.707106781186547,-0.707106781186548,1.96261557335472E-17));
#10323=DIRECTION('',(2.77555756156289E-17,6.84227765783602E-49,-1.));
#10324=DIRECTION('',(1.,2.77555756156289E-17,2.77555756156289E-17));
#10325=DIRECTION('',(2.77555756156289E-17,6.84227765783602E-49,-1.));
#10326=DIRECTION('',(2.77555756156289E-17,-1.,7.70371977754893E-34));
#10327=DIRECTION('',(-2.77555756156289E-17,-6.84227765783602E-49,1.));
#10328=DIRECTION('',(1.,2.77555756156289E-17,2.77555756156289E-17));
#10329=DIRECTION('',(-2.77555756156289E-17,1.,-7.70371977754893E-34));
#10330=DIRECTION('',(2.77555756156289E-17,6.84227765783602E-49,-1.));
#10331=DIRECTION('',(2.77555756156289E-17,-1.,7.70371977754893E-34));
#10332=DIRECTION('',(3.04795871081914E-14,8.452081127368E-31,-1.));
#10333=DIRECTION('',(-2.77555756156289E-17,-6.84227765783602E-49,1.));
#10334=DIRECTION('',(2.77555756156289E-17,-1.,7.70371977754893E-34));
#10335=DIRECTION('',(2.77555756156289E-17,6.84227765783602E-49,-1.));
#10336=DIRECTION('',(-2.77555756156289E-17,1.,-7.70371977754893E-34));
#10337=DIRECTION('',(-2.77555756156289E-17,-6.84227765783602E-49,1.));
#10338=DIRECTION('',(0.707106781186548,-0.707106781186547,1.96261557335472E-17));
#10339=DIRECTION('',(-2.77555756156289E-17,-6.84227765783602E-49,1.));
#10340=DIRECTION('',(-1.,-2.77555756156289E-17,-2.77555756156289E-17));
#10341=DIRECTION('',(0.707106781186547,0.707106781186548,1.96261557335472E-17));
#10342=DIRECTION('',(0.707106781186548,-0.707106781186547,1.96261557335472E-17));
#10343=DIRECTION('',(2.77555756156289E-17,6.84227765783602E-49,-1.));
#10344=DIRECTION('',(-2.77555756156289E-17,-6.84227765783602E-49,1.));
#10345=DIRECTION('',(-0.707106781186547,-0.707106781186548,-1.96261557335472E-17));
#10346=DIRECTION('',(2.77555756156289E-17,6.84227765783602E-49,-1.));
#10347=DIRECTION('',(-2.77555756156289E-17,-6.84227765783602E-49,1.));
#10348=DIRECTION('',(0.707106781186548,-0.707106781186547,1.96261557335472E-17));
#10349=DIRECTION('',(-2.77555756156289E-17,-6.84227765783602E-49,1.));
#10350=DIRECTION('',(-1.,-2.77555756156289E-17,-2.77555756156289E-17));
#10351=DIRECTION('',(-0.707106781186547,-0.707106781186548,-1.96261557335472E-17));
#10352=DIRECTION('',(-2.77555756156289E-17,-6.84227765783602E-49,1.));
#10353=DIRECTION('',(-1.,-2.77555756156289E-17,-2.77555756156289E-17));
#10354=DIRECTION('',(-0.707106781186548,0.707106781186547,-1.96261557335472E-17));
#10355=DIRECTION('',(-2.77555756156289E-17,-6.84227765783602E-49,1.));
#10356=DIRECTION('',(2.77555756156289E-17,6.84227765783602E-49,-1.));
#10357=DIRECTION('',(0.707106781186547,0.707106781186548,1.96261557335472E-17));
#10358=DIRECTION('',(-2.77555756156289E-17,-6.84227765783602E-49,1.));
#10359=DIRECTION('',(-2.77555756156289E-17,-6.84227765783602E-49,1.));
#10360=DIRECTION('',(0.707106781186548,-0.707106781186547,1.96261557335472E-17));
#10361=DIRECTION('',(-2.77555756156289E-17,-6.84227765783602E-49,1.));
#10362=DIRECTION('',(-1.,-2.77555756156289E-17,-2.77555756156289E-17));
#10363=DIRECTION('',(-2.77555756156289E-17,1.,-7.70371977754893E-34));
#10364=DIRECTION('',(2.77555756156289E-17,6.84227765783602E-49,-1.));
#10365=DIRECTION('',(2.77555756156289E-17,-1.,7.70371977754893E-34));
#10366=DIRECTION('',(1.,2.77555756156289E-17,2.77555756156289E-17));
#10367=DIRECTION('',(-2.77555756156289E-17,1.,-7.70371977754893E-34));
#10368=DIRECTION('',(-1.,-2.77555756156289E-17,-2.77555756156289E-17));
#10369=DIRECTION('',(-2.77555756156289E-17,-6.84227765783602E-49,1.));
#10370=DIRECTION('',(0.707106781186547,-0.707106781186548,1.96261557335472E-17));
#10371=DIRECTION('',(2.77555756156289E-17,6.84227765783602E-49,-1.));
#10372=DIRECTION('',(1.,2.77555756156289E-17,2.77555756156289E-17));
#10373=DIRECTION('',(2.77555756156289E-17,6.84227765783602E-49,-1.));
#10374=DIRECTION('',(2.77555756156289E-17,-1.,7.70371977754893E-34));
#10375=DIRECTION('',(-1.,-2.77555756156289E-17,-2.77555756156289E-17));
#10376=DIRECTION('',(1.,2.77555756156289E-17,2.77555756156289E-17));
#10377=DIRECTION('',(1.,2.77555756156289E-17,2.77555756156289E-17));
#10378=DIRECTION('',(-2.77555756156289E-17,1.,-7.70371977754893E-34));
#10379=DIRECTION('',(2.77555756156289E-17,6.84227765783602E-49,-1.));
#10380=DIRECTION('',(2.77555756156289E-17,-1.,7.70371977754893E-34));
#10381=DIRECTION('',(-2.77555756156289E-17,-6.84227765783602E-49,1.));
#10382=DIRECTION('',(1.,2.77555756156289E-17,2.77555756156289E-17));
#10383=DIRECTION('',(-2.77555756156289E-17,-6.84227765783602E-49,1.));
#10384=DIRECTION('',(2.77555756156289E-17,-1.,7.70371977754893E-34));
#10385=DIRECTION('',(2.77555756156289E-17,6.84227765783602E-49,-1.));
#10386=DIRECTION('',(2.77555756156289E-17,-1.,7.70371977754893E-34));
#10387=DIRECTION('',(-2.77555756156289E-17,-6.84227765783602E-49,1.));
#10388=DIRECTION('',(0.707106781186548,-0.707106781186547,1.96261557335472E-17));
#10389=DIRECTION('',(-2.77555756156289E-17,-6.84227765783602E-49,1.));
#10390=DIRECTION('',(-1.,-2.77555756156289E-17,-2.77555756156289E-17));
#10391=DIRECTION('',(-0.707106781186547,-0.707106781186548,-1.96261557335472E-17));
#10392=DIRECTION('',(0.707106781186548,-0.707106781186547,1.96261557335472E-17));
#10393=DIRECTION('',(2.77555756156289E-17,6.84227765783602E-49,-1.));
#10394=DIRECTION('',(-2.77555756156289E-17,-6.84227765783602E-49,1.));
#10395=DIRECTION('',(-0.707106781186547,-0.707106781186548,-1.96261557335472E-17));
#10396=DIRECTION('',(2.77555756156289E-17,6.84227765783602E-49,-1.));
#10397=DIRECTION('',(-2.77555756156289E-17,-6.84227765783602E-49,1.));
#10398=DIRECTION('',(0.707106781186548,-0.707106781186547,1.96261557335472E-17));
#10399=DIRECTION('',(-2.77555756156289E-17,-6.84227765783602E-49,1.));
#10400=DIRECTION('',(-1.,-2.77555756156289E-17,-2.77555756156289E-17));
#10401=DIRECTION('',(-0.707106781186547,-0.707106781186548,-1.96261557335472E-17));
#10402=DIRECTION('',(-2.77555756156289E-17,-6.84227765783602E-49,1.));
#10403=DIRECTION('',(-1.,-2.77555756156289E-17,-2.77555756156289E-17));
#10404=DIRECTION('',(-0.707106781186548,0.707106781186547,-1.96261557335472E-17));
#10405=DIRECTION('',(-2.77555756156289E-17,-6.84227765783602E-49,1.));
#10406=DIRECTION('',(2.77555756156289E-17,6.84227765783602E-49,-1.));
#10407=DIRECTION('',(-0.707106781186547,-0.707106781186548,-1.96261557335472E-17));
#10408=DIRECTION('',(-2.77555756156289E-17,-6.84227765783602E-49,1.));
#10409=DIRECTION('',(-2.77555756156289E-17,-6.84227765783602E-49,1.));
#10410=DIRECTION('',(0.707106781186548,-0.707106781186547,1.96261557335472E-17));
#10411=DIRECTION('',(-2.77555756156289E-17,-6.84227765783602E-49,1.));
#10412=DIRECTION('',(-1.,-2.77555756156289E-17,-2.77555756156289E-17));
#10413=DIRECTION('',(-2.77555756156289E-17,1.,-7.70371977754893E-34));
#10414=DIRECTION('',(2.77555756156289E-17,6.84227765783602E-49,-1.));
#10415=DIRECTION('',(-2.77555756156289E-17,1.,-7.70371977754893E-34));
#10416=DIRECTION('',(-1.,-2.77555756156289E-17,-2.77555756156289E-17));
#10417=DIRECTION('',(-2.77555756156289E-17,-6.84227765783602E-49,1.));
#10418=DIRECTION('',(0.707106781186547,-0.707106781186548,1.96261557335472E-17));
#10419=DIRECTION('',(2.77555756156289E-17,6.84227765783602E-49,-1.));
#10420=DIRECTION('',(1.,2.77555756156289E-17,2.77555756156289E-17));
#10421=DIRECTION('',(2.77555756156289E-17,6.84227765783602E-49,-1.));
#10422=DIRECTION('',(2.77555756156289E-17,-1.,7.70371977754893E-34));
#10423=DIRECTION('',(-2.77555756156289E-17,-6.84227765783602E-49,1.));
#10424=DIRECTION('',(1.,2.77555756156289E-17,2.77555756156289E-17));
#10425=DIRECTION('',(2.77555756156289E-17,-1.,7.70371977754893E-34));
#10426=DIRECTION('',(2.77555756156289E-17,6.84227765783602E-49,-1.));
#10427=DIRECTION('',(2.77555756156289E-17,-1.,7.70371977754893E-34));
#10428=DIRECTION('',(1.,2.77555756156289E-17,2.77555756156289E-17));
#10429=DIRECTION('',(-2.77555756156289E-17,-6.84227765783602E-49,1.));
#10430=DIRECTION('',(2.77555756156289E-17,-1.,7.70371977754893E-34));
#10431=DIRECTION('',(2.77555756156289E-17,6.84227765783602E-49,-1.));
#10432=DIRECTION('',(-2.77555756156289E-17,1.,-7.70371977754893E-34));
#10433=DIRECTION('',(-2.77555756156289E-17,-6.84227765783602E-49,1.));
#10434=DIRECTION('',(0.707106781186548,-0.707106781186547,1.96261557335472E-17));
#10435=DIRECTION('',(-2.77555756156289E-17,-6.84227765783602E-49,1.));
#10436=DIRECTION('',(-1.,-2.77555756156289E-17,-2.77555756156289E-17));
#10437=DIRECTION('',(-0.707106781186547,-0.707106781186548,-1.96261557335472E-17));
#10438=DIRECTION('',(0.707106781186548,-0.707106781186547,1.96261557335472E-17));
#10439=DIRECTION('',(2.77555756156289E-17,6.84227765783602E-49,-1.));
#10440=DIRECTION('',(-2.77555756156289E-17,-6.84227765783602E-49,1.));
#10441=DIRECTION('',(-0.707106781186547,-0.707106781186548,-1.96261557335472E-17));
#10442=DIRECTION('',(2.77555756156289E-17,6.84227765783602E-49,-1.));
#10443=DIRECTION('',(-2.77555756156289E-17,-6.84227765783602E-49,1.));
#10444=DIRECTION('',(0.707106781186548,-0.707106781186547,1.96261557335472E-17));
#10445=DIRECTION('',(-2.77555756156289E-17,-6.84227765783602E-49,1.));
#10446=DIRECTION('',(-1.,-2.77555756156289E-17,-2.77555756156289E-17));
#10447=DIRECTION('',(-0.707106781186547,-0.707106781186548,-1.96261557335472E-17));
#10448=DIRECTION('',(-2.77555756156289E-17,-6.84227765783602E-49,1.));
#10449=DIRECTION('',(-1.,-2.77555756156289E-17,-2.77555756156289E-17));
#10450=DIRECTION('',(-0.707106781186548,0.707106781186547,-1.96261557335472E-17));
#10451=DIRECTION('',(-2.77555756156289E-17,-6.84227765783602E-49,1.));
#10452=DIRECTION('',(2.77555756156289E-17,6.84227765783602E-49,-1.));
#10453=DIRECTION('',(-0.707106781186547,-0.707106781186548,-1.96261557335472E-17));
#10454=DIRECTION('',(-2.77555756156289E-17,-6.84227765783602E-49,1.));
#10455=DIRECTION('',(-2.77555756156289E-17,-6.84227765783602E-49,1.));
#10456=DIRECTION('',(0.707106781186548,-0.707106781186547,1.96261557335472E-17));
#10457=DIRECTION('',(-2.77555756156289E-17,-6.84227765783602E-49,1.));
#10458=DIRECTION('',(-1.,-2.77555756156289E-17,-2.77555756156289E-17));
#10459=DIRECTION('',(2.77555756156289E-17,-1.,7.70371977754893E-34));
#10460=DIRECTION('',(2.77555756156289E-17,6.84227765783602E-49,-1.));
#10461=DIRECTION('',(2.77555756156289E-17,-1.,7.70371977754893E-34));
#10462=DIRECTION('',(1.,2.77555756156289E-17,2.77555756156289E-17));
#10463=DIRECTION('',(-2.77555756156289E-17,1.,-7.70371977754893E-34));
#10464=DIRECTION('',(1.,2.77555756156289E-17,2.77555756156289E-17));
#10465=DIRECTION('',(-2.77555756156289E-17,-6.84227765783602E-49,1.));
#10466=DIRECTION('',(0.707106781186547,-0.707106781186548,1.96261557335472E-17));
#10467=DIRECTION('',(2.77555756156289E-17,6.84227765783602E-49,-1.));
#10468=DIRECTION('',(1.,2.77555756156289E-17,2.77555756156289E-17));
#10469=DIRECTION('',(-2.77555756156289E-17,1.,-7.70371977754893E-34));
#10470=DIRECTION('',(2.77555756156289E-17,6.84227765783602E-49,-1.));
#10471=DIRECTION('',(2.77555756156289E-17,-1.,7.70371977754893E-34));
#10472=DIRECTION('',(3.04795871081914E-14,8.452081127368E-31,-1.));
#10473=DIRECTION('',(-2.77555756156289E-17,1.,-7.70371977754893E-34));
#10474=DIRECTION('',(1.,2.77555756156289E-17,2.77555756156289E-17));
#10475=DIRECTION('',(2.77555756156289E-17,6.84227765783602E-49,-1.));
#10476=DIRECTION('',(2.77555756156289E-17,-1.,7.70371977754893E-34));
#10477=DIRECTION('',(-2.77555756156289E-17,-6.84227765783602E-49,1.));
#10478=DIRECTION('',(1.,2.77555756156289E-17,2.77555756156289E-17));
#10479=DIRECTION('',(-2.77555756156289E-17,-6.84227765783602E-49,1.));
#10480=DIRECTION('',(2.77555756156289E-17,-1.,7.70371977754893E-34));
#10481=DIRECTION('',(2.77555756156289E-17,6.84227765783602E-49,-1.));
#10482=DIRECTION('',(-2.77555756156289E-17,1.,-7.70371977754893E-34));
#10483=DIRECTION('',(-2.77555756156289E-17,-6.84227765783602E-49,1.));
#10484=DIRECTION('',(0.707106781186548,-0.707106781186547,1.96261557335472E-17));
#10485=DIRECTION('',(-2.77555756156289E-17,-6.84227765783602E-49,1.));
#10486=DIRECTION('',(-1.,-2.77555756156289E-17,-2.77555756156289E-17));
#10487=DIRECTION('',(-0.707106781186548,-0.707106781186547,-1.96261557335472E-17));
#10488=DIRECTION('',(-0.707106781186547,0.707106781186548,-1.96261557335472E-17));
#10489=DIRECTION('',(-2.77555756156289E-17,-6.84227765783602E-49,1.));
#10490=DIRECTION('',(-0.707106781186548,-0.707106781186547,-1.96261557335472E-17));
#10491=DIRECTION('',(2.77555756156289E-17,6.84227765783602E-49,-1.));
#10492=DIRECTION('',(-2.77555756156289E-17,-6.84227765783602E-49,1.));
#10493=DIRECTION('',(-2.77555756156289E-17,-6.84227765783602E-49,1.));
#10494=DIRECTION('',(0.707106781186548,-0.707106781186547,1.96261557335472E-17));
#10495=DIRECTION('',(-2.77555756156289E-17,-6.84227765783602E-49,1.));
#10496=DIRECTION('',(-1.,-2.77555756156289E-17,-2.77555756156289E-17));
#10497=DIRECTION('',(-0.707106781186548,-0.707106781186547,-1.96261557335472E-17));
#10498=DIRECTION('',(-2.77555756156289E-17,-6.84227765783602E-49,1.));
#10499=DIRECTION('',(-1.,-2.77555756156289E-17,-2.77555756156289E-17));
#10500=DIRECTION('',(0.707106781186547,-0.707106781186548,1.96261557335472E-17));
#10501=DIRECTION('',(2.77555756156289E-17,6.84227765783602E-49,-1.));
#10502=DIRECTION('',(0.707106781186548,0.707106781186547,1.96261557335472E-17));
#10503=DIRECTION('',(-2.77555756156289E-17,-6.84227765783602E-49,1.));
#10504=DIRECTION('',(2.77555756156289E-17,6.84227765783602E-49,-1.));
#10505=DIRECTION('',(-2.77555756156289E-17,-6.84227765783602E-49,1.));
#10506=DIRECTION('',(0.707106781186548,-0.707106781186547,1.96261557335472E-17));
#10507=DIRECTION('',(-2.77555756156289E-17,-6.84227765783602E-49,1.));
#10508=DIRECTION('',(-1.,-2.77555756156289E-17,-2.77555756156289E-17));
#10509=DIRECTION('',(-2.77555756156289E-17,1.,-7.70371977754893E-34));
#10510=DIRECTION('',(2.77555756156289E-17,6.84227765783602E-49,-1.));
#10511=DIRECTION('',(-2.77555756156289E-17,-6.84227765783602E-49,1.));
#10512=DIRECTION('',(0.707106781186547,-0.707106781186548,1.96261557335472E-17));
#10513=DIRECTION('',(2.77555756156289E-17,6.84227765783602E-49,-1.));
#10514=DIRECTION('',(1.,2.77555756156289E-17,2.77555756156289E-17));
#10515=DIRECTION('',(2.77555756156289E-17,6.84227765783602E-49,-1.));
#10516=DIRECTION('',(2.77555756156289E-17,-1.,7.70371977754893E-34));
#10517=DIRECTION('',(-2.77555756156289E-17,-6.84227765783602E-49,1.));
#10518=DIRECTION('',(1.,2.77555756156289E-17,2.77555756156289E-17));
#10519=DIRECTION('',(-2.77555756156289E-17,1.,-7.70371977754893E-34));
#10520=DIRECTION('',(2.77555756156289E-17,6.84227765783602E-49,-1.));
#10521=DIRECTION('',(-2.77555756156289E-17,1.,-7.70371977754893E-34));
#10522=DIRECTION('',(-1.,-2.77555756156289E-17,-2.77555756156289E-17));
#10523=DIRECTION('',(-2.77555756156289E-17,-6.84227765783602E-49,1.));
#10524=DIRECTION('',(2.77555756156289E-17,-1.,7.70371977754893E-34));
#10525=DIRECTION('',(2.77555756156289E-17,6.84227765783602E-49,-1.));
#10526=DIRECTION('',(-2.77555756156289E-17,1.,-7.70371977754893E-34));
#10527=DIRECTION('',(-2.77555756156289E-17,-6.84227765783602E-49,1.));
#10528=DIRECTION('',(0.707106781186548,-0.707106781186547,1.96261557335472E-17));
#10529=DIRECTION('',(-2.77555756156289E-17,-6.84227765783602E-49,1.));
#10530=DIRECTION('',(-1.,-2.77555756156289E-17,-2.77555756156289E-17));
#10531=DIRECTION('',(0.707106781186547,0.707106781186548,1.96261557335472E-17));
#10532=DIRECTION('',(0.707106781186548,-0.707106781186547,1.96261557335472E-17));
#10533=DIRECTION('',(2.77555756156289E-17,6.84227765783602E-49,-1.));
#10534=DIRECTION('',(-2.77555756156289E-17,-6.84227765783602E-49,1.));
#10535=DIRECTION('',(-0.707106781186547,-0.707106781186548,-1.96261557335472E-17));
#10536=DIRECTION('',(2.77555756156289E-17,6.84227765783602E-49,-1.));
#10537=DIRECTION('',(-2.77555756156289E-17,-6.84227765783602E-49,1.));
#10538=DIRECTION('',(0.707106781186548,-0.707106781186547,1.96261557335472E-17));
#10539=DIRECTION('',(-2.77555756156289E-17,-6.84227765783602E-49,1.));
#10540=DIRECTION('',(-1.,-2.77555756156289E-17,-2.77555756156289E-17));
#10541=DIRECTION('',(-0.707106781186547,-0.707106781186548,-1.96261557335472E-17));
#10542=DIRECTION('',(-2.77555756156289E-17,-6.84227765783602E-49,1.));
#10543=DIRECTION('',(-1.,-2.77555756156289E-17,-2.77555756156289E-17));
#10544=DIRECTION('',(-0.707106781186548,0.707106781186547,-1.96261557335472E-17));
#10545=DIRECTION('',(-2.77555756156289E-17,-6.84227765783602E-49,1.));
#10546=DIRECTION('',(2.77555756156289E-17,6.84227765783602E-49,-1.));
#10547=DIRECTION('',(0.707106781186547,0.707106781186548,1.96261557335472E-17));
#10548=DIRECTION('',(-2.77555756156289E-17,-6.84227765783602E-49,1.));
#10549=DIRECTION('',(-2.77555756156289E-17,-6.84227765783602E-49,1.));
#10550=DIRECTION('',(0.707106781186548,-0.707106781186547,1.96261557335472E-17));
#10551=DIRECTION('',(-2.77555756156289E-17,-6.84227765783602E-49,1.));
#10552=DIRECTION('',(-1.,-2.77555756156289E-17,-2.77555756156289E-17));
#10553=DIRECTION('',(-2.77555756156289E-17,1.,-7.70371977754893E-34));
#10554=DIRECTION('',(2.77555756156289E-17,6.84227765783602E-49,-1.));
#10555=DIRECTION('',(2.77555756156289E-17,-1.,7.70371977754893E-34));
#10556=DIRECTION('',(2.77555756156289E-17,6.84227765783602E-49,-1.));
#10557=DIRECTION('',(-2.77555756156289E-17,-6.84227765783602E-49,1.));
#10558=DIRECTION('',(0.707106781186547,-0.707106781186548,1.96261557335472E-17));
#10559=DIRECTION('',(2.77555756156289E-17,6.84227765783602E-49,-1.));
#10560=DIRECTION('',(1.,2.77555756156289E-17,2.77555756156289E-17));
#10561=DIRECTION('',(2.77555756156289E-17,-1.,7.70371977754893E-34));
#10562=DIRECTION('',(2.77555756156289E-17,6.84227765783602E-49,-1.));
#10563=DIRECTION('',(2.77555756156289E-17,-1.,7.70371977754893E-34));
#10564=DIRECTION('',(1.,2.77555756156289E-17,2.77555756156289E-17));
#10565=DIRECTION('',(2.77555756156289E-17,6.84227765783602E-49,-1.));
#10566=DIRECTION('',(2.77555756156289E-17,-1.,7.70371977754893E-34));
#10567=DIRECTION('',(-2.77555756156289E-17,-6.84227765783602E-49,1.));
#10568=DIRECTION('',(1.,2.77555756156289E-17,2.77555756156289E-17));
#10569=DIRECTION('',(-2.77555756156289E-17,-6.84227765783602E-49,1.));
#10570=DIRECTION('',(2.77555756156289E-17,-1.,7.70371977754893E-34));
#10571=DIRECTION('',(2.77555756156289E-17,6.84227765783602E-49,-1.));
#10572=DIRECTION('',(-2.77555756156289E-17,1.,-7.70371977754893E-34));
#10573=DIRECTION('',(-2.77555756156289E-17,-6.84227765783602E-49,1.));
#10574=DIRECTION('',(0.707106781186548,-0.707106781186547,1.96261557335472E-17));
#10575=DIRECTION('',(-2.77555756156289E-17,-6.84227765783602E-49,1.));
#10576=DIRECTION('',(-1.,-2.77555756156289E-17,-2.77555756156289E-17));
#10577=DIRECTION('',(-0.707106781186547,-0.707106781186548,-1.96261557335472E-17));
#10578=DIRECTION('',(0.707106781186548,-0.707106781186547,1.96261557335472E-17));
#10579=DIRECTION('',(2.77555756156289E-17,6.84227765783602E-49,-1.));
#10580=DIRECTION('',(-2.77555756156289E-17,-6.84227765783602E-49,1.));
#10581=DIRECTION('',(-0.707106781186547,-0.707106781186548,-1.96261557335472E-17));
#10582=DIRECTION('',(2.77555756156289E-17,6.84227765783602E-49,-1.));
#10583=DIRECTION('',(-2.77555756156289E-17,-6.84227765783602E-49,1.));
#10584=DIRECTION('',(0.707106781186548,-0.707106781186547,1.96261557335472E-17));
#10585=DIRECTION('',(-2.77555756156289E-17,-6.84227765783602E-49,1.));
#10586=DIRECTION('',(-1.,-2.77555756156289E-17,-2.77555756156289E-17));
#10587=DIRECTION('',(-0.707106781186547,-0.707106781186548,-1.96261557335472E-17));
#10588=DIRECTION('',(-2.77555756156289E-17,-6.84227765783602E-49,1.));
#10589=DIRECTION('',(-1.,-2.77555756156289E-17,-2.77555756156289E-17));
#10590=DIRECTION('',(-0.707106781186548,0.707106781186547,-1.96261557335472E-17));
#10591=DIRECTION('',(-2.77555756156289E-17,-6.84227765783602E-49,1.));
#10592=DIRECTION('',(2.77555756156289E-17,6.84227765783602E-49,-1.));
#10593=DIRECTION('',(0.707106781186547,0.707106781186548,1.96261557335472E-17));
#10594=DIRECTION('',(-2.77555756156289E-17,-6.84227765783602E-49,1.));
#10595=DIRECTION('',(-2.77555756156289E-17,-6.84227765783602E-49,1.));
#10596=DIRECTION('',(0.707106781186548,-0.707106781186547,1.96261557335472E-17));
#10597=DIRECTION('',(-2.77555756156289E-17,-6.84227765783602E-49,1.));
#10598=DIRECTION('',(-1.,-2.77555756156289E-17,-2.77555756156289E-17));
#10599=DIRECTION('',(2.77555756156289E-17,-1.,7.70371977754893E-34));
#10600=DIRECTION('',(2.77555756156289E-17,6.84227765783602E-49,-1.));
#10601=DIRECTION('',(-2.77555756156289E-17,1.,-7.70371977754893E-34));
#10602=DIRECTION('',(1.,2.77555756156289E-17,2.77555756156289E-17));
#10603=DIRECTION('',(-2.77555756156289E-17,-6.84227765783602E-49,1.));
#10604=DIRECTION('',(0.707106781186547,-0.707106781186548,1.96261557335472E-17));
#10605=DIRECTION('',(2.77555756156289E-17,6.84227765783602E-49,-1.));
#10606=DIRECTION('',(1.,2.77555756156289E-17,2.77555756156289E-17));
#10607=DIRECTION('',(-2.77555756156289E-17,1.,-7.70371977754893E-34));
#10608=DIRECTION('',(2.77555756156289E-17,6.84227765783602E-49,-1.));
#10609=DIRECTION('',(-2.77555756156289E-17,1.,-7.70371977754893E-34));
#10610=DIRECTION('',(-1.,-2.77555756156289E-17,-2.77555756156289E-17));
#10611=DIRECTION('',(2.77555756156289E-17,6.84227765783602E-49,-1.));
#10612=DIRECTION('',(2.77555756156289E-17,-1.,7.70371977754893E-34));
#10613=DIRECTION('',(-2.77555756156289E-17,-6.84227765783602E-49,1.));
#10614=DIRECTION('',(1.,2.77555756156289E-17,2.77555756156289E-17));
#10615=DIRECTION('',(-2.77555756156289E-17,-6.84227765783602E-49,1.));
#10616=DIRECTION('',(2.77555756156289E-17,-1.,7.70371977754893E-34));
#10617=DIRECTION('',(2.77555756156289E-17,6.84227765783602E-49,-1.));
#10618=DIRECTION('',(-2.77555756156289E-17,1.,-7.70371977754893E-34));
#10619=DIRECTION('',(-2.77555756156289E-17,-6.84227765783602E-49,1.));
#10620=DIRECTION('',(0.707106781186548,-0.707106781186547,1.96261557335472E-17));
#10621=DIRECTION('',(-2.77555756156289E-17,-6.84227765783602E-49,1.));
#10622=DIRECTION('',(-1.,-2.77555756156289E-17,-2.77555756156289E-17));
#10623=DIRECTION('',(0.707106781186547,0.707106781186548,1.96261557335472E-17));
#10624=DIRECTION('',(0.707106781186548,-0.707106781186547,1.96261557335472E-17));
#10625=DIRECTION('',(2.77555756156289E-17,6.84227765783602E-49,-1.));
#10626=DIRECTION('',(-2.77555756156289E-17,-6.84227765783602E-49,1.));
#10627=DIRECTION('',(-0.707106781186547,-0.707106781186548,-1.96261557335472E-17));
#10628=DIRECTION('',(2.77555756156289E-17,6.84227765783602E-49,-1.));
#10629=DIRECTION('',(-2.77555756156289E-17,-6.84227765783602E-49,1.));
#10630=DIRECTION('',(0.707106781186548,-0.707106781186547,1.96261557335472E-17));
#10631=DIRECTION('',(-2.77555756156289E-17,-6.84227765783602E-49,1.));
#10632=DIRECTION('',(-1.,-2.77555756156289E-17,-2.77555756156289E-17));
#10633=DIRECTION('',(-0.707106781186547,-0.707106781186548,-1.96261557335472E-17));
#10634=DIRECTION('',(-2.77555756156289E-17,-6.84227765783602E-49,1.));
#10635=DIRECTION('',(-1.,-2.77555756156289E-17,-2.77555756156289E-17));
#10636=DIRECTION('',(-0.707106781186548,0.707106781186547,-1.96261557335472E-17));
#10637=DIRECTION('',(-2.77555756156289E-17,-6.84227765783602E-49,1.));
#10638=DIRECTION('',(2.77555756156289E-17,6.84227765783602E-49,-1.));
#10639=DIRECTION('',(0.707106781186547,0.707106781186548,1.96261557335472E-17));
#10640=DIRECTION('',(-2.77555756156289E-17,-6.84227765783602E-49,1.));
#10641=DIRECTION('',(-2.77555756156289E-17,-6.84227765783602E-49,1.));
#10642=DIRECTION('',(0.707106781186548,-0.707106781186547,1.96261557335472E-17));
#10643=DIRECTION('',(-2.77555756156289E-17,-6.84227765783602E-49,1.));
#10644=DIRECTION('',(-1.,-2.77555756156289E-17,-2.77555756156289E-17));
#10645=DIRECTION('',(-2.77555756156289E-17,1.,-7.70371977754893E-34));
#10646=DIRECTION('',(2.77555756156289E-17,6.84227765783602E-49,-1.));
#10647=DIRECTION('',(2.77555756156289E-17,-1.,7.70371977754893E-34));
#10648=DIRECTION('',(-2.77555756156289E-17,-6.84227765783602E-49,1.));
#10649=DIRECTION('',(-2.77555756156289E-17,1.,-7.70371977754893E-34));
#10650=DIRECTION('',(2.77555756156289E-17,6.84227765783602E-49,-1.));
#10651=DIRECTION('',(-2.77555756156289E-17,-6.84227765783602E-49,1.));
#10652=DIRECTION('',(0.707106781186547,-0.707106781186548,1.96261557335472E-17));
#10653=DIRECTION('',(2.77555756156289E-17,6.84227765783602E-49,-1.));
#10654=DIRECTION('',(1.,2.77555756156289E-17,2.77555756156289E-17));
#10655=DIRECTION('',(-2.77555756156289E-17,1.,-7.70371977754893E-34));
#10656=DIRECTION('',(2.77555756156289E-17,6.84227765783602E-49,-1.));
#10657=DIRECTION('',(2.77555756156289E-17,6.84227765783602E-49,-1.));
#10658=DIRECTION('',(2.77555756156289E-17,-1.,7.70371977754893E-34));
#10659=DIRECTION('',(-2.77555756156289E-17,-6.84227765783602E-49,1.));
#10660=DIRECTION('',(1.,2.77555756156289E-17,2.77555756156289E-17));
#10661=DIRECTION('',(-2.77555756156289E-17,-6.84227765783602E-49,1.));
#10662=DIRECTION('',(2.77555756156289E-17,-1.,7.70371977754893E-34));
#10663=DIRECTION('',(2.77555756156289E-17,6.84227765783602E-49,-1.));
#10664=DIRECTION('',(-2.77555756156289E-17,1.,-7.70371977754893E-34));
#10665=DIRECTION('',(-2.77555756156289E-17,-6.84227765783602E-49,1.));
#10666=DIRECTION('',(0.707106781186548,-0.707106781186547,1.96261557335472E-17));
#10667=DIRECTION('',(-2.77555756156289E-17,-6.84227765783602E-49,1.));
#10668=DIRECTION('',(-1.,-2.77555756156289E-17,-2.77555756156289E-17));
#10669=DIRECTION('',(0.707106781186547,0.707106781186548,1.96261557335472E-17));
#10670=DIRECTION('',(0.707106781186548,-0.707106781186547,1.96261557335472E-17));
#10671=DIRECTION('',(2.77555756156289E-17,6.84227765783602E-49,-1.));
#10672=DIRECTION('',(-2.77555756156289E-17,-6.84227765783602E-49,1.));
#10673=DIRECTION('',(-0.707106781186547,-0.707106781186548,-1.96261557335472E-17));
#10674=DIRECTION('',(2.77555756156289E-17,6.84227765783602E-49,-1.));
#10675=DIRECTION('',(-2.77555756156289E-17,-6.84227765783602E-49,1.));
#10676=DIRECTION('',(0.707106781186548,-0.707106781186547,1.96261557335472E-17));
#10677=DIRECTION('',(-2.77555756156289E-17,-6.84227765783602E-49,1.));
#10678=DIRECTION('',(-1.,-2.77555756156289E-17,-2.77555756156289E-17));
#10679=DIRECTION('',(-0.707106781186547,-0.707106781186548,-1.96261557335472E-17));
#10680=DIRECTION('',(-2.77555756156289E-17,-6.84227765783602E-49,1.));
#10681=DIRECTION('',(-1.,-2.77555756156289E-17,-2.77555756156289E-17));
#10682=DIRECTION('',(-0.707106781186548,0.707106781186547,-1.96261557335472E-17));
#10683=DIRECTION('',(-2.77555756156289E-17,-6.84227765783602E-49,1.));
#10684=DIRECTION('',(2.77555756156289E-17,6.84227765783602E-49,-1.));
#10685=DIRECTION('',(-0.707106781186547,-0.707106781186548,-1.96261557335472E-17));
#10686=DIRECTION('',(-2.77555756156289E-17,-6.84227765783602E-49,1.));
#10687=DIRECTION('',(-2.77555756156289E-17,-6.84227765783602E-49,1.));
#10688=DIRECTION('',(0.707106781186548,-0.707106781186547,1.96261557335472E-17));
#10689=DIRECTION('',(-2.77555756156289E-17,-6.84227765783602E-49,1.));
#10690=DIRECTION('',(-1.,-2.77555756156289E-17,-2.77555756156289E-17));
#10691=DIRECTION('',(-2.77555756156289E-17,1.,-7.70371977754893E-34));
#10692=DIRECTION('',(2.77555756156289E-17,6.84227765783602E-49,-1.));
#10693=DIRECTION('',(-2.77555756156289E-17,-6.84227765783602E-49,1.));
#10694=DIRECTION('',(0.707106781186547,-0.707106781186548,1.96261557335472E-17));
#10695=DIRECTION('',(2.77555756156289E-17,6.84227765783602E-49,-1.));
#10696=DIRECTION('',(1.,2.77555756156289E-17,2.77555756156289E-17));
#10697=DIRECTION('',(2.77555756156289E-17,6.84227765783602E-49,-1.));
#10698=DIRECTION('',(2.77555756156289E-17,-1.,7.70371977754893E-34));
#10699=DIRECTION('',(-2.77555756156289E-17,-6.84227765783602E-49,1.));
#10700=DIRECTION('',(1.,2.77555756156289E-17,2.77555756156289E-17));
#10701=DIRECTION('',(-2.77555756156289E-17,1.,-7.70371977754893E-34));
#10702=DIRECTION('',(2.77555756156289E-17,6.84227765783602E-49,-1.));
#10703=DIRECTION('',(2.77555756156289E-17,-1.,7.70371977754893E-34));
#10704=DIRECTION('',(-2.77555756156289E-17,-6.84227765783602E-49,1.));
#10705=DIRECTION('',(-2.77555756156289E-17,-6.84227765783602E-49,1.));
#10706=DIRECTION('',(2.77555756156289E-17,-1.,7.70371977754893E-34));
#10707=DIRECTION('',(2.77555756156289E-17,6.84227765783602E-49,-1.));
#10708=DIRECTION('',(-2.77555756156289E-17,1.,-7.70371977754893E-34));
#10709=DIRECTION('',(-2.77555756156289E-17,-6.84227765783602E-49,1.));
#10710=DIRECTION('',(0.707106781186548,-0.707106781186547,1.96261557335472E-17));
#10711=DIRECTION('',(-2.77555756156289E-17,-6.84227765783602E-49,1.));
#10712=DIRECTION('',(-0.707106781186548,0.707106781186548,-1.96261557335472E-17));
#10713=DIRECTION('',(0.707106781186548,0.707106781186548,1.96261557335472E-17));
#10714=DIRECTION('',(0.707106781186548,-0.707106781186547,1.96261557335472E-17));
#10715=DIRECTION('',(2.77555756156289E-17,6.84227765783602E-49,-1.));
#10716=DIRECTION('',(-2.77555756156289E-17,-6.84227765783602E-49,1.));
#10717=DIRECTION('',(-0.707106781186548,-0.707106781186548,-1.96261557335472E-17));
#10718=DIRECTION('',(2.77555756156289E-17,6.84227765783602E-49,-1.));
#10719=DIRECTION('',(-2.77555756156289E-17,-6.84227765783602E-49,1.));
#10720=DIRECTION('',(0.707106781186548,-0.707106781186547,1.96261557335472E-17));
#10721=DIRECTION('',(-2.77555756156289E-17,-6.84227765783602E-49,1.));
#10722=DIRECTION('',(-0.825738645476878,-0.564052913622481,-2.29188514132805E-17));
#10723=DIRECTION('',(-0.707106781186548,-0.707106781186548,-1.96261557335472E-17));
#10724=DIRECTION('',(-2.77555756156289E-17,-6.84227765783602E-49,1.));
#10725=DIRECTION('',(0.825738645476891,0.564052913622463,2.29188514132808E-17));
#10726=DIRECTION('',(-0.707106781186548,0.707106781186547,-1.96261557335472E-17));
#10727=DIRECTION('',(-2.77555756156289E-17,-6.84227765783602E-49,1.));
#10728=DIRECTION('',(2.77555756156289E-17,6.84227765783602E-49,-1.));
#10729=DIRECTION('',(-0.707106781186548,-0.707106781186548,-1.96261557335472E-17));
#10730=DIRECTION('',(-2.77555756156289E-17,-6.84227765783602E-49,1.));
#10731=DIRECTION('',(-2.77555756156289E-17,-6.84227765783602E-49,1.));
#10732=DIRECTION('',(0.707106781186548,-0.707106781186547,1.96261557335472E-17));
#10733=DIRECTION('',(-2.77555756156289E-17,-6.84227765783602E-49,1.));
#10734=DIRECTION('',(-0.564052913622463,-0.825738645476891,-1.56556132952641E-17));
#10735=DIRECTION('',(-2.77555756156289E-17,1.,-7.70371977754893E-34));
#10736=DIRECTION('',(2.77555756156289E-17,6.84227765783602E-49,-1.));
#10737=DIRECTION('',(2.77555756156289E-17,-1.,7.70371977754893E-34));
#10738=DIRECTION('',(-2.77555756156289E-17,-6.84227765783602E-49,1.));
#10739=DIRECTION('',(-2.77555756156289E-17,-6.84227765783602E-49,1.));
#10740=DIRECTION('',(-0.707106781186548,0.707106781186547,-1.96261557335472E-17));
#10741=DIRECTION('',(2.77555756156289E-17,6.84227765783602E-49,-1.));
#10742=DIRECTION('',(0.707106781186548,-0.707106781186548,1.96261557335472E-17));
#10743=DIRECTION('',(-2.77555756156289E-17,1.,-7.70371977754893E-34));
#10744=DIRECTION('',(2.77555756156289E-17,6.84227765783602E-49,-1.));
#10745=DIRECTION('',(-2.77555756156289E-17,1.,-7.70371977754893E-34));
#10746=DIRECTION('',(2.77555756156289E-17,6.84227765783602E-49,-1.));
#10747=DIRECTION('',(2.77555756156289E-17,6.84227765783602E-49,-1.));
#10748=DIRECTION('',(2.77555756156289E-17,-1.,7.70371977754893E-34));
#10749=DIRECTION('',(-2.77555756156289E-17,-6.84227765783602E-49,1.));
#10750=DIRECTION('',(-2.77555756156289E-17,1.,-7.70371977754893E-34));
#10751=DIRECTION('',(-2.77555756156289E-17,-6.84227765783602E-49,1.));
#10752=DIRECTION('',(2.77555756156289E-17,-1.,7.70371977754893E-34));
#10753=DIRECTION('',(2.77555756156289E-17,6.84227765783602E-49,-1.));
#10754=DIRECTION('',(2.77555756156289E-17,-1.,7.70371977754893E-34));
#10755=DIRECTION('',(2.77555756156289E-17,-1.,7.70371977754893E-34));
#10756=DIRECTION('',(-2.77555756156289E-17,-6.84227765783602E-49,1.));
#10757=DIRECTION('',(-1.,-2.77555756156289E-17,-2.77555756156289E-17));
#10758=DIRECTION('',(2.77555756156289E-17,6.84227765783602E-49,-1.));
#10759=DIRECTION('',(-1.,-2.77555756156289E-17,-2.77555756156289E-17));
#10760=DIRECTION('',(2.77555756156289E-17,6.84227765783602E-49,-1.));
#10761=DIRECTION('',(1.,2.77555756156289E-17,2.77555756156289E-17));
#10762=DIRECTION('',(2.77555756156289E-17,-1.,7.70371977754893E-34));
#10763=DIRECTION('',(1.,2.77555756156289E-17,2.77555756156289E-17));
#10764=DIRECTION('',(1.,2.77555756156289E-17,2.77555756156289E-17));
#10765=DIRECTION('',(-2.77555756156082E-17,1.,-7.46069872548218E-13));
#10766=DIRECTION('',(-1.,-2.77555756156289E-17,-2.77555756156289E-17));
#10767=DIRECTION('',(-2.77555756156289E-17,-6.84227765783602E-49,1.));
#10768=DIRECTION('',(-2.77555756156289E-17,-6.84227765783602E-49,1.));
#10769=DIRECTION('',(2.77555756156289E-17,-1.,7.70371977754893E-34));
#10770=DIRECTION('',(-2.77555756156289E-17,1.,-7.70371977754893E-34));
#10771=DIRECTION('',(-1.,-2.77555756156289E-17,-2.77555756156289E-17));
#10772=DIRECTION('',(-2.77555756156289E-17,1.,-7.70371977754893E-34));
#10773=DIRECTION('',(1.,2.77555756156289E-17,2.77555756156289E-17));
#10774=DIRECTION('',(2.77555756156289E-17,-1.,7.70371977754893E-34));
#10775=DIRECTION('',(-1.,-2.77555756156289E-17,-2.77555756156289E-17));
#10776=DIRECTION('',(2.65184772535796E-17,-0.999048221582055,0.0436193873608221));
#10777=DIRECTION('',(1.,2.77555756156289E-17,2.77555756156289E-17));
#10778=DIRECTION('',(1.,2.77555756156289E-17,2.77555756156289E-17));
#10779=DIRECTION('',(-2.77555756156378E-17,3.19744231092052E-13,1.));
#10780=DIRECTION('',(-2.65184772534497E-17,0.999048221581859,-0.0436193873653073));
#10781=DIRECTION('',(2.89398396621001E-17,-0.0436193873653073,-0.999048221581859));
#10782=DIRECTION('',(-1.,-2.77555756156289E-17,-2.77555756156289E-17));
#10783=DIRECTION('',(2.89398396621002E-17,-0.0436193873653115,-0.999048221581859));
#10784=DIRECTION('',(-2.89398396621002E-17,0.0436193873653121,0.999048221581859));
#10785=DIRECTION('',(3.79148213876095E-17,-0.500000000000042,-0.866025403784415));
#10786=DIRECTION('',(-1.01592457719783E-17,0.866025403784415,-0.500000000000042));
#10787=DIRECTION('',(1.01592457719782E-17,-0.866025403784414,0.500000000000043));
#10788=DIRECTION('',(1.,2.77555756156289E-17,2.77555756156289E-17));
#10789=DIRECTION('',(-1.01592457719782E-17,0.866025403784414,-0.500000000000043));
#10790=DIRECTION('',(2.25142009298376E-17,-0.98480775301221,0.173648177666922));
#10791=DIRECTION('',(3.21536111813384E-17,-0.173648177666922,-0.98480775301221));
#10792=DIRECTION('',(-1.,-2.77555756156289E-17,-2.77555756156289E-17));
#10793=DIRECTION('',(3.21536111813383E-17,-0.173648177666918,-0.98480775301221));
#10794=DIRECTION('',(-3.21536111813383E-17,0.173648177666918,0.98480775301221));
#10795=DIRECTION('',(2.77555756156526E-17,-8.52651282909442E-13,-1.));
#10796=DIRECTION('',(2.77555756156052E-17,-1.,8.52651282909442E-13));
#10797=DIRECTION('',(2.77555756156052E-17,-1.,8.52651282909503E-13));
#10798=DIRECTION('',(-1.,-2.77555756156289E-17,-2.77555756156289E-17));
#10799=DIRECTION('',(2.77555756156289E-17,-1.,7.70371977754893E-34));
#10800=DIRECTION('',(-1.,-2.77555756156289E-17,-2.77555756156289E-17));
#10801=DIRECTION('',(2.77555756156289E-17,-1.,7.70371977754893E-34));
#10802=DIRECTION('',(-1.,-2.77555756156289E-17,-2.77555756156289E-17));
#10803=DIRECTION('',(2.77555756156289E-17,-1.,7.70371977754893E-34));
#10804=DIRECTION('',(1.,2.77555756156289E-17,2.77555756156289E-17));
#10805=DIRECTION('',(1.,2.77555756156289E-17,2.77555756156289E-17));
#10806=DIRECTION('',(-2.77555756155451E-17,-3.0198066269821E-12,1.));
#10807=DIRECTION('',(2.77555756156289E-17,-1.,7.70371977754893E-34));
#10808=DIRECTION('',(2.77555756156289E-17,6.84227765783602E-49,-1.));
#10809=DIRECTION('',(-2.77555756156289E-17,-6.84227765783602E-49,1.));
#10810=DIRECTION('',(-1.,-2.77555756156289E-17,-2.77555756156289E-17));
#10811=DIRECTION('',(-2.77555756156289E-17,-6.84227765783602E-49,1.));
#10812=DIRECTION('',(2.77555756156289E-17,6.84227765783602E-49,-1.));
#10813=DIRECTION('',(-2.77555756156289E-17,1.,-7.70371977754893E-34));
#10814=DIRECTION('',(2.77555756156289E-17,-1.,7.70371977754893E-34));
#10815=DIRECTION('',(-1.,-2.77555756156289E-17,-2.77555756156289E-17));
#10816=DIRECTION('',(-2.77555756156289E-17,1.,-7.70371977754893E-34));
#10817=DIRECTION('',(2.77555756156289E-17,-1.,7.70371977754893E-34));
#10818=DIRECTION('',(-2.77555756156289E-17,-6.84227765783602E-49,1.));
#10819=DIRECTION('',(1.,2.77555756156289E-17,2.77555756156289E-17));
#10820=DIRECTION('',(-2.77555756156289E-17,-6.84227765783602E-49,1.));
#10821=DIRECTION('',(-2.77555756156289E-17,-6.84227765783602E-49,1.));
#10822=DIRECTION('',(-2.77555756156293E-17,1.,1.42003600804422E-14));
#10823=DIRECTION('',(-2.77555756156285E-17,-1.42003600804422E-14,1.));
#10824=DIRECTION('',(-1.,-2.77555756156289E-17,-2.77555756156289E-17));
#10825=DIRECTION('',(2.77555756156293E-17,-1.,-1.42003600804422E-14));
#10826=DIRECTION('',(2.77555756156285E-17,1.42003600804422E-14,-1.));
#10827=DIRECTION('',(-2.77555756156289E-17,-6.84227765783602E-49,1.));
#10828=DIRECTION('',(-1.,-2.77555756156289E-17,-2.77555756156289E-17));
#10829=DIRECTION('',(-2.77555756156289E-17,1.,-7.70371977754893E-34));
#10830=DIRECTION('',(1.,2.77555756156289E-17,2.77555756156289E-17));
#10831=DIRECTION('',(2.77555756156289E-17,-1.,7.70371977754893E-34));
#10832=DIRECTION('',(-1.,-2.77555756156289E-17,-2.77555756156289E-17));
#10833=DIRECTION('',(-2.77555756156289E-17,1.,-7.70371977754893E-34));
#10834=DIRECTION('',(2.77555756156289E-17,6.84227765783602E-49,-1.));
#10835=DIRECTION('',(-2.77555756156289E-17,1.,-7.70371977754893E-34));
#10836=DIRECTION('',(2.77555756156289E-17,6.84227765783602E-49,-1.));
#10837=DIRECTION('',(-2.77555756156289E-17,1.,-7.70371977754893E-34));
#10838=DIRECTION('',(0.727508939662582,2.01924293858508E-17,-0.686098201944172));
#10839=DIRECTION('',(2.77555756156289E-17,-1.,7.70371977754893E-34));
#10840=DIRECTION('',(2.77555756156293E-17,-1.,-1.42003600804422E-14));
#10841=DIRECTION('',(2.77555756156285E-17,1.42003600804422E-14,-1.));
#10842=DIRECTION('',(2.77555756156293E-17,-1.,-1.42003600804422E-14));
#10843=DIRECTION('',(2.77555756156285E-17,1.42003600804422E-14,-1.));
#10844=DIRECTION('',(-2.77555756156289E-17,-6.84227765783602E-49,1.));
#10845=DIRECTION('',(-1.,-2.77555756156289E-17,-2.77555756156289E-17));
#10846=DIRECTION('',(-2.77555756156289E-17,1.,-7.70371977754893E-34));
#10847=DIRECTION('',(1.,2.77555756156289E-17,2.77555756156289E-17));
#10848=DIRECTION('',(-1.,-2.77555756156289E-17,-2.77555756156289E-17));
#10849=DIRECTION('',(-2.77555756156293E-17,1.,1.42003600804422E-14));
#10850=DIRECTION('',(-2.77555756156285E-17,-1.42003600804422E-14,1.));
#10851=DIRECTION('',(2.77555756156285E-17,1.42003600804422E-14,-1.));
#10852=DIRECTION('',(-1.,-2.77555756156289E-17,-2.77555756156289E-17));
#10853=DIRECTION('',(-1.,-2.77555756156289E-17,-2.77555756156289E-17));
#10854=DIRECTION('',(2.77555756156289E-17,-1.,7.70371977754893E-34));
#10855=DIRECTION('',(2.77555756156289E-17,6.84227765783602E-49,-1.));
#10856=DIRECTION('',(2.77555756156289E-17,-1.,7.70371977754893E-34));
#10857=DIRECTION('',(-1.8638690633881E-17,-0.286538982407337,0.958068583954702));
#10858=DIRECTION('',(2.77555756156289E-17,-1.,7.70371977754893E-34));
#10859=DIRECTION('',(2.77555756156289E-17,6.84227765783602E-49,-1.));
#10860=DIRECTION('',(2.77555756156289E-17,-1.,7.70371977754893E-34));
#10861=DIRECTION('',(2.77555756156289E-17,-1.,7.70371977754893E-34));
#10862=DIRECTION('',(-1.,-2.77555756156289E-17,-2.77555756156289E-17));
#10863=DIRECTION('',(-0.945151201921698,-2.62332156531402E-17,-0.326633135958325));
#10864=DIRECTION('',(0.326633135958325,9.06589070366129E-18,-0.945151201921698));
#10865=DIRECTION('',(-0.326633135958322,-9.0658907036612E-18,0.945151201921699));
#10866=DIRECTION('',(-2.77555756156289E-17,1.,-7.70371977754893E-34));
#10867=DIRECTION('',(0.326633135958325,1.34305532884545E-14,-0.945151201921698));
#10868=DIRECTION('',(8.89858933067478E-17,1.69948271264483E-33,-1.));
#10869=DIRECTION('',(1.,2.77555756156289E-17,8.89858933067478E-17));
#10870=DIRECTION('',(-1.,-2.77555756156289E-17,-8.89858933067478E-17));
#10871=DIRECTION('',(-2.77555756156289E-17,1.,-7.70371977754893E-34));
#10872=DIRECTION('',(1.,2.7755575615628E-17,8.89858933067478E-17));
#10873=DIRECTION('',(0.94515120192171,2.62332156531406E-17,-0.32663313595829));
#10874=DIRECTION('',(0.32663313595829,9.06589070366032E-18,0.94515120192171));
#10875=DIRECTION('',(-0.326633135958287,-9.06589070366023E-18,-0.945151201921711));
#10876=DIRECTION('',(2.77555756156289E-17,-1.,7.70371977754893E-34));
#10877=DIRECTION('',(0.32663313595829,-1.34124215070474E-14,0.94515120192171));
#10878=DIRECTION('',(-2.77555756156293E-17,1.,1.42003600804422E-14));
#10879=DIRECTION('',(-2.77555756156285E-17,-1.42003600804422E-14,1.));
#10880=DIRECTION('',(2.77555756156285E-17,1.42003600804422E-14,-1.));
#10881=DIRECTION('',(-1.,-2.77555756156289E-17,-2.77555756156289E-17));
#10882=DIRECTION('',(-2.77555756156285E-17,-1.42003600804422E-14,1.));
#10883=DIRECTION('',(-1.,-2.77555756156289E-17,-2.77555756156289E-17));
#10884=DIRECTION('',(-1.,-2.77555756156289E-17,-2.77555756156289E-17));
#10885=DIRECTION('',(2.77555756156289E-17,-1.,7.70371977754893E-34));
#10886=DIRECTION('',(-2.77555756156289E-17,-6.84227765783602E-49,1.));
#10887=DIRECTION('',(1.,2.77555756156289E-17,2.77555756156289E-17));
#10888=DIRECTION('',(2.77555756156289E-17,-1.,7.70371977754893E-34));
#10889=DIRECTION('',(-1.,-2.77555756156289E-17,-2.77555756156289E-17));
#10890=DIRECTION('',(2.77555756156289E-17,-1.,7.70371977754893E-34));
#10891=DIRECTION('',(-1.01592457719797E-17,-0.500000000000009,0.866025403784433));
#10892=DIRECTION('',(-1.,-2.77555756156289E-17,-2.77555756156289E-17));
#10893=DIRECTION('',(2.77555756156289E-17,-1.,7.70371977754893E-34));
#10894=DIRECTION('',(1.,2.77555756156289E-17,2.77555756156289E-17));
#10895=DIRECTION('',(2.77555756156289E-17,-1.,7.70371977754893E-34));
#10896=DIRECTION('',(1.,2.77555756156289E-17,2.77555756156289E-17));
#10897=DIRECTION('',(-1.,-2.77555756156289E-17,-2.77555756156289E-17));
#10898=DIRECTION('',(2.77555756156289E-17,-1.,7.70371977754893E-34));
#10899=DIRECTION('',(-1.,-2.77555756156289E-17,-2.77555756156289E-17));
#10900=DIRECTION('',(2.77555756156289E-17,-1.,7.70371977754893E-34));
#10901=DIRECTION('',(-2.77555756156289E-17,1.,-7.70371977754893E-34));
#10902=DIRECTION('',(2.77555756156289E-17,6.84227765783602E-49,-1.));
#10903=DIRECTION('',(2.77555756156289E-17,-1.,7.70371977754893E-34));
#10904=DIRECTION('',(1.,2.77555756156289E-17,2.77555756156289E-17));
#10905=DIRECTION('',(-1.,-2.77555756156289E-17,-2.77555756156289E-17));
#10906=DIRECTION('',(2.77555756156289E-17,-1.,7.70371977754893E-34));
#10907=DIRECTION('',(1.,2.77555756156289E-17,2.77555756156289E-17));
#10908=DIRECTION('',(2.77555756156289E-17,-1.,7.70371977754893E-34));
#10909=DIRECTION('',(-1.,-2.77555756156289E-17,-2.77555756156289E-17));
#10910=DIRECTION('',(2.77555756156289E-17,-1.,7.70371977754893E-34));
#10911=DIRECTION('',(-2.77555756156289E-17,-6.84227765783602E-49,1.));
#10912=DIRECTION('',(2.77555756156292E-17,-1.,-1.05999949515771E-14));
#10913=DIRECTION('',(-2.77555756156286E-17,-1.05999949515771E-14,1.));
#10914=DIRECTION('',(-1.,-2.77555756156289E-17,-2.77555756156289E-17));
#10915=DIRECTION('',(-2.77555756156286E-17,-1.11946978159421E-14,1.));
#10916=DIRECTION('',(-2.77555756156286E-17,-1.04601832286568E-14,1.));
#10917=DIRECTION('',(-1.,-2.77555756156289E-17,-2.77555756156289E-17));
#10918=DIRECTION('',(-1.,-2.77555756156289E-17,-2.77555756156289E-17));
#10919=DIRECTION('',(2.77555756156289E-17,-1.,7.70371977754893E-34));
#10920=DIRECTION('',(-1.,-2.77555756156289E-17,-2.77555756156289E-17));
#10921=DIRECTION('',(2.77555756155402E-17,-1.,3.19744231092033E-12));
#10922=DIRECTION('',(-1.,-2.77555756156289E-17,-2.77555756156289E-17));
#10923=DIRECTION('',(3.32696834272096E-17,-0.224100670508717,-0.974566000575407));
#10924=DIRECTION('',(-2.09551675954285E-17,-0.220416391752205,0.97540587154627));
#10925=DIRECTION('',(-1.,-2.77555756156289E-17,-2.77555756156289E-17));
#10926=DIRECTION('',(2.77555756156289E-17,-1.,7.70371977754893E-34));
#10927=DIRECTION('',(1.,2.77555756156289E-17,2.77555756156289E-17));
#10928=DIRECTION('',(3.31907352518312E-17,-0.975405871546292,-0.220416391752107));
#10929=DIRECTION('',(1.,2.77555756156289E-17,2.77555756156289E-17));
#10930=DIRECTION('',(3.31907352518332E-17,-0.975405871546271,-0.220416391752202));
#10931=DIRECTION('',(-2.09551675954286E-17,-0.220416391752202,0.975405871546271));
#10932=DIRECTION('',(2.09551675954282E-17,0.220416391752214,-0.975405871546268));
#10933=DIRECTION('',(-1.,-2.77555756156289E-17,-2.77555756156289E-17));
#10934=DIRECTION('',(3.45447994199456E-17,-0.958068583954699,-0.286538982407346));
#10935=DIRECTION('',(-1.86386906338807E-17,-0.286538982407346,0.958068583954699));
#10936=DIRECTION('',(-1.,-2.77555756156289E-17,-2.77555756156289E-17));
#10937=DIRECTION('',(1.86386906338808E-17,0.286538982407345,-0.9580685839547));
#10938=DIRECTION('',(-0.945151201921698,-2.62332156531402E-17,0.326633135958325));
#10939=DIRECTION('',(-0.326633135958325,-9.06589070366129E-18,-0.945151201921698));
#10940=DIRECTION('',(-2.77555756156289E-17,1.,-7.70371977754893E-34));
#10941=DIRECTION('',(0.326633135958329,-9.86696823753974E-15,0.945151201921697));
#10942=DIRECTION('',(2.77555756156289E-17,-1.,7.70371977754893E-34));
#10943=DIRECTION('',(-0.326633135958331,-9.06589070366145E-18,-0.945151201921696));
#10944=DIRECTION('',(2.77555756156289E-17,6.84227765783602E-49,-1.));
#10945=DIRECTION('',(2.77555756156289E-17,-1.,7.70371977754893E-34));
#10946=DIRECTION('',(1.,2.77555756156289E-17,2.77555756156289E-17));
#10947=DIRECTION('',(-2.77555756156289E-17,1.,-7.70371977754893E-34));
#10948=DIRECTION('',(1.,2.77555756156289E-17,2.77555756156289E-17));
#10949=DIRECTION('',(-1.,-2.77555756156289E-17,-2.77555756156289E-17));
#10950=DIRECTION('',(2.77555756156289E-17,-1.,7.70371977754893E-34));
#10951=DIRECTION('',(2.77555756156289E-17,6.84227765783602E-49,-1.));
#10952=DIRECTION('',(-2.77555756156289E-17,1.,-7.70371977754893E-34));
#10953=DIRECTION('',(2.77555756156285E-17,1.42003600804422E-14,-1.));
#10954=DIRECTION('',(-2.77555756156289E-17,1.,-7.70371977754893E-34));
#10955=DIRECTION('',(2.77555756156289E-17,6.84227765783602E-49,-1.));
#10956=DIRECTION('',(1.01592457719797E-17,0.500000000000009,-0.866025403784433));
#10957=DIRECTION('',(-2.77555756156293E-17,1.,1.42003600804422E-14));
#10958=DIRECTION('',(-2.77555756156285E-17,-1.42003600804422E-14,1.));
#10959=DIRECTION('',(2.77555756156293E-17,-1.,-1.42003600804422E-14));
#10960=DIRECTION('',(2.77555756156285E-17,1.42003600804422E-14,-1.));
#10961=DIRECTION('',(-1.,-2.77555756156289E-17,-2.77555756156289E-17));
#10962=DIRECTION('',(1.,2.77555756156289E-17,2.77555756156289E-17));
#10963=DIRECTION('',(-2.77555756156289E-17,-6.84227765783602E-49,1.));
#10964=DIRECTION('',(-1.,-2.77555756156289E-17,-2.77555756156289E-17));
#10965=DIRECTION('',(-1.,-2.77555756156289E-17,-2.77555756156289E-17));
#10966=DIRECTION('',(-2.77555756156289E-17,1.,-7.70371977754893E-34));
#10967=DIRECTION('',(-2.77555756156289E-17,1.,-7.70371977754893E-34));
#10968=DIRECTION('',(2.77555756156289E-17,6.84227765783602E-49,-1.));
#10969=DIRECTION('',(2.77555756156289E-17,-1.,7.70371977754893E-34));
#10970=DIRECTION('',(1.,2.77555756156289E-17,2.77555756156289E-17));
#10971=DIRECTION('',(-2.77555756156293E-17,1.,1.42003600804422E-14));
#10972=DIRECTION('',(-2.77555756156285E-17,-1.42003600804422E-14,1.));
#10973=DIRECTION('',(2.77555756156293E-17,-1.,-1.42003600804422E-14));
#10974=DIRECTION('',(2.77555756156285E-17,1.42003600804422E-14,-1.));
#10975=DIRECTION('',(-1.,-2.77555756156289E-17,-2.77555756156289E-17));
#10976=DIRECTION('',(2.77555756156289E-17,-1.,7.70371977754893E-34));
#10977=DIRECTION('',(2.77555756156289E-17,6.84227765783602E-49,-1.));
#10978=DIRECTION('',(-2.77555756156289E-17,1.,-7.70371977754893E-34));
#10979=DIRECTION('',(0.727508939662582,2.01924293858508E-17,-0.686098201944172));
#10980=DIRECTION('',(2.77555756156289E-17,-1.,7.70371977754893E-34));
#10981=DIRECTION('',(-2.77555756156289E-17,-6.84227765783602E-49,1.));
#10982=DIRECTION('',(-1.,-2.77555756156289E-17,-2.77555756156289E-17));
#10983=DIRECTION('',(-2.77555756156289E-17,1.,-7.70371977754893E-34));
#10984=DIRECTION('',(-1.,-2.77555756156289E-17,-2.77555756156289E-17));
#10985=DIRECTION('',(-2.77555756156289E-17,1.,-7.70371977754893E-34));
#10986=DIRECTION('',(2.77555756156289E-17,6.84227765783602E-49,-1.));
#10987=DIRECTION('',(-2.77555756156293E-17,1.,1.42003600804422E-14));
#10988=DIRECTION('',(-2.77555756156285E-17,-1.42003600804422E-14,1.));
#10989=DIRECTION('',(2.77555756156293E-17,-1.,-1.42003600804422E-14));
#10990=DIRECTION('',(2.77555756156285E-17,1.42003600804422E-14,-1.));
#10991=DIRECTION('',(1.,2.77555756156289E-17,2.77555756156289E-17));
#10992=DIRECTION('',(2.77555756156293E-17,-1.,-1.42003600804422E-14));
#10993=DIRECTION('',(2.77555756156285E-17,1.42003600804422E-14,-1.));
#10994=DIRECTION('',(-1.,-2.77555756156289E-17,-2.77555756156289E-17));
#10995=DIRECTION('',(2.77555756156289E-17,-1.,7.70371977754893E-34));
#10996=DIRECTION('',(2.77555756156289E-17,6.84227765783602E-49,-1.));
#10997=DIRECTION('',(-2.77555756156289E-17,1.,-7.70371977754893E-34));
#10998=DIRECTION('',(0.727508939662582,2.01924293858508E-17,-0.686098201944172));
#10999=DIRECTION('',(2.77555756156289E-17,-1.,7.70371977754893E-34));
#11000=DIRECTION('',(-2.77555756156289E-17,-6.84227765783602E-49,1.));
#11001=DIRECTION('',(-1.,-2.77555756156289E-17,-2.77555756156289E-17));
#11002=DIRECTION('',(-2.77555756156289E-17,1.,-7.70371977754893E-34));
#11003=DIRECTION('',(-1.,-2.77555756156289E-17,-2.77555756156289E-17));
#11004=DIRECTION('',(-2.77555756156289E-17,1.,-7.70371977754893E-34));
#11005=DIRECTION('',(2.77555756156289E-17,6.84227765783602E-49,-1.));
#11006=DIRECTION('',(2.77555756156289E-17,-1.,7.70371977754893E-34));
#11007=DIRECTION('',(2.77555756156289E-17,6.84227765783602E-49,-1.));
#11008=DIRECTION('',(-2.77555756156293E-17,1.,1.42003600804422E-14));
#11009=DIRECTION('',(-2.77555756156285E-17,-1.42003600804422E-14,1.));
#11010=DIRECTION('',(2.77555756156293E-17,-1.,-1.42003600804422E-14));
#11011=DIRECTION('',(2.77555756156285E-17,1.42003600804422E-14,-1.));
#11012=DIRECTION('',(1.,2.77555756156289E-17,2.77555756156289E-17));
#11013=DIRECTION('',(2.77555756156293E-17,-1.,-1.42003600804422E-14));
#11014=DIRECTION('',(2.77555756156285E-17,1.42003600804422E-14,-1.));
#11015=DIRECTION('',(-1.,-2.77555756156289E-17,-2.77555756156289E-17));
#11016=DIRECTION('',(2.77555756156289E-17,-1.,7.70371977754893E-34));
#11017=DIRECTION('',(2.77555756156289E-17,6.84227765783602E-49,-1.));
#11018=DIRECTION('',(-2.77555756156289E-17,1.,-7.70371977754893E-34));
#11019=DIRECTION('',(0.727508939662583,2.01924293858508E-17,-0.686098201944171));
#11020=DIRECTION('',(2.77555756156289E-17,-1.,7.70371977754893E-34));
#11021=DIRECTION('',(-2.77555756156289E-17,-6.84227765783602E-49,1.));
#11022=DIRECTION('',(-1.,-2.77555756156289E-17,-2.77555756156289E-17));
#11023=DIRECTION('',(-2.77555756156289E-17,1.,-7.70371977754893E-34));
#11024=DIRECTION('',(-1.,-2.77555756156289E-17,-2.77555756156289E-17));
#11025=DIRECTION('',(2.77555756156289E-17,-1.,7.70371977754893E-34));
#11026=DIRECTION('',(2.77555756156289E-17,6.84227765783602E-49,-1.));
#11027=DIRECTION('',(-2.77555756156289E-17,1.,-7.70371977754893E-34));
#11028=DIRECTION('',(1.,2.77555756156289E-17,2.77555756156289E-17));
#11029=DIRECTION('',(-2.77555756156293E-17,1.,1.42003600804422E-14));
#11030=DIRECTION('',(-2.77555756156285E-17,-1.42003600804422E-14,1.));
#11031=DIRECTION('',(2.77555756156293E-17,-1.,-1.42003600804422E-14));
#11032=DIRECTION('',(2.77555756156285E-17,1.42003600804422E-14,-1.));
#11033=DIRECTION('',(1.,2.77555756156289E-17,2.77555756156289E-17));
#11034=DIRECTION('',(2.77555756156293E-17,-1.,-1.42003600804422E-14));
#11035=DIRECTION('',(2.77555756156285E-17,1.42003600804422E-14,-1.));
#11036=DIRECTION('',(-1.,-2.77555756156289E-17,-2.77555756156289E-17));
#11037=DIRECTION('',(2.77555756156289E-17,-1.,7.70371977754893E-34));
#11038=DIRECTION('',(2.77555756156289E-17,6.84227765783602E-49,-1.));
#11039=DIRECTION('',(-2.77555756156289E-17,1.,-7.70371977754893E-34));
#11040=DIRECTION('',(0.727508939662582,2.01924293858508E-17,-0.686098201944172));
#11041=DIRECTION('',(2.77555756156289E-17,-1.,7.70371977754893E-34));
#11042=DIRECTION('',(-2.77555756156289E-17,-6.84227765783602E-49,1.));
#11043=DIRECTION('',(-1.,-2.77555756156289E-17,-2.77555756156289E-17));
#11044=DIRECTION('',(-2.77555756156289E-17,1.,-7.70371977754893E-34));
#11045=DIRECTION('',(-1.,-2.77555756156289E-17,-2.77555756156289E-17));
#11046=DIRECTION('',(0.94515120192171,2.62332156531406E-17,0.32663313595829));
#11047=DIRECTION('',(-0.32663313595829,-9.06589070366032E-18,0.94515120192171));
#11048=DIRECTION('',(-2.77555756156289E-17,1.,-7.70371977754893E-34));
#11049=DIRECTION('',(0.32663313595829,9.8851000189472E-15,-0.94515120192171));
#11050=DIRECTION('',(-0.326633135958287,-9.06589070366023E-18,0.945151201921711));
#11051=DIRECTION('',(-2.77555756156293E-17,1.,1.42003600804422E-14));
#11052=DIRECTION('',(-2.77555756156285E-17,-1.42003600804422E-14,1.));
#11053=DIRECTION('',(2.77555756156293E-17,-1.,-1.42003600804422E-14));
#11054=DIRECTION('',(2.77555756156285E-17,1.42003600804422E-14,-1.));
#11055=DIRECTION('',(1.,2.77555756156289E-17,2.77555756156289E-17));
#11056=DIRECTION('',(2.77555756156293E-17,-1.,-1.42003600804422E-14));
#11057=DIRECTION('',(2.77555756156285E-17,1.42003600804422E-14,-1.));
#11058=DIRECTION('',(-1.,-2.77555756156289E-17,-2.77555756156289E-17));
#11059=DIRECTION('',(2.77555756156289E-17,-1.,7.70371977754893E-34));
#11060=DIRECTION('',(2.77555756156289E-17,6.84227765783602E-49,-1.));
#11061=DIRECTION('',(-2.77555756156289E-17,1.,-7.70371977754893E-34));
#11062=DIRECTION('',(0.727508939662582,2.01924293858508E-17,-0.686098201944172));
#11063=DIRECTION('',(2.77555756156289E-17,-1.,7.70371977754893E-34));
#11064=DIRECTION('',(-2.77555756156289E-17,-6.84227765783602E-49,1.));
#11065=DIRECTION('',(-1.,-2.77555756156289E-17,-2.77555756156289E-17));
#11066=DIRECTION('',(-2.77555756156289E-17,1.,-7.70371977754893E-34));
#11067=DIRECTION('',(-1.,-2.77555756156289E-17,-2.77555756156289E-17));
#11068=DIRECTION('',(-2.77555756156289E-17,1.,-7.70371977754893E-34));
#11069=DIRECTION('',(2.77555756156289E-17,6.84227765783602E-49,-1.));
#11070=DIRECTION('',(2.77555756156289E-17,-1.,7.70371977754893E-34));
#11071=DIRECTION('',(-2.77555756156289E-17,-6.84227765783602E-49,1.));
#11072=DIRECTION('',(-2.77555756156289E-17,1.,-7.70371977754893E-34));
#11073=DIRECTION('',(2.77555756156289E-17,6.84227765783602E-49,-1.));
#11074=DIRECTION('',(-2.77555756156289E-17,1.,-7.70371977754893E-34));
#11075=DIRECTION('',(0.727508939662588,2.0192429385851E-17,-0.686098201944166));
#11076=DIRECTION('',(2.77555756156289E-17,-1.,7.70371977754893E-34));
#11077=DIRECTION('',(-2.77555756156289E-17,-6.84227765783602E-49,1.));
#11078=DIRECTION('',(-1.,-2.77555756156289E-17,-2.77555756156289E-17));
#11079=DIRECTION('',(-2.77555756156289E-17,1.,-7.70371977754893E-34));
#11080=DIRECTION('',(-1.,-2.77555756156289E-17,-2.77555756156289E-17));
#11081=DIRECTION('',(2.77555756156289E-17,-1.,7.70371977754893E-34));
#11082=DIRECTION('',(2.77555756156289E-17,6.84227765783602E-49,-1.));
#11083=DIRECTION('',(-2.77555756156289E-17,1.,-7.70371977754893E-34));
#11084=DIRECTION('',(2.77555756156289E-17,6.84227765783602E-49,-1.));
#11085=DIRECTION('',(-2.77555756156289E-17,1.,-7.70371977754893E-34));
#11086=DIRECTION('',(0.727508939662582,2.01924293858508E-17,-0.686098201944172));
#11087=DIRECTION('',(2.77555756156289E-17,-1.,7.70371977754893E-34));
#11088=DIRECTION('',(-2.77555756156289E-17,-6.84227765783602E-49,1.));
#11089=DIRECTION('',(-1.,-2.77555756156289E-17,-2.77555756156289E-17));
#11090=DIRECTION('',(-2.77555756156289E-17,1.,-7.70371977754893E-34));
#11091=DIRECTION('',(-1.,-2.77555756156289E-17,-2.77555756156289E-17));
#11092=DIRECTION('',(2.77555756156289E-17,-1.,7.70371977754893E-34));
#11093=DIRECTION('',(2.77555756156289E-17,6.84227765783602E-49,-1.));
#11094=DIRECTION('',(-2.77555756156289E-17,1.,-7.70371977754893E-34));
#11095=DIRECTION('',(2.77555756156289E-17,6.84227765783602E-49,-1.));
#11096=DIRECTION('',(-2.77555756156289E-17,1.,-7.70371977754893E-34));
#11097=DIRECTION('',(0.727508939662589,2.0192429385851E-17,-0.686098201944164));
#11098=DIRECTION('',(2.77555756156293E-17,-1.,-1.42003600804422E-14));
#11099=DIRECTION('',(2.77555756156285E-17,1.42003600804422E-14,-1.));
#11100=DIRECTION('',(-2.77555756156293E-17,1.,1.42003600804422E-14));
#11101=DIRECTION('',(-2.77555756156285E-17,-1.42003600804422E-14,1.));
#11102=DIRECTION('',(2.77555756156293E-17,-1.,-1.42003600804422E-14));
#11103=DIRECTION('',(2.77555756156285E-17,1.42003600804422E-14,-1.));
#11104=DIRECTION('',(-1.,-2.77555756156289E-17,-2.77555756156289E-17));
#11105=DIRECTION('',(-2.77555756156293E-17,1.,1.42003600804422E-14));
#11106=DIRECTION('',(-2.77555756156285E-17,-1.42003600804422E-14,1.));
#11107=DIRECTION('',(-1.,-2.77555756156289E-17,-2.77555756156289E-17));
#11108=DIRECTION('',(2.77555756156293E-17,-1.,-1.42003600804422E-14));
#11109=DIRECTION('',(2.77555756156285E-17,1.42003600804422E-14,-1.));
#11110=DIRECTION('',(-2.77555756156289E-17,-6.84227765783602E-49,1.));
#11111=DIRECTION('',(-2.77555756156289E-17,1.,-7.70371977754893E-34));
#11112=DIRECTION('',(-1.,-2.77555756156289E-17,-2.77555756156289E-17));
#11113=DIRECTION('',(-2.77555756156293E-17,1.,1.42003600804422E-14));
#11114=DIRECTION('',(-2.77555756156285E-17,-1.42003600804422E-14,1.));
#11115=DIRECTION('',(2.77555756156293E-17,-1.,-1.42003600804422E-14));
#11116=DIRECTION('',(2.77555756156285E-17,1.42003600804422E-14,-1.));
#11117=DIRECTION('',(-2.77555756156289E-17,1.,-7.70371977754893E-34));
#11118=DIRECTION('',(2.77555756156289E-17,6.84227765783602E-49,-1.));
#11119=DIRECTION('',(2.77555756156289E-17,-1.,7.70371977754893E-34));
#11120=DIRECTION('',(-1.87548389517035E-15,-5.28255070460498E-32,-1.));
#11121=DIRECTION('',(2.77555756156289E-17,-1.,7.70371977754893E-34));
#11122=DIRECTION('',(2.77555756156289E-17,6.84227765783602E-49,-1.));
#11123=DIRECTION('',(-2.77555756156289E-17,1.,-7.70371977754893E-34));
#11124=DIRECTION('',(-1.45973072266693E-14,-4.0592703649214E-31,-1.));
#11125=DIRECTION('',(-2.77555756156289E-17,1.,-7.70371977754893E-34));
#11126=DIRECTION('',(2.77555756156289E-17,6.84227765783602E-49,-1.));
#11127=DIRECTION('',(-1.,-2.77555756156289E-17,-2.77555756156289E-17));
#11128=DIRECTION('',(-1.,-2.77555756156289E-17,-8.89858933067478E-17));
#11129=DIRECTION('',(-0.326633135958295,-9.06589070366046E-18,0.945151201921708));
#11130=DIRECTION('',(1.,2.77555756156289E-17,2.77555756156289E-17));
#11131=DIRECTION('',(8.89858933067478E-17,1.69948271264483E-33,-1.));
#11132=DIRECTION('',(1.,2.77555756156289E-17,8.89858933067478E-17));
#11133=DIRECTION('',(-2.77555756156289E-17,1.,-7.70371977754893E-34));
#11134=DIRECTION('',(0.94515120192171,2.62332156531406E-17,0.32663313595829));
#11135=DIRECTION('',(-0.32663313595829,-9.06589070366032E-18,0.94515120192171));
#11136=DIRECTION('',(-2.77555756156289E-17,1.,-7.70371977754893E-34));
#11137=DIRECTION('',(2.77555756156289E-17,6.84227765783602E-49,-1.));
#11138=DIRECTION('',(2.77555756156289E-17,-1.,7.70371977754893E-34));
#11139=DIRECTION('',(1.,2.77555756156289E-17,2.77555756156289E-17));
#11140=DIRECTION('',(3.79148213876091E-17,-0.866025403784434,-0.500000000000008));
#11141=DIRECTION('',(-1.01592457719797E-17,-0.500000000000008,0.866025403784434));
#11142=DIRECTION('',(1.01592457719799E-17,0.500000000000005,-0.866025403784436));
#11143=DIRECTION('',(-1.,-2.77555756156289E-17,-2.77555756156289E-17));
#11144=DIRECTION('',(2.77555756156289E-17,-1.,7.70371977754893E-34));
#11145=DIRECTION('',(1.,2.77555756156289E-17,2.77555756156289E-17));
#11146=DIRECTION('',(-2.7755575615624E-17,1.,-1.77635683940035E-13));
#11147=DIRECTION('',(-1.,-2.77555756156289E-17,-2.77555756156289E-17));
#11148=DIRECTION('',(-1.,-2.77555756156289E-17,-2.77555756156289E-17));
#11149=DIRECTION('',(-2.77555756156319E-17,1.06581410364021E-13,1.));
#11150=DIRECTION('',(1.,2.77555756156289E-17,2.77555756156289E-17));
#11151=DIRECTION('',(-1.,-2.77555756156289E-17,-2.77555756156289E-17));
#11152=DIRECTION('',(2.77555756156289E-17,-1.,7.70371977754893E-34));
#11153=DIRECTION('',(-1.,-2.77555756156289E-17,-2.77555756156289E-17));
#11154=DIRECTION('',(2.77555756156315E-17,-9.47390314346764E-14,-1.));
#11155=DIRECTION('',(-2.77555756156289E-17,-6.84227765783602E-49,1.));
#11156=DIRECTION('',(-2.77555756156289E-17,1.,-7.70371977754893E-34));
#11157=DIRECTION('',(2.77555756156289E-17,6.84227765783602E-49,-1.));
#11158=DIRECTION('',(-1.,-2.77555756156289E-17,-2.77555756156289E-17));
#11159=DIRECTION('',(2.77555756156289E-17,-1.,7.70371977754893E-34));
#11160=DIRECTION('',(1.,2.77555756156289E-17,2.77555756156289E-17));
#11161=DIRECTION('',(-2.89398396622538E-17,0.0436193873710983,0.999048221581606));
#11162=DIRECTION('',(1.,2.77555756156289E-17,2.77555756156289E-17));
#11163=DIRECTION('',(2.77555756157078E-17,-1.,-2.84217094304029E-12));
#11164=DIRECTION('',(-1.,-2.77555756156289E-17,-2.77555756156289E-17));
#11165=DIRECTION('',(2.77555756156289E-17,-1.,7.70371977754893E-34));
#11166=DIRECTION('',(-2.77555756156289E-17,-6.84227765783602E-49,1.));
#11167=DIRECTION('',(2.77555756156292E-17,-1.,-1.05999949515771E-14));
#11168=DIRECTION('',(-2.77555756156286E-17,-1.05999949515771E-14,1.));
#11169=DIRECTION('',(-2.77555756156289E-17,-6.84227765783602E-49,1.));
#11170=DIRECTION('',(-1.,-2.77555756156289E-17,-2.77555756156289E-17));
#11171=DIRECTION('',(-1.,-2.77555756156289E-17,-2.77555756156289E-17));
#11172=DIRECTION('',(2.77555756156289E-17,-1.,7.70371977754893E-34));
#11173=DIRECTION('',(2.77555756156289E-17,6.84227765783602E-49,-1.));
#11174=DIRECTION('',(-1.01592457719797E-17,-0.500000000000009,0.866025403784433));
#11175=DIRECTION('',(3.79148213876091E-17,-0.866025403784434,-0.500000000000008));
#11176=DIRECTION('',(-1.01592457719797E-17,-0.500000000000008,0.866025403784434));
#11177=DIRECTION('',(1.,2.77555756156289E-17,2.77555756156289E-17));
#11178=DIRECTION('',(-2.77555756156293E-17,1.,1.42003600804422E-14));
#11179=DIRECTION('',(-2.77555756156285E-17,-1.42003600804422E-14,1.));
#11180=DIRECTION('',(1.,2.77555756156289E-17,2.77555756156289E-17));
#11181=DIRECTION('',(8.89858933067478E-17,1.69948271264483E-33,-1.));
#11182=DIRECTION('',(1.,2.77555756156289E-17,8.89858933067478E-17));
#11183=CARTESIAN_POINT('',(0.,0.,0.));
#11184=CARTESIAN_POINT('',(6.2449999999999,18.2299999999999,6.645));
#11185=CARTESIAN_POINT('',(6.24499999999988,18.1999999999999,6.645));
#11186=CARTESIAN_POINT('',(6.24499999999989,18.1999999999999,6.645));
#11187=CARTESIAN_POINT('',(6.00999999999989,18.1999999999999,5.96500000000009));
#11188=CARTESIAN_POINT('',(6.2449999999999,18.2299999999999,6.645));
#11189=CARTESIAN_POINT('',(6.2449999999999,9.8999999999999,6.645));
#11190=CARTESIAN_POINT('',(6.1543947811624,9.89999999999992,6.38282319655535));
#11191=CARTESIAN_POINT('',(6.00999999999991,9.8999999999999,5.96500000000009));
#11192=CARTESIAN_POINT('',(6.0099999999999,18.2299999999999,5.96500000000009));
#11193=CARTESIAN_POINT('',(2.5,9.8999999999999,7.6457390400455));
#11194=CARTESIAN_POINT('',(2.5,9.89999999999992,6.64499999999997));
#11195=CARTESIAN_POINT('',(8.75500000000011,9.8999999999999,6.645));
#11196=CARTESIAN_POINT('',(7.77871316377813,9.89999999999987,9.47000020693971));
#11197=CARTESIAN_POINT('',(8.99000000000011,9.8999999999999,5.96500000000009));
#11198=CARTESIAN_POINT('',(3.98500000000008,9.89999999999993,5.96500000000009));
#11199=CARTESIAN_POINT('',(3.98500000000008,18.2299999999999,5.96500000000009));
#11200=CARTESIAN_POINT('',(3.98500000000008,18.1999999999999,5.96500000000009));
#11201=CARTESIAN_POINT('',(8.99000000000009,18.1999999999999,5.96500000000009));
#11202=CARTESIAN_POINT('',(8.9900000000001,18.2299999999999,5.96500000000009));
#11203=CARTESIAN_POINT('',(8.7550000000001,18.2299999999999,6.645));
#11204=CARTESIAN_POINT('',(8.7550000000001,18.2299999999999,6.645));
#11205=CARTESIAN_POINT('',(8.7550000000001,18.1999999999999,6.645));
#11206=CARTESIAN_POINT('',(8.9900000000001,18.1999999999999,5.96500000000009));
#11207=CARTESIAN_POINT('',(47.5,18.2299999999999,6.645));
#11208=CARTESIAN_POINT('',(47.5,9.8999999999999,6.645));
#11209=CARTESIAN_POINT('',(11.2449999999999,9.8999999999999,6.645));
#11210=CARTESIAN_POINT('',(11.2449999999999,18.2299999999999,6.645));
#11211=CARTESIAN_POINT('',(11.2449999999999,18.1999999999999,6.645));
#11212=CARTESIAN_POINT('',(47.305142695566,18.1999999999999,6.645));
#11213=CARTESIAN_POINT('',(11.2449999999999,18.2299999999999,6.645));
#11214=CARTESIAN_POINT('',(11.2449999999999,18.1999999999999,6.645));
#11215=CARTESIAN_POINT('',(11.0099999999999,18.1999999999999,5.96500000000013));
#11216=CARTESIAN_POINT('',(10.6209487536327,9.89999999999994,4.83923469136318));
#11217=CARTESIAN_POINT('',(11.0099999999999,9.8999999999999,5.96500000000009));
#11218=CARTESIAN_POINT('',(11.0099999999999,18.2299999999999,5.96500000000009));
#11219=CARTESIAN_POINT('',(2.5,9.8999999999999,7.6457390400455));
#11220=CARTESIAN_POINT('',(41.9999976,9.89999999999992,6.64499999999997));
#11221=CARTESIAN_POINT('',(13.7550000000001,9.8999999999999,6.645));
#11222=CARTESIAN_POINT('',(12.2452671362484,9.89999999999985,11.0135887121319));
#11223=CARTESIAN_POINT('',(13.9900000000001,9.8999999999999,5.96500000000009));
#11224=CARTESIAN_POINT('',(3.98500000000008,9.89999999999993,5.96500000000009));
#11225=CARTESIAN_POINT('',(3.98500000000008,18.2299999999999,5.96500000000009));
#11226=CARTESIAN_POINT('',(3.98500000000008,18.1999999999999,5.96500000000009));
#11227=CARTESIAN_POINT('',(13.9900000000001,18.1999999999999,5.96500000000013));
#11228=CARTESIAN_POINT('',(13.9900000000001,18.2299999999999,5.96500000000009));
#11229=CARTESIAN_POINT('',(13.7550000000001,18.2299999999999,6.645));
#11230=CARTESIAN_POINT('',(13.7550000000001,18.2299999999999,6.645));
#11231=CARTESIAN_POINT('',(13.7550000000001,18.1999999999999,6.645));
#11232=CARTESIAN_POINT('',(13.9900000000001,18.1999999999999,5.96500000000009));
#11233=CARTESIAN_POINT('',(47.5,18.2299999999999,6.645));
#11234=CARTESIAN_POINT('',(47.5,9.8999999999999,6.645));
#11235=CARTESIAN_POINT('',(16.2449999999999,9.8999999999999,6.645));
#11236=CARTESIAN_POINT('',(16.2449999999999,18.2299999999999,6.645));
#11237=CARTESIAN_POINT('',(16.2449999999999,18.1999999999999,6.645));
#11238=CARTESIAN_POINT('',(47.305142695566,18.1999999999999,6.645));
#11239=CARTESIAN_POINT('',(16.2449999999999,18.2299999999999,6.645));
#11240=CARTESIAN_POINT('',(16.2449999999999,18.1999999999999,6.645));
#11241=CARTESIAN_POINT('',(16.0099999999999,18.1999999999999,5.96500000000009));
#11242=CARTESIAN_POINT('',(15.0875027261029,9.89999999999996,3.295646186171));
#11243=CARTESIAN_POINT('',(16.0099999999999,9.8999999999999,5.96500000000009));
#11244=CARTESIAN_POINT('',(16.0099999999999,18.2299999999999,5.96500000000009));
#11245=CARTESIAN_POINT('',(2.5,9.8999999999999,7.6457390400455));
#11246=CARTESIAN_POINT('',(41.9999976,9.89999999999992,6.64499999999997));
#11247=CARTESIAN_POINT('',(18.7550000000001,9.8999999999999,6.645));
#11248=CARTESIAN_POINT('',(16.7118211087187,9.89999999999983,12.5571772173241));
#11249=CARTESIAN_POINT('',(18.9900000000001,9.8999999999999,5.96500000000009));
#11250=CARTESIAN_POINT('',(3.98500000000008,9.89999999999993,5.96500000000009));
#11251=CARTESIAN_POINT('',(3.98500000000008,18.2299999999999,5.96500000000009));
#11252=CARTESIAN_POINT('',(3.98500000000008,18.1999999999999,5.96500000000009));
#11253=CARTESIAN_POINT('',(18.9900000000001,18.1999999999999,5.96500000000009));
#11254=CARTESIAN_POINT('',(18.9900000000001,18.2299999999999,5.96500000000009));
#11255=CARTESIAN_POINT('',(18.7550000000001,18.2299999999999,6.645));
#11256=CARTESIAN_POINT('',(18.7550000000001,18.2299999999999,6.645));
#11257=CARTESIAN_POINT('',(18.7550000000001,18.1999999999999,6.645));
#11258=CARTESIAN_POINT('',(18.9900000000001,18.1999999999999,5.96500000000009));
#11259=CARTESIAN_POINT('',(47.5,18.2299999999999,6.645));
#11260=CARTESIAN_POINT('',(47.5,9.8999999999999,6.645));
#11261=CARTESIAN_POINT('',(21.2449999999999,9.8999999999999,6.645));
#11262=CARTESIAN_POINT('',(21.2449999999999,18.2299999999999,6.645));
#11263=CARTESIAN_POINT('',(21.2449999999999,18.1999999999999,6.645));
#11264=CARTESIAN_POINT('',(47.305142695566,18.1999999999999,6.645));
#11265=CARTESIAN_POINT('',(21.2449999999999,18.2299999999999,6.645));
#11266=CARTESIAN_POINT('',(21.2449999999999,18.1999999999999,6.645));
#11267=CARTESIAN_POINT('',(21.0099999999999,18.1999999999999,5.96500000000009));
#11268=CARTESIAN_POINT('',(19.5540566985732,9.89999999999998,1.75205768097882));
#11269=CARTESIAN_POINT('',(21.0099999999999,9.8999999999999,5.96500000000009));
#11270=CARTESIAN_POINT('',(21.0099999999999,18.2299999999999,5.96500000000009));
#11271=CARTESIAN_POINT('',(2.5,9.8999999999999,7.6457390400455));
#11272=CARTESIAN_POINT('',(2.5,9.89999999999992,6.64499999999997));
#11273=CARTESIAN_POINT('',(23.7550000000001,9.8999999999999,6.645));
#11274=CARTESIAN_POINT('',(21.1783750811889,9.89999999999981,14.1007657225162));
#11275=CARTESIAN_POINT('',(23.9900000000001,9.8999999999999,5.96500000000009));
#11276=CARTESIAN_POINT('',(3.98500000000008,9.89999999999993,5.96500000000009));
#11277=CARTESIAN_POINT('',(3.98500000000008,18.2299999999999,5.96500000000009));
#11278=CARTESIAN_POINT('',(3.98500000000008,18.1999999999999,5.96500000000009));
#11279=CARTESIAN_POINT('',(23.9900000000001,18.1999999999999,5.96500000000009));
#11280=CARTESIAN_POINT('',(23.9900000000001,18.2299999999999,5.96500000000009));
#11281=CARTESIAN_POINT('',(23.7550000000001,18.2299999999999,6.645));
#11282=CARTESIAN_POINT('',(23.7550000000001,18.2299999999999,6.645));
#11283=CARTESIAN_POINT('',(23.7550000000001,18.1999999999999,6.645));
#11284=CARTESIAN_POINT('',(23.9900000000001,18.1999999999999,5.96500000000009));
#11285=CARTESIAN_POINT('',(47.5,18.2299999999999,6.645));
#11286=CARTESIAN_POINT('',(47.5,9.8999999999999,6.645));
#11287=CARTESIAN_POINT('',(26.2449999999999,9.8999999999999,6.645));
#11288=CARTESIAN_POINT('',(26.2449999999999,18.2299999999999,6.645));
#11289=CARTESIAN_POINT('',(26.2449999999999,18.1999999999999,6.645));
#11290=CARTESIAN_POINT('',(47.305142695566,18.1999999999999,6.645));
#11291=CARTESIAN_POINT('',(26.2449999999999,18.2299999999999,6.645));
#11292=CARTESIAN_POINT('',(26.2449999999999,18.1999999999999,6.645));
#11293=CARTESIAN_POINT('',(26.0099999999999,18.1999999999999,5.96500000000009));
#11294=CARTESIAN_POINT('',(24.0206106710435,9.90000000000001,0.208469175786645));
#11295=CARTESIAN_POINT('',(26.0099999999999,9.8999999999999,5.96500000000009));
#11296=CARTESIAN_POINT('',(26.0099999999999,18.2299999999999,5.96500000000009));
#11297=CARTESIAN_POINT('',(2.5,9.8999999999999,7.6457390400455));
#11298=CARTESIAN_POINT('',(2.5,9.89999999999992,6.64499999999997));
#11299=CARTESIAN_POINT('',(28.7550000000001,9.8999999999999,6.645));
#11300=CARTESIAN_POINT('',(25.6449290536592,9.89999999999979,15.6443542277084));
#11301=CARTESIAN_POINT('',(28.9900000000001,9.8999999999999,5.96500000000009));
#11302=CARTESIAN_POINT('',(3.98500000000008,9.89999999999993,5.96500000000009));
#11303=CARTESIAN_POINT('',(3.98500000000008,18.2299999999999,5.96500000000009));
#11304=CARTESIAN_POINT('',(3.98500000000008,18.1999999999999,5.96500000000009));
#11305=CARTESIAN_POINT('',(28.9900000000001,18.1999999999999,5.96500000000009));
#11306=CARTESIAN_POINT('',(28.9900000000001,18.2299999999999,5.96500000000009));
#11307=CARTESIAN_POINT('',(28.7550000000001,18.2299999999999,6.645));
#11308=CARTESIAN_POINT('',(28.7550000000001,18.2299999999999,6.645));
#11309=CARTESIAN_POINT('',(28.7550000000001,18.1999999999999,6.645));
#11310=CARTESIAN_POINT('',(28.9900000000001,18.1999999999999,5.96500000000009));
#11311=CARTESIAN_POINT('',(47.5,18.2299999999999,6.645));
#11312=CARTESIAN_POINT('',(47.5,9.8999999999999,6.645));
#11313=CARTESIAN_POINT('',(31.2449999999999,9.8999999999999,6.645));
#11314=CARTESIAN_POINT('',(31.2449999999999,18.2299999999999,6.645));
#11315=CARTESIAN_POINT('',(31.2449999999999,18.1999999999999,6.645));
#11316=CARTESIAN_POINT('',(47.305142695566,18.1999999999999,6.645));
#11317=CARTESIAN_POINT('',(31.2449999999999,18.2299999999999,6.645));
#11318=CARTESIAN_POINT('',(31.2449999999999,18.1999999999999,6.645));
#11319=CARTESIAN_POINT('',(31.0099999999999,18.1999999999999,5.96500000000013));
#11320=CARTESIAN_POINT('',(28.4871646435137,9.90000000000003,-1.33511932940553));
#11321=CARTESIAN_POINT('',(31.0099999999999,9.8999999999999,5.96500000000009));
#11322=CARTESIAN_POINT('',(31.0099999999999,18.2299999999999,5.96500000000009));
#11323=CARTESIAN_POINT('',(2.5,9.8999999999999,7.6457390400455));
#11324=CARTESIAN_POINT('',(41.9999976,9.89999999999992,6.64499999999997));
#11325=CARTESIAN_POINT('',(33.7550000000001,9.8999999999999,6.645));
#11326=CARTESIAN_POINT('',(30.1114830261295,9.89999999999976,17.1879427329006));
#11327=CARTESIAN_POINT('',(33.9900000000001,9.8999999999999,5.96500000000009));
#11328=CARTESIAN_POINT('',(3.98500000000008,9.89999999999993,5.96500000000009));
#11329=CARTESIAN_POINT('',(3.98500000000008,18.2299999999999,5.96500000000009));
#11330=CARTESIAN_POINT('',(3.98500000000008,18.1999999999999,5.96500000000009));
#11331=CARTESIAN_POINT('',(33.9900000000001,18.1999999999999,5.96500000000013));
#11332=CARTESIAN_POINT('',(33.9900000000001,18.2299999999999,5.96500000000009));
#11333=CARTESIAN_POINT('',(33.7550000000001,18.2299999999999,6.645));
#11334=CARTESIAN_POINT('',(33.7550000000001,18.2299999999999,6.645));
#11335=CARTESIAN_POINT('',(33.7550000000001,18.1999999999999,6.645));
#11336=CARTESIAN_POINT('',(33.9900000000001,18.1999999999999,5.96500000000009));
#11337=CARTESIAN_POINT('',(47.5,18.2299999999999,6.645));
#11338=CARTESIAN_POINT('',(47.5,9.8999999999999,6.645));
#11339=CARTESIAN_POINT('',(36.2449999999999,9.8999999999999,6.645));
#11340=CARTESIAN_POINT('',(36.2449999999999,18.2299999999999,6.645));
#11341=CARTESIAN_POINT('',(36.2449999999999,18.1999999999999,6.645));
#11342=CARTESIAN_POINT('',(47.305142695566,18.1999999999999,6.645));
#11343=CARTESIAN_POINT('',(36.2449999999999,18.2299999999999,6.645));
#11344=CARTESIAN_POINT('',(36.2449999999999,18.1999999999999,6.645));
#11345=CARTESIAN_POINT('',(36.0099999999999,18.1999999999999,5.96500000000009));
#11346=CARTESIAN_POINT('',(32.953718615984,9.90000000000006,-2.8787078345977));
#11347=CARTESIAN_POINT('',(36.0099999999999,9.8999999999999,5.96500000000009));
#11348=CARTESIAN_POINT('',(36.0099999999999,18.2299999999999,5.96500000000009));
#11349=CARTESIAN_POINT('',(2.5,9.8999999999999,7.6457390400455));
#11350=CARTESIAN_POINT('',(41.9999976,9.89999999999992,6.64499999999997));
#11351=CARTESIAN_POINT('',(38.7550000000001,9.8999999999999,6.645));
#11352=CARTESIAN_POINT('',(34.5780369985997,9.89999999999974,18.7315312380928));
#11353=CARTESIAN_POINT('',(38.9900000000001,9.8999999999999,5.96500000000009));
#11354=CARTESIAN_POINT('',(3.98500000000008,9.89999999999993,5.96500000000009));
#11355=CARTESIAN_POINT('',(3.98500000000008,18.2299999999999,5.96500000000009));
#11356=CARTESIAN_POINT('',(3.98500000000008,18.1999999999999,5.96500000000009));
#11357=CARTESIAN_POINT('',(38.9900000000001,18.1999999999999,5.96500000000013));
#11358=CARTESIAN_POINT('',(38.9900000000001,18.2299999999999,5.96500000000009));
#11359=CARTESIAN_POINT('',(38.7550000000001,18.2299999999999,6.645));
#11360=CARTESIAN_POINT('',(38.7550000000001,18.2299999999999,6.645));
#11361=CARTESIAN_POINT('',(38.7550000000001,18.1999999999999,6.645));
#11362=CARTESIAN_POINT('',(38.9900000000001,18.1999999999999,5.96500000000009));
#11363=CARTESIAN_POINT('',(47.5,18.2299999999999,6.645));
#11364=CARTESIAN_POINT('',(47.5,9.8999999999999,6.645));
#11365=CARTESIAN_POINT('',(41.2449999999999,9.8999999999999,6.645));
#11366=CARTESIAN_POINT('',(41.2449999999999,18.2299999999999,6.645));
#11367=CARTESIAN_POINT('',(41.2449999999999,18.1999999999999,6.645));
#11368=CARTESIAN_POINT('',(47.305142695566,18.1999999999999,6.645));
#11369=CARTESIAN_POINT('',(2.5,9.8999999999999,7.6457390400455));
#11370=CARTESIAN_POINT('',(41.9999976,9.89999999999992,6.64499999999997));
#11371=CARTESIAN_POINT('',(43.7550000000001,9.8999999999999,6.645));
#11372=CARTESIAN_POINT('',(39.04459097107,9.89999999999972,20.2751197432849));
#11373=CARTESIAN_POINT('',(43.9900000000001,9.8999999999999,5.96500000000009));
#11374=CARTESIAN_POINT('',(3.98500000000008,9.89999999999993,5.96500000000009));
#11375=CARTESIAN_POINT('',(41.0099999999999,9.8999999999999,5.96500000000009));
#11376=CARTESIAN_POINT('',(37.4202725884543,9.90000000000007,-4.42229633978988));
#11377=CARTESIAN_POINT('',(41.2449999999999,18.2299999999999,6.645));
#11378=CARTESIAN_POINT('',(41.2449999999999,18.1999999999999,6.645));
#11379=CARTESIAN_POINT('',(41.0099999999999,18.1999999999999,5.96500000000013));
#11380=CARTESIAN_POINT('',(41.0099999999999,18.2299999999999,5.96500000000009));
#11381=CARTESIAN_POINT('',(35.233124,18.1999999999999,1.73));
#11382=CARTESIAN_POINT('',(40.3792862665984,18.1999999999999,1.73));
#11383=CARTESIAN_POINT('',(40.3792862665984,9.8999999999999,1.73));
#11384=CARTESIAN_POINT('',(40.3792862665984,18.1999999999999,1.73));
#11385=CARTESIAN_POINT('',(2.5,9.89999999999998,1.73));
#11386=CARTESIAN_POINT('',(39.6207137334016,9.8999999999999,1.73));
#11387=CARTESIAN_POINT('',(39.6207137334016,18.1999999999999,1.73));
#11388=CARTESIAN_POINT('',(39.6207137334016,18.1999999999999,1.73));
#11389=CARTESIAN_POINT('',(47.305142695566,18.1999999999999,1.73));
#11390=CARTESIAN_POINT('',(2.5,9.8999999999999,7.6457390400455));
#11391=CARTESIAN_POINT('',(37.5,9.89999999999996,3.73));
#11392=CARTESIAN_POINT('',(36.0520612101894,9.8999999999999,1.2));
#11393=CARTESIAN_POINT('',(38.9479387898106,9.8999999999999,1.2));
#11394=CARTESIAN_POINT('',(2.5,9.89999999999999,1.2));
#11395=CARTESIAN_POINT('',(2.5,9.8999999999999,7.6457390400455));
#11396=CARTESIAN_POINT('',(32.5,9.89999999999996,3.73));
#11397=CARTESIAN_POINT('',(33.9479387898106,9.8999999999999,1.2));
#11398=CARTESIAN_POINT('',(34.6207137334016,9.8999999999999,1.73));
#11399=CARTESIAN_POINT('',(2.5,9.89999999999998,1.73));
#11400=CARTESIAN_POINT('',(35.3792862665984,9.8999999999999,1.73));
#11401=CARTESIAN_POINT('',(37.5,9.89999999999996,3.73));
#11402=CARTESIAN_POINT('',(2.5,9.89999999999999,1.2));
#11403=CARTESIAN_POINT('',(2.5,9.8999999999999,7.6457390400455));
#11404=CARTESIAN_POINT('',(32.5,9.89999999999996,3.73));
#11405=CARTESIAN_POINT('',(31.0520612101894,9.8999999999999,1.2));
#11406=CARTESIAN_POINT('',(2.5,9.89999999999999,1.2));
#11407=CARTESIAN_POINT('',(2.5,9.8999999999999,7.6457390400455));
#11408=CARTESIAN_POINT('',(27.5,9.89999999999996,3.73));
#11409=CARTESIAN_POINT('',(28.9479387898106,9.8999999999999,1.2));
#11410=CARTESIAN_POINT('',(29.6207137334016,9.8999999999999,1.73));
#11411=CARTESIAN_POINT('',(2.5,9.89999999999998,1.73));
#11412=CARTESIAN_POINT('',(30.3792862665984,9.8999999999999,1.73));
#11413=CARTESIAN_POINT('',(32.5,9.89999999999996,3.73));
#11414=CARTESIAN_POINT('',(2.5,9.89999999999999,1.2));
#11415=CARTESIAN_POINT('',(2.5,9.8999999999999,7.6457390400455));
#11416=CARTESIAN_POINT('',(2.5,9.89999999999999,1.2));
#11417=CARTESIAN_POINT('',(26.0520612101894,9.8999999999999,1.2));
#11418=CARTESIAN_POINT('',(27.5,9.89999999999996,3.73));
#11419=CARTESIAN_POINT('',(2.5,9.8999999999999,7.6457390400455));
#11420=CARTESIAN_POINT('',(2.5,9.89999999999999,1.2));
#11421=CARTESIAN_POINT('',(23.9479387898106,9.8999999999999,1.2));
#11422=CARTESIAN_POINT('',(21.0520612101894,9.8999999999999,1.2));
#11423=CARTESIAN_POINT('',(22.5,9.89999999999996,3.73));
#11424=CARTESIAN_POINT('',(2.5,9.8999999999999,7.6457390400455));
#11425=CARTESIAN_POINT('',(2.5,9.89999999999999,1.2));
#11426=CARTESIAN_POINT('',(18.9479387898106,9.8999999999999,1.2));
#11427=CARTESIAN_POINT('',(16.0520612101894,9.8999999999999,1.2));
#11428=CARTESIAN_POINT('',(17.5,9.89999999999996,3.73));
#11429=CARTESIAN_POINT('',(2.5,9.8999999999999,7.6457390400455));
#11430=CARTESIAN_POINT('',(12.5,9.89999999999996,3.73));
#11431=CARTESIAN_POINT('',(11.0520612101894,9.8999999999999,1.2));
#11432=CARTESIAN_POINT('',(13.9479387898106,9.8999999999999,1.2));
#11433=CARTESIAN_POINT('',(2.5,9.89999999999999,1.2));
#11434=CARTESIAN_POINT('',(2.5,9.8999999999999,7.6457390400455));
#11435=CARTESIAN_POINT('',(2.5,9.89999999999999,1.2));
#11436=CARTESIAN_POINT('',(8.94793878981064,9.8999999999999,1.2));
#11437=CARTESIAN_POINT('',(6.0520612101894,9.8999999999999,1.2));
#11438=CARTESIAN_POINT('',(7.50000000000002,9.89999999999996,3.73));
#11439=CARTESIAN_POINT('',(2.5,9.8999999999999,7.6457390400455));
#11440=CARTESIAN_POINT('',(2.50000000000002,9.89999999999996,3.73));
#11441=CARTESIAN_POINT('',(3.94793878981064,9.8999999999999,1.2));
#11442=CARTESIAN_POINT('',(4.62071373340164,9.8999999999999,1.73));
#11443=CARTESIAN_POINT('',(2.5,9.89999999999998,1.73));
#11444=CARTESIAN_POINT('',(5.3792862665984,9.8999999999999,1.73));
#11445=CARTESIAN_POINT('',(7.50000000000002,9.89999999999996,3.73));
#11446=CARTESIAN_POINT('',(2.5,9.89999999999999,1.2));
#11447=CARTESIAN_POINT('',(43.4167221994801,17.1999999999999,3.14740918838721));
#11448=CARTESIAN_POINT('',(2.50000000000002,17.1999999999999,3.73));
#11449=CARTESIAN_POINT('',(3.90000000000002,17.1999999999999,3.73));
#11450=CARTESIAN_POINT('',(2.50000000000002,17.1999999999999,3.73));
#11451=CARTESIAN_POINT('',(3.20000000000002,17.1999999999999,3.73));
#11452=CARTESIAN_POINT('',(27.2455340732755,16.1999999999999,2.8702846647475));
#11453=CARTESIAN_POINT('',(2.50000000000002,16.1999999999999,3.73));
#11454=CARTESIAN_POINT('',(1.80000000000002,16.1999999999999,3.73));
#11455=CARTESIAN_POINT('',(27.2455340732755,16.1999999999999,2.8702846647475));
#11456=CARTESIAN_POINT('',(17.5,16.1999999999999,3.73));
#11457=CARTESIAN_POINT('',(16.8,16.1999999999999,3.73));
#11458=CARTESIAN_POINT('',(12.5,18.1999999999999,3.73));
#11459=CARTESIAN_POINT('',(12.5,18.1999999999999,3.73));
#11460=CARTESIAN_POINT('',(12.5,18.1999999999999,5.13));
#11461=CARTESIAN_POINT('',(12.5,17.1999999999999,3.73));
#11462=CARTESIAN_POINT('',(13.9,17.1999999999999,3.73));
#11463=CARTESIAN_POINT('',(27.2455340732755,16.1999999999999,2.8702846647475));
#11464=CARTESIAN_POINT('',(12.5,16.1999999999999,3.73));
#11465=CARTESIAN_POINT('',(11.8,16.1999999999999,3.73));
#11466=CARTESIAN_POINT('',(43.4167221994801,17.1999999999999,3.14740918838721));
#11467=CARTESIAN_POINT('',(7.50000000000002,17.1999999999999,3.73));
#11468=CARTESIAN_POINT('',(8.20000000000002,17.1999999999999,3.73));
#11469=CARTESIAN_POINT('',(7.49999999999998,17.1999999999999,3.73));
#11470=CARTESIAN_POINT('',(8.89999999999998,17.1999999999999,3.73));
#11471=CARTESIAN_POINT('',(43.4167221994801,17.1999999999999,3.14740918838721));
#11472=CARTESIAN_POINT('',(37.5,17.1999999999999,3.73));
#11473=CARTESIAN_POINT('',(38.2,17.1999999999999,3.73));
#11474=CARTESIAN_POINT('',(37.5,17.1999999999999,3.73));
#11475=CARTESIAN_POINT('',(38.9,17.1999999999999,3.73));
#11476=CARTESIAN_POINT('',(27.2455340732755,16.1999999999999,2.8702846647475));
#11477=CARTESIAN_POINT('',(37.5,16.1999999999999,3.73));
#11478=CARTESIAN_POINT('',(36.8,16.1999999999999,3.73));
#11479=CARTESIAN_POINT('',(44.1,12.9212404281333,8.4321196066423));
#11480=CARTESIAN_POINT('',(5.,12.9212404281333,8.4321196066423));
#11481=CARTESIAN_POINT('',(5.,9.71308581620923,8.44545350652007));
#11482=CARTESIAN_POINT('',(5.,12.9209863276881,8.43212068119286));
#11483=CARTESIAN_POINT('',(5.,9.71308680099736,8.44568638048903));
#11484=CARTESIAN_POINT('',(4.46666666666668,9.71308680099736,8.44568638048903));
#11485=CARTESIAN_POINT('',(3.93333333333335,9.71308680099736,8.44568638048903));
#11486=CARTESIAN_POINT('',(3.40000000000002,9.71308680099736,8.44568638048903));
#11487=CARTESIAN_POINT('',(3.40000000000002,9.71308581620851,8.4454535065201));
#11488=CARTESIAN_POINT('',(3.4,58.7218372201934,8.23843613292478));
#11489=CARTESIAN_POINT('',(3.4,12.9209863276881,8.43212068119286));
#11490=CARTESIAN_POINT('',(44.1,12.9209863276881,8.43212068119286));
#11491=CARTESIAN_POINT('',(44.1,12.9212394433461,8.4318867326733));
#11492=CARTESIAN_POINT('',(5.,60.6165130064945,-35.6516706815722));
#11493=CARTESIAN_POINT('',(5.,13.2038617717673,8.17066593004994));
#11494=CARTESIAN_POINT('',(3.4,60.6165130064945,-35.6516706815722));
#11495=CARTESIAN_POINT('',(3.40000000000002,13.2038617717674,8.17066593004999));
#11496=CARTESIAN_POINT('',(44.1,13.2038617717674,8.17066593004995));
#11497=CARTESIAN_POINT('',(44.1,13.4074882959571,8.3909753457507));
#11498=CARTESIAN_POINT('',(5.,13.4074882959571,8.3909753457507));
#11499=CARTESIAN_POINT('',(5.,13.5675884278088,8.13726695451956));
#11500=CARTESIAN_POINT('',(3.4,13.4074882959571,8.3909753457507));
#11501=CARTESIAN_POINT('',(3.40000000000002,13.5675884278088,8.13726695451954));
#11502=CARTESIAN_POINT('',(44.1,13.5675884278088,8.1372669545196));
#11503=CARTESIAN_POINT('',(44.1,13.5675884278088,8.1372669545196));
#11504=CARTESIAN_POINT('',(5.,24.9390405469506,15.3131075910295));
#11505=CARTESIAN_POINT('',(5.,14.2468943828526,8.56593615399856));
#11506=CARTESIAN_POINT('',(3.4,24.9390405469506,15.3131075910295));
#11507=CARTESIAN_POINT('',(3.40000000000002,14.2468943828526,8.56593615399853));
#11508=CARTESIAN_POINT('',(44.1,14.2468943828526,8.5659361539986));
#11509=CARTESIAN_POINT('',(7.50000000000002,17.1999999999999,3.73));
#11510=CARTESIAN_POINT('',(7.50000000000002,16.1999999999999,3.73));
#11511=CARTESIAN_POINT('',(6.80000000000002,16.1999999999999,3.73));
#11512=CARTESIAN_POINT('',(44.1,14.1401609616181,8.73507508148601));
#11513=CARTESIAN_POINT('',(3.4,14.1401609616181,8.73507508148601));
#11514=CARTESIAN_POINT('',(3.40000000000001,14.2759119777446,8.88194802528652));
#11515=CARTESIAN_POINT('',(44.1,14.2759119777446,8.88194802528649));
#11516=CARTESIAN_POINT('',(5.,14.2759119777446,8.88194802528652));
#11517=CARTESIAN_POINT('',(5.,14.1401609616181,8.73507508148601));
#11518=CARTESIAN_POINT('',(44.1,13.455260251771,9.64045604455911));
#11519=CARTESIAN_POINT('',(3.4,61.4649568572874,-34.7337147828162));
#11520=CARTESIAN_POINT('',(3.40000000000002,13.455260251771,9.64045604455915));
#11521=CARTESIAN_POINT('',(44.1,13.455260251771,9.64045604455916));
#11522=CARTESIAN_POINT('',(5.,13.455260251771,9.64045604455917));
#11523=CARTESIAN_POINT('',(5.,61.4649568572874,-34.7337147828162));
#11524=CARTESIAN_POINT('',(44.1,12.9461939412967,9.08968250530731));
#11525=CARTESIAN_POINT('',(5.,12.9461939412967,9.08968250530731));
#11526=CARTESIAN_POINT('',(5.,13.0896989584683,9.82582536511548));
#11527=CARTESIAN_POINT('',(3.4,12.9461939412967,9.08968250530731));
#11528=CARTESIAN_POINT('',(3.4,13.0896989584683,9.82582536511548));
#11529=CARTESIAN_POINT('',(44.1,13.0896989584683,9.82582536511548));
#11530=CARTESIAN_POINT('',(40.5999976,9.66832798469613,10.4927935952622));
#11531=CARTESIAN_POINT('',(5.,65.8287075167173,-0.455212110048633));
#11532=CARTESIAN_POINT('',(5.,9.65731889975102,10.4951111439688));
#11533=CARTESIAN_POINT('',(3.4,9.66832798469613,10.4927935952622));
#11534=CARTESIAN_POINT('',(3.40000000000001,9.65731889975052,10.4951111439689));
#11535=CARTESIAN_POINT('',(3.40000000000001,9.65728670666283,10.4949460019217));
#11536=CARTESIAN_POINT('',(3.93333333333334,9.65728670666283,10.4949460019217));
#11537=CARTESIAN_POINT('',(4.46666666666667,9.65728670666283,10.4949460019217));
#11538=CARTESIAN_POINT('',(5.,9.65728670666283,10.4949460019217));
#11539=CARTESIAN_POINT('',(41.9999976,9.8999999999999,6.645));
#11540=CARTESIAN_POINT('',(46.6,9.4000000000001,7.5110254037841));
#11541=CARTESIAN_POINT('',(46.6,9.3999999999999,7.51102540378441));
#11542=CARTESIAN_POINT('',(46.6,9.8999999999999,6.645));
#11543=CARTESIAN_POINT('',(50.,9.3999999999999,7.51102540378441));
#11544=CARTESIAN_POINT('',(50.,9.4,7.51102540378421));
#11545=CARTESIAN_POINT('',(50.,9.8999999999999,6.645));
#11546=CARTESIAN_POINT('',(50.,9.8999999999999,6.645));
#11547=CARTESIAN_POINT('',(41.9999976,9.89999999999992,6.64499999999997));
#11548=CARTESIAN_POINT('',(48.7550000000001,9.8999999999999,6.645));
#11549=CARTESIAN_POINT('',(2.5,9.89999999999992,6.64499999999997));
#11550=CARTESIAN_POINT('',(44.1,12.9212404281333,8.4321196066423));
#11551=CARTESIAN_POINT('',(46.6,12.9212404281333,8.4321196066423));
#11552=CARTESIAN_POINT('',(46.6,9.71308581620923,8.44545350652007));
#11553=CARTESIAN_POINT('',(46.6,12.9209863276881,8.43212068119286));
#11554=CARTESIAN_POINT('',(46.6,9.71308680099736,8.44568638048903));
#11555=CARTESIAN_POINT('',(46.0666666666667,9.71308680099736,8.44568638048903));
#11556=CARTESIAN_POINT('',(45.5333333333333,9.71308680099736,8.44568638048903));
#11557=CARTESIAN_POINT('',(45.,9.71308680099736,8.44568638048903));
#11558=CARTESIAN_POINT('',(45.,9.71308581620851,8.4454535065201));
#11559=CARTESIAN_POINT('',(45.,58.7218372201934,8.23843613292478));
#11560=CARTESIAN_POINT('',(45.,12.9209863276881,8.43212068119286));
#11561=CARTESIAN_POINT('',(44.1,12.9209863276881,8.43212068119286));
#11562=CARTESIAN_POINT('',(44.1,12.9212394433461,8.4318867326733));
#11563=CARTESIAN_POINT('',(46.6,12.9212394433459,8.4318867326734));
#11564=CARTESIAN_POINT('',(46.6,13.2038617717672,8.1706659300501));
#11565=CARTESIAN_POINT('',(45.,13.2038617717672,8.1706659300501));
#11566=CARTESIAN_POINT('',(45.,13.2038617717674,8.17066593005));
#11567=CARTESIAN_POINT('',(46.6,13.2038617717674,8.17066593005));
#11568=CARTESIAN_POINT('',(44.1,13.4074882959571,8.3909753457507));
#11569=CARTESIAN_POINT('',(46.6,13.4074882959571,8.3909753457507));
#11570=CARTESIAN_POINT('',(46.6,13.5675884278091,8.13726695451981));
#11571=CARTESIAN_POINT('',(45.,13.4074882959571,8.3909753457507));
#11572=CARTESIAN_POINT('',(45.,13.5675884278088,8.1372669545196));
#11573=CARTESIAN_POINT('',(45.,13.5675884278088,8.1372669545196));
#11574=CARTESIAN_POINT('',(44.1,13.5675884278088,8.1372669545196));
#11575=CARTESIAN_POINT('',(46.6,13.5675884278094,8.13726695451991));
#11576=CARTESIAN_POINT('',(46.6,14.2468943828522,8.5659361539984));
#11577=CARTESIAN_POINT('',(45.,14.246894382852,8.5659361539981));
#11578=CARTESIAN_POINT('',(45.,14.2468943828523,8.5659361539984));
#11579=CARTESIAN_POINT('',(46.6,14.2468943828525,8.5659361539986));
#11580=CARTESIAN_POINT('',(2.50000000000002,17.1999999999999,3.73));
#11581=CARTESIAN_POINT('',(44.1,14.1401609616181,8.73507508148601));
#11582=CARTESIAN_POINT('',(45.,14.1401609616181,8.73507508148601));
#11583=CARTESIAN_POINT('',(45.,14.2759119777445,8.8819480252865));
#11584=CARTESIAN_POINT('',(45.,14.2759119777446,8.8819480252865));
#11585=CARTESIAN_POINT('',(46.6,14.2759119777446,8.8819480252865));
#11586=CARTESIAN_POINT('',(46.6,14.1401609616181,8.73507508148601));
#11587=CARTESIAN_POINT('',(44.1,13.455260251771,9.64045604455911));
#11588=CARTESIAN_POINT('',(45.,13.4552602517712,9.640456044559));
#11589=CARTESIAN_POINT('',(45.,13.4552602517711,9.64045604455911));
#11590=CARTESIAN_POINT('',(46.6,13.455260251771,9.64045604455911));
#11591=CARTESIAN_POINT('',(46.6,13.4552602517711,9.64045604455911));
#11592=CARTESIAN_POINT('',(46.6,14.2759119777446,8.8819480252865));
#11593=CARTESIAN_POINT('',(44.1,12.9461939412967,9.08968250530731));
#11594=CARTESIAN_POINT('',(46.6,12.9461939412967,9.08968250530731));
#11595=CARTESIAN_POINT('',(46.6,13.0896989584683,9.82582536511548));
#11596=CARTESIAN_POINT('',(45.,12.9461939412967,9.08968250530731));
#11597=CARTESIAN_POINT('',(45.,13.0896989584683,9.82582536511548));
#11598=CARTESIAN_POINT('',(44.1,13.0896989584683,9.82582536511548));
#11599=CARTESIAN_POINT('',(40.5999976,9.66832798469613,10.4927935952622));
#11600=CARTESIAN_POINT('',(46.6,65.8287075167173,-0.455212110048633));
#11601=CARTESIAN_POINT('',(46.6,9.65731889975102,10.4951111439688));
#11602=CARTESIAN_POINT('',(45.,9.66832798469613,10.4927935952622));
#11603=CARTESIAN_POINT('',(45.,9.65731889975021,10.495111143969));
#11604=CARTESIAN_POINT('',(45.,9.65728670666283,10.4949460019217));
#11605=CARTESIAN_POINT('',(45.5333333333333,9.65728670666283,10.4949460019217));
#11606=CARTESIAN_POINT('',(46.0666666666667,9.65728670666283,10.4949460019217));
#11607=CARTESIAN_POINT('',(46.6,9.65728670666283,10.4949460019217));
#11608=CARTESIAN_POINT('',(-1.0000024,9.7245491009039,10.7874809441414));
#11609=CARTESIAN_POINT('',(46.6,9.7245491009039,10.7874809441414));
#11610=CARTESIAN_POINT('',(46.6,9.43192733943998,10.7213560266157));
#11611=CARTESIAN_POINT('',(45.,9.7245491009039,10.7874809441414));
#11612=CARTESIAN_POINT('',(45.,9.43192733944001,10.7213560266157));
#11613=CARTESIAN_POINT('',(-1.0000024,9.43192733944,10.7213560266157));
#11614=CARTESIAN_POINT('',(-1.0000024,9.43192733944,10.7213560266157));
#11615=CARTESIAN_POINT('',(45.,22.2732232541749,-46.1050684235997));
#11616=CARTESIAN_POINT('',(45.,9.39993850616228,10.8629697666447));
#11617=CARTESIAN_POINT('',(47.5,9.39978885100064,10.8635780731576));
#11618=CARTESIAN_POINT('',(46.6,9.39993850616222,10.862969766645));
#11619=CARTESIAN_POINT('',(46.6,22.2732232541749,-46.1050684235997));
#11620=CARTESIAN_POINT('',(46.6,58.5266712407319,-37.9127308266305));
#11621=CARTESIAN_POINT('',(46.6,9.3999999999999,8.1457390400455));
#11622=CARTESIAN_POINT('',(46.6,9.3999999999999,8.1457390400455));
#11623=CARTESIAN_POINT('',(46.6,9.6999999999999,8.1457390400455));
#11624=CARTESIAN_POINT('',(41.9999976,9.3999999999999,7.51102540378441));
#11625=CARTESIAN_POINT('',(47.5,9.39999999999987,10.8628720776906));
#11626=CARTESIAN_POINT('',(50.,9.39999999999989,10.8628720776908));
#11627=CARTESIAN_POINT('',(50.,9.3999999999999,10.8628720776905));
#11628=CARTESIAN_POINT('',(46.6,9.3999999999999,7.51102540378441));
#11629=CARTESIAN_POINT('',(47.5,0.800000000000106,2.4785343034912));
#11630=CARTESIAN_POINT('',(45.4973685560213,1.53000000000188,2.9));
#11631=CARTESIAN_POINT('',(40.8893751805245,1.5300000000009,2.89999999999944));
#11632=CARTESIAN_POINT('',(44.1106248194751,1.53000000000184,2.89999999999998));
#11633=CARTESIAN_POINT('',(41.240717450108,2.50013591172786,3.46010822978465));
#11634=CARTESIAN_POINT('',(40.6249999999998,0.800000000000162,2.47853430349131));
#11635=CARTESIAN_POINT('',(40.725358153241,1.51408536496576,2.89081168117786));
#11636=CARTESIAN_POINT('',(40.5125673322379,0.,2.01665408814029));
#11637=CARTESIAN_POINT('',(42.5,0.,2.01665408814015));
#11638=CARTESIAN_POINT('',(44.4874326677621,-6.93889390390723E-15,2.01665408814004));
#11639=CARTESIAN_POINT('',(44.3497257058704,0.979835947204924,2.58236263601971));
#11640=CARTESIAN_POINT('',(44.3741677539205,0.80592173855628,2.48195322084068));
#11641=CARTESIAN_POINT('',(44.1106246879503,1.53000036136341,2.90000020863218));
#11642=CARTESIAN_POINT('',(44.3750000000001,0.800000000000002,2.9));
#11643=CARTESIAN_POINT('',(44.4874326677621,0.,8.75));
#11644=CARTESIAN_POINT('',(44.4874326677621,0.,8.75));
#11645=CARTESIAN_POINT('',(44.5320016746325,-0.317124962042441,8.75));
#11646=CARTESIAN_POINT('',(44.4460736495562,0.294284705889436,8.75));
#11647=CARTESIAN_POINT('',(44.1193742101964,2.61887200502935,3.76490644966469));
#11648=CARTESIAN_POINT('',(44.3741677539205,0.805921738556266,7.65279084265699));
#11649=CARTESIAN_POINT('',(44.3741677539205,0.80592173855628,2.9));
#11650=CARTESIAN_POINT('',(43.9250000000001,2.04,2.9));
#11651=CARTESIAN_POINT('',(43.6668621646434,2.74922787374944,2.9));
#11652=CARTESIAN_POINT('',(43.925,2.04,2.9));
#11653=CARTESIAN_POINT('',(43.6748282520295,2.72734122853475,3.53229344919499));
#11654=CARTESIAN_POINT('',(44.1106248194755,1.53000000000086,6.09999999999805));
#11655=CARTESIAN_POINT('',(43.6668621646434,2.74922787374944,6.1));
#11656=CARTESIAN_POINT('',(43.925,2.04,6.10000000000001));
#11657=CARTESIAN_POINT('',(43.9250000000001,2.04,2.9));
#11658=CARTESIAN_POINT('',(45.4973685560213,3.4154777138449,6.1));
#11659=CARTESIAN_POINT('',(45.4973685560213,2.04,6.1));
#11660=CARTESIAN_POINT('',(41.0740756491097,2.04,6.1));
#11661=CARTESIAN_POINT('',(47.5,1.52999999999997,6.1));
#11662=CARTESIAN_POINT('',(40.8893751805242,1.52999999999993,6.10000000000006));
#11663=CARTESIAN_POINT('',(41.0741829464495,2.04029627235767,6.1));
#11664=CARTESIAN_POINT('',(48.9249999999997,2.04,2.9));
#11665=CARTESIAN_POINT('',(41.0740756491097,2.04,2.9));
#11666=CARTESIAN_POINT('',(41.0740756491097,2.04,2.9));
#11667=CARTESIAN_POINT('',(48.9249999999997,2.04,2.9));
#11668=CARTESIAN_POINT('',(45.4973685560213,3.4154777138449,2.9));
#11669=CARTESIAN_POINT('',(41.0741829464495,2.04029627235767,2.9));
#11670=CARTESIAN_POINT('',(40.8893751805242,1.53,2.9));
#11671=CARTESIAN_POINT('',(40.6249999999999,0.800000000000002,2.4785343034909));
#11672=CARTESIAN_POINT('',(40.6249999999999,0.799999999999766,7.66549005197274));
#11673=CARTESIAN_POINT('',(40.6942236501441,0.991142241510916,7.25558419225038));
#11674=CARTESIAN_POINT('',(47.5,0.550919967102804,8.19964390628131));
#11675=CARTESIAN_POINT('',(47.5,0.294284705889582,8.75));
#11676=CARTESIAN_POINT('',(40.5539263504439,0.294284705889505,8.75));
#11677=CARTESIAN_POINT('',(40.6142853752056,0.723761483152258,7.82898407896179));
#11678=CARTESIAN_POINT('',(40.6249999999999,0.800000000000002,2.9));
#11679=CARTESIAN_POINT('',(40.661689845676,1.06106181704283,8.75));
#11680=CARTESIAN_POINT('',(40.512567332238,0.,8.75));
#11681=CARTESIAN_POINT('',(40.5125673322379,0.,8.75));
#11682=CARTESIAN_POINT('',(47.5,0.1000000000001,8.75));
#11683=CARTESIAN_POINT('',(42.5,0.,8.75));
#11684=CARTESIAN_POINT('',(47.5,0.800000000000106,2.4785343034912));
#11685=CARTESIAN_POINT('',(45.4973685560213,1.53000000000188,2.9));
#11686=CARTESIAN_POINT('',(35.8893751805245,1.5300000000009,2.89999999999944));
#11687=CARTESIAN_POINT('',(39.1106248194751,1.53000000000184,2.89999999999998));
#11688=CARTESIAN_POINT('',(36.6885119592775,3.7365983929844,4.17398017617988));
#11689=CARTESIAN_POINT('',(35.6249999999998,0.800000000000162,2.47853430349131));
#11690=CARTESIAN_POINT('',(35.7983459010526,2.03342017584986,3.19064977404087));
#11691=CARTESIAN_POINT('',(35.5125673322379,0.,2.01665408814029));
#11692=CARTESIAN_POINT('',(42.5,0.,2.01665408814015));
#11693=CARTESIAN_POINT('',(39.4874326677621,-6.93889390390723E-15,2.01665408814004));
#11694=CARTESIAN_POINT('',(39.3497257058704,0.979835947204924,2.58236263601971));
#11695=CARTESIAN_POINT('',(39.3741677539205,0.80592173855628,2.48195322084068));
#11696=CARTESIAN_POINT('',(39.1106246879503,1.53000036136341,2.90000020863218));
#11697=CARTESIAN_POINT('',(39.3750000000001,0.800000000000002,2.9));
#11698=CARTESIAN_POINT('',(39.4874326677621,0.,8.75));
#11699=CARTESIAN_POINT('',(39.4874326677621,0.,8.75));
#11700=CARTESIAN_POINT('',(39.6288474347867,-1.00621835158508,8.75));
#11701=CARTESIAN_POINT('',(39.4460736495562,0.294284705889436,8.75));
#11702=CARTESIAN_POINT('',(39.1193742101964,2.61887200502935,3.76490644966469));
#11703=CARTESIAN_POINT('',(39.3741677539205,0.805921738556266,7.65279084265699));
#11704=CARTESIAN_POINT('',(39.3741677539205,0.80592173855628,2.9));
#11705=CARTESIAN_POINT('',(38.9250000000001,2.04,2.9));
#11706=CARTESIAN_POINT('',(39.2517510568458,1.14225884953332,2.9));
#11707=CARTESIAN_POINT('',(38.925,2.04,2.9));
#11708=CARTESIAN_POINT('',(38.6748282520295,2.72734122853475,3.53229344919499));
#11709=CARTESIAN_POINT('',(39.1106248194755,1.53000000000086,6.09999999999805));
#11710=CARTESIAN_POINT('',(39.2517510568458,1.14225884953332,6.1));
#11711=CARTESIAN_POINT('',(38.925,2.04,6.10000000000001));
#11712=CARTESIAN_POINT('',(38.9250000000001,2.04,2.9));
#11713=CARTESIAN_POINT('',(45.4973685560213,3.4154777138449,6.1));
#11714=CARTESIAN_POINT('',(45.4973685560213,2.04,6.1));
#11715=CARTESIAN_POINT('',(36.0740756491097,2.04,6.1));
#11716=CARTESIAN_POINT('',(47.5,1.52999999999997,6.1));
#11717=CARTESIAN_POINT('',(35.8893751805243,1.52999999999992,6.10000000000006));
#11718=CARTESIAN_POINT('',(36.0741829464495,2.04029627235767,6.1));
#11719=CARTESIAN_POINT('',(48.9249999999997,2.04,2.9));
#11720=CARTESIAN_POINT('',(36.0740756491097,2.04,2.9));
#11721=CARTESIAN_POINT('',(36.0740756491097,2.04,2.9));
#11722=CARTESIAN_POINT('',(48.9249999999997,2.04,2.9));
#11723=CARTESIAN_POINT('',(45.4973685560213,3.4154777138449,2.9));
#11724=CARTESIAN_POINT('',(36.0741829464495,2.04029627235767,2.9));
#11725=CARTESIAN_POINT('',(35.8893751805242,1.53,2.9));
#11726=CARTESIAN_POINT('',(35.6249999999999,0.800000000000002,2.4785343034909));
#11727=CARTESIAN_POINT('',(35.6249999999999,0.799999999999738,7.66549005197278));
#11728=CARTESIAN_POINT('',(35.8086710304908,1.30715748729691,6.57788731067557));
#11729=CARTESIAN_POINT('',(47.5,0.550919967102804,8.19964390628131));
#11730=CARTESIAN_POINT('',(47.5,0.294284705889582,8.75));
#11731=CARTESIAN_POINT('',(35.5539263504439,0.294284705889505,8.75));
#11732=CARTESIAN_POINT('',(35.6318622711107,0.848827596088543,7.56077893424861));
#11733=CARTESIAN_POINT('',(35.6249999999999,0.800000000000002,2.9));
#11734=CARTESIAN_POINT('',(35.7585356058303,1.75015520658547,8.75));
#11735=CARTESIAN_POINT('',(35.512567332238,0.,8.75));
#11736=CARTESIAN_POINT('',(35.5125673322379,0.,8.75));
#11737=CARTESIAN_POINT('',(47.5,0.1000000000001,8.75));
#11738=CARTESIAN_POINT('',(47.5,0.,8.75));
#11739=CARTESIAN_POINT('',(47.5,0.800000000000106,2.4785343034912));
#11740=CARTESIAN_POINT('',(45.4973685560213,1.53000000000188,2.9));
#11741=CARTESIAN_POINT('',(20.8893751805245,1.5300000000009,2.89999999999944));
#11742=CARTESIAN_POINT('',(24.1106248194752,1.53000000000184,2.89999999999997));
#11743=CARTESIAN_POINT('',(23.031895486786,7.44598583675401,6.31559601536556));
#11744=CARTESIAN_POINT('',(20.6249999999998,0.800000000000176,2.47853430349131));
#11745=CARTESIAN_POINT('',(21.0173091444877,3.59142460850217,4.09016405262992));
#11746=CARTESIAN_POINT('',(20.5125673322379,0.,2.01665408814029));
#11747=CARTESIAN_POINT('',(42.5,0.,2.01665408814015));
#11748=CARTESIAN_POINT('',(24.4874326677621,-6.93889390390723E-15,2.01665408813997));
#11749=CARTESIAN_POINT('',(24.3497257058704,0.979835947204924,2.58236263601971));
#11750=CARTESIAN_POINT('',(24.3741677539205,0.805921738556308,2.48195322084068));
#11751=CARTESIAN_POINT('',(24.1106246879503,1.53000036136342,2.90000020863218));
#11752=CARTESIAN_POINT('',(24.3750000000001,0.800000000000002,2.9));
#11753=CARTESIAN_POINT('',(24.4874326677621,0.,8.75));
#11754=CARTESIAN_POINT('',(24.4874326677621,0.,8.75));
#11755=CARTESIAN_POINT('',(24.9193847152494,-3.07349852021299,8.75));
#11756=CARTESIAN_POINT('',(24.4460736495562,0.294284705889436,8.75));
#11757=CARTESIAN_POINT('',(24.1193742101964,2.61887200502935,3.76490644966469));
#11758=CARTESIAN_POINT('',(24.3741677539205,0.805921738556314,7.65279084265691));
#11759=CARTESIAN_POINT('',(24.3741677539205,0.805921738556308,2.9));
#11760=CARTESIAN_POINT('',(23.9250000000001,2.04,2.9));
#11761=CARTESIAN_POINT('',(26.0064177334529,-3.67864822311504,2.9));
#11762=CARTESIAN_POINT('',(23.9250000000001,2.03999999999999,2.9));
#11763=CARTESIAN_POINT('',(23.6748282520295,2.72734122853475,3.53229344919499));
#11764=CARTESIAN_POINT('',(24.1106248194755,1.53000000000086,6.09999999999804));
#11765=CARTESIAN_POINT('',(26.0064177334529,-3.67864822311504,6.1));
#11766=CARTESIAN_POINT('',(23.9250000000001,2.04,6.10000000000001));
#11767=CARTESIAN_POINT('',(23.9250000000001,2.04,2.9));
#11768=CARTESIAN_POINT('',(45.4973685560213,3.4154777138449,6.1));
#11769=CARTESIAN_POINT('',(45.4973685560213,2.04,6.1));
#11770=CARTESIAN_POINT('',(21.0740756491097,2.04,6.1));
#11771=CARTESIAN_POINT('',(47.5,1.52999999999997,6.1));
#11772=CARTESIAN_POINT('',(20.8893751805241,1.5299999999999,6.09999999999995));
#11773=CARTESIAN_POINT('',(21.0741829464495,2.04029627235767,6.1));
#11774=CARTESIAN_POINT('',(48.9249999999997,2.04,2.9));
#11775=CARTESIAN_POINT('',(21.0740756491097,2.04,2.9));
#11776=CARTESIAN_POINT('',(21.0740756491097,2.04,2.9));
#11777=CARTESIAN_POINT('',(48.9249999999997,2.04,2.9));
#11778=CARTESIAN_POINT('',(45.4973685560213,3.4154777138449,2.9));
#11779=CARTESIAN_POINT('',(21.0741829464495,2.04029627235767,2.9));
#11780=CARTESIAN_POINT('',(20.8893751805242,1.53,2.9));
#11781=CARTESIAN_POINT('',(20.6249999999999,0.800000000000002,2.4785343034909));
#11782=CARTESIAN_POINT('',(20.6249999999998,0.799999999999801,7.6654900519726));
#11783=CARTESIAN_POINT('',(21.152013171531,2.25520322465492,4.54479666595115));
#11784=CARTESIAN_POINT('',(47.5,0.550919967102804,8.19964390628131));
#11785=CARTESIAN_POINT('',(47.5,0.294284705889582,8.75));
#11786=CARTESIAN_POINT('',(20.5539263504438,0.294284705889505,8.75));
#11787=CARTESIAN_POINT('',(20.6845929588259,1.22402593489741,6.75616350010908));
#11788=CARTESIAN_POINT('',(20.6249999999999,0.800000000000002,2.9));
#11789=CARTESIAN_POINT('',(21.049072886293,3.81743537521338,8.75));
#11790=CARTESIAN_POINT('',(20.512567332238,0.,8.75));
#11791=CARTESIAN_POINT('',(20.5125673322379,0.,8.75));
#11792=CARTESIAN_POINT('',(47.5,0.1000000000001,8.75));
#11793=CARTESIAN_POINT('',(42.5,0.,8.75));
#11794=CARTESIAN_POINT('',(47.5,0.800000000000106,2.4785343034912));
#11795=CARTESIAN_POINT('',(45.4973685560213,1.53000000000188,2.9));
#11796=CARTESIAN_POINT('',(15.8893751805245,1.53000000000091,2.89999999999944));
#11797=CARTESIAN_POINT('',(19.1106248194752,1.53000000000184,2.89999999999997));
#11798=CARTESIAN_POINT('',(18.4796899959555,8.68244831801054,7.02946796176079));
#11799=CARTESIAN_POINT('',(15.6249999999998,0.800000000000183,2.47853430349132));
#11800=CARTESIAN_POINT('',(16.0902968922994,4.11075941938627,4.39000214549293));
#11801=CARTESIAN_POINT('',(15.5125673322379,0.,2.01665408814029));
#11802=CARTESIAN_POINT('',(42.5,0.,2.01665408814015));
#11803=CARTESIAN_POINT('',(19.4874326677621,-6.93889390390723E-15,2.01665408813997));
#11804=CARTESIAN_POINT('',(19.3497257058704,0.979835947204924,2.58236263601971));
#11805=CARTESIAN_POINT('',(19.3741677539205,0.805921738556308,2.48195322084068));
#11806=CARTESIAN_POINT('',(19.1106246879503,1.53000036136342,2.90000020863218));
#11807=CARTESIAN_POINT('',(19.3750000000001,0.800000000000002,2.9));
#11808=CARTESIAN_POINT('',(19.4874326677621,0.,8.75));
#11809=CARTESIAN_POINT('',(19.4874326677621,0.,8.75));
#11810=CARTESIAN_POINT('',(20.0162304754037,-3.76259190975563,8.75));
#11811=CARTESIAN_POINT('',(19.4460736495562,0.294284705889436,8.75));
#11812=CARTESIAN_POINT('',(19.1193742101964,2.61887200502935,3.76490644966469));
#11813=CARTESIAN_POINT('',(19.3741677539205,0.805921738556314,7.65279084265691));
#11814=CARTESIAN_POINT('',(19.3741677539205,0.805921738556308,2.9));
#11815=CARTESIAN_POINT('',(18.9250000000001,2.04,2.9));
#11816=CARTESIAN_POINT('',(21.5913066256553,-5.28561724733115,2.9));
#11817=CARTESIAN_POINT('',(18.9250000000001,2.04,2.9));
#11818=CARTESIAN_POINT('',(18.6748282520295,2.72734122853475,3.53229344919499));
#11819=CARTESIAN_POINT('',(19.1106248194755,1.53000000000086,6.09999999999804));
#11820=CARTESIAN_POINT('',(21.5913066256553,-5.28561724733115,6.1));
#11821=CARTESIAN_POINT('',(18.9250000000001,2.04,6.10000000000001));
#11822=CARTESIAN_POINT('',(18.9250000000001,2.04,2.9));
#11823=CARTESIAN_POINT('',(45.4973685560213,3.4154777138449,6.1));
#11824=CARTESIAN_POINT('',(45.4973685560213,2.04,6.1));
#11825=CARTESIAN_POINT('',(16.0740756491097,2.04,6.1));
#11826=CARTESIAN_POINT('',(47.5,1.52999999999997,6.1));
#11827=CARTESIAN_POINT('',(15.8893751805241,1.5299999999999,6.09999999999994));
#11828=CARTESIAN_POINT('',(16.0741829464495,2.04029627235767,6.1));
#11829=CARTESIAN_POINT('',(48.9249999999997,2.04,2.9));
#11830=CARTESIAN_POINT('',(16.0740756491097,2.04,2.9));
#11831=CARTESIAN_POINT('',(16.0740756491097,2.04,2.9));
#11832=CARTESIAN_POINT('',(48.9249999999997,2.04,2.9));
#11833=CARTESIAN_POINT('',(45.4973685560213,3.4154777138449,2.9));
#11834=CARTESIAN_POINT('',(16.0741829464495,2.04029627235767,2.9));
#11835=CARTESIAN_POINT('',(15.8893751805242,1.53,2.9));
#11836=CARTESIAN_POINT('',(15.6249999999999,0.800000000000002,2.4785343034909));
#11837=CARTESIAN_POINT('',(15.6249999999998,0.799999999999801,7.6654900519726));
#11838=CARTESIAN_POINT('',(16.2664605518777,2.57121847044092,3.86709978437635));
#11839=CARTESIAN_POINT('',(47.5,0.550919967102804,8.19964390628131));
#11840=CARTESIAN_POINT('',(47.5,0.294284705889582,8.75));
#11841=CARTESIAN_POINT('',(15.5539263504438,0.294284705889505,8.75));
#11842=CARTESIAN_POINT('',(15.7021698547309,1.34909204783369,6.4879583553959));
#11843=CARTESIAN_POINT('',(15.6249999999999,0.800000000000002,2.9));
#11844=CARTESIAN_POINT('',(16.1459186464472,4.50652876475602,8.75));
#11845=CARTESIAN_POINT('',(15.512567332238,0.,8.75));
#11846=CARTESIAN_POINT('',(15.5125673322379,0.,8.75));
#11847=CARTESIAN_POINT('',(47.5,0.1000000000001,8.75));
#11848=CARTESIAN_POINT('',(42.5,0.,8.75));
#11849=CARTESIAN_POINT('',(47.5,0.800000000000106,2.4785343034912));
#11850=CARTESIAN_POINT('',(45.4973685560213,1.53000000000188,2.9));
#11851=CARTESIAN_POINT('',(10.8893751805245,1.5300000000009,2.89999999999944));
#11852=CARTESIAN_POINT('',(14.1106248194751,1.53000000000184,2.89999999999997));
#11853=CARTESIAN_POINT('',(13.927484505125,9.91891079926708,7.74333990815602));
#11854=CARTESIAN_POINT('',(10.6249999999997,0.799999999999294,2.47853430349079));
#11855=CARTESIAN_POINT('',(11.163284640111,4.63009423027038,4.68984023835595));
#11856=CARTESIAN_POINT('',(10.5125673322379,1.38777878078145E-14,2.01665408814028));
#11857=CARTESIAN_POINT('',(42.5,0.,2.01665408814015));
#11858=CARTESIAN_POINT('',(14.4874326677621,-6.93889390390723E-15,2.01665408813997));
#11859=CARTESIAN_POINT('',(14.3497257058704,0.979835947204924,2.58236263601971));
#11860=CARTESIAN_POINT('',(14.3741677539205,0.805921738556308,2.48195322084069));
#11861=CARTESIAN_POINT('',(14.1106246879503,1.53000036136342,2.90000020863218));
#11862=CARTESIAN_POINT('',(14.3750000000001,0.800000000000002,2.9));
#11863=CARTESIAN_POINT('',(14.4874326677621,0.,8.75));
#11864=CARTESIAN_POINT('',(14.4874326677621,0.,8.75));
#11865=CARTESIAN_POINT('',(15.1130762355579,-4.45168529929827,8.75));
#11866=CARTESIAN_POINT('',(14.4460736495562,0.294284705889436,8.75));
#11867=CARTESIAN_POINT('',(14.1193742101964,2.61887200502935,3.76490644966469));
#11868=CARTESIAN_POINT('',(14.3741677539205,0.805921738556308,7.65279084265692));
#11869=CARTESIAN_POINT('',(14.3741677539205,0.805921738556308,2.9));
#11870=CARTESIAN_POINT('',(13.9250000000001,2.04,2.9));
#11871=CARTESIAN_POINT('',(17.1761955178576,-6.89258627154728,2.9));
#11872=CARTESIAN_POINT('',(13.925,2.04,2.9));
#11873=CARTESIAN_POINT('',(13.6748282520295,2.72734122853475,3.53229344919499));
#11874=CARTESIAN_POINT('',(14.1106248194755,1.53000000000087,6.09999999999806));
#11875=CARTESIAN_POINT('',(17.1761955178576,-6.89258627154728,6.1));
#11876=CARTESIAN_POINT('',(13.925,2.04,6.10000000000001));
#11877=CARTESIAN_POINT('',(13.9250000000001,2.04,2.9));
#11878=CARTESIAN_POINT('',(45.4973685560213,3.4154777138449,6.1));
#11879=CARTESIAN_POINT('',(45.4973685560213,2.04,6.1));
#11880=CARTESIAN_POINT('',(11.0740756491097,2.04,6.1));
#11881=CARTESIAN_POINT('',(47.5,1.52999999999997,6.1));
#11882=CARTESIAN_POINT('',(10.8893751805242,1.52999999999993,6.09999999999999));
#11883=CARTESIAN_POINT('',(11.0741829464495,2.04029627235768,6.1));
#11884=CARTESIAN_POINT('',(48.9249999999997,2.04,2.9));
#11885=CARTESIAN_POINT('',(11.0740756491097,2.04,2.9));
#11886=CARTESIAN_POINT('',(11.0740756491097,2.04,2.9));
#11887=CARTESIAN_POINT('',(48.9249999999997,2.04,2.9));
#11888=CARTESIAN_POINT('',(45.4973685560213,3.4154777138449,2.9));
#11889=CARTESIAN_POINT('',(11.0741829464495,2.04029627235768,2.9));
#11890=CARTESIAN_POINT('',(10.8893751805242,1.53,2.9));
#11891=CARTESIAN_POINT('',(10.6249999999999,0.800000000000002,2.4785343034909));
#11892=CARTESIAN_POINT('',(10.6249999999999,0.79999999999994,7.66549005197231));
#11893=CARTESIAN_POINT('',(11.3809079322244,2.88723371622693,3.18940290280154));
#11894=CARTESIAN_POINT('',(47.5,0.550919967102804,8.19964390628131));
#11895=CARTESIAN_POINT('',(47.5,0.294284705889582,8.75));
#11896=CARTESIAN_POINT('',(10.5539263504438,0.294284705889505,8.75));
#11897=CARTESIAN_POINT('',(10.7197467506359,1.47415816076998,6.21975321068272));
#11898=CARTESIAN_POINT('',(10.6249999999999,0.800000000000002,2.9));
#11899=CARTESIAN_POINT('',(11.2427644066014,5.19562215429865,8.75));
#11900=CARTESIAN_POINT('',(10.512567332238,0.,8.75));
#11901=CARTESIAN_POINT('',(10.5125673322379,0.,8.75));
#11902=CARTESIAN_POINT('',(47.5,0.1000000000001,8.75));
#11903=CARTESIAN_POINT('',(47.5,0.,8.75));
#11904=CARTESIAN_POINT('',(48.9249999999997,2.04,2.9));
#11905=CARTESIAN_POINT('',(48.9249999999997,2.04,2.9));
#11906=CARTESIAN_POINT('',(1.0750000000001,2.04,2.9));
#11907=CARTESIAN_POINT('',(3.92592435089034,2.04,2.9));
#11908=CARTESIAN_POINT('',(3.92592435089034,2.04,2.9));
#11909=CARTESIAN_POINT('',(3.92592435089034,2.04,6.1));
#11910=CARTESIAN_POINT('',(45.4973685560213,2.04,6.1));
#11911=CARTESIAN_POINT('',(1.0750000000001,2.04,6.10000000000001));
#11912=CARTESIAN_POINT('',(1.0750000000001,2.04,2.9));
#11913=CARTESIAN_POINT('',(45.4973685560213,3.4154777138449,6.1));
#11914=CARTESIAN_POINT('',(8.30576973432773,-10.0537492073513,6.1));
#11915=CARTESIAN_POINT('',(4.11062481947552,1.53000000000082,6.09999999999791));
#11916=CARTESIAN_POINT('',(47.5,1.52999999999997,6.1));
#11917=CARTESIAN_POINT('',(1.0750000000001,1.52999999999995,6.10000000000001));
#11918=CARTESIAN_POINT('',(1.0750000000001,1.53,6.1));
#11919=CARTESIAN_POINT('',(1.0750000000001,1.53,2.9));
#11920=CARTESIAN_POINT('',(1.0750000000001,1.53,6.1));
#11921=CARTESIAN_POINT('',(1.0750000000001,1.53000000000065,2.89999999999967));
#11922=CARTESIAN_POINT('',(1.0750000000001,3.4154777138449,2.9));
#11923=CARTESIAN_POINT('',(45.4973685560213,3.4154777138449,2.9));
#11924=CARTESIAN_POINT('',(45.4973685560213,1.53000000000188,2.9));
#11925=CARTESIAN_POINT('',(4.11062481947505,1.53000000000214,2.8999999999998));
#11926=CARTESIAN_POINT('',(3.92581705355055,2.04029627235768,2.9));
#11927=CARTESIAN_POINT('',(4.11062481947582,1.53,2.9));
#11928=CARTESIAN_POINT('',(3.67689881526795,2.72761613947199,3.53170390078755));
#11929=CARTESIAN_POINT('',(4.37500000000013,0.799999999999988,7.66549005197205));
#11930=CARTESIAN_POINT('',(4.11062481947567,1.53000000000043,2.89999999999916));
#11931=CARTESIAN_POINT('',(4.37500000000017,0.79999999999987,2.47853430349079));
#11932=CARTESIAN_POINT('',(4.37500000000013,0.800000000000002,2.4785343034908));
#11933=CARTESIAN_POINT('',(47.5,0.550919967102804,8.19964390628131));
#11934=CARTESIAN_POINT('',(47.5,0.294284705889582,8.75));
#11935=CARTESIAN_POINT('',(0.966888920419805,0.294284705889589,8.75));
#11936=CARTESIAN_POINT('',(4.44607364955618,0.294284705889457,8.75));
#11937=CARTESIAN_POINT('',(1.1580280164958,2.47901457113995,4.06483168452531));
#11938=CARTESIAN_POINT('',(4.11937421019644,2.61887200502935,3.76490644966469));
#11939=CARTESIAN_POINT('',(0.9411423448054,0.,2.9));
#11940=CARTESIAN_POINT('',(0.9411423448054,0.,8.75));
#11941=CARTESIAN_POINT('',(0.9411423448054,0.,8.75));
#11942=CARTESIAN_POINT('',(0.941142344805404,0.,2.0166540881405));
#11943=CARTESIAN_POINT('',(0.97441574600031,0.380316715948452,2.23623004646997));
#11944=CARTESIAN_POINT('',(1.30349158617257,4.14167078069128,8.75));
#11945=CARTESIAN_POINT('',(47.5,0.800000000000106,2.4785343034912));
#11946=CARTESIAN_POINT('',(42.5,0.,2.01665408814015));
#11947=CARTESIAN_POINT('',(4.48743266776206,0.,2.01665408814006));
#11948=CARTESIAN_POINT('',(4.34972570587045,0.979835947204924,2.58236263601971));
#11949=CARTESIAN_POINT('',(4.37500000000013,0.800000000000002,2.9));
#11950=CARTESIAN_POINT('',(4.48743266776206,0.,8.75));
#11951=CARTESIAN_POINT('',(4.48743266776204,0.,8.75));
#11952=CARTESIAN_POINT('',(5.30676775586642,-5.82987207838353,8.75));
#11953=CARTESIAN_POINT('',(47.5,0.1000000000001,8.75));
#11954=CARTESIAN_POINT('',(47.5,0.,8.75));
#11955=CARTESIAN_POINT('',(47.5,0.800000000000106,2.4785343034912));
#11956=CARTESIAN_POINT('',(45.4973685560213,1.53000000000188,2.9));
#11957=CARTESIAN_POINT('',(5.88937518052451,1.5300000000009,2.89999999999944));
#11958=CARTESIAN_POINT('',(9.11062481947512,1.53000000000184,2.89999999999998));
#11959=CARTESIAN_POINT('',(9.37527901429454,11.1553732805236,8.45721185455125));
#11960=CARTESIAN_POINT('',(5.62499999999984,0.799999999999607,2.47853430349095));
#11961=CARTESIAN_POINT('',(6.23627238792267,5.14942904115449,4.98967833121897));
#11962=CARTESIAN_POINT('',(5.51256733223795,-6.93889390390723E-15,2.01665408814023));
#11963=CARTESIAN_POINT('',(42.5,0.,2.01665408814015));
#11964=CARTESIAN_POINT('',(9.48743266776206,0.,2.01665408814006));
#11965=CARTESIAN_POINT('',(9.34972570587045,0.979835947204924,2.58236263601971));
#11966=CARTESIAN_POINT('',(9.37416775392057,0.805921738556086,2.48195322084056));
#11967=CARTESIAN_POINT('',(9.11062468795028,1.53000036136341,2.90000020863218));
#11968=CARTESIAN_POINT('',(9.37500000000013,0.800000000000002,2.9));
#11969=CARTESIAN_POINT('',(9.48743266776206,0.,8.75));
#11970=CARTESIAN_POINT('',(9.48743266776206,0.,8.75));
#11971=CARTESIAN_POINT('',(10.2099219957122,-5.14077868884089,8.75));
#11972=CARTESIAN_POINT('',(9.4460736495562,0.294284705889436,8.75));
#11973=CARTESIAN_POINT('',(9.11937421019644,2.61887200502935,3.76490644966469));
#11974=CARTESIAN_POINT('',(9.37416775392057,0.805921738556086,7.65279084265739));
#11975=CARTESIAN_POINT('',(9.37416775392057,0.805921738556086,2.9));
#11976=CARTESIAN_POINT('',(8.92500000000008,2.04,2.9));
#11977=CARTESIAN_POINT('',(12.76108441006,-8.49955529576341,2.9));
#11978=CARTESIAN_POINT('',(8.92500000000005,2.04,2.9));
#11979=CARTESIAN_POINT('',(8.67482825202951,2.72734122853475,3.53229344919499));
#11980=CARTESIAN_POINT('',(9.1106248194755,1.53000000000086,6.09999999999804));
#11981=CARTESIAN_POINT('',(12.76108441006,-8.49955529576341,6.1));
#11982=CARTESIAN_POINT('',(8.92500000000005,2.04,6.10000000000001));
#11983=CARTESIAN_POINT('',(8.92500000000008,2.04,2.9));
#11984=CARTESIAN_POINT('',(45.4973685560213,3.4154777138449,6.1));
#11985=CARTESIAN_POINT('',(45.4973685560213,2.04,6.1));
#11986=CARTESIAN_POINT('',(6.07407564910966,2.04,6.1));
#11987=CARTESIAN_POINT('',(47.5,1.52999999999997,6.1));
#11988=CARTESIAN_POINT('',(5.88937518052416,1.52999999999993,6.1));
#11989=CARTESIAN_POINT('',(6.07418294644945,2.04029627235768,6.1));
#11990=CARTESIAN_POINT('',(48.9249999999997,2.04,2.9));
#11991=CARTESIAN_POINT('',(6.07407564910965,2.04,2.9));
#11992=CARTESIAN_POINT('',(6.07407564910966,2.04,2.9));
#11993=CARTESIAN_POINT('',(48.9249999999997,2.04,2.9));
#11994=CARTESIAN_POINT('',(45.4973685560213,3.4154777138449,2.9));
#11995=CARTESIAN_POINT('',(6.07418294644945,2.04029627235768,2.9));
#11996=CARTESIAN_POINT('',(5.88937518052418,1.53,2.9));
#11997=CARTESIAN_POINT('',(5.62499999999987,0.800000000000002,2.4785343034908));
#11998=CARTESIAN_POINT('',(5.62499999999988,0.799999999999954,7.66549005197231));
#11999=CARTESIAN_POINT('',(6.49535531257115,3.20324896201293,2.51170602122672));
#12000=CARTESIAN_POINT('',(47.5,0.550919967102804,8.19964390628131));
#12001=CARTESIAN_POINT('',(47.5,0.294284705889582,8.75));
#12002=CARTESIAN_POINT('',(5.55392635044382,0.294284705889505,8.75));
#12003=CARTESIAN_POINT('',(5.73732364654099,1.59922427370627,5.95154806596955));
#12004=CARTESIAN_POINT('',(5.62499999999987,0.800000000000002,2.9));
#12005=CARTESIAN_POINT('',(6.33961016675569,5.8847155438413,8.75));
#12006=CARTESIAN_POINT('',(5.51256733223795,0.,8.75));
#12007=CARTESIAN_POINT('',(5.51256733223794,0.,8.75));
#12008=CARTESIAN_POINT('',(47.5,0.1000000000001,8.75));
#12009=CARTESIAN_POINT('',(47.5,0.,8.75));
#12010=CARTESIAN_POINT('',(47.5,0.800000000000106,2.4785343034912));
#12011=CARTESIAN_POINT('',(45.4973685560213,1.53000000000188,2.9));
#12012=CARTESIAN_POINT('',(25.8893751805245,1.5300000000009,2.89999999999943));
#12013=CARTESIAN_POINT('',(29.1106248194752,1.53000000000184,2.89999999999997));
#12014=CARTESIAN_POINT('',(27.5841009776165,6.20952335549747,5.60172406897033));
#12015=CARTESIAN_POINT('',(25.6249999999998,0.800000000000176,2.47853430349131));
#12016=CARTESIAN_POINT('',(25.944321396676,3.07208979761807,3.7903259597669));
#12017=CARTESIAN_POINT('',(25.5125673322379,0.,2.01665408814029));
#12018=CARTESIAN_POINT('',(42.5,0.,2.01665408814015));
#12019=CARTESIAN_POINT('',(29.4874326677621,-6.93889390390723E-15,2.01665408814004));
#12020=CARTESIAN_POINT('',(29.3497257058704,0.979835947204924,2.58236263601971));
#12021=CARTESIAN_POINT('',(29.3741677539205,0.805921738556308,2.48195322084068));
#12022=CARTESIAN_POINT('',(29.1106246879503,1.53000036136342,2.90000020863218));
#12023=CARTESIAN_POINT('',(29.3750000000001,0.800000000000002,2.9));
#12024=CARTESIAN_POINT('',(29.4874326677621,0.,8.75));
#12025=CARTESIAN_POINT('',(29.4874326677621,0.,8.75));
#12026=CARTESIAN_POINT('',(29.8225389550952,-2.38440513067036,8.75));
#12027=CARTESIAN_POINT('',(29.4460736495562,0.294284705889436,8.75));
#12028=CARTESIAN_POINT('',(29.1193742101964,2.61887200502935,3.76490644966469));
#12029=CARTESIAN_POINT('',(29.3741677539205,0.805921738556314,7.65279084265691));
#12030=CARTESIAN_POINT('',(29.3741677539205,0.805921738556308,2.9));
#12031=CARTESIAN_POINT('',(28.9250000000001,2.04,2.9));
#12032=CARTESIAN_POINT('',(30.4215288412505,-2.07167919889892,2.9));
#12033=CARTESIAN_POINT('',(28.9250000000001,2.04,2.9));
#12034=CARTESIAN_POINT('',(28.6748282520295,2.72734122853475,3.53229344919499));
#12035=CARTESIAN_POINT('',(29.1106248194755,1.53000000000086,6.09999999999804));
#12036=CARTESIAN_POINT('',(30.4215288412505,-2.07167919889892,6.1));
#12037=CARTESIAN_POINT('',(28.9250000000001,2.04,6.10000000000001));
#12038=CARTESIAN_POINT('',(28.9250000000001,2.04,2.9));
#12039=CARTESIAN_POINT('',(45.4973685560213,3.4154777138449,6.1));
#12040=CARTESIAN_POINT('',(45.4973685560213,2.04,6.1));
#12041=CARTESIAN_POINT('',(26.0740756491097,2.04,6.1));
#12042=CARTESIAN_POINT('',(47.5,1.52999999999997,6.1));
#12043=CARTESIAN_POINT('',(25.8893751805242,1.52999999999994,6.09999999999995));
#12044=CARTESIAN_POINT('',(26.0741829464495,2.04029627235767,6.1));
#12045=CARTESIAN_POINT('',(48.9249999999997,2.04,2.9));
#12046=CARTESIAN_POINT('',(26.0740756491097,2.04,2.9));
#12047=CARTESIAN_POINT('',(26.0740756491097,2.04,2.9));
#12048=CARTESIAN_POINT('',(48.9249999999997,2.04,2.9));
#12049=CARTESIAN_POINT('',(45.4973685560213,3.4154777138449,2.9));
#12050=CARTESIAN_POINT('',(26.0741829464495,2.04029627235767,2.9));
#12051=CARTESIAN_POINT('',(25.8893751805242,1.53,2.9));
#12052=CARTESIAN_POINT('',(25.6249999999999,0.800000000000002,2.4785343034909));
#12053=CARTESIAN_POINT('',(25.6249999999998,0.799999999999801,7.6654900519726));
#12054=CARTESIAN_POINT('',(26.0375657911843,1.93918797886892,5.22249354752596));
#12055=CARTESIAN_POINT('',(47.5,0.550919967102804,8.19964390628131));
#12056=CARTESIAN_POINT('',(47.5,0.294284705889582,8.75));
#12057=CARTESIAN_POINT('',(25.5539263504438,0.294284705889505,8.75));
#12058=CARTESIAN_POINT('',(25.6670160629208,1.09895982196111,7.02436864482226));
#12059=CARTESIAN_POINT('',(25.6249999999999,0.800000000000002,2.9));
#12060=CARTESIAN_POINT('',(25.9522271261388,3.12834198567074,8.75));
#12061=CARTESIAN_POINT('',(25.512567332238,0.,8.75));
#12062=CARTESIAN_POINT('',(25.5125673322379,0.,8.75));
#12063=CARTESIAN_POINT('',(47.5,0.1000000000001,8.75));
#12064=CARTESIAN_POINT('',(47.5,0.,8.75));
#12065=CARTESIAN_POINT('',(47.5,0.800000000000106,2.4785343034912));
#12066=CARTESIAN_POINT('',(45.4973685560213,1.53000000000188,2.9));
#12067=CARTESIAN_POINT('',(30.8893751805245,1.5300000000009,2.89999999999944));
#12068=CARTESIAN_POINT('',(34.1106248194751,1.53000000000184,2.89999999999997));
#12069=CARTESIAN_POINT('',(32.136306468447,4.97306087424094,4.88785212257511));
#12070=CARTESIAN_POINT('',(30.6249999999998,0.800000000000196,2.47853430349133));
#12071=CARTESIAN_POINT('',(30.8713336488643,2.55275498673396,3.49048786690389));
#12072=CARTESIAN_POINT('',(30.5125673322379,0.,2.01665408814029));
#12073=CARTESIAN_POINT('',(42.5,0.,2.01665408814015));
#12074=CARTESIAN_POINT('',(34.4874326677621,-6.93889390390723E-15,2.01665408814004));
#12075=CARTESIAN_POINT('',(34.3497257058704,0.979835947204924,2.58236263601971));
#12076=CARTESIAN_POINT('',(34.3741677539205,0.805921738556328,2.48195322084069));
#12077=CARTESIAN_POINT('',(34.1106246879503,1.53000036136342,2.90000020863218));
#12078=CARTESIAN_POINT('',(34.3750000000001,0.800000000000002,2.9));
#12079=CARTESIAN_POINT('',(34.4874326677621,0.,8.75));
#12080=CARTESIAN_POINT('',(34.4874326677621,0.,8.75));
#12081=CARTESIAN_POINT('',(34.7256931949409,-1.69531174112771,8.75));
#12082=CARTESIAN_POINT('',(34.4460736495562,0.294284705889436,8.75));
#12083=CARTESIAN_POINT('',(34.1193742101964,2.61887200502935,3.76490644966469));
#12084=CARTESIAN_POINT('',(34.3741677539205,0.805921738556328,7.65279084265687));
#12085=CARTESIAN_POINT('',(34.3741677539205,0.805921738556321,2.9));
#12086=CARTESIAN_POINT('',(33.9250000000001,2.04,2.9));
#12087=CARTESIAN_POINT('',(34.8366399490482,-0.464710174682796,2.9));
#12088=CARTESIAN_POINT('',(33.925,2.04,2.9));
#12089=CARTESIAN_POINT('',(33.6748282520295,2.72734122853475,3.53229344919499));
#12090=CARTESIAN_POINT('',(34.1106248194755,1.53000000000087,6.09999999999806));
#12091=CARTESIAN_POINT('',(34.8366399490482,-0.464710174682796,6.1));
#12092=CARTESIAN_POINT('',(33.925,2.04,6.10000000000001));
#12093=CARTESIAN_POINT('',(33.9250000000001,2.04,2.9));
#12094=CARTESIAN_POINT('',(45.4973685560213,3.4154777138449,6.1));
#12095=CARTESIAN_POINT('',(45.4973685560213,2.04,6.1));
#12096=CARTESIAN_POINT('',(31.0740756491097,2.04,6.1));
#12097=CARTESIAN_POINT('',(47.5,1.52999999999997,6.1));
#12098=CARTESIAN_POINT('',(30.8893751805243,1.52999999999991,6.10000000000004));
#12099=CARTESIAN_POINT('',(31.0741829464495,2.04029627235767,6.1));
#12100=CARTESIAN_POINT('',(48.9249999999997,2.04,2.9));
#12101=CARTESIAN_POINT('',(31.0740756491097,2.04,2.9));
#12102=CARTESIAN_POINT('',(31.0740756491097,2.04,2.9));
#12103=CARTESIAN_POINT('',(48.9249999999997,2.04,2.9));
#12104=CARTESIAN_POINT('',(45.4973685560213,3.4154777138449,2.9));
#12105=CARTESIAN_POINT('',(31.0741829464495,2.04029627235767,2.9));
#12106=CARTESIAN_POINT('',(30.8893751805242,1.53,2.9));
#12107=CARTESIAN_POINT('',(30.6249999999999,0.800000000000002,2.4785343034909));
#12108=CARTESIAN_POINT('',(30.6249999999997,0.799999999999204,7.66549005197394));
#12109=CARTESIAN_POINT('',(30.9231184108375,1.62317273308292,5.90019042910076));
#12110=CARTESIAN_POINT('',(47.5,0.550919967102804,8.19964390628131));
#12111=CARTESIAN_POINT('',(47.5,0.294284705889582,8.75));
#12112=CARTESIAN_POINT('',(30.5539263504438,0.294284705889505,8.75));
#12113=CARTESIAN_POINT('',(30.6494391670157,0.973893709024828,7.29257378953543));
#12114=CARTESIAN_POINT('',(30.6249999999999,0.800000000000002,2.9));
#12115=CARTESIAN_POINT('',(30.8553813659845,2.4392485961281,8.75));
#12116=CARTESIAN_POINT('',(30.512567332238,0.,8.75));
#12117=CARTESIAN_POINT('',(30.5125673322379,0.,8.75));
#12118=CARTESIAN_POINT('',(47.5,0.1000000000001,8.75));
#12119=CARTESIAN_POINT('',(42.5,0.,8.75));
#12120=CARTESIAN_POINT('',(47.5,0.800000000000106,2.4785343034912));
#12121=CARTESIAN_POINT('',(45.8893751805249,1.5300000000017,2.9));
#12122=CARTESIAN_POINT('',(45.8893751805244,1.53000000000086,2.89999999999947));
#12123=CARTESIAN_POINT('',(48.9249999999997,1.5300000000018,2.9));
#12124=CARTESIAN_POINT('',(45.8893751805247,1.5300000000018,2.9));
#12125=CARTESIAN_POINT('',(45.6249999999999,0.799999999999898,2.4785343034911));
#12126=CARTESIAN_POINT('',(45.6249999999998,0.799999999999898,2.4785343034912));
#12127=CARTESIAN_POINT('',(45.5125673322379,0.,2.0166540881403));
#12128=CARTESIAN_POINT('',(49.0588576551946,0.,2.0166540881403));
#12129=CARTESIAN_POINT('',(49.0588576551946,1.04083408558608E-13,2.0166540881403));
#12130=CARTESIAN_POINT('',(48.9249999999999,1.53,2.89999999999931));
#12131=CARTESIAN_POINT('',(49.0588576551946,0.,2.9));
#12132=CARTESIAN_POINT('',(48.9249999999999,1.53,2.9));
#12133=CARTESIAN_POINT('',(48.9249999999998,1.52999999999991,6.1));
#12134=CARTESIAN_POINT('',(49.0588576551946,0.,8.75));
#12135=CARTESIAN_POINT('',(49.0588576551946,1.04083408558608E-13,8.75));
#12136=CARTESIAN_POINT('',(49.03311107958,0.294284705889505,8.75));
#12137=CARTESIAN_POINT('',(49.0331110795801,0.294284705889505,8.75));
#12138=CARTESIAN_POINT('',(49.0331110795802,0.294284705889603,8.75));
#12139=CARTESIAN_POINT('',(48.9249999999999,1.53,2.9));
#12140=CARTESIAN_POINT('',(48.9249999999999,2.04,2.9));
#12141=CARTESIAN_POINT('',(48.9249999999999,2.04,2.9));
#12142=CARTESIAN_POINT('',(48.9249999999999,1.53,6.1));
#12143=CARTESIAN_POINT('',(48.9249999999999,2.04,6.1));
#12144=CARTESIAN_POINT('',(48.9249999999999,2.04,2.9));
#12145=CARTESIAN_POINT('',(45.4973685560213,3.4154777138449,6.1));
#12146=CARTESIAN_POINT('',(46.075,2.04,6.1));
#12147=CARTESIAN_POINT('',(46.0740756491097,2.04,6.1));
#12148=CARTESIAN_POINT('',(45.8893751805243,1.52999999999991,6.1));
#12149=CARTESIAN_POINT('',(45.8893751805242,1.5299999999999,6.10000000000006));
#12150=CARTESIAN_POINT('',(46.4475866552102,3.07134883506333,6.1));
#12151=CARTESIAN_POINT('',(48.9249999999997,2.04,2.9));
#12152=CARTESIAN_POINT('',(46.0740756491097,2.04,2.9));
#12153=CARTESIAN_POINT('',(46.0740756491097,2.04,2.9));
#12154=CARTESIAN_POINT('',(46.0749999999999,2.04,2.9));
#12155=CARTESIAN_POINT('',(45.4973685560213,3.4154777138449,2.9));
#12156=CARTESIAN_POINT('',(46.0741829464495,2.04029627235767,2.9));
#12157=CARTESIAN_POINT('',(45.8893751805242,1.53,2.9));
#12158=CARTESIAN_POINT('',(45.6249999999999,0.800000000000002,2.4785343034909));
#12159=CARTESIAN_POINT('',(45.6249999999999,0.800000000000002,7.6654900519723));
#12160=CARTESIAN_POINT('',(45.625,0.799999999999898,7.6654900519725));
#12161=CARTESIAN_POINT('',(47.5,0.550919967102804,8.19964390628131));
#12162=CARTESIAN_POINT('',(49.0331110795801,0.294284705889505,8.75));
#12163=CARTESIAN_POINT('',(45.5539263504438,0.294284705889505,8.75));
#12164=CARTESIAN_POINT('',(45.5539263504439,0.294284705889505,8.75));
#12165=CARTESIAN_POINT('',(45.6249999999999,0.800000000000002,2.9));
#12166=CARTESIAN_POINT('',(45.512567332238,0.,8.75));
#12167=CARTESIAN_POINT('',(45.512567332238,0.,8.75));
#12168=CARTESIAN_POINT('',(45.5125673322379,0.,8.75));
#12169=CARTESIAN_POINT('',(47.5,0.1000000000001,8.75));
#12170=CARTESIAN_POINT('',(45.5125673322379,0.,8.75));
#12171=CARTESIAN_POINT('',(46.8312589159528,6.0987410840471,13.3423611625133));
#12172=CARTESIAN_POINT('',(37.5,5.4299999999999,13.3423611625133));
#12173=CARTESIAN_POINT('',(38.5668978631004,6.99187260993095,13.3423611625133));
#12174=CARTESIAN_POINT('',(35.938127390069,4.36310213689946,13.3423611625133));
#12175=CARTESIAN_POINT('',(42.2525126265847,10.6774873734152,13.3423611625133));
#12176=CARTESIAN_POINT('',(37.2525126265847,5.6774873734152,13.3423611625133));
#12177=CARTESIAN_POINT('',(35.938127390069,4.3631021368994,12.3423611625133));
#12178=CARTESIAN_POINT('',(35.938127390069,4.36310213689944,12.3423611625133));
#12179=CARTESIAN_POINT('',(42.2525126265847,10.6774873734152,12.3423611625133));
#12180=CARTESIAN_POINT('',(38.5668978631005,6.99187260993093,12.3423611625133));
#12181=CARTESIAN_POINT('',(38.5668978631004,6.991872609931,13.3423611625133));
#12182=CARTESIAN_POINT('',(47.7474873734153,5.1825126265846,12.3423611625133));
#12183=CARTESIAN_POINT('',(37.5,5.4299999999999,12.3423611625133));
#12184=CARTESIAN_POINT('',(36.4331021368996,3.86812739006887,12.3423611625133));
#12185=CARTESIAN_POINT('',(37.7474873734153,5.1825126265846,12.3423611625133));
#12186=CARTESIAN_POINT('',(39.0618726099311,6.49689786310033,12.3423611625133));
#12187=CARTESIAN_POINT('',(37.5,5.4299999999999,12.3423611625133));
#12188=CARTESIAN_POINT('',(37.7474873734153,5.1825126265846,12.3423611625133));
#12189=CARTESIAN_POINT('',(36.4331021368996,3.8681273900689,13.3423611625133));
#12190=CARTESIAN_POINT('',(36.4331021368996,3.86812739006888,13.3423611625133));
#12191=CARTESIAN_POINT('',(37.7474873734153,5.1825126265846,13.3423611625133));
#12192=CARTESIAN_POINT('',(39.061872609931,6.49689786310036,13.3423611625133));
#12193=CARTESIAN_POINT('',(39.061872609931,6.49689786310041,12.3423611625133));
#12194=CARTESIAN_POINT('',(46.8312589159528,6.0987410840471,13.3423611625133));
#12195=CARTESIAN_POINT('',(37.5,5.4299999999999,13.3423611625133));
#12196=CARTESIAN_POINT('',(27.5,18.1999999999999,3.73));
#12197=CARTESIAN_POINT('',(27.5,18.1999999999999,3.73));
#12198=CARTESIAN_POINT('',(27.5,18.1999999999999,5.13));
#12199=CARTESIAN_POINT('',(27.5,17.1999999999999,3.73));
#12200=CARTESIAN_POINT('',(28.9,17.1999999999999,3.73));
#12201=CARTESIAN_POINT('',(37.5,5.4299999999999,12.6805181485541));
#12202=CARTESIAN_POINT('',(37.5,5.4299999999999,12.0186751345949));
#12203=CARTESIAN_POINT('',(39.3914854215513,5.4299999999999,12.0186751345949));
#12204=CARTESIAN_POINT('',(47.5,3.4842572892243,12.0186751345949));
#12205=CARTESIAN_POINT('',(37.5,5.4299999999999,12.0186751345949));
#12206=CARTESIAN_POINT('',(39.5,5.4299999999999,12.0186751345949));
#12207=CARTESIAN_POINT('',(37.5,18.1999999999999,3.73));
#12208=CARTESIAN_POINT('',(37.5,18.1999999999999,3.73));
#12209=CARTESIAN_POINT('',(37.5,18.1999999999999,2.33));
#12210=CARTESIAN_POINT('',(37.5,5.4299999999999,13.5093375672975));
#12211=CARTESIAN_POINT('',(37.5,5.4299999999999,15.));
#12212=CARTESIAN_POINT('',(37.5,7.4299999999999,15.));
#12213=CARTESIAN_POINT('',(46.8312589159528,6.0987410840471,13.3423611625133));
#12214=CARTESIAN_POINT('',(32.5,5.4299999999999,13.3423611625133));
#12215=CARTESIAN_POINT('',(33.5668978631004,6.99187260993094,13.3423611625133));
#12216=CARTESIAN_POINT('',(30.938127390069,4.36310213689944,13.3423611625133));
#12217=CARTESIAN_POINT('',(39.7525126265847,13.1774873734152,13.3423611625133));
#12218=CARTESIAN_POINT('',(32.2525126265847,5.6774873734152,13.3423611625133));
#12219=CARTESIAN_POINT('',(30.938127390069,4.3631021368994,12.3423611625133));
#12220=CARTESIAN_POINT('',(30.938127390069,4.36310213689946,12.3423611625133));
#12221=CARTESIAN_POINT('',(39.7525126265847,13.1774873734152,12.3423611625133));
#12222=CARTESIAN_POINT('',(33.5668978631005,6.99187260993095,12.3423611625133));
#12223=CARTESIAN_POINT('',(33.5668978631004,6.991872609931,13.3423611625133));
#12224=CARTESIAN_POINT('',(47.7474873734153,5.1825126265846,12.3423611625133));
#12225=CARTESIAN_POINT('',(32.5,5.4299999999999,12.3423611625133));
#12226=CARTESIAN_POINT('',(31.4331021368996,3.86812739006885,12.3423611625133));
#12227=CARTESIAN_POINT('',(32.7474873734153,5.1825126265846,12.3423611625133));
#12228=CARTESIAN_POINT('',(34.061872609931,6.49689786310033,12.3423611625133));
#12229=CARTESIAN_POINT('',(32.5,5.4299999999999,12.3423611625133));
#12230=CARTESIAN_POINT('',(32.7474873734153,5.1825126265846,12.3423611625133));
#12231=CARTESIAN_POINT('',(31.4331021368996,3.8681273900689,13.3423611625133));
#12232=CARTESIAN_POINT('',(31.4331021368996,3.86812739006889,13.3423611625133));
#12233=CARTESIAN_POINT('',(32.7474873734153,5.1825126265846,13.3423611625133));
#12234=CARTESIAN_POINT('',(34.061872609931,6.49689786310036,13.3423611625133));
#12235=CARTESIAN_POINT('',(34.061872609931,6.49689786310041,12.3423611625133));
#12236=CARTESIAN_POINT('',(46.8312589159528,6.0987410840471,13.3423611625133));
#12237=CARTESIAN_POINT('',(32.5,5.4299999999999,13.3423611625133));
#12238=CARTESIAN_POINT('',(32.5,17.1999999999999,3.73));
#12239=CARTESIAN_POINT('',(32.5,17.1999999999999,3.73));
#12240=CARTESIAN_POINT('',(33.2,17.1999999999999,3.73));
#12241=CARTESIAN_POINT('',(32.5,16.1999999999999,3.73));
#12242=CARTESIAN_POINT('',(31.8,16.1999999999999,3.73));
#12243=CARTESIAN_POINT('',(32.5,5.4299999999999,12.6805181485541));
#12244=CARTESIAN_POINT('',(32.5,5.4299999999999,12.0186751345949));
#12245=CARTESIAN_POINT('',(34.3914854215513,5.4299999999999,12.0186751345949));
#12246=CARTESIAN_POINT('',(47.5,18.2299999999999,6.645));
#12247=CARTESIAN_POINT('',(2.5,9.89999999999992,6.645));
#12248=CARTESIAN_POINT('',(5.,9.8999999999999,6.645));
#12249=CARTESIAN_POINT('',(3.75500000000011,9.8999999999999,6.645));
#12250=CARTESIAN_POINT('',(47.5,9.8999999999999,6.645));
#12251=CARTESIAN_POINT('',(47.305142695566,18.1999999999999,6.645));
#12252=CARTESIAN_POINT('',(3.7550000000001,18.1999999999999,6.645));
#12253=CARTESIAN_POINT('',(3.7550000000001,18.2299999999999,6.645));
#12254=CARTESIAN_POINT('',(47.5,3.4842572892243,12.0186751345949));
#12255=CARTESIAN_POINT('',(32.5,5.4299999999999,12.0186751345949));
#12256=CARTESIAN_POINT('',(34.5,5.4299999999999,12.0186751345949));
#12257=CARTESIAN_POINT('',(32.5,5.4299999999999,13.5093375672975));
#12258=CARTESIAN_POINT('',(32.5,5.4299999999999,15.));
#12259=CARTESIAN_POINT('',(32.5,3.4299999999999,15.));
#12260=CARTESIAN_POINT('',(46.8312589159528,6.0987410840471,13.3423611625133));
#12261=CARTESIAN_POINT('',(22.5,5.4299999999999,13.3423611625133));
#12262=CARTESIAN_POINT('',(23.5668978631004,6.99187260993095,13.3423611625133));
#12263=CARTESIAN_POINT('',(20.938127390069,4.36310213689944,13.3423611625133));
#12264=CARTESIAN_POINT('',(22.2525126265847,5.6774873734152,13.3423611625133));
#12265=CARTESIAN_POINT('',(22.2525126265847,5.6774873734152,13.3423611625133));
#12266=CARTESIAN_POINT('',(20.938127390069,4.3631021368995,12.3423611625133));
#12267=CARTESIAN_POINT('',(20.938127390069,4.36310213689949,12.3423611625133));
#12268=CARTESIAN_POINT('',(34.7525126265847,18.1774873734152,12.3423611625133));
#12269=CARTESIAN_POINT('',(23.5668978631004,6.99187260993096,12.3423611625133));
#12270=CARTESIAN_POINT('',(23.5668978631004,6.991872609931,13.3423611625133));
#12271=CARTESIAN_POINT('',(47.7474873734153,5.1825126265846,12.3423611625133));
#12272=CARTESIAN_POINT('',(22.5,5.4299999999999,12.3423611625133));
#12273=CARTESIAN_POINT('',(21.4331021368996,3.86812739006886,12.3423611625133));
#12274=CARTESIAN_POINT('',(22.7474873734153,5.1825126265846,12.3423611625133));
#12275=CARTESIAN_POINT('',(24.061872609931,6.49689786310032,12.3423611625133));
#12276=CARTESIAN_POINT('',(22.5,5.4299999999999,12.3423611625133));
#12277=CARTESIAN_POINT('',(22.7474873734153,5.1825126265846,12.3423611625133));
#12278=CARTESIAN_POINT('',(21.4331021368996,3.8681273900689,13.3423611625133));
#12279=CARTESIAN_POINT('',(21.4331021368996,3.86812739006888,13.3423611625133));
#12280=CARTESIAN_POINT('',(35.2474873734153,17.6825126265846,13.3423611625133));
#12281=CARTESIAN_POINT('',(24.061872609931,6.49689786310036,13.3423611625133));
#12282=CARTESIAN_POINT('',(24.061872609931,6.49689786310041,12.3423611625133));
#12283=CARTESIAN_POINT('',(46.8312589159528,6.0987410840471,13.3423611625133));
#12284=CARTESIAN_POINT('',(22.5,5.4299999999999,13.3423611625133));
#12285=CARTESIAN_POINT('',(27.2455340732755,16.1999999999999,2.8702846647475));
#12286=CARTESIAN_POINT('',(27.5,16.1999999999999,3.73));
#12287=CARTESIAN_POINT('',(26.8,16.1999999999999,3.73));
#12288=CARTESIAN_POINT('',(22.5,5.4299999999999,12.6805181485541));
#12289=CARTESIAN_POINT('',(22.5,5.4299999999999,12.0186751345949));
#12290=CARTESIAN_POINT('',(24.3914854215513,5.4299999999999,12.0186751345949));
#12291=CARTESIAN_POINT('',(47.5,3.4842572892243,12.0186751345949));
#12292=CARTESIAN_POINT('',(22.5,5.4299999999999,12.0186751345949));
#12293=CARTESIAN_POINT('',(24.5,5.4299999999999,12.0186751345949));
#12294=CARTESIAN_POINT('',(43.4167221994801,17.1999999999999,3.14740918838721));
#12295=CARTESIAN_POINT('',(27.5,17.1999999999999,3.73));
#12296=CARTESIAN_POINT('',(28.2,17.1999999999999,3.73));
#12297=CARTESIAN_POINT('',(22.5,5.4299999999999,13.5093375672975));
#12298=CARTESIAN_POINT('',(22.5,5.4299999999999,15.));
#12299=CARTESIAN_POINT('',(22.5,7.4299999999999,15.));
#12300=CARTESIAN_POINT('',(46.8312589159528,6.0987410840471,13.3423611625133));
#12301=CARTESIAN_POINT('',(17.5,5.4299999999999,13.3423611625133));
#12302=CARTESIAN_POINT('',(18.5668978631005,6.99187260993094,13.3423611625133));
#12303=CARTESIAN_POINT('',(15.938127390069,4.36310213689942,13.3423611625133));
#12304=CARTESIAN_POINT('',(17.2525126265847,5.6774873734152,13.3423611625133));
#12305=CARTESIAN_POINT('',(17.2525126265847,5.6774873734152,13.3423611625133));
#12306=CARTESIAN_POINT('',(15.938127390069,4.3631021368994,12.3423611625133));
#12307=CARTESIAN_POINT('',(15.938127390069,4.36310213689944,12.3423611625133));
#12308=CARTESIAN_POINT('',(32.2525126265847,20.6774873734152,12.3423611625133));
#12309=CARTESIAN_POINT('',(18.5668978631004,6.99187260993097,12.3423611625133));
#12310=CARTESIAN_POINT('',(18.5668978631004,6.991872609931,13.3423611625133));
#12311=CARTESIAN_POINT('',(47.7474873734153,5.1825126265846,12.3423611625133));
#12312=CARTESIAN_POINT('',(17.5,5.4299999999999,12.3423611625133));
#12313=CARTESIAN_POINT('',(16.4331021368996,3.86812739006886,12.3423611625133));
#12314=CARTESIAN_POINT('',(17.7474873734153,5.1825126265846,12.3423611625133));
#12315=CARTESIAN_POINT('',(19.0618726099311,6.49689786310032,12.3423611625133));
#12316=CARTESIAN_POINT('',(17.5,5.4299999999999,12.3423611625133));
#12317=CARTESIAN_POINT('',(17.7474873734153,5.1825126265846,12.3423611625133));
#12318=CARTESIAN_POINT('',(16.4331021368996,3.8681273900689,13.3423611625133));
#12319=CARTESIAN_POINT('',(16.4331021368996,3.86812739006889,13.3423611625133));
#12320=CARTESIAN_POINT('',(32.7474873734153,20.1825126265846,13.3423611625133));
#12321=CARTESIAN_POINT('',(19.061872609931,6.49689786310036,13.3423611625133));
#12322=CARTESIAN_POINT('',(19.061872609931,6.49689786310041,12.3423611625133));
#12323=CARTESIAN_POINT('',(46.8312589159528,6.0987410840471,13.3423611625133));
#12324=CARTESIAN_POINT('',(17.5,5.4299999999999,13.3423611625133));
#12325=CARTESIAN_POINT('',(43.4167221994801,17.1999999999999,3.14740918838721));
#12326=CARTESIAN_POINT('',(22.5,17.1999999999999,3.73));
#12327=CARTESIAN_POINT('',(23.2,17.1999999999999,3.73));
#12328=CARTESIAN_POINT('',(22.5,17.1999999999999,3.73));
#12329=CARTESIAN_POINT('',(23.9,17.1999999999999,3.73));
#12330=CARTESIAN_POINT('',(17.5,5.4299999999999,12.6805181485541));
#12331=CARTESIAN_POINT('',(17.5,5.4299999999999,12.0186751345949));
#12332=CARTESIAN_POINT('',(19.3914854215513,5.4299999999999,12.0186751345949));
#12333=CARTESIAN_POINT('',(42.5,18.1999999999999,3.73));
#12334=CARTESIAN_POINT('',(42.5,18.1999999999999,3.73));
#12335=CARTESIAN_POINT('',(42.5,18.1999999999999,2.33));
#12336=CARTESIAN_POINT('',(42.5,17.1999999999999,3.73));
#12337=CARTESIAN_POINT('',(43.9,17.1999999999999,3.73));
#12338=CARTESIAN_POINT('',(47.5,3.4842572892243,12.0186751345949));
#12339=CARTESIAN_POINT('',(17.5,5.4299999999999,12.0186751345949));
#12340=CARTESIAN_POINT('',(19.5,5.4299999999999,12.0186751345949));
#12341=CARTESIAN_POINT('',(17.5,5.4299999999999,13.5093375672975));
#12342=CARTESIAN_POINT('',(17.5,5.4299999999999,15.));
#12343=CARTESIAN_POINT('',(17.5,7.4299999999999,15.));
#12344=CARTESIAN_POINT('',(46.8312589159528,6.0987410840471,13.3423611625133));
#12345=CARTESIAN_POINT('',(2.5,5.4299999999999,13.3423611625133));
#12346=CARTESIAN_POINT('',(3.56689786310039,6.99187260993098,13.3423611625133));
#12347=CARTESIAN_POINT('',(0.938127390068944,4.36310213689951,13.3423611625133));
#12348=CARTESIAN_POINT('',(2.25251262658469,5.6774873734152,13.3423611625133));
#12349=CARTESIAN_POINT('',(2.25251262658469,5.6774873734152,12.3423611625133));
#12350=CARTESIAN_POINT('',(24.7525126265847,28.1774873734152,12.3423611625133));
#12351=CARTESIAN_POINT('',(3.56689786310042,6.99187260993097,12.3423611625133));
#12352=CARTESIAN_POINT('',(0.938127390068964,4.36310213689946,12.3423611625133));
#12353=CARTESIAN_POINT('',(3.56689786310041,6.991872609931,13.3423611625133));
#12354=CARTESIAN_POINT('',(0.93812739006895,4.3631021368995,12.3423611625133));
#12355=CARTESIAN_POINT('',(47.7474873734153,5.1825126265846,12.3423611625133));
#12356=CARTESIAN_POINT('',(2.5,5.4299999999999,12.3423611625133));
#12357=CARTESIAN_POINT('',(1.43310213689953,3.86812739006889,12.3423611625133));
#12358=CARTESIAN_POINT('',(2.74748737341528,5.1825126265846,12.3423611625133));
#12359=CARTESIAN_POINT('',(4.06187260993101,6.4968978631004,12.3423611625133));
#12360=CARTESIAN_POINT('',(2.5,5.4299999999999,12.3423611625133));
#12361=CARTESIAN_POINT('',(2.74748737341528,5.1825126265846,13.3423611625133));
#12362=CARTESIAN_POINT('',(2.74748737341528,5.1825126265846,13.3423611625133));
#12363=CARTESIAN_POINT('',(1.43310213689954,3.86812739006889,13.3423611625133));
#12364=CARTESIAN_POINT('',(4.06187260993102,6.49689786310038,13.3423611625133));
#12365=CARTESIAN_POINT('',(4.06187260993102,6.49689786310041,12.3423611625133));
#12366=CARTESIAN_POINT('',(1.43310213689954,3.8681273900689,13.3423611625133));
#12367=CARTESIAN_POINT('',(46.8312589159528,6.0987410840471,13.3423611625133));
#12368=CARTESIAN_POINT('',(2.5,5.4299999999999,13.3423611625133));
#12369=CARTESIAN_POINT('',(27.2455340732755,16.1999999999999,2.8702846647475));
#12370=CARTESIAN_POINT('',(2.5,5.4299999999999,12.6805181485541));
#12371=CARTESIAN_POINT('',(2.5,5.4299999999999,12.0186751345949));
#12372=CARTESIAN_POINT('',(4.39148542155129,5.4299999999999,12.0186751345949));
#12373=CARTESIAN_POINT('',(47.5,3.4842572892243,12.0186751345949));
#12374=CARTESIAN_POINT('',(2.5,5.4299999999999,12.0186751345949));
#12375=CARTESIAN_POINT('',(4.5,5.4299999999999,12.0186751345949));
#12376=CARTESIAN_POINT('',(27.2455340732755,16.1999999999999,2.8702846647475));
#12377=CARTESIAN_POINT('',(47.5,16.1999999999999,3.73));
#12378=CARTESIAN_POINT('',(46.8,16.1999999999999,3.73));
#12379=CARTESIAN_POINT('',(2.5,5.4299999999999,13.5093375672975));
#12380=CARTESIAN_POINT('',(2.5,5.4299999999999,15.));
#12381=CARTESIAN_POINT('',(2.5,7.4299999999999,15.));
#12382=CARTESIAN_POINT('',(46.8312589159528,6.0987410840471,13.3423611625133));
#12383=CARTESIAN_POINT('',(7.5,5.4299999999999,13.3423611625133));
#12384=CARTESIAN_POINT('',(8.56689786310045,6.99187260993093,13.3423611625133));
#12385=CARTESIAN_POINT('',(5.93812739006899,4.36310213689944,13.3423611625133));
#12386=CARTESIAN_POINT('',(27.2525126265847,25.6774873734152,13.3423611625133));
#12387=CARTESIAN_POINT('',(7.25251262658472,5.6774873734152,13.3423611625133));
#12388=CARTESIAN_POINT('',(5.93812739006898,4.3631021368995,12.3423611625133));
#12389=CARTESIAN_POINT('',(5.93812739006898,4.36310213689946,12.3423611625133));
#12390=CARTESIAN_POINT('',(27.2525126265847,25.6774873734152,12.3423611625133));
#12391=CARTESIAN_POINT('',(8.56689786310044,6.99187260993094,12.3423611625133));
#12392=CARTESIAN_POINT('',(8.56689786310041,6.991872609931,13.3423611625133));
#12393=CARTESIAN_POINT('',(47.7474873734153,5.1825126265846,12.3423611625133));
#12394=CARTESIAN_POINT('',(7.5,5.4299999999999,12.3423611625133));
#12395=CARTESIAN_POINT('',(6.43310213689959,3.86812739006886,12.3423611625133));
#12396=CARTESIAN_POINT('',(7.74748737341532,5.1825126265846,12.3423611625133));
#12397=CARTESIAN_POINT('',(9.06187260993104,6.49689786310034,12.3423611625133));
#12398=CARTESIAN_POINT('',(7.5,5.4299999999999,12.3423611625133));
#12399=CARTESIAN_POINT('',(7.74748737341532,5.1825126265846,12.3423611625133));
#12400=CARTESIAN_POINT('',(6.43310213689958,3.8681273900689,13.3423611625133));
#12401=CARTESIAN_POINT('',(6.43310213689957,3.86812739006889,13.3423611625133));
#12402=CARTESIAN_POINT('',(7.74748737341532,5.1825126265846,13.3423611625133));
#12403=CARTESIAN_POINT('',(9.06187260993103,6.49689786310036,13.3423611625133));
#12404=CARTESIAN_POINT('',(9.06187260993102,6.49689786310041,12.3423611625133));
#12405=CARTESIAN_POINT('',(46.8312589159528,6.0987410840471,13.3423611625133));
#12406=CARTESIAN_POINT('',(7.5,5.4299999999999,13.3423611625133));
#12407=CARTESIAN_POINT('',(2.50000000000002,18.1999999999999,3.73));
#12408=CARTESIAN_POINT('',(2.50000000000002,18.1999999999999,3.73));
#12409=CARTESIAN_POINT('',(2.50000000000002,18.1999999999999,2.33));
#12410=CARTESIAN_POINT('',(7.5,5.4299999999999,12.6805181485541));
#12411=CARTESIAN_POINT('',(7.5,5.4299999999999,12.0186751345949));
#12412=CARTESIAN_POINT('',(9.39148542155129,5.4299999999999,12.0186751345949));
#12413=CARTESIAN_POINT('',(43.4167221994801,17.1999999999999,3.14740918838721));
#12414=CARTESIAN_POINT('',(42.5,17.1999999999999,3.73));
#12415=CARTESIAN_POINT('',(43.2,17.1999999999999,3.73));
#12416=CARTESIAN_POINT('',(47.5,3.4842572892243,12.0186751345949));
#12417=CARTESIAN_POINT('',(7.5,5.4299999999999,12.0186751345949));
#12418=CARTESIAN_POINT('',(9.5,5.4299999999999,12.0186751345949));
#12419=CARTESIAN_POINT('',(7.5,5.4299999999999,13.5093375672975));
#12420=CARTESIAN_POINT('',(7.5,5.4299999999999,15.));
#12421=CARTESIAN_POINT('',(7.5,7.4299999999999,15.));
#12422=CARTESIAN_POINT('',(46.8312589159528,6.0987410840471,13.3423611625133));
#12423=CARTESIAN_POINT('',(12.5,5.4299999999999,13.3423611625133));
#12424=CARTESIAN_POINT('',(13.5668978631005,6.99187260993093,13.3423611625133));
#12425=CARTESIAN_POINT('',(10.938127390069,4.36310213689944,13.3423611625133));
#12426=CARTESIAN_POINT('',(12.2525126265847,5.6774873734152,13.3423611625133));
#12427=CARTESIAN_POINT('',(12.2525126265847,5.6774873734152,13.3423611625133));
#12428=CARTESIAN_POINT('',(10.938127390069,4.3631021368995,12.3423611625133));
#12429=CARTESIAN_POINT('',(10.938127390069,4.36310213689946,12.3423611625133));
#12430=CARTESIAN_POINT('',(29.7525126265847,23.1774873734152,12.3423611625133));
#12431=CARTESIAN_POINT('',(13.5668978631005,6.99187260993095,12.3423611625133));
#12432=CARTESIAN_POINT('',(13.5668978631004,6.991872609931,13.3423611625133));
#12433=CARTESIAN_POINT('',(47.7474873734153,5.1825126265846,12.3423611625133));
#12434=CARTESIAN_POINT('',(12.5,5.4299999999999,12.3423611625133));
#12435=CARTESIAN_POINT('',(11.4331021368996,3.86812739006885,12.3423611625133));
#12436=CARTESIAN_POINT('',(12.7474873734153,5.1825126265846,12.3423611625133));
#12437=CARTESIAN_POINT('',(14.0618726099311,6.49689786310032,12.3423611625133));
#12438=CARTESIAN_POINT('',(12.5,5.4299999999999,12.3423611625133));
#12439=CARTESIAN_POINT('',(12.7474873734153,5.1825126265846,12.3423611625133));
#12440=CARTESIAN_POINT('',(11.4331021368996,3.8681273900689,13.3423611625133));
#12441=CARTESIAN_POINT('',(11.4331021368996,3.86812739006889,13.3423611625133));
#12442=CARTESIAN_POINT('',(12.7474873734153,5.1825126265846,13.3423611625133));
#12443=CARTESIAN_POINT('',(14.061872609931,6.49689786310039,13.3423611625133));
#12444=CARTESIAN_POINT('',(14.061872609931,6.49689786310041,12.3423611625133));
#12445=CARTESIAN_POINT('',(46.8312589159528,6.0987410840471,13.3423611625133));
#12446=CARTESIAN_POINT('',(12.5,5.4299999999999,13.3423611625133));
#12447=CARTESIAN_POINT('',(43.4167221994801,17.1999999999999,3.14740918838721));
#12448=CARTESIAN_POINT('',(32.5,17.1999999999999,3.73));
#12449=CARTESIAN_POINT('',(33.9,17.1999999999999,3.73));
#12450=CARTESIAN_POINT('',(12.5,5.4299999999999,12.6805181485541));
#12451=CARTESIAN_POINT('',(12.5,5.4299999999999,12.0186751345949));
#12452=CARTESIAN_POINT('',(14.3914854215513,5.4299999999999,12.0186751345949));
#12453=CARTESIAN_POINT('',(27.2455340732755,16.1999999999999,2.8702846647475));
#12454=CARTESIAN_POINT('',(42.5,16.1999999999999,3.73));
#12455=CARTESIAN_POINT('',(41.8,16.1999999999999,3.73));
#12456=CARTESIAN_POINT('',(47.5,3.4842572892243,12.0186751345949));
#12457=CARTESIAN_POINT('',(12.5,5.4299999999999,12.0186751345949));
#12458=CARTESIAN_POINT('',(14.5,5.4299999999999,12.0186751345949));
#12459=CARTESIAN_POINT('',(12.5,5.4299999999999,13.5093375672975));
#12460=CARTESIAN_POINT('',(12.5,5.4299999999999,15.));
#12461=CARTESIAN_POINT('',(12.5,7.4299999999999,15.));
#12462=CARTESIAN_POINT('',(46.8312589159528,6.0987410840471,13.3423611625133));
#12463=CARTESIAN_POINT('',(27.5,5.4299999999999,13.3423611625133));
#12464=CARTESIAN_POINT('',(28.5668978631004,6.99187260993094,13.3423611625133));
#12465=CARTESIAN_POINT('',(25.938127390069,4.36310213689944,13.3423611625133));
#12466=CARTESIAN_POINT('',(37.2525126265847,15.6774873734152,13.3423611625133));
#12467=CARTESIAN_POINT('',(27.2525126265847,5.6774873734152,13.3423611625133));
#12468=CARTESIAN_POINT('',(25.938127390069,4.3631021368994,12.3423611625133));
#12469=CARTESIAN_POINT('',(25.938127390069,4.3631021368994,12.3423611625133));
#12470=CARTESIAN_POINT('',(37.2525126265847,15.6774873734152,12.3423611625133));
#12471=CARTESIAN_POINT('',(28.5668978631005,6.99187260993093,12.3423611625133));
#12472=CARTESIAN_POINT('',(28.5668978631004,6.991872609931,13.3423611625133));
#12473=CARTESIAN_POINT('',(47.7474873734153,5.1825126265846,12.3423611625133));
#12474=CARTESIAN_POINT('',(27.5,5.4299999999999,12.3423611625133));
#12475=CARTESIAN_POINT('',(26.4331021368996,3.86812739006887,12.3423611625133));
#12476=CARTESIAN_POINT('',(27.7474873734153,5.1825126265846,12.3423611625133));
#12477=CARTESIAN_POINT('',(29.061872609931,6.49689786310033,12.3423611625133));
#12478=CARTESIAN_POINT('',(27.5,5.4299999999999,12.3423611625133));
#12479=CARTESIAN_POINT('',(27.7474873734153,5.1825126265846,12.3423611625133));
#12480=CARTESIAN_POINT('',(26.4331021368996,3.8681273900689,13.3423611625133));
#12481=CARTESIAN_POINT('',(26.4331021368996,3.86812739006889,13.3423611625133));
#12482=CARTESIAN_POINT('',(27.7474873734153,5.1825126265846,13.3423611625133));
#12483=CARTESIAN_POINT('',(29.061872609931,6.49689786310036,13.3423611625133));
#12484=CARTESIAN_POINT('',(29.061872609931,6.49689786310041,12.3423611625133));
#12485=CARTESIAN_POINT('',(46.8312589159528,6.0987410840471,13.3423611625133));
#12486=CARTESIAN_POINT('',(27.5,5.4299999999999,13.3423611625133));
#12487=CARTESIAN_POINT('',(47.5,18.1999999999999,3.73));
#12488=CARTESIAN_POINT('',(47.5,18.1999999999999,3.73));
#12489=CARTESIAN_POINT('',(47.5,18.1999999999999,5.13));
#12490=CARTESIAN_POINT('',(47.5,17.1999999999999,3.73));
#12491=CARTESIAN_POINT('',(47.5,17.1999999999999,2.33));
#12492=CARTESIAN_POINT('',(27.5,5.4299999999999,12.6805181485541));
#12493=CARTESIAN_POINT('',(27.5,5.4299999999999,12.0186751345949));
#12494=CARTESIAN_POINT('',(29.3914854215513,5.4299999999999,12.0186751345949));
#12495=CARTESIAN_POINT('',(27.2455340732755,16.1999999999999,2.8702846647475));
#12496=CARTESIAN_POINT('',(47.5,3.4842572892243,12.0186751345949));
#12497=CARTESIAN_POINT('',(27.5,5.4299999999999,12.0186751345949));
#12498=CARTESIAN_POINT('',(29.5,5.4299999999999,12.0186751345949));
#12499=CARTESIAN_POINT('',(27.5,5.4299999999999,13.5093375672975));
#12500=CARTESIAN_POINT('',(27.5,5.4299999999999,15.));
#12501=CARTESIAN_POINT('',(27.5,7.4299999999999,15.));
#12502=CARTESIAN_POINT('',(46.8312589159528,6.0987410840471,13.3423611625133));
#12503=CARTESIAN_POINT('',(42.5,5.4299999999999,13.3423611625133));
#12504=CARTESIAN_POINT('',(43.5668978631004,6.99187260993094,13.3423611625133));
#12505=CARTESIAN_POINT('',(40.938127390069,4.36310213689947,13.3423611625133));
#12506=CARTESIAN_POINT('',(44.7525126265847,8.17748737341521,13.3423611625133));
#12507=CARTESIAN_POINT('',(42.2525126265847,5.6774873734152,13.3423611625133));
#12508=CARTESIAN_POINT('',(40.938127390069,4.3631021368995,12.3423611625133));
#12509=CARTESIAN_POINT('',(40.938127390069,4.36310213689944,12.3423611625133));
#12510=CARTESIAN_POINT('',(44.7525126265847,8.1774873734152,12.3423611625133));
#12511=CARTESIAN_POINT('',(43.5668978631005,6.99187260993093,12.3423611625133));
#12512=CARTESIAN_POINT('',(43.5668978631004,6.991872609931,13.3423611625133));
#12513=CARTESIAN_POINT('',(47.7474873734153,5.1825126265846,12.3423611625133));
#12514=CARTESIAN_POINT('',(42.5,5.4299999999999,12.3423611625133));
#12515=CARTESIAN_POINT('',(41.4331021368996,3.86812739006885,12.3423611625133));
#12516=CARTESIAN_POINT('',(42.7474873734153,5.1825126265846,12.3423611625133));
#12517=CARTESIAN_POINT('',(44.061872609931,6.49689786310033,12.3423611625133));
#12518=CARTESIAN_POINT('',(42.5,5.4299999999999,12.3423611625133));
#12519=CARTESIAN_POINT('',(42.7474873734153,5.1825126265846,12.3423611625133));
#12520=CARTESIAN_POINT('',(41.4331021368996,3.8681273900689,13.3423611625133));
#12521=CARTESIAN_POINT('',(41.4331021368996,3.86812739006888,13.3423611625133));
#12522=CARTESIAN_POINT('',(45.2474873734153,7.68251262658461,13.3423611625133));
#12523=CARTESIAN_POINT('',(44.061872609931,6.49689786310034,13.3423611625133));
#12524=CARTESIAN_POINT('',(44.061872609931,6.49689786310041,12.3423611625133));
#12525=CARTESIAN_POINT('',(46.8312589159528,6.0987410840471,13.3423611625133));
#12526=CARTESIAN_POINT('',(42.5,5.4299999999999,13.3423611625133));
#12527=CARTESIAN_POINT('',(42.5,17.1999999999999,3.73));
#12528=CARTESIAN_POINT('',(42.5,5.4299999999999,12.6805181485541));
#12529=CARTESIAN_POINT('',(42.5,5.4299999999999,12.0186751345949));
#12530=CARTESIAN_POINT('',(44.3914854215513,5.4299999999999,12.0186751345949));
#12531=CARTESIAN_POINT('',(47.5,3.4842572892243,12.0186751345949));
#12532=CARTESIAN_POINT('',(42.5,5.4299999999999,12.0186751345949));
#12533=CARTESIAN_POINT('',(44.5,5.4299999999999,12.0186751345949));
#12534=CARTESIAN_POINT('',(32.5,18.1999999999999,3.73));
#12535=CARTESIAN_POINT('',(32.5,18.1999999999999,3.73));
#12536=CARTESIAN_POINT('',(32.5,18.1999999999999,5.13));
#12537=CARTESIAN_POINT('',(42.5,5.4299999999999,13.5093375672975));
#12538=CARTESIAN_POINT('',(42.5,5.4299999999999,15.));
#12539=CARTESIAN_POINT('',(42.5,7.4299999999999,15.));
#12540=CARTESIAN_POINT('',(46.8312589159528,6.0987410840471,13.3423611625133));
#12541=CARTESIAN_POINT('',(47.5,5.4299999999999,13.3423611625133));
#12542=CARTESIAN_POINT('',(48.5668978631005,6.9918726099309,13.3423611625133));
#12543=CARTESIAN_POINT('',(45.938127390069,4.3631021368995,13.3423611625133));
#12544=CARTESIAN_POINT('',(45.938127390069,4.3631021368995,13.3423611625133));
#12545=CARTESIAN_POINT('',(47.2525126265847,5.6774873734152,13.3423611625133));
#12546=CARTESIAN_POINT('',(45.938127390069,4.3631021368995,12.3423611625133));
#12547=CARTESIAN_POINT('',(45.938127390069,4.3631021368994,12.3423611625133));
#12548=CARTESIAN_POINT('',(48.5668978631005,6.9918726099309,12.3423611625133));
#12549=CARTESIAN_POINT('',(48.5668978631005,6.9918726099309,12.3423611625133));
#12550=CARTESIAN_POINT('',(48.5668978631005,6.9918726099309,13.3423611625133));
#12551=CARTESIAN_POINT('',(47.7474873734153,5.1825126265846,12.3423611625133));
#12552=CARTESIAN_POINT('',(47.5,5.4299999999999,12.3423611625133));
#12553=CARTESIAN_POINT('',(46.4331021368996,3.8681273900689,12.3423611625133));
#12554=CARTESIAN_POINT('',(49.0618726099311,6.4968978631003,12.3423611625133));
#12555=CARTESIAN_POINT('',(49.061872609931,6.4968978631003,12.3423611625133));
#12556=CARTESIAN_POINT('',(47.5,5.4299999999999,12.3423611625133));
#12557=CARTESIAN_POINT('',(47.7474873734153,5.1825126265846,12.3423611625133));
#12558=CARTESIAN_POINT('',(46.4331021368996,3.8681273900689,13.3423611625133));
#12559=CARTESIAN_POINT('',(46.4331021368996,3.8681273900689,13.3423611625133));
#12560=CARTESIAN_POINT('',(49.061872609931,6.4968978631003,13.3423611625133));
#12561=CARTESIAN_POINT('',(49.061872609931,6.4968978631003,13.3423611625133));
#12562=CARTESIAN_POINT('',(49.061872609931,6.4968978631003,12.3423611625133));
#12563=CARTESIAN_POINT('',(46.8312589159528,6.0987410840471,13.3423611625133));
#12564=CARTESIAN_POINT('',(47.5,5.4299999999999,13.3423611625133));
#12565=CARTESIAN_POINT('',(47.5,17.1999999999999,3.73));
#12566=CARTESIAN_POINT('',(47.5,17.1999999999999,3.73));
#12567=CARTESIAN_POINT('',(47.5,17.1999999999999,4.43));
#12568=CARTESIAN_POINT('',(47.5,5.4299999999999,12.6805181485541));
#12569=CARTESIAN_POINT('',(47.5,5.4299999999999,12.0186751345949));
#12570=CARTESIAN_POINT('',(48.8374821680944,4.09251783190549,12.0186751345949));
#12571=CARTESIAN_POINT('',(22.5,17.1999999999999,3.73));
#12572=CARTESIAN_POINT('',(22.5,16.1999999999999,3.73));
#12573=CARTESIAN_POINT('',(22.5,16.1999999999999,3.03));
#12574=CARTESIAN_POINT('',(47.5,3.4842572892243,12.0186751345949));
#12575=CARTESIAN_POINT('',(47.5,5.4299999999999,12.018675134595));
#12576=CARTESIAN_POINT('',(47.5,7.4299999999999,12.018675134595));
#12577=CARTESIAN_POINT('',(47.5,5.4299999999999,13.5093375672975));
#12578=CARTESIAN_POINT('',(47.5,5.4299999999999,15.));
#12579=CARTESIAN_POINT('',(47.5,3.4299999999999,15.));
#12580=CARTESIAN_POINT('',(41.9999976,9.02999999999991,0.));
#12581=CARTESIAN_POINT('',(41.9999976,9.02999999999991,12.1000000003384));
#12582=CARTESIAN_POINT('',(50.,9.0299999999999,12.1000000002257));
#12583=CARTESIAN_POINT('',(-8.67361737988404E-16,9.0299999999999,12.1000000002257));
#12584=CARTESIAN_POINT('',(1.30104260698261E-15,9.02999999999991,-37.9127308266305));
#12585=CARTESIAN_POINT('',(-8.67361737988404E-16,9.02999999999984,14.4000000000001));
#12586=CARTESIAN_POINT('',(7.5,9.02999999999986,14.4000000000001));
#12587=CARTESIAN_POINT('',(50.,9.02999999999984,14.4000000000001));
#12588=CARTESIAN_POINT('',(50.,9.02999999999991,0.));
#12589=CARTESIAN_POINT('',(7.5,8.4299999999999,14.4000000000001));
#12590=CARTESIAN_POINT('',(0.,8.4299999999999,15.));
#12591=CARTESIAN_POINT('',(0.,8.4299999999999,15.));
#12592=CARTESIAN_POINT('',(50.,8.4299999999999,15.));
#12593=CARTESIAN_POINT('',(50.,8.4299999999999,14.4000000000001));
#12594=CARTESIAN_POINT('',(0.,8.4299999999999,14.4000000000001));
#12595=CARTESIAN_POINT('',(42.5,8.4299999999999,15.));
#12596=CARTESIAN_POINT('',(0.,1.0042040556323,15.));
#12597=CARTESIAN_POINT('',(0.,1.0042040556323,15.));
#12598=CARTESIAN_POINT('',(50.,1.0042040556322,15.));
#12599=CARTESIAN_POINT('',(50.,1.0042040556323,15.));
#12600=CARTESIAN_POINT('',(50.,1.0042040556322,15.));
#12601=CARTESIAN_POINT('',(7.5,1.0042040556322,14.8));
#12602=CARTESIAN_POINT('',(0.,1.0042040556322,14.8));
#12603=CARTESIAN_POINT('',(0.,0.804394411315898,14.8087238774731));
#12604=CARTESIAN_POINT('',(0.,0.804394411315898,14.808723877473));
#12605=CARTESIAN_POINT('',(50.,0.804394411315801,14.8087238774726));
#12606=CARTESIAN_POINT('',(50.,1.0042040556322,14.8));
#12607=CARTESIAN_POINT('',(47.5,0.779999999999906,14.2500000000001));
#12608=CARTESIAN_POINT('',(50.,0.779999999999906,14.2500000000001));
#12609=CARTESIAN_POINT('',(50.,0.779999999999802,14.2500000000002));
#12610=CARTESIAN_POINT('',(0.,0.779999999999906,14.2500000000002));
#12611=CARTESIAN_POINT('',(50.,0.804394411315697,14.8087238774722));
#12612=CARTESIAN_POINT('',(0.,0.779999999999704,14.2500000000002));
#12613=CARTESIAN_POINT('',(42.5,1.12052008445111,14.0534006375777));
#12614=CARTESIAN_POINT('',(0.,1.120520084451,14.0534006375778));
#12615=CARTESIAN_POINT('',(0.,1.12052008445111,14.0534006375777));
#12616=CARTESIAN_POINT('',(3.03576608295941E-14,1.12052008445111,14.0534006375777));
#12617=CARTESIAN_POINT('',(50.,1.12052008445111,14.0534006375777));
#12618=CARTESIAN_POINT('',(50.,0.779999999999704,14.2500000000002));
#12619=CARTESIAN_POINT('',(37.5,1.12052008445111,14.0534006375777));
#12620=CARTESIAN_POINT('',(50.,0.300000000000203,9.4));
#12621=CARTESIAN_POINT('',(50.,0.300000000000203,9.4));
#12622=CARTESIAN_POINT('',(4.33680868994202E-16,0.300000000000203,9.4));
#12623=CARTESIAN_POINT('',(50.,1.120520084451,14.0534006375778));
#12624=CARTESIAN_POINT('',(4.33680868994202E-16,0.300000000000106,9.4));
#12625=CARTESIAN_POINT('',(47.5,0.199999999999902,9.4000000000001));
#12626=CARTESIAN_POINT('',(4.33680868994202E-16,0.300000000000203,9.4));
#12627=CARTESIAN_POINT('',(4.33680868994202E-16,0.199999999999596,9.4000000000001));
#12628=CARTESIAN_POINT('',(50.,0.199999999999902,9.4000000000002));
#12629=CARTESIAN_POINT('',(50.,0.200000000000103,9.4000000000002));
#12630=CARTESIAN_POINT('',(50.,0.300000000000106,9.4));
#12631=CARTESIAN_POINT('',(2.5,0.199999999999902,9.2000000000003));
#12632=CARTESIAN_POINT('',(4.33680868994202E-16,0.199999999999902,9.2000000000003));
#12633=CARTESIAN_POINT('',(4.33680868994202E-16,0.,9.2000000000003));
#12634=CARTESIAN_POINT('',(4.33680868994202E-16,0.,9.2000000000003));
#12635=CARTESIAN_POINT('',(50.,0.,9.2000000000003));
#12636=CARTESIAN_POINT('',(50.,0.199999999999902,9.2000000000003));
#12637=CARTESIAN_POINT('',(42.5,0.,8.75));
#12638=CARTESIAN_POINT('',(4.33680868994202E-16,0.,0.));
#12639=CARTESIAN_POINT('',(4.33680868994202E-16,0.,0.));
#12640=CARTESIAN_POINT('',(50.,0.,0.));
#12641=CARTESIAN_POINT('',(50.,0.,0.));
#12642=CARTESIAN_POINT('',(50.,0.,0.));
#12643=CARTESIAN_POINT('',(27.5,9.02999999999991,0.));
#12644=CARTESIAN_POINT('',(4.33680868994202E-16,9.02999999999991,0.));
#12645=CARTESIAN_POINT('',(4.33680868994202E-16,9.02999999999991,0.));
#12646=CARTESIAN_POINT('',(50.,9.02999999999991,0.));
#12647=CARTESIAN_POINT('',(50.,9.02999999999991,0.));
#12648=CARTESIAN_POINT('',(50.,0.,0.));
#12649=CARTESIAN_POINT('',(41.9999976,9.02999999999991,0.));
#12650=CARTESIAN_POINT('',(4.33680868994202E-16,9.02999999999991,1.2));
#12651=CARTESIAN_POINT('',(4.33680868994202E-16,9.02999999999991,1.2));
#12652=CARTESIAN_POINT('',(50.,9.02999999999991,1.2));
#12653=CARTESIAN_POINT('',(50.,9.02999999999991,0.));
#12654=CARTESIAN_POINT('',(4.33680868994202E-16,9.02999999999991,0.));
#12655=CARTESIAN_POINT('',(2.5,9.8999999999999,7.6457390400455));
#12656=CARTESIAN_POINT('',(2.5,9.89999999999999,1.2));
#12657=CARTESIAN_POINT('',(48.9479387898106,9.8999999999999,1.2));
#12658=CARTESIAN_POINT('',(46.0520612101894,9.8999999999999,1.2));
#12659=CARTESIAN_POINT('',(47.5,9.89999999999996,3.73));
#12660=CARTESIAN_POINT('',(35.233124,18.1999999999999,1.73));
#12661=CARTESIAN_POINT('',(45.3792862665984,18.1999999999999,1.73));
#12662=CARTESIAN_POINT('',(45.3792862665984,9.8999999999999,1.73));
#12663=CARTESIAN_POINT('',(45.3792862665984,18.1999999999999,1.73));
#12664=CARTESIAN_POINT('',(2.5,9.89999999999998,1.73));
#12665=CARTESIAN_POINT('',(44.6207137334016,9.8999999999999,1.73));
#12666=CARTESIAN_POINT('',(44.6207137334016,18.1999999999999,1.73));
#12667=CARTESIAN_POINT('',(44.6207137334016,18.1999999999999,1.73));
#12668=CARTESIAN_POINT('',(47.305142695566,18.1999999999999,1.73));
#12669=CARTESIAN_POINT('',(27.5,17.1999999999999,3.73));
#12670=CARTESIAN_POINT('',(47.5,18.1999999999999,3.73));
#12671=CARTESIAN_POINT('',(47.5,18.1999999999999,3.73));
#12672=CARTESIAN_POINT('',(49.6207137334016,18.1999999999999,1.73));
#12673=CARTESIAN_POINT('',(49.6207137334016,18.1999999999999,1.73));
#12674=CARTESIAN_POINT('',(49.6207137334016,9.8999999999999,1.73));
#12675=CARTESIAN_POINT('',(47.5,9.89999999999996,3.73));
#12676=CARTESIAN_POINT('',(47.5,9.89999999999996,3.73));
#12677=CARTESIAN_POINT('',(35.233124,18.1999999999999,1.73));
#12678=CARTESIAN_POINT('',(50.,58.5266712407319,1.73));
#12679=CARTESIAN_POINT('',(50.,9.8999999999999,1.73));
#12680=CARTESIAN_POINT('',(50.,18.1999999999999,1.73));
#12681=CARTESIAN_POINT('',(2.5,9.89999999999998,1.73));
#12682=CARTESIAN_POINT('',(47.305142695566,18.1999999999999,1.73));
#12683=CARTESIAN_POINT('',(2.5,9.8999999999999,7.6457390400455));
#12684=CARTESIAN_POINT('',(50.,9.8999999999999,7.6457390400455));
#12685=CARTESIAN_POINT('',(50.,9.8999999999999,1.2));
#12686=CARTESIAN_POINT('',(2.5,9.89999999999999,1.2));
#12687=CARTESIAN_POINT('',(50.,58.5266712407319,-37.9127308266305));
#12688=CARTESIAN_POINT('',(50.,18.1999999999999,6.645));
#12689=CARTESIAN_POINT('',(50.,18.1999999999999,6.645));
#12690=CARTESIAN_POINT('',(50.,58.5266712407319,6.645));
#12691=CARTESIAN_POINT('',(50.,9.4000000000001,10.8628720776904));
#12692=CARTESIAN_POINT('',(50.,9.8999999999999,1.2));
#12693=CARTESIAN_POINT('',(47.5,18.2299999999999,6.645));
#12694=CARTESIAN_POINT('',(48.7550000000001,18.2299999999999,6.645));
#12695=CARTESIAN_POINT('',(48.7550000000001,18.1999999999999,6.645));
#12696=CARTESIAN_POINT('',(47.5,18.1999999999999,6.645));
#12697=CARTESIAN_POINT('',(48.9900000000001,18.2299999999999,5.96500000000009));
#12698=CARTESIAN_POINT('',(48.9900000000001,18.1999999999999,5.96500000000009));
#12699=CARTESIAN_POINT('',(48.9900000000001,18.1999999999999,5.96500000000009));
#12700=CARTESIAN_POINT('',(48.9900000000001,18.2299999999999,5.96500000000009));
#12701=CARTESIAN_POINT('',(48.9900000000001,9.8999999999999,5.96500000000009));
#12702=CARTESIAN_POINT('',(43.5111449435392,9.8999999999997,21.8187082484784));
#12703=CARTESIAN_POINT('',(3.98500000000008,18.2299999999999,5.96500000000009));
#12704=CARTESIAN_POINT('',(3.98500000000008,18.1999999999999,5.96500000000009));
#12705=CARTESIAN_POINT('',(46.0099999999999,18.1999999999999,5.96500000000009));
#12706=CARTESIAN_POINT('',(46.0099999999999,18.2299999999999,5.96500000000009));
#12707=CARTESIAN_POINT('',(46.0099999999999,9.8999999999999,5.96500000000009));
#12708=CARTESIAN_POINT('',(3.98500000000008,9.89999999999993,5.96500000000009));
#12709=CARTESIAN_POINT('',(46.2449999999999,18.2299999999999,6.645));
#12710=CARTESIAN_POINT('',(46.2449999999999,18.1999999999999,6.645));
#12711=CARTESIAN_POINT('',(46.2449999999999,18.1999999999999,6.645));
#12712=CARTESIAN_POINT('',(46.2449999999999,18.1999999999999,6.645));
#12713=CARTESIAN_POINT('',(46.2449999999999,9.8999999999999,6.645));
#12714=CARTESIAN_POINT('',(41.8868265609245,9.9000000000001,-5.96588484498205));
#12715=CARTESIAN_POINT('',(2.5,9.8999999999999,7.6457390400455));
#12716=CARTESIAN_POINT('',(45.,9.90000000000055,-37.9127308266312));
#12717=CARTESIAN_POINT('',(45.,9.8999999999999,7.64573904004544));
#12718=CARTESIAN_POINT('',(45.,9.8999999999999,6.645));
#12719=CARTESIAN_POINT('',(2.5,9.8999999999999,7.6457390400455));
#12720=CARTESIAN_POINT('',(46.6,9.8999999999999,7.64573904004544));
#12721=CARTESIAN_POINT('',(46.6,9.90000000000055,-37.9127308266312));
#12722=CARTESIAN_POINT('',(2.5,9.89999999999992,6.645));
#12723=CARTESIAN_POINT('',(45.,58.5266712407319,-37.9127308266305));
#12724=CARTESIAN_POINT('',(45.,9.4000000000001,7.5110254037841));
#12725=CARTESIAN_POINT('',(45.,9.3999999999999,7.51102540378441));
#12726=CARTESIAN_POINT('',(45.,9.4000000000001,8.1457390400455));
#12727=CARTESIAN_POINT('',(45.,9.6999999999999,8.1457390400455));
#12728=CARTESIAN_POINT('',(45.,9.6999999999999,7.84573904004549));
#12729=CARTESIAN_POINT('',(45.,9.6999999999999,7.6457390400455));
#12730=CARTESIAN_POINT('',(45.,9.8999999999999,6.645));
#12731=CARTESIAN_POINT('',(2.5,9.6999999999999,7.6457390400455));
#12732=CARTESIAN_POINT('',(46.6,9.6999999999999,7.6457390400455));
#12733=CARTESIAN_POINT('',(46.6,9.6999999999999,7.8457390400455));
#12734=CARTESIAN_POINT('',(2.5,9.69999999999991,7.84573904004549));
#12735=CARTESIAN_POINT('',(46.6,58.5266712407319,-37.9127308266305));
#12736=CARTESIAN_POINT('',(46.6,9.6999999999999,8.1457390400455));
#12737=CARTESIAN_POINT('',(17.5,17.1999999999999,3.73));
#12738=CARTESIAN_POINT('',(17.5,17.1999999999999,3.73));
#12739=CARTESIAN_POINT('',(18.2,17.1999999999999,3.73));
#12740=CARTESIAN_POINT('',(2.5,9.6999999999999,8.1457390400455));
#12741=CARTESIAN_POINT('',(45.,9.6999999999999,8.1457390400455));
#12742=CARTESIAN_POINT('',(45.,58.5266712407319,-37.9127308266305));
#12743=CARTESIAN_POINT('',(45.,9.4000000000001,8.1457390400464));
#12744=CARTESIAN_POINT('',(41.9999976,9.3999999999999,7.51102540378441));
#12745=CARTESIAN_POINT('',(45.,9.3999999999999,7.51102540378441));
#12746=CARTESIAN_POINT('',(5.,9.3999999999999,7.51102540378441));
#12747=CARTESIAN_POINT('',(5.,9.3999999999999,7.51102540378441));
#12748=CARTESIAN_POINT('',(5.,9.3999999999999,8.1457390400459));
#12749=CARTESIAN_POINT('',(5.,9.3999999999999,8.1457390400455));
#12750=CARTESIAN_POINT('',(5.00000000000002,9.39996462755096,10.862990348621));
#12751=CARTESIAN_POINT('',(47.5,9.39999999999987,10.8628720776906));
#12752=CARTESIAN_POINT('',(5.,58.5266712407319,-37.9127308266305));
#12753=CARTESIAN_POINT('',(5.,9.6999999999999,8.1457390400455));
#12754=CARTESIAN_POINT('',(5.,9.7245491009039,10.7874809441414));
#12755=CARTESIAN_POINT('',(5.,9.43192733944,10.7213560266157));
#12756=CARTESIAN_POINT('',(5.,9.43192733944,10.7213560266156));
#12757=CARTESIAN_POINT('',(-1.0000024,9.7245491009039,10.7874809441414));
#12758=CARTESIAN_POINT('',(3.40000000000002,9.7245491009039,10.7874809441414));
#12759=CARTESIAN_POINT('',(3.4,9.43192733944,10.7213560266157));
#12760=CARTESIAN_POINT('',(3.40000000000002,9.43192733944,10.7213560266157));
#12761=CARTESIAN_POINT('',(-1.0000024,9.43192733944,10.7213560266157));
#12762=CARTESIAN_POINT('',(3.4,9.4000000000001,10.86264367816));
#12763=CARTESIAN_POINT('',(3.40000000000004,9.39996462755096,10.862990348621));
#12764=CARTESIAN_POINT('',(47.5,9.39978885100064,10.8635780731576));
#12765=CARTESIAN_POINT('',(47.5,9.442968508194,10.7192030472001));
#12766=CARTESIAN_POINT('',(47.5,9.39999999999987,10.8628720776906));
#12767=CARTESIAN_POINT('',(3.03576608295941E-15,9.40000000000003,10.8628720776906));
#12768=CARTESIAN_POINT('',(0.,9.02999999999991,12.100000000339));
#12769=CARTESIAN_POINT('',(1.0099999999999,18.2299999999999,5.96500000000009));
#12770=CARTESIAN_POINT('',(1.24499999999993,18.2299999999999,6.645));
#12771=CARTESIAN_POINT('',(1.24499999999991,9.8999999999999,6.645));
#12772=CARTESIAN_POINT('',(1.24499999999991,18.1999999999999,6.645));
#12773=CARTESIAN_POINT('',(1.00999999999989,9.8999999999999,5.96500000000009));
#12774=CARTESIAN_POINT('',(1.0099999999999,9.8999999999999,5.96500000000009));
#12775=CARTESIAN_POINT('',(1.0099999999999,18.1999999999999,5.96500000000009));
#12776=CARTESIAN_POINT('',(1.00999999999993,18.1999999999999,5.96500000000021));
#12777=CARTESIAN_POINT('',(1.24499999999991,18.1999999999999,6.645));
#12778=CARTESIAN_POINT('',(47.5,18.2299999999999,6.645));
#12779=CARTESIAN_POINT('',(47.305142695566,18.1999999999999,6.645));
#12780=CARTESIAN_POINT('',(0.,18.1999999999999,6.645));
#12781=CARTESIAN_POINT('',(-1.30104260698261E-15,58.5266712407319,6.645));
#12782=CARTESIAN_POINT('',(0.,9.89999999999996,6.645));
#12783=CARTESIAN_POINT('',(47.5,9.8999999999999,6.645));
#12784=CARTESIAN_POINT('',(0.,58.5266712407319,-37.9127308266305));
#12785=CARTESIAN_POINT('',(0.,18.1999999999999,3.7300005358984));
#12786=CARTESIAN_POINT('',(0.,18.1999999999999,1.73));
#12787=CARTESIAN_POINT('',(-2.16840434497101E-15,18.1999999999999,1.73));
#12788=CARTESIAN_POINT('',(4.33680868994202E-16,9.8999999999999,1.73));
#12789=CARTESIAN_POINT('',(1.30104260698261E-15,9.90000000000055,-37.9127308266312));
#12790=CARTESIAN_POINT('',(4.33680868994202E-16,9.8999999999999,1.2));
#12791=CARTESIAN_POINT('',(4.33680868994202E-16,9.02999999999991,1.2));
#12792=CARTESIAN_POINT('',(0.,9.4000000000001,10.8628720776905));
#12793=CARTESIAN_POINT('',(0.,9.3999999999999,7.51102540378421));
#12794=CARTESIAN_POINT('',(0.,9.4000000000001,7.51102540378421));
#12795=CARTESIAN_POINT('',(2.5,9.8999999999999,7.6457390400455));
#12796=CARTESIAN_POINT('',(2.50000000000002,9.89999999999996,3.73));
#12797=CARTESIAN_POINT('',(0.379286266598403,9.8999999999999,1.73));
#12798=CARTESIAN_POINT('',(1.0520612101894,9.8999999999999,1.2));
#12799=CARTESIAN_POINT('',(2.5,9.89999999999999,1.2));
#12800=CARTESIAN_POINT('',(2.5,9.89999999999998,1.73));
#12801=CARTESIAN_POINT('',(35.233124,18.1999999999999,1.73));
#12802=CARTESIAN_POINT('',(47.305142695566,18.1999999999999,1.73));
#12803=CARTESIAN_POINT('',(0.379286266598402,18.1999999999999,1.73));
#12804=CARTESIAN_POINT('',(0.379286266598403,18.1999999999999,1.73));
#12805=CARTESIAN_POINT('',(12.5,17.1999999999999,3.73));
#12806=CARTESIAN_POINT('',(12.5,17.1999999999999,3.73));
#12807=CARTESIAN_POINT('',(13.2,17.1999999999999,3.73));
#12808=CARTESIAN_POINT('',(2.5,9.8999999999999,7.6457390400455));
#12809=CARTESIAN_POINT('',(2.50000000000002,9.89999999999996,3.73));
#12810=CARTESIAN_POINT('',(2.5,9.89999999999999,1.2));
#12811=CARTESIAN_POINT('',(2.50000000000002,18.1999999999999,3.73));
#12812=CARTESIAN_POINT('',(2.50000000000002,18.1999999999999,3.73));
#12813=CARTESIAN_POINT('',(4.62071373340164,18.1999999999999,1.73));
#12814=CARTESIAN_POINT('',(4.62071373340163,18.1999999999999,1.73));
#12815=CARTESIAN_POINT('',(35.233124,18.1999999999999,1.73));
#12816=CARTESIAN_POINT('',(5.3792862665984,18.1999999999999,1.73));
#12817=CARTESIAN_POINT('',(5.37928626659839,18.1999999999999,1.73));
#12818=CARTESIAN_POINT('',(47.305142695566,18.1999999999999,1.73));
#12819=CARTESIAN_POINT('',(37.5,17.1999999999999,3.73));
#12820=CARTESIAN_POINT('',(2.5,9.8999999999999,7.6457390400455));
#12821=CARTESIAN_POINT('',(7.50000000000002,9.89999999999996,3.73));
#12822=CARTESIAN_POINT('',(9.62071373340164,9.8999999999999,1.73));
#12823=CARTESIAN_POINT('',(2.5,9.89999999999998,1.73));
#12824=CARTESIAN_POINT('',(10.3792862665984,9.8999999999999,1.73));
#12825=CARTESIAN_POINT('',(12.5,9.89999999999996,3.73));
#12826=CARTESIAN_POINT('',(2.5,9.89999999999999,1.2));
#12827=CARTESIAN_POINT('',(7.50000000000002,18.1999999999999,3.73));
#12828=CARTESIAN_POINT('',(7.50000000000002,18.1999999999999,3.73));
#12829=CARTESIAN_POINT('',(9.62071373340164,18.1999999999999,1.73));
#12830=CARTESIAN_POINT('',(9.62071373340164,18.1999999999999,1.73));
#12831=CARTESIAN_POINT('',(35.233124,18.1999999999999,1.73));
#12832=CARTESIAN_POINT('',(10.3792862665984,18.1999999999999,1.73));
#12833=CARTESIAN_POINT('',(10.3792862665984,18.1999999999999,1.73));
#12834=CARTESIAN_POINT('',(47.305142695566,18.1999999999999,1.73));
#12835=CARTESIAN_POINT('',(22.5,18.1999999999999,3.73));
#12836=CARTESIAN_POINT('',(22.5,18.1999999999999,3.73));
#12837=CARTESIAN_POINT('',(22.5,18.1999999999999,2.33));
#12838=CARTESIAN_POINT('',(2.5,9.8999999999999,7.6457390400455));
#12839=CARTESIAN_POINT('',(12.5,9.89999999999996,3.73));
#12840=CARTESIAN_POINT('',(14.6207137334016,9.8999999999999,1.73));
#12841=CARTESIAN_POINT('',(2.5,9.89999999999998,1.73));
#12842=CARTESIAN_POINT('',(15.3792862665984,9.8999999999999,1.73));
#12843=CARTESIAN_POINT('',(17.5,9.89999999999996,3.73));
#12844=CARTESIAN_POINT('',(2.5,9.89999999999999,1.2));
#12845=CARTESIAN_POINT('',(12.5,18.1999999999999,3.73));
#12846=CARTESIAN_POINT('',(12.5,18.1999999999999,3.73));
#12847=CARTESIAN_POINT('',(14.6207137334016,18.1999999999999,1.73));
#12848=CARTESIAN_POINT('',(14.6207137334016,18.1999999999999,1.73));
#12849=CARTESIAN_POINT('',(35.233124,18.1999999999999,1.73));
#12850=CARTESIAN_POINT('',(15.3792862665984,18.1999999999999,1.73));
#12851=CARTESIAN_POINT('',(15.3792862665984,18.1999999999999,1.73));
#12852=CARTESIAN_POINT('',(47.305142695566,18.1999999999999,1.73));
#12853=CARTESIAN_POINT('',(43.4167221994801,17.1999999999999,3.14740918838721));
#12854=CARTESIAN_POINT('',(17.5,17.1999999999999,3.73));
#12855=CARTESIAN_POINT('',(18.9,17.1999999999999,3.73));
#12856=CARTESIAN_POINT('',(2.5,9.8999999999999,7.6457390400455));
#12857=CARTESIAN_POINT('',(17.5,9.89999999999996,3.73));
#12858=CARTESIAN_POINT('',(19.6207137334016,9.8999999999999,1.73));
#12859=CARTESIAN_POINT('',(2.5,9.89999999999998,1.73));
#12860=CARTESIAN_POINT('',(20.3792862665984,9.8999999999999,1.73));
#12861=CARTESIAN_POINT('',(22.5,9.89999999999996,3.73));
#12862=CARTESIAN_POINT('',(2.5,9.89999999999999,1.2));
#12863=CARTESIAN_POINT('',(17.5,18.1999999999999,3.73));
#12864=CARTESIAN_POINT('',(17.5,18.1999999999999,3.73));
#12865=CARTESIAN_POINT('',(19.6207137334016,18.1999999999999,1.73));
#12866=CARTESIAN_POINT('',(19.6207137334016,18.1999999999999,1.73));
#12867=CARTESIAN_POINT('',(35.233124,18.1999999999999,1.73));
#12868=CARTESIAN_POINT('',(20.3792862665984,18.1999999999999,1.73));
#12869=CARTESIAN_POINT('',(20.3792862665984,18.1999999999999,1.73));
#12870=CARTESIAN_POINT('',(47.305142695566,18.1999999999999,1.73));
#12871=CARTESIAN_POINT('',(3.7550000000001,18.2299999999999,6.645));
#12872=CARTESIAN_POINT('',(3.99000000000008,9.8999999999999,5.96500000000009));
#12873=CARTESIAN_POINT('',(3.99000000000008,9.8999999999999,5.96500000000009));
#12874=CARTESIAN_POINT('',(3.99000000000008,18.1999999999999,5.96500000000009));
#12875=CARTESIAN_POINT('',(3.75500000000012,9.8999999999999,6.645));
#12876=CARTESIAN_POINT('',(3.9900000000001,18.1999999999999,5.96500000000009));
#12877=CARTESIAN_POINT('',(2.5,9.8999999999999,7.6457390400455));
#12878=CARTESIAN_POINT('',(22.5,9.89999999999996,3.73));
#12879=CARTESIAN_POINT('',(24.6207137334016,9.8999999999999,1.73));
#12880=CARTESIAN_POINT('',(2.5,9.89999999999998,1.73));
#12881=CARTESIAN_POINT('',(25.3792862665984,9.8999999999999,1.73));
#12882=CARTESIAN_POINT('',(27.5,9.89999999999996,3.73));
#12883=CARTESIAN_POINT('',(2.5,9.89999999999999,1.2));
#12884=CARTESIAN_POINT('',(22.5,18.1999999999999,3.73));
#12885=CARTESIAN_POINT('',(22.5,18.1999999999999,3.73));
#12886=CARTESIAN_POINT('',(24.6207137334016,18.1999999999999,1.73));
#12887=CARTESIAN_POINT('',(24.6207137334016,18.1999999999999,1.73));
#12888=CARTESIAN_POINT('',(35.233124,18.1999999999999,1.73));
#12889=CARTESIAN_POINT('',(25.3792862665984,18.1999999999999,1.73));
#12890=CARTESIAN_POINT('',(25.3792862665984,18.1999999999999,1.73));
#12891=CARTESIAN_POINT('',(47.305142695566,18.1999999999999,1.73));
#12892=CARTESIAN_POINT('',(17.5,18.1999999999999,3.73));
#12893=CARTESIAN_POINT('',(17.5,18.1999999999999,3.73));
#12894=CARTESIAN_POINT('',(17.5,18.1999999999999,5.13));
#12895=CARTESIAN_POINT('',(27.5,18.1999999999999,3.73));
#12896=CARTESIAN_POINT('',(27.5,18.1999999999999,3.73));
#12897=CARTESIAN_POINT('',(29.6207137334016,18.1999999999999,1.73));
#12898=CARTESIAN_POINT('',(29.6207137334016,18.1999999999999,1.73));
#12899=CARTESIAN_POINT('',(35.233124,18.1999999999999,1.73));
#12900=CARTESIAN_POINT('',(30.3792862665984,18.1999999999999,1.73));
#12901=CARTESIAN_POINT('',(30.3792862665984,18.1999999999999,1.73));
#12902=CARTESIAN_POINT('',(47.305142695566,18.1999999999999,1.73));
#12903=CARTESIAN_POINT('',(43.4167221994801,17.1999999999999,3.14740918838721));
#12904=CARTESIAN_POINT('',(32.5,18.1999999999999,3.73));
#12905=CARTESIAN_POINT('',(32.5,18.1999999999999,3.73));
#12906=CARTESIAN_POINT('',(34.6207137334016,18.1999999999999,1.73));
#12907=CARTESIAN_POINT('',(34.6207137334016,18.1999999999999,1.73));
#12908=CARTESIAN_POINT('',(35.233124,18.1999999999999,1.73));
#12909=CARTESIAN_POINT('',(35.3792862665984,9.8999999999999,1.73));
#12910=CARTESIAN_POINT('',(35.3792862665984,18.1999999999999,1.73));
#12911=CARTESIAN_POINT('',(35.3792862665984,18.1999999999999,1.73));
#12912=CARTESIAN_POINT('',(43.4167221994801,17.1999999999999,3.14740918838721));
#12913=CARTESIAN_POINT('',(37.5,18.1999999999999,3.73));
#12914=CARTESIAN_POINT('',(37.5,18.1999999999999,3.73));
#12915=CARTESIAN_POINT('',(37.5,9.89999999999996,3.73));
#12916=CARTESIAN_POINT('',(2.5,9.8999999999999,7.6457390400455));
#12917=CARTESIAN_POINT('',(42.5,9.89999999999996,3.73));
#12918=CARTESIAN_POINT('',(41.0520612101894,9.8999999999999,1.2));
#12919=CARTESIAN_POINT('',(2.5,9.89999999999999,1.2));
#12920=CARTESIAN_POINT('',(2.5,9.8999999999999,7.6457390400455));
#12921=CARTESIAN_POINT('',(2.5,9.89999999999999,1.2));
#12922=CARTESIAN_POINT('',(43.9479387898106,9.8999999999999,1.2));
#12923=CARTESIAN_POINT('',(42.5,9.89999999999996,3.73));
#12924=CARTESIAN_POINT('',(38.9999976,8.9999999999999,1.2));
#12925=CARTESIAN_POINT('',(2.5,9.89999999999999,1.2));
#12926=CARTESIAN_POINT('',(2.5,9.8999999999999,7.6457390400455));
#12927=CARTESIAN_POINT('',(42.5,9.89999999999996,3.73));
#12928=CARTESIAN_POINT('',(7.49999999999998,18.1999999999999,3.73));
#12929=CARTESIAN_POINT('',(7.49999999999998,18.1999999999999,3.73));
#12930=CARTESIAN_POINT('',(7.49999999999998,18.1999999999999,2.33));
#12931=CARTESIAN_POINT('',(42.5,18.1999999999999,3.73));
#12932=CARTESIAN_POINT('',(42.5,18.1999999999999,3.73));
#12933=CARTESIAN_POINT('',(47.305142695566,18.1999999999999,1.5706377991212));
#12934=CARTESIAN_POINT('',(3.99000000000008,18.1999999999999,5.96500000000009));
#12935=CARTESIAN_POINT('',(3.98500000000008,18.1999999999999,5.96500000000009));
#12936=CARTESIAN_POINT('',(43.9900000000001,18.1999999999999,5.96500000000009));
#12937=CARTESIAN_POINT('',(43.9900000000001,18.1999999999999,5.96500000000009));
#12938=CARTESIAN_POINT('',(43.7550000000001,18.1999999999999,6.645));
#12939=CARTESIAN_POINT('',(44.99999975,18.1999999999999,6.645));
#12940=CARTESIAN_POINT('',(3.98500000000008,18.2299999999999,5.96500000000009));
#12941=CARTESIAN_POINT('',(43.9900000000001,18.2299999999999,5.96500000000009));
#12942=CARTESIAN_POINT('',(43.7550000000001,18.2299999999999,6.645));
#12943=CARTESIAN_POINT('',(43.7550000000001,9.8999999999999,6.645));
#12944=CARTESIAN_POINT('',(47.5,18.2299999999999,6.645));
#12945=CARTESIAN_POINT('',(43.7550000000001,9.8999999999999,6.645));
#12946=CARTESIAN_POINT('',(41.9999976,9.8999999999999,6.645));
#12947=CARTESIAN_POINT('',(5.,9.4000000000001,7.5110254037841));
#12948=CARTESIAN_POINT('',(2.5,9.6999999999999,7.6457390400455));
#12949=CARTESIAN_POINT('',(5.,9.6999999999999,7.6457390400455));
#12950=CARTESIAN_POINT('',(5.,9.8999999999999,7.6457390400455));
#12951=CARTESIAN_POINT('',(5.,9.6999999999999,7.84573904004551));
#12952=CARTESIAN_POINT('',(5.,9.8999999999999,7.6457390400455));
#12953=CARTESIAN_POINT('',(3.4,9.8999999999999,7.6457390400454));
#12954=CARTESIAN_POINT('',(3.40000000000002,9.6999999999999,7.6457390400455));
#12955=CARTESIAN_POINT('',(3.40000000000002,9.6999999999999,7.84573904004551));
#12956=CARTESIAN_POINT('',(3.40000000000002,9.6999999999999,7.84573904004551));
#12957=CARTESIAN_POINT('',(5.,58.5266712407319,-37.9127308266305));
#12958=CARTESIAN_POINT('',(5.,9.6999999999999,8.1457390400455));
#12959=CARTESIAN_POINT('',(5.,9.8999999999999,6.6450000000001));
#12960=CARTESIAN_POINT('',(27.2455340732755,16.1999999999999,2.8702846647475));
#12961=CARTESIAN_POINT('',(2.5,9.6999999999999,8.1457390400455));
#12962=CARTESIAN_POINT('',(3.40000000000002,9.6999999999999,8.1457390400455));
#12963=CARTESIAN_POINT('',(3.4,9.3999999999999,8.145739040045));
#12964=CARTESIAN_POINT('',(3.40000000000002,9.6999999999999,8.1457390400455));
#12965=CARTESIAN_POINT('',(3.4,58.5266712407319,-37.9127308266305));
#12966=CARTESIAN_POINT('',(3.4,9.4000000000001,8.1457390400464));
#12967=CARTESIAN_POINT('',(41.9999976,9.3999999999999,7.51102540378441));
#12968=CARTESIAN_POINT('',(3.4,9.4000000000001,7.5110254037841));
#12969=CARTESIAN_POINT('',(3.4,9.3999999999999,7.51102540378441));
#12970=CARTESIAN_POINT('',(3.4,9.3999999999999,7.51102540378441));
#12971=CARTESIAN_POINT('',(3.4,58.5266712407319,-37.9127308266305));
#12972=CARTESIAN_POINT('',(3.4,9.8999999999999,7.6457390400453));
#12973=CARTESIAN_POINT('',(3.4,9.8999999999999,6.645));
#12974=CARTESIAN_POINT('',(3.4,9.8999999999999,6.645));
#12975=CARTESIAN_POINT('',(41.9999976,9.8999999999999,6.645));
#12976=CARTESIAN_POINT('',(1.2449999999999,9.8999999999999,6.645));
#12977=CARTESIAN_POINT('',(2.5,9.8999999999999,7.6457390400455));
#12978=CARTESIAN_POINT('',(1.0099999999999,9.8999999999999,5.96500000000009));
#12979=CARTESIAN_POINT('',(3.98500000000008,18.2299999999999,5.96500000000009));
#12980=MECHANICAL_DESIGN_GEOMETRIC_PRESENTATION_REPRESENTATION('',(#5916,
#5917,#5918,#5919,#5920,#5921,#5922,#5923,#5924,#5925,#5926,#5927,#5928,
#5929,#5930,#5931,#5932,#5933,#5934,#5935,#5936,#5937,#5938,#5939,#5940,
#5941,#5942,#5943,#5944,#5945,#5946,#5947,#5948,#5949,#5950,#5951,#5952,
#5953,#5954,#5955,#5956,#5957,#5958,#5959,#5960,#5961,#5962,#5963,#5964,
#5965,#5966,#5967,#5968,#5969,#5970,#5971,#5972,#5973,#5974,#5975,#5976,
#5977,#5978,#5979,#5980,#5981,#5982,#5983,#5984,#5985,#5986,#5987,#5988,
#5989,#5990,#5991,#5992,#5993,#5994,#5995,#5996,#5997,#5998,#5999,#6000,
#6001,#6002,#6003,#6004,#6005,#6006,#6007,#6008,#6009,#6010,#6011,#6012,
#6013,#6014,#6015,#6016,#6017,#6018,#6019,#6020,#6021,#6022,#6023,#6024,
#6025,#6026,#6027,#6028,#6029,#6030,#6031,#6032,#6033,#6034,#6035,#6036,
#6037,#6038,#6039,#6040,#6041,#6042,#6043,#6044,#6045,#6046,#6047,#6048,
#6049,#6050,#6051,#6052,#6053,#6054,#6055,#6056,#6057,#6058,#6059,#6060,
#6061,#6062,#6063,#6064,#6065,#6066,#6067,#6068,#6069,#6070,#6071,#6072,
#6073,#6074,#6075,#6076,#6077,#6078,#6079,#6080,#6081,#6082,#6083,#6084,
#6085,#6086,#6087,#6088,#6089,#6090,#6091,#6092,#6093,#6094,#6095,#6096,
#6097,#6098,#6099,#6100,#6101,#6102,#6103,#6104,#6105,#6106,#6107,#6108,
#6109,#6110,#6111,#6112,#6113,#6114,#6115,#6116,#6117,#6118,#6119,#6120,
#6121,#6122,#6123,#6124,#6125,#6126,#6127,#6128,#6129,#6130,#6131,#6132,
#6133,#6134,#6135,#6136,#6137,#6138,#6139,#6140,#6141,#6142,#6143,#6144,
#6145,#6146,#6147,#6148,#6149,#6150,#6151,#6152,#6153,#6154,#6155,#6156,
#6157,#6158,#6159,#6160,#6161,#6162,#6163,#6164,#6165,#6166,#6167,#6168,
#6169,#6170,#6171,#6172,#6173,#6174,#6175,#6176,#6177,#6178,#6179,#6180,
#6181,#6182,#6183,#6184,#6185,#6186,#6187,#6188,#6189,#6190,#6191,#6192,
#6193,#6194,#6195,#6196,#6197,#6198,#6199,#6200,#6201,#6202,#6203,#6204,
#6205,#6206,#6207,#6208,#6209,#6210,#6211,#6212,#6213,#6214,#6215,#6216,
#6217,#6218,#6219,#6220,#6221,#6222,#6223,#6224,#6225,#6226,#6227,#6228,
#6229,#6230,#6231,#6232,#6233,#6234,#6235,#6236,#6237,#6238,#6239,#6240,
#6241,#6242,#6243,#6244,#6245,#6246,#6247,#6248,#6249,#6250,#6251,#6252,
#6253,#6254,#6255,#6256,#6257,#6258,#6259,#6260,#6261,#6262,#6263,#6264,
#6265,#6266,#6267,#6268,#6269,#6270,#6271,#6272,#6273,#6274,#6275,#6276,
#6277,#6278,#6279,#6280,#6281,#6282,#6283),#12981);
#12981=(
GEOMETRIC_REPRESENTATION_CONTEXT(3)
GLOBAL_UNCERTAINTY_ASSIGNED_CONTEXT((#12982))
GLOBAL_UNIT_ASSIGNED_CONTEXT((#12985,#12984,#12983))
REPRESENTATION_CONTEXT('1754601','TOP_LEVEL_ASSEMBLY_PART')
);
#12982=UNCERTAINTY_MEASURE_WITH_UNIT(LENGTH_MEASURE(0.005),#12985,
'DISTANCE_ACCURACY_VALUE','Maximum Tolerance applied to model');
#12983=(
NAMED_UNIT(*)
SI_UNIT($,.STERADIAN.)
SOLID_ANGLE_UNIT()
);
#12984=(
NAMED_UNIT(*)
PLANE_ANGLE_UNIT()
SI_UNIT($,.RADIAN.)
);
#12985=(
LENGTH_UNIT()
NAMED_UNIT(*)
SI_UNIT(.MILLI.,.METRE.)
);
#12986=PRODUCT_DEFINITION_SHAPE('','',#12987);
#12987=PRODUCT_DEFINITION('','',#12989,#12988);
#12988=PRODUCT_DEFINITION_CONTEXT('',#12995,'design');
#12989=PRODUCT_DEFINITION_FORMATION_WITH_SPECIFIED_SOURCE('','',#12991,
 .NOT_KNOWN.);
#12990=PRODUCT_RELATED_PRODUCT_CATEGORY('','',(#12991));
#12991=PRODUCT('1754601','1754601','1754601',(#12993));
#12992=PRODUCT_CATEGORY('','');
#12993=PRODUCT_CONTEXT('',#12995,'mechanical');
#12994=APPLICATION_PROTOCOL_DEFINITION('international standard',
'automotive_design',2010,#12995);
#12995=APPLICATION_CONTEXT(
'core data for automotive mechanical design processes');
ENDSEC;
END-ISO-10303-21;
