ISO-10303-21;
HEADER;
FILE_DESCRIPTION (( 'STEP AP214' ),
    '1' );
FILE_NAME ('95132.STEP',
    '2024-12-12T19:22:00',
    ( '' ),
    ( '' ),
    'SwSTEP 2.0',
    'SolidWorks 2024',
    '' );
FILE_SCHEMA (( 'AUTOMOTIVE_DESIGN' ));
ENDSEC;

DATA;
#1 = CARTESIAN_POINT ( 'NONE',  ( 30.30000000000000071, -5.900000000000000355, 7.750000000000000000 ) ) ;
#2 = VECTOR ( 'NONE', #4657, 1000.000000000000000 ) ;
#3 = ORIENTED_EDGE ( 'NONE', *, *, #205, .F. ) ;
#4 = EDGE_CURVE ( 'NONE', #883, #254, #63, .T. ) ;
#5 = EDGE_CURVE ( 'NONE', #1679, #468, #2932, .T. ) ;
#6 = PLANE ( 'NONE',  #3912 ) ;
#7 = DIRECTION ( 'NONE',  ( 1.862785797453189940E-16, -1.000000000000000000, 0.000000000000000000 ) ) ;
#8 = EDGE_CURVE ( 'NONE', #3222, #494, #374, .T. ) ;
#9 = CARTESIAN_POINT ( 'NONE',  ( 25.80000000000000071, -9.500000000000000000, 0.000000000000000000 ) ) ;
#10 =( LENGTH_UNIT ( ) NAMED_UNIT ( * ) SI_UNIT ( .MILLI., .METRE. ) );
#11 = DIRECTION ( 'NONE',  ( 0.000000000000000000, 0.000000000000000000, -1.000000000000000000 ) ) ;
#12 = DIRECTION ( 'NONE',  ( 1.000000000000000000, 3.552334763092440048E-17, -0.000000000000000000 ) ) ;
#13 = ORIENTED_EDGE ( 'NONE', *, *, #1797, .F. ) ;
#14 = PLANE ( 'NONE',  #1795 ) ;
#15 = ORIENTED_EDGE ( 'NONE', *, *, #3368, .T. ) ;
#16 = VERTEX_POINT ( 'NONE', #1508 ) ;
#17 =( LENGTH_UNIT ( ) NAMED_UNIT ( * ) SI_UNIT ( .MILLI., .METRE. ) );
#18 = DIRECTION ( 'NONE',  ( 0.000000000000000000, -1.000000000000000000, -0.000000000000000000 ) ) ;
#19 = ADVANCED_FACE ( 'NONE', ( #4390 ), #4411, .T. ) ;
#20 = ORIENTED_EDGE ( 'NONE', *, *, #3099, .T. ) ;
#21 = VERTEX_POINT ( 'NONE', #936 ) ;
#22 = ADVANCED_FACE ( 'NONE', ( #2694 ), #1579, .T. ) ;
#23 = DIRECTION ( 'NONE',  ( -0.000000000000000000, -1.000000000000000000, -0.000000000000000000 ) ) ;
#24 = EDGE_CURVE ( 'NONE', #2907, #3222, #3385, .T. ) ;
#25 = CARTESIAN_POINT ( 'NONE',  ( 7.299999999999999822, -13.19999999999999929, 2.750000000000000888 ) ) ;
#26 = EDGE_LOOP ( 'NONE', ( #933, #4646, #1122, #915 ) ) ;
#27 = AXIS2_PLACEMENT_3D ( 'NONE', #399, #1847, #2276 ) ;
#28 = CARTESIAN_POINT ( 'NONE',  ( 6.900000000000000355, 2.273494248379159954E-16, 11.00000000000000000 ) ) ;
#29 = ADVANCED_FACE ( 'NONE', ( #2341 ), #2385, .F. ) ;
#30 = FILL_AREA_STYLE_COLOUR ( '', #53 ) ;
#31 = PLANE ( 'NONE',  #3631 ) ;
#32 = VERTEX_POINT ( 'NONE', #4540 ) ;
#33 = AXIS2_PLACEMENT_3D ( 'NONE', #3905, #2758, #3098 ) ;
#34 = DIRECTION ( 'NONE',  ( -3.552334763092440048E-17, 1.000000000000000000, 0.000000000000000000 ) ) ;
#35 = SURFACE_STYLE_USAGE ( .BOTH. , #792 ) ;
#36 = DIRECTION ( 'NONE',  ( -1.000000000000000000, 0.000000000000000000, 0.000000000000000000 ) ) ;
#37 =( GEOMETRIC_REPRESENTATION_CONTEXT ( 3 ) GLOBAL_UNCERTAINTY_ASSIGNED_CONTEXT ( ( #3154 ) ) GLOBAL_UNIT_ASSIGNED_CONTEXT ( ( #2118, #647, #313 ) ) REPRESENTATION_CONTEXT ( 'NONE', 'WORKASPACE' ) );
#38 = ORIENTED_EDGE ( 'NONE', *, *, #403, .F. ) ;
#39 = ORIENTED_EDGE ( 'NONE', *, *, #3716, .F. ) ;
#40 = CARTESIAN_POINT ( 'NONE',  ( 27.69999999999999929, 9.662350555611429928E-16, 9.500000000000000000 ) ) ;
#41 = VERTEX_POINT ( 'NONE', #4479 ) ;
#42 = ORIENTED_EDGE ( 'NONE', *, *, #2379, .T. ) ;
#43 = VERTEX_POINT ( 'NONE', #2315 ) ;
#44 = STYLED_ITEM ( 'NONE', ( #712 ), #3764 ) ;
#45 = PRESENTATION_STYLE_ASSIGNMENT (( #3369 ) ) ;
#46 = DIRECTION ( 'NONE',  ( -0.000000000000000000, 1.000000000000000000, 3.000602769257179759E-16 ) ) ;
#47 = ORIENTED_EDGE ( 'NONE', *, *, #1125, .F. ) ;
#48 = VECTOR ( 'NONE', #2011, 1000.000000000000000 ) ;
#49 = EDGE_CURVE ( 'NONE', #1388, #3245, #1628, .T. ) ;
#50 = DIRECTION ( 'NONE',  ( 0.3826834323650898928, -0.9238795325112867385, 0.000000000000000000 ) ) ;
#51 = ADVANCED_FACE ( 'NONE', ( #3770 ), #516, .T. ) ;
#52 = DIRECTION ( 'NONE',  ( -1.000000000000000000, -3.552334763092437582E-17, 0.000000000000000000 ) ) ;
#53 = COLOUR_RGB ( '',0.9450980392156862475, 0.9215686274509803377, 0.9294117647058823817 ) ;
#54 = DIRECTION ( 'NONE',  ( 0.000000000000000000, -1.000000000000000000, 0.000000000000000000 ) ) ;
#55 = CARTESIAN_POINT ( 'NONE',  ( 5.799999999999999822, -4.403415736689430204, 13.00000000000000178 ) ) ;
#56 = ORIENTED_EDGE ( 'NONE', *, *, #2485, .T. ) ;
#57 = AXIS2_PLACEMENT_3D ( 'NONE', #2157, #2534, #3645 ) ;
#58 = VECTOR ( 'NONE', #1386, 1000.000000000000000 ) ;
#59 = LINE ( 'NONE', #4040, #3626 ) ;
#60 = CARTESIAN_POINT ( 'NONE',  ( 7.700000000000000178, -9.000000000000001776, 11.00000000000000000 ) ) ;
#61 = DIRECTION ( 'NONE',  ( -0.000000000000000000, 1.000000000000000000, 0.000000000000000000 ) ) ;
#62 = VECTOR ( 'NONE', #1433, 1000.000000000000000 ) ;
#63 = LINE ( 'NONE', #1528, #1547 ) ;
#64 = ORIENTED_EDGE ( 'NONE', *, *, #3568, .F. ) ;
#65 =( GEOMETRIC_REPRESENTATION_CONTEXT ( 3 ) GLOBAL_UNCERTAINTY_ASSIGNED_CONTEXT ( ( #3487 ) ) GLOBAL_UNIT_ASSIGNED_CONTEXT ( ( #1771, #1008, #3591 ) ) REPRESENTATION_CONTEXT ( 'NONE', 'WORKASPACE' ) );
#66 = ORIENTED_EDGE ( 'NONE', *, *, #2639, .F. ) ;
#67 = CYLINDRICAL_SURFACE ( 'NONE', #1153, 2.800000000000000266 ) ;
#68 = UNCERTAINTY_MEASURE_WITH_UNIT (LENGTH_MEASURE( 1.000000000000000082E-05 ), #380, 'distance_accuracy_value', 'NONE');
#69 = CARTESIAN_POINT ( 'NONE',  ( 26.50000000000000000, 9.020562075079400835E-16, 3.500000000000000000 ) ) ;
#70 = LINE ( 'NONE', #40, #888 ) ;
#71 = AXIS2_PLACEMENT_3D ( 'NONE', #2947, #2208, #2545 ) ;
#72 = EDGE_LOOP ( 'NONE', ( #42, #2738, #458, #1082 ) ) ;
#73 = VECTOR ( 'NONE', #2206, 1000.000000000000000 ) ;
#74 = CARTESIAN_POINT ( 'NONE',  ( 30.29999999999999716, -0.4999999999999982792, 12.50000000000000000 ) ) ;
#75 = DIRECTION ( 'NONE',  ( -3.552334763092440048E-17, 1.000000000000000000, 0.000000000000000000 ) ) ;
#76 = ORIENTED_EDGE ( 'NONE', *, *, #4023, .T. ) ;
#77 = STYLED_ITEM ( 'NONE', ( #1644 ), #2141 ) ;
#78 = PLANE ( 'NONE',  #1319 ) ;
#79 = SURFACE_STYLE_USAGE ( .BOTH. , #2945 ) ;
#80 =( NAMED_UNIT ( * ) PLANE_ANGLE_UNIT ( ) SI_UNIT ( $, .RADIAN. ) );
#81 = EDGE_LOOP ( 'NONE', ( #3538, #4440, #3917, #66 ) ) ;
#82 = CARTESIAN_POINT ( 'NONE',  ( 24.80000000000000426, -9.500000000000000000, 0.000000000000000000 ) ) ;
#83 = EDGE_CURVE ( 'NONE', #4370, #3757, #1364, .T. ) ;
#84 = DIRECTION ( 'NONE',  ( 0.000000000000000000, 0.000000000000000000, 1.000000000000000000 ) ) ;
#85 = ADVANCED_FACE ( 'NONE', ( #2413 ), #3147, .F. ) ;
#86 = PRESENTATION_STYLE_ASSIGNMENT (( #2555 ) ) ;
#87 = EDGE_LOOP ( 'NONE', ( #588, #2582, #761, #2205, #3741, #3294 ) ) ;
#88 = EDGE_CURVE ( 'NONE', #480, #3526, #3219, .T. ) ;
#89 = CARTESIAN_POINT ( 'NONE',  ( 27.49999999999999289, -13.19999999999999574, 10.12500000000000000 ) ) ;
#90 = DIRECTION ( 'NONE',  ( 0.3826834323650898928, 0.9238795325112867385, 0.000000000000000000 ) ) ;
#91 = ORIENTED_EDGE ( 'NONE', *, *, #2578, .T. ) ;
#92 = ORIENTED_EDGE ( 'NONE', *, *, #1183, .F. ) ;
#93 = LINE ( 'NONE', #1200, #2077 ) ;
#94 = DIRECTION ( 'NONE',  ( 0.000000000000000000, -1.000000000000000000, -0.000000000000000000 ) ) ;
#95 = FACE_OUTER_BOUND ( 'NONE', #1702, .T. ) ;
#96 = ORIENTED_EDGE ( 'NONE', *, *, #369, .F. ) ;
#97 = DIRECTION ( 'NONE',  ( 0.000000000000000000, -1.000000000000000000, 0.000000000000000000 ) ) ;
#98 = DIRECTION ( 'NONE',  ( 0.3826834323650927794, -0.9238795325112854062, 0.000000000000000000 ) ) ;
#99 = DIRECTION ( 'NONE',  ( 1.000000000000000000, 1.062518129035800656E-14, 0.000000000000000000 ) ) ;
#100 = ORIENTED_EDGE ( 'NONE', *, *, #2520, .T. ) ;
#101 = CARTESIAN_POINT ( 'NONE',  ( 28.10000000000000497, 9.804443946135135838E-16, 0.000000000000000000 ) ) ;
#102 = LINE ( 'NONE', #2211, #3021 ) ;
#103 = PLANE ( 'NONE',  #2329 ) ;
#104 = ORIENTED_EDGE ( 'NONE', *, *, #4092, .F. ) ;
#105 = VECTOR ( 'NONE', #1602, 1000.000000000000000 ) ;
#106 = VERTEX_POINT ( 'NONE', #1339 ) ;
#107 = EDGE_LOOP ( 'NONE', ( #397, #1715, #2279, #3780 ) ) ;
#108 = EDGE_CURVE ( 'NONE', #41, #4030, #682, .T. ) ;
#109 = DIRECTION ( 'NONE',  ( -1.000000000000000000, -0.000000000000000000, 0.000000000000000000 ) ) ;
#110 = CARTESIAN_POINT ( 'NONE',  ( 30.30000000000000426, -9.199999999999999289, 5.250000000000000000 ) ) ;
#111 =( NAMED_UNIT ( * ) SI_UNIT ( $, .STERADIAN. ) SOLID_ANGLE_UNIT ( ) );
#112 = STYLED_ITEM ( 'NONE', ( #328 ), #428 ) ;
#113 = CARTESIAN_POINT ( 'NONE',  ( 30.30000000000000071, -1.800000000000000488, 5.250000000000000000 ) ) ;
#114 = ORIENTED_EDGE ( 'NONE', *, *, #2038, .T. ) ;
#115 = EDGE_CURVE ( 'NONE', #2733, #1623, #1029, .T. ) ;
#116 = DIRECTION ( 'NONE',  ( 0.7071067811865515695, 0.7071067811865435759, 0.000000000000000000 ) ) ;
#117 = DIRECTION ( 'NONE',  ( 1.000000000000000000, 0.000000000000000000, -0.000000000000000000 ) ) ;
#118 = CARTESIAN_POINT ( 'NONE',  ( 27.89999999999999858, -0.1999999999999990119, 9.500000000000000000 ) ) ;
#119 = ORIENTED_EDGE ( 'NONE', *, *, #2743, .F. ) ;
#120 = EDGE_CURVE ( 'NONE', #3481, #3299, #4240, .T. ) ;
#121 = PRESENTATION_LAYER_ASSIGNMENT (  '', '', ( #4514 ) ) ;
#122 = CARTESIAN_POINT ( 'NONE',  ( 30.30000000000000071, -4.900000000000001243, 5.250000000000000000 ) ) ;
#123 = CARTESIAN_POINT ( 'NONE',  ( 29.80000000000000071, -0.4999999999999992784, 12.50000000000000000 ) ) ;
#124 = FACE_OUTER_BOUND ( 'NONE', #2395, .T. ) ;
#125 = ORIENTED_EDGE ( 'NONE', *, *, #3882, .T. ) ;
#126 = STYLED_ITEM ( 'NONE', ( #4659 ), #4384 ) ;
#127 = VECTOR ( 'NONE', #2584, 1000.000000000000000 ) ;
#128 = DIRECTION ( 'NONE',  ( 0.000000000000000000, 0.000000000000000000, 1.000000000000000000 ) ) ;
#129 = CARTESIAN_POINT ( 'NONE',  ( 28.10000000000000142, 1.551845767041532714E-15, 11.00000000000000000 ) ) ;
#130 = CARTESIAN_POINT ( 'NONE',  ( 3.115510927079859924E-16, -1.800000000000000266, 5.250000000000000000 ) ) ;
#131 = VECTOR ( 'NONE', #3664, 1000.000000000000000 ) ;
#132 = DIRECTION ( 'NONE',  ( -2.114710523095540094E-16, 0.000000000000000000, 1.000000000000000000 ) ) ;
#133 = EDGE_LOOP ( 'NONE', ( #2092, #4396, #3637, #3811 ) ) ;
#134 = FACE_OUTER_BOUND ( 'NONE', #3096, .T. ) ;
#135 = CARTESIAN_POINT ( 'NONE',  ( 0.5000000000000029976, -6.801707868344710306, 0.5000000000000000000 ) ) ;
#136 = VECTOR ( 'NONE', #3915, 1000.000000000000000 ) ;
#137 =( LENGTH_UNIT ( ) NAMED_UNIT ( * ) SI_UNIT ( .MILLI., .METRE. ) );
#138 = FACE_OUTER_BOUND ( 'NONE', #72, .T. ) ;
#139 = ADVANCED_FACE ( 'NONE', ( #3548 ), #1750, .F. ) ;
#140 = ORIENTED_EDGE ( 'NONE', *, *, #1912, .F. ) ;
#141 = ORIENTED_EDGE ( 'NONE', *, *, #378, .T. ) ;
#142 = LINE ( 'NONE', #3488, #1087 ) ;
#143 = DIRECTION ( 'NONE',  ( 0.7071067811865472397, -0.7071067811865479058, 0.000000000000000000 ) ) ;
#144 = FILL_AREA_STYLE_COLOUR ( '', #504 ) ;
#145 = AXIS2_PLACEMENT_3D ( 'NONE', #4110, #2305, #3762 ) ;
#146 = EDGE_CURVE ( 'NONE', #4383, #1297, #2056, .T. ) ;
#147 = ORIENTED_EDGE ( 'NONE', *, *, #3974, .T. ) ;
#148 = DIRECTION ( 'NONE',  ( -1.000000000000000000, 0.000000000000000000, 0.000000000000000000 ) ) ;
#149 = VECTOR ( 'NONE', #2614, 1000.000000000000000 ) ;
#150 = LINE ( 'NONE', #536, #534 ) ;
#151 = EDGE_CURVE ( 'NONE', #1783, #2295, #3961, .T. ) ;
#152 = STYLED_ITEM ( 'NONE', ( #3165 ), #1804 ) ;
#153 = VERTEX_POINT ( 'NONE', #247 ) ;
#154 = FILL_AREA_STYLE ('',( #2262 ) ) ;
#155 = DIRECTION ( 'NONE',  ( 0.000000000000000000, -0.000000000000000000, -1.000000000000000000 ) ) ;
#156 = CARTESIAN_POINT ( 'NONE',  ( 0.5000000000000000000, 0.000000000000000000, 0.000000000000000000 ) ) ;
#157 =( NAMED_UNIT ( * ) SI_UNIT ( $, .STERADIAN. ) SOLID_ANGLE_UNIT ( ) );
#158 = DIRECTION ( 'NONE',  ( 0.000000000000000000, -0.000000000000000000, -1.000000000000000000 ) ) ;
#159 = PRESENTATION_STYLE_ASSIGNMENT (( #582 ) ) ;
#160 = FACE_OUTER_BOUND ( 'NONE', #705, .T. ) ;
#161 = LINE ( 'NONE', #3868, #4071 ) ;
#162 = DIRECTION ( 'NONE',  ( 0.000000000000000000, 0.000000000000000000, 1.000000000000000000 ) ) ;
#163 = EDGE_LOOP ( 'NONE', ( #1760, #2323, #1445, #4270 ) ) ;
#164 = VERTEX_POINT ( 'NONE', #2431 ) ;
#165 = LINE ( 'NONE', #1251, #3550 ) ;
#166 = ADVANCED_FACE ( 'NONE', ( #1695 ), #3300, .F. ) ;
#167 = LINE ( 'NONE', #3490, #1725 ) ;
#168 = CARTESIAN_POINT ( 'NONE',  ( 0.000000000000000000, -0.4999999999999998890, 0.4999999999999998890 ) ) ;
#169 = ORIENTED_EDGE ( 'NONE', *, *, #2665, .F. ) ;
#170 = ORIENTED_EDGE ( 'NONE', *, *, #1042, .F. ) ;
#171 = CARTESIAN_POINT ( 'NONE',  ( 27.80000000000000071, -9.199999999999999289, 2.875000000000000000 ) ) ;
#172 = EDGE_CURVE ( 'NONE', #164, #264, #3175, .T. ) ;
#173 = PRESENTATION_STYLE_ASSIGNMENT (( #2072 ) ) ;
#174 = ADVANCED_FACE ( 'NONE', ( #655 ), #1769, .T. ) ;
#175 = FACE_OUTER_BOUND ( 'NONE', #1990, .T. ) ;
#176 = ORIENTED_EDGE ( 'NONE', *, *, #2982, .T. ) ;
#177 = EDGE_CURVE ( 'NONE', #503, #2602, #3197, .T. ) ;
#178 = CARTESIAN_POINT ( 'NONE',  ( 3.400000000000000355, -0.3999999999999999667, 2.000000000000000000 ) ) ;
#179 = CARTESIAN_POINT ( 'NONE',  ( 29.80000000000000071, -2.451707868344710217, 12.50000000000000000 ) ) ;
#180 = CARTESIAN_POINT ( 'NONE',  ( 27.69999999999999929, -0.3999999999999987454, 3.500000000000000000 ) ) ;
#181 = DIRECTION ( 'NONE',  ( 0.000000000000000000, 0.000000000000000000, 1.000000000000000000 ) ) ;
#182 = ORIENTED_EDGE ( 'NONE', *, *, #3839, .F. ) ;
#183 =( GEOMETRIC_REPRESENTATION_CONTEXT ( 3 ) GLOBAL_UNCERTAINTY_ASSIGNED_CONTEXT ( ( #256 ) ) GLOBAL_UNIT_ASSIGNED_CONTEXT ( ( #2827, #2004, #3450 ) ) REPRESENTATION_CONTEXT ( 'NONE', 'WORKASPACE' ) );
#184 = EDGE_LOOP ( 'NONE', ( #2670, #2887, #2911, #3493, #1607, #3430, #433, #2857 ) ) ;
#185 = DIRECTION ( 'NONE',  ( -0.000000000000000000, -0.000000000000000000, -1.000000000000000000 ) ) ;
#186 = FACE_OUTER_BOUND ( 'NONE', #1071, .T. ) ;
#187 =( GEOMETRIC_REPRESENTATION_CONTEXT ( 3 ) GLOBAL_UNCERTAINTY_ASSIGNED_CONTEXT ( ( #306 ) ) GLOBAL_UNIT_ASSIGNED_CONTEXT ( ( #2762, #845, #2289 ) ) REPRESENTATION_CONTEXT ( 'NONE', 'WORKASPACE' ) );
#188 = VERTEX_POINT ( 'NONE', #3567 ) ;
#189 = VECTOR ( 'NONE', #3142, 1000.000000000000000 ) ;
#190 = FACE_OUTER_BOUND ( 'NONE', #1292, .T. ) ;
#191 = CARTESIAN_POINT ( 'NONE',  ( 7.099999999999999645, -13.19999999999999929, 2.625000000000000444 ) ) ;
#192 = LINE ( 'NONE', #1279, #2483 ) ;
#193 = ORIENTED_EDGE ( 'NONE', *, *, #2752, .F. ) ;
#194 = VERTEX_POINT ( 'NONE', #321 ) ;
#195 = FACE_OUTER_BOUND ( 'NONE', #3633, .T. ) ;
#196 = VERTEX_POINT ( 'NONE', #4662 ) ;
#197 = EDGE_CURVE ( 'NONE', #3076, #3511, #2859, .T. ) ;
#198 = VERTEX_POINT ( 'NONE', #1901 ) ;
#199 = PLANE ( 'NONE',  #2687 ) ;
#200 = AXIS2_PLACEMENT_3D ( 'NONE', #3609, #3266, #2073 ) ;
#201 = DIRECTION ( 'NONE',  ( 1.000000000000000000, 3.552334763092440048E-17, -0.000000000000000000 ) ) ;
#202 = CARTESIAN_POINT ( 'NONE',  ( 25.80000000000000071, -9.500000000000000000, 0.000000000000000000 ) ) ;
#203 = FACE_OUTER_BOUND ( 'NONE', #3202, .T. ) ;
#204 = ADVANCED_FACE ( 'NONE', ( #1979 ), #2680, .T. ) ;
#205 = EDGE_CURVE ( 'NONE', #4679, #196, #3020, .T. ) ;
#206 = MECHANICAL_DESIGN_GEOMETRIC_PRESENTATION_REPRESENTATION (  '', ( #426 ), #2245 ) ;
#207 = FILL_AREA_STYLE ('',( #543 ) ) ;
#208 = DIRECTION ( 'NONE',  ( -0.000000000000000000, 0.000000000000000000, 1.000000000000000000 ) ) ;
#209 = DIRECTION ( 'NONE',  ( 0.000000000000000000, 1.000000000000000000, 0.000000000000000000 ) ) ;
#210 = MECHANICAL_DESIGN_GEOMETRIC_PRESENTATION_REPRESENTATION (  '', ( #2627 ), #3008 ) ;
#211 = COLOUR_RGB ( '',0.9450980392156862475, 0.9215686274509803377, 0.9294117647058823817 ) ;
#212 = EDGE_CURVE ( 'NONE', #4687, #4365, #4489, .T. ) ;
#213 = ORIENTED_EDGE ( 'NONE', *, *, #3997, .F. ) ;
#214 = VECTOR ( 'NONE', #1067, 1000.000000000000000 ) ;
#215 = LINE ( 'NONE', #3111, #823 ) ;
#216 = UNCERTAINTY_MEASURE_WITH_UNIT (LENGTH_MEASURE( 1.000000000000000082E-05 ), #2906, 'distance_accuracy_value', 'NONE');
#217 = DIRECTION ( 'NONE',  ( -1.881733940042640093E-16, 1.000000000000000000, 0.000000000000000000 ) ) ;
#218 = VERTEX_POINT ( 'NONE', #1597 ) ;
#219 = AXIS2_PLACEMENT_3D ( 'NONE', #3213, #4261, #600 ) ;
#220 = ORIENTED_EDGE ( 'NONE', *, *, #986, .F. ) ;
#221 = LINE ( 'NONE', #1668, #3466 ) ;
#222 = ORIENTED_EDGE ( 'NONE', *, *, #2954, .F. ) ;
#223 =( BOUNDED_SURFACE ( )  B_SPLINE_SURFACE ( 3, 3, ( 
 ( #1707, #259, #4548, #3808 ),
 ( #238, #1301, #3509, #970 ),
 ( #1684, #2444, #615, #2068 ),
 ( #168, #2749, #2392, #4601 ) ),
 .UNSPECIFIED., .F., .F., .F. ) 
 B_SPLINE_SURFACE_WITH_KNOTS ( ( 4, 4 ),
 ( 4, 4 ),
 ( 0.000000000000000000, 1.000000000000000000 ),
 ( 0.000000000000000000, 1.000000000000000000 ),
 .UNSPECIFIED. ) 
 GEOMETRIC_REPRESENTATION_ITEM ( )  RATIONAL_B_SPLINE_SURFACE ( (
 ( 1.000000000000000000, 0.8047378541243649375, 0.8047378541243649375, 1.000000000000000000),
 ( 0.8047378541243648264, 0.6476030138606875264, 0.6476030138606875264, 0.8047378541243648264),
 ( 0.8047378541243648264, 0.6476030138606875264, 0.6476030138606875264, 0.8047378541243648264),
 ( 1.000000000000000000, 0.8047378541243649375, 0.8047378541243649375, 1.000000000000000000) ) ) 
 REPRESENTATION_ITEM ( '' )  SURFACE ( )  );
#224 = VECTOR ( 'NONE', #4061, 1000.000000000000000 ) ;
#225 = DIRECTION ( 'NONE',  ( 0.9238795325112867385, -0.3826834323650898928, 3.154011928478008983E-28 ) ) ;
#226 = AXIS2_PLACEMENT_3D ( 'NONE', #2186, #2568, #4491 ) ;
#227 = EDGE_CURVE ( 'NONE', #1783, #2984, #1206, .T. ) ;
#228 = CARTESIAN_POINT ( 'NONE',  ( 3.600000000000000533, -13.19999999999999929, 10.12500000000000000 ) ) ;
#229 = EDGE_CURVE ( 'NONE', #1909, #1514, #3675, .T. ) ;
#230 = ADVANCED_FACE ( 'NONE', ( #1152 ), #78, .T. ) ;
#231 = SURFACE_STYLE_FILL_AREA ( #2062 ) ;
#232 = CARTESIAN_POINT ( 'NONE',  ( 30.30000000000000071, -0.2071067811865474895, 0.4999999999999997780 ) ) ;
#233 = ORIENTED_EDGE ( 'NONE', *, *, #778, .F. ) ;
#234 = LINE ( 'NONE', #1265, #4159 ) ;
#235 = EDGE_CURVE ( 'NONE', #21, #164, #2661, .T. ) ;
#236 = DIRECTION ( 'NONE',  ( 0.000000000000000000, 0.000000000000000000, -1.000000000000000000 ) ) ;
#237 = LINE ( 'NONE', #4191, #3318 ) ;
#238 = CARTESIAN_POINT ( 'NONE',  ( 0.2071067811865477670, -0.5000000000000000000, -2.780759733722083096E-16 ) ) ;
#239 = FACE_OUTER_BOUND ( 'NONE', #4325, .T. ) ;
#240 = ORIENTED_EDGE ( 'NONE', *, *, #3812, .T. ) ;
#241 = CARTESIAN_POINT ( 'NONE',  ( 11.19999999999999929, -9.000000000000001776, 2.000000000000000000 ) ) ;
#242 = SURFACE_STYLE_FILL_AREA ( #3516 ) ;
#243 = CARTESIAN_POINT ( 'NONE',  ( 25.80000000000000071, -9.500000000000000000, 12.00000000000000000 ) ) ;
#244 = LINE ( 'NONE', #4658, #820 ) ;
#245 = CARTESIAN_POINT ( 'NONE',  ( 4.799999999999999822, -9.199999999999999289, 1.000000000000000000 ) ) ;
#246 = FACE_OUTER_BOUND ( 'NONE', #4125, .T. ) ;
#247 = CARTESIAN_POINT ( 'NONE',  ( 10.30000000000000071, -9.199999999999999289, 10.12500000000000000 ) ) ;
#248 = ORIENTED_EDGE ( 'NONE', *, *, #4145, .F. ) ;
#249 = DIRECTION ( 'NONE',  ( 0.000000000000000000, 1.000000000000000000, 0.000000000000000000 ) ) ;
#250 = CARTESIAN_POINT ( 'NONE',  ( 30.09289321881345458, -0.2071067811861374286, 4.486602942789857344E-13 ) ) ;
#251 = VECTOR ( 'NONE', #2916, 1000.000000000000000 ) ;
#252 = MECHANICAL_DESIGN_GEOMETRIC_PRESENTATION_REPRESENTATION (  '', ( #940 ), #3360 ) ;
#253 = ADVANCED_FACE ( 'NONE', ( #2587 ), #4035, .F. ) ;
#254 = VERTEX_POINT ( 'NONE', #1180 ) ;
#255 = ORIENTED_EDGE ( 'NONE', *, *, #268, .F. ) ;
#256 = UNCERTAINTY_MEASURE_WITH_UNIT (LENGTH_MEASURE( 1.000000000000000082E-05 ), #2827, 'distance_accuracy_value', 'NONE');
#257 = LINE ( 'NONE', #3528, #3907 ) ;
#258 =( NAMED_UNIT ( * ) PLANE_ANGLE_UNIT ( ) SI_UNIT ( $, .RADIAN. ) );
#259 = CARTESIAN_POINT ( 'NONE',  ( 0.5000000000000004441, -0.2071067811865474895, 0.000000000000000000 ) ) ;
#260 = DIRECTION ( 'NONE',  ( 0.000000000000000000, 1.000000000000000000, 0.000000000000000000 ) ) ;
#261 = ORIENTED_EDGE ( 'NONE', *, *, #3141, .T. ) ;
#262 = EDGE_CURVE ( 'NONE', #43, #2091, #1521, .T. ) ;
#263 = EDGE_LOOP ( 'NONE', ( #2283, #1095, #3140, #2958 ) ) ;
#264 = VERTEX_POINT ( 'NONE', #4442 ) ;
#265 = LINE ( 'NONE', #2734, #2763 ) ;
#266 = CARTESIAN_POINT ( 'NONE',  ( 4.599999999999999645, 2.064504720398409624E-16, 3.500000000000000000 ) ) ;
#267 = CARTESIAN_POINT ( 'NONE',  ( 2.949999999999999734, -5.899999999999999467, 5.250000000000000000 ) ) ;
#268 = EDGE_CURVE ( 'NONE', #883, #2531, #4108, .T. ) ;
#269 = LINE ( 'NONE', #3495, #1470 ) ;
#270 = PLANE ( 'NONE',  #1969 ) ;
#271 = LINE ( 'NONE', #1720, #1396 ) ;
#272 =( LENGTH_UNIT ( ) NAMED_UNIT ( * ) SI_UNIT ( .MILLI., .METRE. ) );
#273 = DIRECTION ( 'NONE',  ( 0.000000000000000000, 0.000000000000000000, 1.000000000000000000 ) ) ;
#274 = DIRECTION ( 'NONE',  ( -1.000000000000000000, 0.000000000000000000, -0.000000000000000000 ) ) ;
#275 = ORIENTED_EDGE ( 'NONE', *, *, #1507, .F. ) ;
#276 = VERTEX_POINT ( 'NONE', #122 ) ;
#277 = LINE ( 'NONE', #4335, #2179 ) ;
#278 = DIRECTION ( 'NONE',  ( 0.000000000000000000, -1.000000000000000000, 0.000000000000000000 ) ) ;
#279 =( GEOMETRIC_REPRESENTATION_CONTEXT ( 3 ) GLOBAL_UNCERTAINTY_ASSIGNED_CONTEXT ( ( #1733 ) ) GLOBAL_UNIT_ASSIGNED_CONTEXT ( ( #1387, #2490, #2890 ) ) REPRESENTATION_CONTEXT ( 'NONE', 'WORKASPACE' ) );
#280 = EDGE_LOOP ( 'NONE', ( #4326, #4552, #4337, #2358, #3922, #4426, #903, #2609, #762, #3220, #3134, #3772, #1882, #2109 ) ) ;
#281 = VECTOR ( 'NONE', #3909, 1000.000000000000000 ) ;
#282 = DIRECTION ( 'NONE',  ( -0.7071067811865472397, 0.7071067811865479058, 0.000000000000000000 ) ) ;
#283 = VECTOR ( 'NONE', #1944, 1000.000000000000000 ) ;
#284 = LINE ( 'NONE', #1440, #214 ) ;
#285 = EDGE_CURVE ( 'NONE', #3855, #1198, #1925, .T. ) ;
#286 = FACE_OUTER_BOUND ( 'NONE', #2057, .T. ) ;
#287 = VERTEX_POINT ( 'NONE', #4423 ) ;
#288 = ORIENTED_EDGE ( 'NONE', *, *, #1228, .T. ) ;
#289 = DIRECTION ( 'NONE',  ( -0.000000000000000000, -0.000000000000000000, -1.000000000000000000 ) ) ;
#290 = COLOUR_RGB ( '',0.9450980392156862475, 0.9215686274509803377, 0.9294117647058823817 ) ;
#291 = ORIENTED_EDGE ( 'NONE', *, *, #4436, .T. ) ;
#292 = VECTOR ( 'NONE', #4020, 1000.000000000000000 ) ;
#293 = EDGE_CURVE ( 'NONE', #1871, #153, #2612, .T. ) ;
#294 = PRESENTATION_STYLE_ASSIGNMENT (( #3837 ) ) ;
#295 = CARTESIAN_POINT ( 'NONE',  ( 30.30000000000000071, -4.900000000000000355, 5.250000000000000000 ) ) ;
#296 = LINE ( 'NONE', #3937, #4311 ) ;
#297 = DIRECTION ( 'NONE',  ( 1.000000000000000000, -0.000000000000000000, 0.000000000000000000 ) ) ;
#298 = CARTESIAN_POINT ( 'NONE',  ( 4.200000000000000178, -0.3999999999999987454, 3.500000000000000000 ) ) ;
#299 = MECHANICAL_DESIGN_GEOMETRIC_PRESENTATION_REPRESENTATION (  '', ( #826 ), #1504 ) ;
#300 = DIRECTION ( 'NONE',  ( 0.000000000000000000, 0.000000000000000000, -1.000000000000000000 ) ) ;
#301 = VECTOR ( 'NONE', #3906, 1000.000000000000227 ) ;
#302 = FACE_OUTER_BOUND ( 'NONE', #1222, .T. ) ;
#303 = CARTESIAN_POINT ( 'NONE',  ( 4.799999999999998934, -9.500000000000000000, 0.000000000000000000 ) ) ;
#304 =( GEOMETRIC_REPRESENTATION_CONTEXT ( 3 ) GLOBAL_UNCERTAINTY_ASSIGNED_CONTEXT ( ( #4004 ) ) GLOBAL_UNIT_ASSIGNED_CONTEXT ( ( #648, #4608, #4555 ) ) REPRESENTATION_CONTEXT ( 'NONE', 'WORKASPACE' ) );
#305 = ORIENTED_EDGE ( 'NONE', *, *, #2437, .T. ) ;
#306 = UNCERTAINTY_MEASURE_WITH_UNIT (LENGTH_MEASURE( 1.000000000000000082E-05 ), #2762, 'distance_accuracy_value', 'NONE');
#307 = CARTESIAN_POINT ( 'NONE',  ( 3.849999999999999645, -9.199999999999999289, 7.750000000000000888 ) ) ;
#308 =( NAMED_UNIT ( * ) SI_UNIT ( $, .STERADIAN. ) SOLID_ANGLE_UNIT ( ) );
#309 = LINE ( 'NONE', #3969, #1719 ) ;
#310 = ORIENTED_EDGE ( 'NONE', *, *, #229, .F. ) ;
#311 = ORIENTED_EDGE ( 'NONE', *, *, #2816, .F. ) ;
#312 = EDGE_CURVE ( 'NONE', #1909, #2137, #2303, .T. ) ;
#313 =( NAMED_UNIT ( * ) SI_UNIT ( $, .STERADIAN. ) SOLID_ANGLE_UNIT ( ) );
#314 = DIRECTION ( 'NONE',  ( -0.000000000000000000, 0.000000000000000000, 1.000000000000000000 ) ) ;
#315 = ORIENTED_EDGE ( 'NONE', *, *, #2597, .F. ) ;
#316 = EDGE_CURVE ( 'NONE', #2137, #929, #885, .T. ) ;
#317 = EDGE_CURVE ( 'NONE', #2602, #3585, #1569, .T. ) ;
#318 = CARTESIAN_POINT ( 'NONE',  ( 26.80000000000001137, -12.47573593128809755, 10.37500000000000000 ) ) ;
#319 = CYLINDRICAL_SURFACE ( 'NONE', #1107, 0.5000000000000000000 ) ;
#320 = PLANE ( 'NONE',  #2795 ) ;
#321 = CARTESIAN_POINT ( 'NONE',  ( 3.115510927079897395E-16, -1.800000000000000488, 5.250000000000000000 ) ) ;
#322 = EDGE_CURVE ( 'NONE', #1388, #1047, #479, .T. ) ;
#323 = VERTEX_POINT ( 'NONE', #3760 ) ;
#324 = FACE_OUTER_BOUND ( 'NONE', #3951, .T. ) ;
#325 = LINE ( 'NONE', #4622, #3402 ) ;
#326 = FACE_OUTER_BOUND ( 'NONE', #3128, .T. ) ;
#327 = ORIENTED_EDGE ( 'NONE', *, *, #3391, .F. ) ;
#328 = PRESENTATION_STYLE_ASSIGNMENT (( #2111 ) ) ;
#329 = LINE ( 'NONE', #4297, #4604 ) ;
#330 = FILL_AREA_STYLE ('',( #4648 ) ) ;
#331 = ORIENTED_EDGE ( 'NONE', *, *, #1443, .F. ) ;
#332 = PRESENTATION_LAYER_ASSIGNMENT (  '', '', ( #940 ) ) ;
#333 = DIRECTION ( 'NONE',  ( 1.000000000000000000, 0.000000000000000000, -0.000000000000000000 ) ) ;
#334 = ORIENTED_EDGE ( 'NONE', *, *, #3330, .T. ) ;
#335 = VECTOR ( 'NONE', #1005, 1000.000000000000000 ) ;
#336 =( LENGTH_UNIT ( ) NAMED_UNIT ( * ) SI_UNIT ( .MILLI., .METRE. ) );
#337 = PRESENTATION_LAYER_ASSIGNMENT (  '', '', ( #112 ) ) ;
#338 = PLANE ( 'NONE',  #219 ) ;
#339 =( NAMED_UNIT ( * ) PLANE_ANGLE_UNIT ( ) SI_UNIT ( $, .RADIAN. ) );
#340 = DIRECTION ( 'NONE',  ( -1.000000000000000000, 0.000000000000000000, 0.000000000000000000 ) ) ;
#341 = ORIENTED_EDGE ( 'NONE', *, *, #3133, .F. ) ;
#342 = EDGE_CURVE ( 'NONE', #3865, #3324, #3791, .T. ) ;
#343 = EDGE_LOOP ( 'NONE', ( #1737, #4416, #4366, #997 ) ) ;
#344 = ORIENTED_EDGE ( 'NONE', *, *, #3608, .F. ) ;
#345 = PLANE ( 'NONE',  #2792 ) ;
#346 = DIRECTION ( 'NONE',  ( 1.000000000000000000, 0.000000000000000000, -0.000000000000000000 ) ) ;
#347 = LINE ( 'NONE', #660, #1410 ) ;
#348 = EDGE_CURVE ( 'NONE', #2546, #3763, #2488, .T. ) ;
#349 = ORIENTED_EDGE ( 'NONE', *, *, #3126, .T. ) ;
#350 = UNCERTAINTY_MEASURE_WITH_UNIT (LENGTH_MEASURE( 1.000000000000000082E-05 ), #272, 'distance_accuracy_value', 'NONE');
#351 = EDGE_CURVE ( 'NONE', #1281, #2295, #2888, .T. ) ;
#352 = DIRECTION ( 'NONE',  ( -1.000000000000000000, 0.000000000000000000, 0.000000000000000000 ) ) ;
#353 = SURFACE_STYLE_USAGE ( .BOTH. , #3531 ) ;
#354 = VECTOR ( 'NONE', #3248, 1000.000000000000000 ) ;
#355 = EDGE_LOOP ( 'NONE', ( #4038, #56, #474, #1168 ) ) ;
#356 = ORIENTED_EDGE ( 'NONE', *, *, #4228, .F. ) ;
#357 = VECTOR ( 'NONE', #117, 1000.000000000000000 ) ;
#358 = FACE_OUTER_BOUND ( 'NONE', #2117, .T. ) ;
#359 = CARTESIAN_POINT ( 'NONE',  ( 1.690012582823350093E-15, -9.199999999999999289, 7.750000000000000000 ) ) ;
#360 = AXIS2_PLACEMENT_3D ( 'NONE', #4602, #4528, #2394 ) ;
#361 = VERTEX_POINT ( 'NONE', #3181 ) ;
#362 = AXIS2_PLACEMENT_3D ( 'NONE', #4154, #945, #3826 ) ;
#363 = FILL_AREA_STYLE_COLOUR ( '', #1591 ) ;
#364 =( NAMED_UNIT ( * ) PLANE_ANGLE_UNIT ( ) SI_UNIT ( $, .RADIAN. ) );
#365 = FACE_OUTER_BOUND ( 'NONE', #394, .T. ) ;
#366 = CARTESIAN_POINT ( 'NONE',  ( 26.70000000000000284, -0.1999999999999990119, 4.750000000000000000 ) ) ;
#367 = VERTEX_POINT ( 'NONE', #3893 ) ;
#368 =( GEOMETRIC_REPRESENTATION_CONTEXT ( 3 ) GLOBAL_UNCERTAINTY_ASSIGNED_CONTEXT ( ( #638 ) ) GLOBAL_UNIT_ASSIGNED_CONTEXT ( ( #1907, #4041, #1456 ) ) REPRESENTATION_CONTEXT ( 'NONE', 'WORKASPACE' ) );
#369 = EDGE_CURVE ( 'NONE', #3395, #3718, #257, .T. ) ;
#370 = MECHANICAL_DESIGN_GEOMETRIC_PRESENTATION_REPRESENTATION (  '', ( #749 ), #4083 ) ;
#371 = CARTESIAN_POINT ( 'NONE',  ( 15.64220150327190062, -9.199999999999999289, 0.000000000000000000 ) ) ;
#372 = DIRECTION ( 'NONE',  ( -0.000000000000000000, -1.000000000000000000, -0.000000000000000000 ) ) ;
#373 =( BOUNDED_SURFACE ( )  B_SPLINE_SURFACE ( 3, 3, ( 
 ( #2821, #2372, #4223, #4549 ),
 ( #552, #641, #2089, #971 ),
 ( #1995, #3534, #3441, #1325 ),
 ( #591, #3492, #2772, #2420 ) ),
 .UNSPECIFIED., .F., .F., .F. ) 
 B_SPLINE_SURFACE_WITH_KNOTS ( ( 4, 4 ),
 ( 4, 4 ),
 ( 0.000000000000000000, 1.000000000000000000 ),
 ( 0.000000000000000000, 1.000000000000000000 ),
 .UNSPECIFIED. ) 
 GEOMETRIC_REPRESENTATION_ITEM ( )  RATIONAL_B_SPLINE_SURFACE ( (
 ( 1.000000000000000000, 0.8047378541247258710, 0.8047378541247258710, 1.000000000000000000),
 ( 0.8047378541243652705, 0.6476030138609784048, 0.6476030138609784048, 0.8047378541243652705),
 ( 0.8047378541243652705, 0.6476030138609784048, 0.6476030138609784048, 0.8047378541243652705),
 ( 1.000000000000000000, 0.8047378541247258710, 0.8047378541247258710, 1.000000000000000000) ) ) 
 REPRESENTATION_ITEM ( '' )  SURFACE ( )  );
#374 = LINE ( 'NONE', #2240, #1544 ) ;
#375 = VECTOR ( 'NONE', #680, 1000.000000000000000 ) ;
#376 = EDGE_CURVE ( 'NONE', #2983, #2290, #1704, .T. ) ;
#377 = ORIENTED_EDGE ( 'NONE', *, *, #83, .T. ) ;
#378 = EDGE_CURVE ( 'NONE', #3585, #1085, #4320, .T. ) ;
#379 = CARTESIAN_POINT ( 'NONE',  ( 11.29999999999999005, -12.47573593128809755, 10.12500000000000000 ) ) ;
#380 =( LENGTH_UNIT ( ) NAMED_UNIT ( * ) SI_UNIT ( .MILLI., .METRE. ) );
#381 = STYLED_ITEM ( 'NONE', ( #2852 ), #1981 ) ;
#382 = EDGE_LOOP ( 'NONE', ( #4039, #3845, #1268, #3987, #642, #2603 ) ) ;
#383 = ORIENTED_EDGE ( 'NONE', *, *, #4377, .T. ) ;
#384 = SURFACE_STYLE_FILL_AREA ( #998 ) ;
#385 = DIRECTION ( 'NONE',  ( 0.000000000000000000, -0.000000000000000000, -1.000000000000000000 ) ) ;
#386 = CARTESIAN_POINT ( 'NONE',  ( 14.80000000000000071, -9.199999999999999289, 0.000000000000000000 ) ) ;
#387 = DIRECTION ( 'NONE',  ( 0.000000000000000000, 0.000000000000000000, 1.000000000000000000 ) ) ;
#388 = LINE ( 'NONE', #1077, #598 ) ;
#389 = VERTEX_POINT ( 'NONE', #2087 ) ;
#390 = DIRECTION ( 'NONE',  ( 0.000000000000000000, 0.000000000000000000, 1.000000000000000000 ) ) ;
#391 = CARTESIAN_POINT ( 'NONE',  ( 27.69999999999999929, -9.000000000000001776, 2.750000000000000000 ) ) ;
#392 = DIRECTION ( 'NONE',  ( 1.000000000000000000, 0.000000000000000000, 0.000000000000000000 ) ) ;
#393 = VERTEX_POINT ( 'NONE', #4597 ) ;
#394 = EDGE_LOOP ( 'NONE', ( #1982, #1972, #2048 ) ) ;
#395 = DIRECTION ( 'NONE',  ( -1.000000000000000000, -3.552334763092440048E-17, 0.000000000000000000 ) ) ;
#396 = CARTESIAN_POINT ( 'NONE',  ( 3.300000000000005596, -12.47573593128809755, 10.37499999999999822 ) ) ;
#397 = ORIENTED_EDGE ( 'NONE', *, *, #643, .T. ) ;
#398 = ORIENTED_EDGE ( 'NONE', *, *, #4080, .T. ) ;
#399 = CARTESIAN_POINT ( 'NONE',  ( 14.80000000000000071, -4.500000000000000888, 0.000000000000000000 ) ) ;
#400 = DIRECTION ( 'NONE',  ( -0.3826834323650898928, -0.9238795325112867385, -0.000000000000000000 ) ) ;
#401 = VECTOR ( 'NONE', #1148, 1000.000000000000000 ) ;
#402 = CARTESIAN_POINT ( 'NONE',  ( 4.799999999999998934, -4.403415736689430204, 13.00000000000000178 ) ) ;
#403 = EDGE_CURVE ( 'NONE', #560, #3373, #3576, .T. ) ;
#404 = FILL_AREA_STYLE ('',( #30 ) ) ;
#405 = DIRECTION ( 'NONE',  ( -0.000000000000000000, -0.000000000000000000, -1.000000000000000000 ) ) ;
#406 = ORIENTED_EDGE ( 'NONE', *, *, #3825, .F. ) ;
#407 = AXIS2_PLACEMENT_3D ( 'NONE', #604, #2457, #3911 ) ;
#408 = VECTOR ( 'NONE', #2593, 1000.000000000000000 ) ;
#409 = CARTESIAN_POINT ( 'NONE',  ( 26.89999999999999858, -0.3999999999999990230, 9.500000000000000000 ) ) ;
#410 = CARTESIAN_POINT ( 'NONE',  ( 3.400000000000000355, -9.000000000000001776, 2.000000000000000000 ) ) ;
#411 = LINE ( 'NONE', #2619, #1870 ) ;
#412 =( GEOMETRIC_REPRESENTATION_CONTEXT ( 3 ) GLOBAL_UNCERTAINTY_ASSIGNED_CONTEXT ( ( #4567 ) ) GLOBAL_UNIT_ASSIGNED_CONTEXT ( ( #1488, #1173, #4012 ) ) REPRESENTATION_CONTEXT ( 'NONE', 'WORKASPACE' ) );
#413 = ORIENTED_EDGE ( 'NONE', *, *, #172, .F. ) ;
#414 = ORIENTED_EDGE ( 'NONE', *, *, #3449, .F. ) ;
#415 = CARTESIAN_POINT ( 'NONE',  ( 19.85000000000000142, -1.600000000000000089, 6.500000000000000888 ) ) ;
#416 = DIRECTION ( 'NONE',  ( 0.000000000000000000, 1.000000000000000000, 0.000000000000000000 ) ) ;
#417 = PLANE ( 'NONE',  #3844 ) ;
#418 = VERTEX_POINT ( 'NONE', #307 ) ;
#419 = ORIENTED_EDGE ( 'NONE', *, *, #3789, .F. ) ;
#420 = VECTOR ( 'NONE', #832, 1000.000000000000000 ) ;
#421 = CARTESIAN_POINT ( 'NONE',  ( 27.69999999999999929, -0.3999999999999990230, 3.500000000000000000 ) ) ;
#422 = EDGE_CURVE ( 'NONE', #448, #495, #1065, .T. ) ;
#423 = CARTESIAN_POINT ( 'NONE',  ( 4.799999999999998934, -9.199999999999999289, 13.00000000000000355 ) ) ;
#424 = SURFACE_STYLE_FILL_AREA ( #452 ) ;
#425 = EDGE_LOOP ( 'NONE', ( #2710, #3817, #519, #2684 ) ) ;
#426 = STYLED_ITEM ( 'NONE', ( #1534 ), #3862 ) ;
#427 = CARTESIAN_POINT ( 'NONE',  ( 4.400000000000000355, -0.1999999999999989564, 2.000000000000000000 ) ) ;
#428 = ADVANCED_FACE ( 'NONE', ( #1732 ), #4626, .T. ) ;
#429 = EDGE_CURVE ( 'NONE', #4576, #287, #2155, .T. ) ;
#430 = CARTESIAN_POINT ( 'NONE',  ( 4.799999999999999822, -9.199999999999999289, 12.00000000000000178 ) ) ;
#431 = AXIS2_PLACEMENT_3D ( 'NONE', #1604, #3410, #3474 ) ;
#432 = CARTESIAN_POINT ( 'NONE',  ( 14.80000000000000071, -9.199999999999999289, 0.000000000000000000 ) ) ;
#433 = ORIENTED_EDGE ( 'NONE', *, *, #4272, .T. ) ;
#434 = STYLED_ITEM ( 'NONE', ( #1512 ), #2877 ) ;
#435 = EDGE_CURVE ( 'NONE', #367, #1422, #3766, .T. ) ;
#436 = FACE_OUTER_BOUND ( 'NONE', #3406, .T. ) ;
#437 = DIRECTION ( 'NONE',  ( -1.000000000000000000, -1.727013593861350061E-15, -0.000000000000000000 ) ) ;
#438 = CARTESIAN_POINT ( 'NONE',  ( 28.50000000000000000, -1.800000000000000266, 5.250000000000000000 ) ) ;
#439 = PLANE ( 'NONE',  #2247 ) ;
#440 = STYLED_ITEM ( 'NONE', ( #3000 ), #3225 ) ;
#441 = VERTEX_POINT ( 'NONE', #539 ) ;
#442 = VERTEX_POINT ( 'NONE', #4446 ) ;
#443 = VECTOR ( 'NONE', #1403, 1000.000000000000000 ) ;
#444 = SURFACE_SIDE_STYLE ('',( #1163 ) ) ;
#445 = PLANE ( 'NONE',  #734 ) ;
#446 = AXIS2_PLACEMENT_3D ( 'NONE', #3636, #3995, #99 ) ;
#447 = ORIENTED_EDGE ( 'NONE', *, *, #2427, .F. ) ;
#448 = VERTEX_POINT ( 'NONE', #178 ) ;
#449 = FILL_AREA_STYLE_COLOUR ( '', #3742 ) ;
#450 = CIRCLE ( 'NONE', #2649, 0.5000000000000004441 ) ;
#451 = DIRECTION ( 'NONE',  ( 0.000000000000000000, 0.000000000000000000, -1.000000000000000000 ) ) ;
#452 = FILL_AREA_STYLE ('',( #144 ) ) ;
#453 = EDGE_LOOP ( 'NONE', ( #3986, #808, #3941, #140 ) ) ;
#454 = ADVANCED_FACE ( 'NONE', ( #2688 ), #1958, .F. ) ;
#455 = DIRECTION ( 'NONE',  ( 1.000000000000000000, 1.727013593861350061E-15, 0.000000000000000000 ) ) ;
#456 =( NAMED_UNIT ( * ) SI_UNIT ( $, .STERADIAN. ) SOLID_ANGLE_UNIT ( ) );
#457 = LINE ( 'NONE', #3304, #1740 ) ;
#458 = ORIENTED_EDGE ( 'NONE', *, *, #2031, .F. ) ;
#459 = EDGE_CURVE ( 'NONE', #4509, #4104, #3051, .T. ) ;
#460 = EDGE_CURVE ( 'NONE', #4197, #43, #1236, .T. ) ;
#461 = CARTESIAN_POINT ( 'NONE',  ( 26.50000000000000000, 9.236070384040343754E-16, 0.000000000000000000 ) ) ;
#462 = FACE_OUTER_BOUND ( 'NONE', #3401, .T. ) ;
#463 = FACE_OUTER_BOUND ( 'NONE', #1244, .T. ) ;
#464 = CARTESIAN_POINT ( 'NONE',  ( 0.000000000000000000, -9.199999999999999289, 7.500000000000000000 ) ) ;
#465 = EDGE_CURVE ( 'NONE', #3680, #2024, #2998, .T. ) ;
#466 =( NAMED_UNIT ( * ) SI_UNIT ( $, .STERADIAN. ) SOLID_ANGLE_UNIT ( ) );
#467 = ORIENTED_EDGE ( 'NONE', *, *, #4518, .T. ) ;
#468 = VERTEX_POINT ( 'NONE', #4094 ) ;
#469 = DIRECTION ( 'NONE',  ( -3.552334763092440048E-17, 1.000000000000000000, 0.000000000000000000 ) ) ;
#470 = PLANE ( 'NONE',  #1201 ) ;
#471 = CARTESIAN_POINT ( 'NONE',  ( 4.150000000000000355, -12.83786796564399957, 10.12500000000000000 ) ) ;
#472 = SURFACE_SIDE_STYLE ('',( #4482 ) ) ;
#473 = EDGE_CURVE ( 'NONE', #361, #2269, #1262, .T. ) ;
#474 = ORIENTED_EDGE ( 'NONE', *, *, #403, .T. ) ;
#475 = LINE ( 'NONE', #4485, #4149 ) ;
#476 = DIRECTION ( 'NONE',  ( -1.000000000000000000, -0.000000000000000000, -5.551115123125800451E-16 ) ) ;
#477 = CYLINDRICAL_SURFACE ( 'NONE', #4161, 2.800000000000000266 ) ;
#478 = VERTEX_POINT ( 'NONE', #2236 ) ;
#479 = LINE ( 'NONE', #4467, #3370 ) ;
#480 = VERTEX_POINT ( 'NONE', #129 ) ;
#481 = CARTESIAN_POINT ( 'NONE',  ( 3.399999999999999911, 1.314363862344200038E-16, 2.000000000000000000 ) ) ;
#482 = LINE ( 'NONE', #1215, #3174 ) ;
#483 = CARTESIAN_POINT ( 'NONE',  ( 24.80000000000000426, -9.500000000000000000, 0.000000000000000000 ) ) ;
#484 = CARTESIAN_POINT ( 'NONE',  ( 0.5000000000000000000, 0.000000000000000000, 12.50000000000000000 ) ) ;
#485 = VECTOR ( 'NONE', #4513, 1000.000000000000000 ) ;
#486 = ORIENTED_EDGE ( 'NONE', *, *, #1271, .T. ) ;
#487 = VERTEX_POINT ( 'NONE', #3683 ) ;
#488 = CARTESIAN_POINT ( 'NONE',  ( 24.80000000000000426, -9.200000000000008171, 12.00000000000000178 ) ) ;
#489 = DIRECTION ( 'NONE',  ( 1.000000000000000000, -0.000000000000000000, 0.000000000000000000 ) ) ;
#490 = EDGE_CURVE ( 'NONE', #4687, #635, #1574, .T. ) ;
#491 = PLANE ( 'NONE',  #1416 ) ;
#492 = DIRECTION ( 'NONE',  ( -1.000000000000000000, 0.000000000000000000, -0.000000000000000000 ) ) ;
#493 = VECTOR ( 'NONE', #4283, 1000.000000000000000 ) ;
#494 = VERTEX_POINT ( 'NONE', #1188 ) ;
#495 = VERTEX_POINT ( 'NONE', #3339 ) ;
#496 = ORIENTED_EDGE ( 'NONE', *, *, #1658, .T. ) ;
#497 =( LENGTH_UNIT ( ) NAMED_UNIT ( * ) SI_UNIT ( .MILLI., .METRE. ) );
#498 = EDGE_CURVE ( 'NONE', #2290, #2018, #817, .T. ) ;
#499 = FACE_OUTER_BOUND ( 'NONE', #163, .T. ) ;
#500 = CARTESIAN_POINT ( 'NONE',  ( 27.64999999999999858, -12.83786796564399957, 10.37500000000000000 ) ) ;
#501 = DIRECTION ( 'NONE',  ( 0.000000000000000000, 1.000000000000000000, -0.000000000000000000 ) ) ;
#502 = LINE ( 'NONE', #2207, #4225 ) ;
#503 = VERTEX_POINT ( 'NONE', #3713 ) ;
#504 = COLOUR_RGB ( '',0.9450980392156862475, 0.9215686274509803377, 0.9294117647058823817 ) ;
#505 = DIRECTION ( 'NONE',  ( -3.552334763092440048E-17, 1.000000000000000000, 0.000000000000000000 ) ) ;
#506 = CARTESIAN_POINT ( 'NONE',  ( 2.949999999999999734, -1.800000000000000266, 7.750000000000000000 ) ) ;
#507 = LINE ( 'NONE', #1954, #2119 ) ;
#508 = ORIENTED_EDGE ( 'NONE', *, *, #772, .T. ) ;
#509 = AXIS2_PLACEMENT_3D ( 'NONE', #4477, #3053, #4164 ) ;
#510 = VECTOR ( 'NONE', #314, 1000.000000000000000 ) ;
#511 = CARTESIAN_POINT ( 'NONE',  ( 26.89999999999999858, -9.000000000000001776, 2.000000000000000000 ) ) ;
#512 = DIRECTION ( 'NONE',  ( 0.7071067811865474617, -0.7071067811865475727, 0.000000000000000000 ) ) ;
#513 = DIRECTION ( 'NONE',  ( -2.390566842451737349E-49, 6.729565206773079540E-33, 1.000000000000000000 ) ) ;
#514 = CARTESIAN_POINT ( 'NONE',  ( 10.30000000000001137, -12.47573593128809755, 10.12500000000000000 ) ) ;
#515 = DIRECTION ( 'NONE',  ( -1.000000000000000000, -1.110223024625159992E-16, -0.000000000000000000 ) ) ;
#516 = PLANE ( 'NONE',  #2381 ) ;
#517 = ADVANCED_FACE ( 'NONE', ( #462 ), #4475, .T. ) ;
#518 = ORIENTED_EDGE ( 'NONE', *, *, #986, .T. ) ;
#519 = ORIENTED_EDGE ( 'NONE', *, *, #2412, .T. ) ;
#520 = VECTOR ( 'NONE', #3270, 1000.000000000000000 ) ;
#521 = DIRECTION ( 'NONE',  ( 3.552334763092440048E-17, -1.000000000000000000, -0.000000000000000000 ) ) ;
#522 = CARTESIAN_POINT ( 'NONE',  ( 26.80000000000000071, -9.200000000000001066, 10.37500000000000000 ) ) ;
#523 = ADVANCED_FACE ( 'NONE', ( #3472 ), #2452, .F. ) ;
#524 = VECTOR ( 'NONE', #2973, 1000.000000000000000 ) ;
#525 = ADVANCED_FACE ( 'NONE', ( #3543 ), #3193, .T. ) ;
#526 = VERTEX_POINT ( 'NONE', #980 ) ;
#527 = DIRECTION ( 'NONE',  ( -0.3826834323651027714, -0.9238795325112814094, 0.000000000000000000 ) ) ;
#528 = CARTESIAN_POINT ( 'NONE',  ( 1.690012582823350093E-15, -9.199999999999999289, 0.5000000000000000000 ) ) ;
#529 = COLOUR_RGB ( '',0.9450980392156862475, 0.9215686274509803377, 0.9294117647058823817 ) ;
#530 = CARTESIAN_POINT ( 'NONE',  ( 11.19999999999999929, -0.4000000000000000777, 3.500000000000000000 ) ) ;
#531 = ORIENTED_EDGE ( 'NONE', *, *, #758, .T. ) ;
#532 = EDGE_LOOP ( 'NONE', ( #248, #255, #414, #2960, #4651, #1640 ) ) ;
#533 = CARTESIAN_POINT ( 'NONE',  ( 30.30000000000000071, -9.199999999999999289, 1.000000000000000000 ) ) ;
#534 = VECTOR ( 'NONE', #1598, 1000.000000000000000 ) ;
#535 = CARTESIAN_POINT ( 'NONE',  ( 4.799999999999999822, -9.199999999999999289, 7.750000000000000000 ) ) ;
#536 = CARTESIAN_POINT ( 'NONE',  ( 15.64220150327190062, -9.500000000000000000, 0.000000000000000000 ) ) ;
#537 = MECHANICAL_DESIGN_GEOMETRIC_PRESENTATION_REPRESENTATION (  '', ( #3337 ), #687 ) ;
#538 = ORIENTED_EDGE ( 'NONE', *, *, #227, .F. ) ;
#539 = CARTESIAN_POINT ( 'NONE',  ( 7.499999999999993783, -13.19999999999999574, 2.625000000000000444 ) ) ;
#540 = DIRECTION ( 'NONE',  ( -0.000000000000000000, 0.000000000000000000, -1.000000000000000000 ) ) ;
#541 = CARTESIAN_POINT ( 'NONE',  ( 26.89999999999999858, -9.000000000000001776, 3.500000000000000000 ) ) ;
#542 =( NAMED_UNIT ( * ) PLANE_ANGLE_UNIT ( ) SI_UNIT ( $, .RADIAN. ) );
#543 = FILL_AREA_STYLE_COLOUR ( '', #2223 ) ;
#544 = ORIENTED_EDGE ( 'NONE', *, *, #3564, .F. ) ;
#545 = CARTESIAN_POINT ( 'NONE',  ( 26.80000000000001137, -12.47573593128809755, 2.875000000000000000 ) ) ;
#546 = PLANE ( 'NONE',  #4376 ) ;
#547 = ORIENTED_EDGE ( 'NONE', *, *, #3477, .F. ) ;
#548 = EDGE_CURVE ( 'NONE', #276, #3627, #2096, .T. ) ;
#549 = CARTESIAN_POINT ( 'NONE',  ( 4.000000000000000000, -13.19999999999999929, 10.24999999999999822 ) ) ;
#550 =( NAMED_UNIT ( * ) SI_UNIT ( $, .STERADIAN. ) SOLID_ANGLE_UNIT ( ) );
#551 = ADVANCED_FACE ( 'NONE', ( #576 ), #199, .T. ) ;
#552 = CARTESIAN_POINT ( 'NONE',  ( 0.2071067811865483776, -1.771715400243682549E-16, 12.50000000000000178 ) ) ;
#553 = EDGE_LOOP ( 'NONE', ( #2997, #1162, #571, #564, #3062, #2267 ) ) ;
#554 = SURFACE_SIDE_STYLE ('',( #3935 ) ) ;
#555 = EDGE_CURVE ( 'NONE', #2390, #418, #269, .T. ) ;
#556 = CARTESIAN_POINT ( 'NONE',  ( 10.30000000000000071, -9.199999999999999289, 10.37499999999999822 ) ) ;
#557 = EDGE_CURVE ( 'NONE', #852, #4091, #4556, .T. ) ;
#558 = SURFACE_STYLE_FILL_AREA ( #2362 ) ;
#559 = FACE_OUTER_BOUND ( 'NONE', #4068, .T. ) ;
#560 = VERTEX_POINT ( 'NONE', #4584 ) ;
#561 =( NAMED_UNIT ( * ) SI_UNIT ( $, .STERADIAN. ) SOLID_ANGLE_UNIT ( ) );
#562 =( NAMED_UNIT ( * ) SI_UNIT ( $, .STERADIAN. ) SOLID_ANGLE_UNIT ( ) );
#563 = CARTESIAN_POINT ( 'NONE',  ( 30.09289321881345458, -1.322048047086649963E-16, 0.2071067811869031217 ) ) ;
#564 = ORIENTED_EDGE ( 'NONE', *, *, #4195, .F. ) ;
#565 = DIRECTION ( 'NONE',  ( 0.000000000000000000, 0.000000000000000000, 1.000000000000000000 ) ) ;
#566 = DIRECTION ( 'NONE',  ( 0.000000000000000000, 0.000000000000000000, -1.000000000000000000 ) ) ;
#567 = VECTOR ( 'NONE', #4058, 1000.000000000000000 ) ;
#568 = LINE ( 'NONE', #549, #1041 ) ;
#569 = DIRECTION ( 'NONE',  ( 0.000000000000000000, 1.000000000000000000, 0.000000000000000000 ) ) ;
#570 = ORIENTED_EDGE ( 'NONE', *, *, #3424, .F. ) ;
#571 = ORIENTED_EDGE ( 'NONE', *, *, #3127, .T. ) ;
#572 = EDGE_CURVE ( 'NONE', #988, #2302, #1718, .T. ) ;
#573 = FILL_AREA_STYLE ('',( #2423 ) ) ;
#574 = MANIFOLD_SOLID_BREP ( 'Body-Move/Copy1[2]', #4044 ) ;
#575 = EDGE_CURVE ( 'NONE', #1616, #3110, #4201, .T. ) ;
#576 = FACE_OUTER_BOUND ( 'NONE', #3646, .T. ) ;
#577 = VECTOR ( 'NONE', #2217, 1000.000000000000000 ) ;
#578 = FACE_OUTER_BOUND ( 'NONE', #3697, .T. ) ;
#579 = SURFACE_STYLE_USAGE ( .BOTH. , #4538 ) ;
#580 = CARTESIAN_POINT ( 'NONE',  ( 27.80000000000000071, -5.899999999999999467, 5.250000000000000000 ) ) ;
#581 = AXIS2_PLACEMENT_3D ( 'NONE', #4448, #771, #392 ) ;
#582 = SURFACE_STYLE_USAGE ( .BOTH. , #1312 ) ;
#583 = DIRECTION ( 'NONE',  ( 0.7071067811865476838, 0.7071067811865474617, 0.000000000000000000 ) ) ;
#584 = LINE ( 'NONE', #3482, #3384 ) ;
#585 = AXIS2_PLACEMENT_3D ( 'NONE', #2224, #1898, #3671 ) ;
#586 = ORIENTED_EDGE ( 'NONE', *, *, #3141, .F. ) ;
#587 = CIRCLE ( 'NONE', #968, 1.600000000000000755 ) ;
#588 = ORIENTED_EDGE ( 'NONE', *, *, #151, .F. ) ;
#589 = LINE ( 'NONE', #3807, #2402 ) ;
#590 = LINE ( 'NONE', #946, #2239 ) ;
#591 = CARTESIAN_POINT ( 'NONE',  ( 9.757819552369539906E-16, -0.4999999999999998890, 12.50000000000000000 ) ) ;
#592 = AXIS2_PLACEMENT_3D ( 'NONE', #2927, #2237, #1526 ) ;
#593 = ORIENTED_EDGE ( 'NONE', *, *, #1884, .T. ) ;
#594 = DIRECTION ( 'NONE',  ( 0.000000000000000000, 1.000000000000000000, -0.000000000000000000 ) ) ;
#595 = VECTOR ( 'NONE', #1503, 1000.000000000000000 ) ;
#596 = PLANE ( 'NONE',  #1487 ) ;
#597 = DIRECTION ( 'NONE',  ( 0.000000000000000000, 1.000000000000000000, 1.532812255382544111E-12 ) ) ;
#598 = VECTOR ( 'NONE', #12, 1000.000000000000000 ) ;
#599 =( NAMED_UNIT ( * ) SI_UNIT ( $, .STERADIAN. ) SOLID_ANGLE_UNIT ( ) );
#600 = DIRECTION ( 'NONE',  ( 0.000000000000000000, 0.000000000000000000, -1.000000000000000000 ) ) ;
#601 = PRESENTATION_STYLE_ASSIGNMENT (( #579 ) ) ;
#602 = DIRECTION ( 'NONE',  ( 1.000000000000000000, -0.000000000000000000, 0.000000000000000000 ) ) ;
#603 = EDGE_CURVE ( 'NONE', #1726, #4197, #1026, .T. ) ;
#604 = CARTESIAN_POINT ( 'NONE',  ( 0.000000000000000000, -9.199999999999999289, 7.500000000000000000 ) ) ;
#605 = ORIENTED_EDGE ( 'NONE', *, *, #2865, .T. ) ;
#606 = VERTEX_POINT ( 'NONE', #2375 ) ;
#607 = LINE ( 'NONE', #3503, #4350 ) ;
#608 = FACE_OUTER_BOUND ( 'NONE', #4499, .T. ) ;
#609 = CARTESIAN_POINT ( 'NONE',  ( 29.80000000000000071, 1.275191809426007242E-17, 0.4999999999999997780 ) ) ;
#610 = ADVANCED_FACE ( 'NONE', ( #3831 ), #886, .T. ) ;
#611 = ORIENTED_EDGE ( 'NONE', *, *, #1407, .F. ) ;
#612 = ORIENTED_EDGE ( 'NONE', *, *, #1586, .F. ) ;
#613 = EDGE_CURVE ( 'NONE', #1890, #4045, #952, .T. ) ;
#614 = PRESENTATION_STYLE_ASSIGNMENT (( #3873 ) ) ;
#615 = CARTESIAN_POINT ( 'NONE',  ( 3.586907429118601679E-17, -0.2071067811865471009, 0.3284271247461900134 ) ) ;
#616 = CARTESIAN_POINT ( 'NONE',  ( 1.800000000000000266, -5.400000000000000355, 5.250000000000000000 ) ) ;
#617 = ORIENTED_EDGE ( 'NONE', *, *, #4026, .F. ) ;
#618 = VERTEX_POINT ( 'NONE', #975 ) ;
#619 = ORIENTED_EDGE ( 'NONE', *, *, #3192, .F. ) ;
#620 = DIRECTION ( 'NONE',  ( 1.000000000000000000, 0.000000000000000000, 0.000000000000000000 ) ) ;
#621 =( LENGTH_UNIT ( ) NAMED_UNIT ( * ) SI_UNIT ( .MILLI., .METRE. ) );
#622 = DIRECTION ( 'NONE',  ( -0.000000000000000000, -0.000000000000000000, -1.000000000000000000 ) ) ;
#623 = ORIENTED_EDGE ( 'NONE', *, *, #3483, .F. ) ;
#624 = DIRECTION ( 'NONE',  ( -1.000000000000000000, -3.552334763092440048E-17, 0.000000000000000000 ) ) ;
#625 =( LENGTH_UNIT ( ) NAMED_UNIT ( * ) SI_UNIT ( .MILLI., .METRE. ) );
#626 = CARTESIAN_POINT ( 'NONE',  ( 5.799999999999999822, -9.199999999999999289, 13.00000000000000355 ) ) ;
#627 = CARTESIAN_POINT ( 'NONE',  ( 3.115510927079897395E-16, -1.800000000000000488, 7.750000000000000000 ) ) ;
#628 = CARTESIAN_POINT ( 'NONE',  ( 6.900000000000000355, 2.273494248379159954E-16, 11.00000000000000000 ) ) ;
#629 = DIRECTION ( 'NONE',  ( 0.000000000000000000, -0.000000000000000000, -1.000000000000000000 ) ) ;
#630 = EDGE_LOOP ( 'NONE', ( #2065, #2524, #2848, #2514 ) ) ;
#631 = EDGE_CURVE ( 'NONE', #4247, #2260, #2332, .T. ) ;
#632 = DIRECTION ( 'NONE',  ( -0.000000000000000000, -1.000000000000000000, 0.000000000000000000 ) ) ;
#633 = CARTESIAN_POINT ( 'NONE',  ( 10.80000000000000071, -13.19999999999999929, 10.12500000000000000 ) ) ;
#634 = EDGE_CURVE ( 'NONE', #3641, #2576, #3137, .T. ) ;
#635 = VERTEX_POINT ( 'NONE', #1327 ) ;
#636 = ADVANCED_FACE ( 'NONE', ( #3428 ), #3092, .F. ) ;
#637 = DIRECTION ( 'NONE',  ( 0.000000000000000000, 1.000000000000000000, 0.000000000000000000 ) ) ;
#638 = UNCERTAINTY_MEASURE_WITH_UNIT (LENGTH_MEASURE( 1.000000000000000082E-05 ), #1907, 'distance_accuracy_value', 'NONE');
#639 = LINE ( 'NONE', #1, #1654 ) ;
#640 = CLOSED_SHELL ( 'NONE', ( #4551, #1678, #2114, #3862, #1743, #51, #19, #3386, #697, #1332, #3764, #2610, #551, #1804, #1981, #962, #253, #4347, #1402, #230, #1998, #29, #4233, #1178, #2493, #3448, #85, #4019, #4432, #2052, #636, #4202, #1768, #4005, #525, #3106, #3815, #4671, #1417, #4089, #3594, #1970, #2776, #2891, #1308, #693, #3356, #1653, #454, #3953, #2121, #4204, #4474, #4665, #1305, #1976, #3955, #4572, #1978, #3050, #1538, #4352, #4207, #523, #4117, #904, #1558, #1409, #3706, #166, #910, #4441, #953, #1435, #4579, #1474, #3923, #4635, #3642, #3403, #2350, #4490, #2693, #3744, #2465, #2147, #674, #2897, #923, #204, #3341, #3362, #719, #753, #4358, #2517, #2895, #4612, #4294, #1849, #3489, #4418, #2342, #745, #1096, #4296, #2977, #1823, #3615, #174, #2662, #3870, #2192 ) ) ;
#641 = CARTESIAN_POINT ( 'NONE',  ( 0.2071067811865483776, -1.771715400243682796E-16, 12.79289321881309682 ) ) ;
#642 = ORIENTED_EDGE ( 'NONE', *, *, #3733, .T. ) ;
#643 = EDGE_CURVE ( 'NONE', #4566, #3288, #265, .T. ) ;
#644 = ORIENTED_EDGE ( 'NONE', *, *, #3782, .T. ) ;
#645 = ORIENTED_EDGE ( 'NONE', *, *, #146, .F. ) ;
#646 = VECTOR ( 'NONE', #2944, 1000.000000000000000 ) ;
#647 =( NAMED_UNIT ( * ) PLANE_ANGLE_UNIT ( ) SI_UNIT ( $, .RADIAN. ) );
#648 =( LENGTH_UNIT ( ) NAMED_UNIT ( * ) SI_UNIT ( .MILLI., .METRE. ) );
#649 = EDGE_LOOP ( 'NONE', ( #377, #1751, #2472, #755, #737, #2817 ) ) ;
#650 = AXIS2_PLACEMENT_3D ( 'NONE', #853, #3297, #3751 ) ;
#651 = DIRECTION ( 'NONE',  ( -3.552334763092440048E-17, 1.000000000000000000, -5.295029236559480243E-34 ) ) ;
#652 = FACE_OUTER_BOUND ( 'NONE', #81, .T. ) ;
#653 = DIRECTION ( 'NONE',  ( 0.000000000000000000, 0.000000000000000000, -1.000000000000000000 ) ) ;
#654 = DIRECTION ( 'NONE',  ( -1.000000000000000000, -3.552334763092440048E-17, 0.000000000000000000 ) ) ;
#655 = FACE_OUTER_BOUND ( 'NONE', #4076, .T. ) ;
#656 = VERTEX_POINT ( 'NONE', #931 ) ;
#657 = VECTOR ( 'NONE', #3144, 1000.000000000000000 ) ;
#658 = ORIENTED_EDGE ( 'NONE', *, *, #4512, .T. ) ;
#659 = LINE ( 'NONE', #1727, #4389 ) ;
#660 = CARTESIAN_POINT ( 'NONE',  ( 1.800000000000000266, -5.900000000000000355, 7.750000000000000000 ) ) ;
#661 = AXIS2_PLACEMENT_3D ( 'NONE', #1384, #278, #4245 ) ;
#662 = ORIENTED_EDGE ( 'NONE', *, *, #631, .T. ) ;
#663 = VECTOR ( 'NONE', #2238, 1000.000000000000000 ) ;
#664 = SURFACE_STYLE_FILL_AREA ( #3920 ) ;
#665 =( GEOMETRIC_REPRESENTATION_CONTEXT ( 3 ) GLOBAL_UNCERTAINTY_ASSIGNED_CONTEXT ( ( #4394 ) ) GLOBAL_UNIT_ASSIGNED_CONTEXT ( ( #621, #3067, #4203 ) ) REPRESENTATION_CONTEXT ( 'NONE', 'WORKASPACE' ) );
#666 = DIRECTION ( 'NONE',  ( -1.000000000000000000, -1.727013593861350061E-15, -0.000000000000000000 ) ) ;
#667 = EDGE_CURVE ( 'NONE', #930, #3161, #740, .T. ) ;
#668 = ORIENTED_EDGE ( 'NONE', *, *, #3335, .F. ) ;
#669 = EDGE_CURVE ( 'NONE', #2373, #2939, #3630, .T. ) ;
#670 = AXIS2_PLACEMENT_3D ( 'NONE', #2741, #4481, #3124 ) ;
#671 = ORIENTED_EDGE ( 'NONE', *, *, #2349, .T. ) ;
#672 = DIRECTION ( 'NONE',  ( 1.000000000000000000, 0.000000000000000000, -0.000000000000000000 ) ) ;
#673 = ORIENTED_EDGE ( 'NONE', *, *, #2357, .F. ) ;
#674 = ADVANCED_FACE ( 'NONE', ( #4633 ), #2516, .F. ) ;
#675 = AXIS2_PLACEMENT_3D ( 'NONE', #1475, #1885, #128 ) ;
#676 = FILL_AREA_STYLE_COLOUR ( '', #3296 ) ;
#677 = PLANE ( 'NONE',  #2268 ) ;
#678 = DIRECTION ( 'NONE',  ( 1.000000000000000000, 3.552334763092440048E-17, -0.000000000000000000 ) ) ;
#679 = DIRECTION ( 'NONE',  ( 0.000000000000000000, -1.000000000000000000, -0.000000000000000000 ) ) ;
#680 = DIRECTION ( 'NONE',  ( 0.000000000000000000, 0.000000000000000000, 1.000000000000000000 ) ) ;
#681 = VECTOR ( 'NONE', #3970, 1000.000000000000000 ) ;
#682 = LINE ( 'NONE', #1793, #4431 ) ;
#683 = ORIENTED_EDGE ( 'NONE', *, *, #4640, .T. ) ;
#684 = VECTOR ( 'NONE', #3237, 1000.000000000000000 ) ;
#685 = CARTESIAN_POINT ( 'NONE',  ( 2.950000000000000178, -5.900000000000000355, 6.500000000000000888 ) ) ;
#686 = DIRECTION ( 'NONE',  ( -3.080320983233642779E-49, 8.671257605665849524E-33, 1.000000000000000000 ) ) ;
#687 =( GEOMETRIC_REPRESENTATION_CONTEXT ( 3 ) GLOBAL_UNCERTAINTY_ASSIGNED_CONTEXT ( ( #3663 ) ) GLOBAL_UNIT_ASSIGNED_CONTEXT ( ( #2231, #1154, #456 ) ) REPRESENTATION_CONTEXT ( 'NONE', 'WORKASPACE' ) );
#688 = ORIENTED_EDGE ( 'NONE', *, *, #3716, .T. ) ;
#689 = CARTESIAN_POINT ( 'NONE',  ( 27.69999999999999929, -9.000000000000001776, 9.500000000000000000 ) ) ;
#690 = CARTESIAN_POINT ( 'NONE',  ( 3.400000000000000355, -0.3999999999999997446, 1.000000000000000000 ) ) ;
#691 = ORIENTED_EDGE ( 'NONE', *, *, #8, .T. ) ;
#692 = DIRECTION ( 'NONE',  ( 0.000000000000000000, 0.000000000000000000, -1.000000000000000000 ) ) ;
#693 = ADVANCED_FACE ( 'NONE', ( #358 ), #6, .F. ) ;
#694 = CARTESIAN_POINT ( 'NONE',  ( 3.299999999999999822, -9.199999999999999289, 10.12500000000000000 ) ) ;
#695 = ORIENTED_EDGE ( 'NONE', *, *, #1001, .F. ) ;
#696 = EDGE_CURVE ( 'NONE', #1304, #2269, #1446, .T. ) ;
#697 = ADVANCED_FACE ( 'NONE', ( #4653 ), #4280, .T. ) ;
#698 = PLANE ( 'NONE',  #1355 ) ;
#699 = CARTESIAN_POINT ( 'NONE',  ( 0.5000000000000004441, -0.5000000000000002220, 0.000000000000000000 ) ) ;
#700 = CARTESIAN_POINT ( 'NONE',  ( 7.100000000000003197, -13.19999999999999751, 2.875000000000000888 ) ) ;
#701 = CARTESIAN_POINT ( 'NONE',  ( 24.80000000000000426, -4.500000000000000888, 7.750000000000000000 ) ) ;
#702 = ORIENTED_EDGE ( 'NONE', *, *, #704, .F. ) ;
#703 = DIRECTION ( 'NONE',  ( -1.000000000000000000, -0.000000000000000000, 0.000000000000000000 ) ) ;
#704 = EDGE_CURVE ( 'NONE', #1514, #3865, #93, .T. ) ;
#705 = EDGE_LOOP ( 'NONE', ( #1250, #2622, #3414, #673 ) ) ;
#706 = MANIFOLD_SOLID_BREP ( 'Body-Move/Copy2', #2606 ) ;
#707 = SURFACE_STYLE_FILL_AREA ( #4361 ) ;
#708 = DIRECTION ( 'NONE',  ( 1.000000000000000000, 0.000000000000000000, -0.000000000000000000 ) ) ;
#709 = LINE ( 'NONE', #2150, #3929 ) ;
#710 = ORIENTED_EDGE ( 'NONE', *, *, #1449, .F. ) ;
#711 = CARTESIAN_POINT ( 'NONE',  ( 0.5000000000000000000, -0.5000000000000000000, 12.50000000000000000 ) ) ;
#712 = PRESENTATION_STYLE_ASSIGNMENT (( #3183 ) ) ;
#713 = PRODUCT_CONTEXT ( 'NONE', #1517, 'mechanical' ) ;
#714 = ORIENTED_EDGE ( 'NONE', *, *, #4241, .T. ) ;
#715 = DIRECTION ( 'NONE',  ( 1.000000000000000000, 0.000000000000000000, -3.041706916781250134E-16 ) ) ;
#716 = PLANE ( 'NONE',  #4220 ) ;
#717 = VERTEX_POINT ( 'NONE', #2583 ) ;
#718 = VECTOR ( 'NONE', #3427, 1000.000000000000000 ) ;
#719 = ADVANCED_FACE ( 'NONE', ( #499 ), #764, .T. ) ;
#720 = ORIENTED_EDGE ( 'NONE', *, *, #146, .T. ) ;
#721 = DIRECTION ( 'NONE',  ( -1.000000000000000000, 0.000000000000000000, 0.000000000000000000 ) ) ;
#722 = COLOUR_RGB ( '',0.9450980392156862475, 0.9215686274509803377, 0.9294117647058823817 ) ;
#723 = DIRECTION ( 'NONE',  ( 1.000000000000000000, -0.000000000000000000, 0.000000000000000000 ) ) ;
#724 = DIRECTION ( 'NONE',  ( -6.660404722325248780E-28, -2.758829966880926962E-28, 1.000000000000000000 ) ) ;
#725 = VERTEX_POINT ( 'NONE', #2965 ) ;
#726 = EDGE_CURVE ( 'NONE', #16, #1372, #780, .T. ) ;
#727 = ORIENTED_EDGE ( 'NONE', *, *, #1701, .F. ) ;
#728 = DIRECTION ( 'NONE',  ( -0.9238795325112855172, -0.3826834323650928349, -1.802292530558869259E-28 ) ) ;
#729 = CARTESIAN_POINT ( 'NONE',  ( 6.799999999999999822, -9.199999999999999289, 2.625000000000000444 ) ) ;
#730 = DIRECTION ( 'NONE',  ( 0.000000000000000000, 1.000000000000000000, 0.000000000000000000 ) ) ;
#731 = EDGE_CURVE ( 'NONE', #487, #2433, #1464, .T. ) ;
#732 = VECTOR ( 'NONE', #782, 1000.000000000000000 ) ;
#733 = ORIENTED_EDGE ( 'NONE', *, *, #4465, .F. ) ;
#734 = AXIS2_PLACEMENT_3D ( 'NONE', #2962, #3345, #2979 ) ;
#735 =( LENGTH_UNIT ( ) NAMED_UNIT ( * ) SI_UNIT ( .MILLI., .METRE. ) );
#736 = ORIENTED_EDGE ( 'NONE', *, *, #459, .F. ) ;
#737 = ORIENTED_EDGE ( 'NONE', *, *, #1502, .T. ) ;
#738 = ORIENTED_EDGE ( 'NONE', *, *, #1552, .F. ) ;
#739 = VECTOR ( 'NONE', #672, 1000.000000000000000 ) ;
#740 = LINE ( 'NONE', #3952, #1705 ) ;
#741 = PLANE ( 'NONE',  #2249 ) ;
#742 = VECTOR ( 'NONE', #569, 1000.000000000000000 ) ;
#743 = VECTOR ( 'NONE', #583, 1000.000000000000000 ) ;
#744 = FILL_AREA_STYLE ('',( #363 ) ) ;
#745 = ADVANCED_FACE ( 'NONE', ( #2203 ), #4399, .T. ) ;
#746 = CARTESIAN_POINT ( 'NONE',  ( 30.09289321881345103, 9.578474180913609452E-16, 12.50000000000000000 ) ) ;
#747 = CARTESIAN_POINT ( 'NONE',  ( 0.5000000000000034417, -9.199999999999999289, 0.5000000000000000000 ) ) ;
#748 = ORIENTED_EDGE ( 'NONE', *, *, #2961, .T. ) ;
#749 = STYLED_ITEM ( 'NONE', ( #895 ), #1332 ) ;
#750 = LINE ( 'NONE', #2862, #1463 ) ;
#751 = EDGE_CURVE ( 'NONE', #4349, #2336, #3649, .T. ) ;
#752 = AXIS2_PLACEMENT_3D ( 'NONE', #3196, #4686, #2456 ) ;
#753 = ADVANCED_FACE ( 'NONE', ( #2987 ), #4461, .T. ) ;
#754 = CARTESIAN_POINT ( 'NONE',  ( 3.399999999999999911, 1.030177081296810036E-16, 3.500000000000000000 ) ) ;
#755 = ORIENTED_EDGE ( 'NONE', *, *, #751, .F. ) ;
#756 =( GEOMETRIC_REPRESENTATION_CONTEXT ( 3 ) GLOBAL_UNCERTAINTY_ASSIGNED_CONTEXT ( ( #4670 ) ) GLOBAL_UNIT_ASSIGNED_CONTEXT ( ( #625, #2318, #3881 ) ) REPRESENTATION_CONTEXT ( 'NONE', 'WORKASPACE' ) );
#757 = ORIENTED_EDGE ( 'NONE', *, *, #2197, .F. ) ;
#758 = EDGE_CURVE ( 'NONE', #1920, #1801, #4419, .T. ) ;
#759 =( LENGTH_UNIT ( ) NAMED_UNIT ( * ) SI_UNIT ( .MILLI., .METRE. ) );
#760 = SURFACE_STYLE_FILL_AREA ( #4007 ) ;
#761 = ORIENTED_EDGE ( 'NONE', *, *, #1295, .T. ) ;
#762 = ORIENTED_EDGE ( 'NONE', *, *, #3159, .T. ) ;
#763 = EDGE_CURVE ( 'NONE', #827, #852, #1872, .T. ) ;
#764 = CYLINDRICAL_SURFACE ( 'NONE', #2300, 0.4999999999999970024 ) ;
#765 = CARTESIAN_POINT ( 'NONE',  ( 3.849999999999999201, -4.500000000000003553, 7.750000000000000888 ) ) ;
#766 = ORIENTED_EDGE ( 'NONE', *, *, #1016, .F. ) ;
#767 = CARTESIAN_POINT ( 'NONE',  ( 30.30000000000000071, -0.3284271247461888477, 12.79289321881345387 ) ) ;
#768 = EDGE_LOOP ( 'NONE', ( #3276, #1794 ) ) ;
#769 = LINE ( 'NONE', #3734, #595 ) ;
#770 = PLANE ( 'NONE',  #592 ) ;
#771 = DIRECTION ( 'NONE',  ( -0.000000000000000000, 1.000000000000000000, -1.533279229347298462E-12 ) ) ;
#772 = EDGE_CURVE ( 'NONE', #3222, #4669, #2605, .T. ) ;
#773 = ORIENTED_EDGE ( 'NONE', *, *, #4599, .F. ) ;
#774 = EDGE_LOOP ( 'NONE', ( #114, #4565 ) ) ;
#775 = CARTESIAN_POINT ( 'NONE',  ( 28.50000000000000000, -1.800000000000000488, 5.250000000000000000 ) ) ;
#776 = DIRECTION ( 'NONE',  ( 3.700743415417190112E-16, 0.000000000000000000, -1.000000000000000000 ) ) ;
#777 = LINE ( 'NONE', #3206, #1817 ) ;
#778 = EDGE_CURVE ( 'NONE', #393, #2983, #804, .T. ) ;
#779 = ORIENTED_EDGE ( 'NONE', *, *, #2404, .T. ) ;
#780 = LINE ( 'NONE', #3325, #3136 ) ;
#781 = LINE ( 'NONE', #3753, #127 ) ;
#782 = DIRECTION ( 'NONE',  ( 0.000000000000000000, -1.000000000000000000, -0.000000000000000000 ) ) ;
#783 =( NAMED_UNIT ( * ) PLANE_ANGLE_UNIT ( ) SI_UNIT ( $, .RADIAN. ) );
#784 = ORIENTED_EDGE ( 'NONE', *, *, #4328, .T. ) ;
#785 = CARTESIAN_POINT ( 'NONE',  ( 30.30000000000000071, -5.900000000000000355, 7.750000000000000000 ) ) ;
#786 = PRESENTATION_LAYER_ASSIGNMENT (  '', '', ( #1233 ) ) ;
#787 = CARTESIAN_POINT ( 'NONE',  ( 30.30000000000000071, -9.199999999999999289, 12.50000000000000000 ) ) ;
#788 = EDGE_LOOP ( 'NONE', ( #702, #310, #612, #2491, #3557, #1565 ) ) ;
#789 = VECTOR ( 'NONE', #3434, 1000.000000000000114 ) ;
#790 = VECTOR ( 'NONE', #3203, 1000.000000000000000 ) ;
#791 = LINE ( 'NONE', #3338, #4003 ) ;
#792 = SURFACE_SIDE_STYLE ('',( #2574 ) ) ;
#793 = CARTESIAN_POINT ( 'NONE',  ( 6.950000000000000178, -12.83786796564399957, 2.875000000000000888 ) ) ;
#794 = ORIENTED_EDGE ( 'NONE', *, *, #4031, .T. ) ;
#795 = ORIENTED_EDGE ( 'NONE', *, *, #3023, .T. ) ;
#796 = DIRECTION ( 'NONE',  ( 1.000000000000000000, 0.000000000000000000, -0.000000000000000000 ) ) ;
#797 = DIRECTION ( 'NONE',  ( 1.000000000000000000, 3.552334763092440048E-17, 0.000000000000000000 ) ) ;
#798 = FACE_BOUND ( 'NONE', #3834, .T. ) ;
#799 = EDGE_CURVE ( 'NONE', #4103, #930, #1636, .T. ) ;
#800 = VECTOR ( 'NONE', #3883, 1000.000000000000000 ) ;
#801 = ORIENTED_EDGE ( 'NONE', *, *, #3622, .T. ) ;
#802 = ORIENTED_EDGE ( 'NONE', *, *, #4088, .F. ) ;
#803 = ORIENTED_EDGE ( 'NONE', *, *, #1099, .F. ) ;
#804 = LINE ( 'NONE', #3699, #4193 ) ;
#805 = CARTESIAN_POINT ( 'NONE',  ( 27.69999999999999929, -0.3999999999999990230, 3.500000000000000000 ) ) ;
#806 = CARTESIAN_POINT ( 'NONE',  ( 26.80000000000000071, -9.199999999999999289, 2.875000000000000000 ) ) ;
#807 = EDGE_CURVE ( 'NONE', #1281, #1890, #1661, .T. ) ;
#808 = ORIENTED_EDGE ( 'NONE', *, *, #2319, .F. ) ;
#809 = AXIS2_PLACEMENT_3D ( 'NONE', #4593, #1247, #1294 ) ;
#810 = CARTESIAN_POINT ( 'NONE',  ( 4.599999999999999645, 1.456457252867900278E-16, 0.000000000000000000 ) ) ;
#811 = VECTOR ( 'NONE', #2502, 1000.000000000000000 ) ;
#812 = STYLED_ITEM ( 'NONE', ( #614 ), #2610 ) ;
#813 = LINE ( 'NONE', #4355, #4318 ) ;
#814 = ORIENTED_EDGE ( 'NONE', *, *, #1208, .F. ) ;
#815 =( GEOMETRIC_REPRESENTATION_CONTEXT ( 3 ) GLOBAL_UNCERTAINTY_ASSIGNED_CONTEXT ( ( #4250 ) ) GLOBAL_UNIT_ASSIGNED_CONTEXT ( ( #759, #4027, #4455 ) ) REPRESENTATION_CONTEXT ( 'NONE', 'WORKASPACE' ) );
#816 = CARTESIAN_POINT ( 'NONE',  ( 1.690012582823350093E-15, -9.199999999999999289, 12.50000000000000000 ) ) ;
#817 = LINE ( 'NONE', #3027, #1700 ) ;
#818 = CARTESIAN_POINT ( 'NONE',  ( 29.80000000000000071, -0.4999999999998084310, 0.000000000000000000 ) ) ;
#819 = CARTESIAN_POINT ( 'NONE',  ( 24.80000000000000426, -9.200000000000008171, 0.000000000000000000 ) ) ;
#820 = VECTOR ( 'NONE', #2475, 1000.000000000000000 ) ;
#821 = ORIENTED_EDGE ( 'NONE', *, *, #807, .T. ) ;
#822 = ORIENTED_EDGE ( 'NONE', *, *, #3924, .T. ) ;
#823 = VECTOR ( 'NONE', #2086, 1000.000000000000000 ) ;
#824 = CARTESIAN_POINT ( 'NONE',  ( 3.450000000000000178, -12.83786796564399957, 10.18750000000000000 ) ) ;
#825 = DIRECTION ( 'NONE',  ( -0.000000000000000000, -1.000000000000000000, -0.000000000000000000 ) ) ;
#826 = STYLED_ITEM ( 'NONE', ( #4655 ), #1675 ) ;
#827 = VERTEX_POINT ( 'NONE', #2042 ) ;
#828 = VERTEX_POINT ( 'NONE', #4484 ) ;
#829 = CARTESIAN_POINT ( 'NONE',  ( 0.5000000000000004441, -0.5000000000000002220, 12.50000000000000000 ) ) ;
#830 = AXIS2_PLACEMENT_3D ( 'NONE', #4443, #3730, #4059 ) ;
#831 = LINE ( 'NONE', #1489, #3313 ) ;
#832 = DIRECTION ( 'NONE',  ( -1.000000000000000000, 0.000000000000000000, -0.000000000000000000 ) ) ;
#833 = ORIENTED_EDGE ( 'NONE', *, *, #2284, .F. ) ;
#834 = DIRECTION ( 'NONE',  ( -1.000000000000000000, -0.000000000000000000, 0.000000000000000000 ) ) ;
#835 = EDGE_CURVE ( 'NONE', #2866, #4560, #142, .T. ) ;
#836 = CARTESIAN_POINT ( 'NONE',  ( 3.200000000000000178, -0.2000000000000000111, 1.000000000000000000 ) ) ;
#837 = CARTESIAN_POINT ( 'NONE',  ( 11.00000000000000000, -13.19999999999999929, 10.37499999999999822 ) ) ;
#838 = VERTEX_POINT ( 'NONE', #1682 ) ;
#839 = EDGE_CURVE ( 'NONE', #3558, #3208, #3748, .T. ) ;
#840 = CARTESIAN_POINT ( 'NONE',  ( 27.80000000000000071, -4.500000000000000888, 7.750000000000000000 ) ) ;
#841 =( NAMED_UNIT ( * ) SI_UNIT ( $, .STERADIAN. ) SOLID_ANGLE_UNIT ( ) );
#842 = LINE ( 'NONE', #3052, #1813 ) ;
#843 = CARTESIAN_POINT ( 'NONE',  ( 15.64220150327190062, -4.403415736689430204, 13.00000000000000178 ) ) ;
#844 = CARTESIAN_POINT ( 'NONE',  ( 6.700000000000000178, -0.2000000000000000111, 4.750000000000000000 ) ) ;
#845 =( NAMED_UNIT ( * ) PLANE_ANGLE_UNIT ( ) SI_UNIT ( $, .RADIAN. ) );
#846 = ORIENTED_EDGE ( 'NONE', *, *, #465, .T. ) ;
#847 = CARTESIAN_POINT ( 'NONE',  ( 10.59999999999999964, -13.19999999999999929, 10.24999999999999822 ) ) ;
#848 = CARTESIAN_POINT ( 'NONE',  ( 3.115510927079859924E-16, -1.800000000000000266, 5.250000000000000000 ) ) ;
#849 = CARTESIAN_POINT ( 'NONE',  ( 27.30000000000000071, -9.000000000000001776, 2.750000000000000000 ) ) ;
#850 = DIRECTION ( 'NONE',  ( -0.000000000000000000, -1.000000000000000000, 0.000000000000000000 ) ) ;
#851 = EDGE_LOOP ( 'NONE', ( #4359, #3012, #1829, #2968 ) ) ;
#852 = VERTEX_POINT ( 'NONE', #1064 ) ;
#853 = CARTESIAN_POINT ( 'NONE',  ( 27.80000000000000071, -9.199999999999999289, 10.12500000000000000 ) ) ;
#854 = CARTESIAN_POINT ( 'NONE',  ( 26.50000000000000000, 9.020562075079400835E-16, 11.00000000000000000 ) ) ;
#855 = CARTESIAN_POINT ( 'NONE',  ( 27.80000000000000071, -13.19999999999999929, 2.625000000000000000 ) ) ;
#856 = PRESENTATION_STYLE_ASSIGNMENT (( #3267 ) ) ;
#857 = EDGE_LOOP ( 'NONE', ( #3892, #3625, #3506, #3877 ) ) ;
#858 = DIRECTION ( 'NONE',  ( -3.589274842273814680E-73, 6.096928186977939822E-45, 1.000000000000000000 ) ) ;
#859 = LINE ( 'NONE', #1497, #1746 ) ;
#860 = DIRECTION ( 'NONE',  ( 0.3826834323651046588, 0.9238795325112805212, 0.000000000000000000 ) ) ;
#861 = EDGE_LOOP ( 'NONE', ( #1007, #1542, #182, #2414 ) ) ;
#862 = AXIS2_PLACEMENT_3D ( 'NONE', #2657, #4372, #2563 ) ;
#863 = VECTOR ( 'NONE', #3963, 1000.000000000000000 ) ;
#864 = CARTESIAN_POINT ( 'NONE',  ( 14.80000000000000071, -4.500000000000000888, 7.750000000000000000 ) ) ;
#865 = STYLED_ITEM ( 'NONE', ( #159 ), #22 ) ;
#866 = EDGE_CURVE ( 'NONE', #3481, #3293, #3064, .T. ) ;
#867 = CARTESIAN_POINT ( 'NONE',  ( 30.30000000000000071, -1.800000000000000266, 7.750000000000000000 ) ) ;
#868 = CARTESIAN_POINT ( 'NONE',  ( 27.79999999999998650, -12.47573593128809577, 10.12500000000000000 ) ) ;
#869 = DIRECTION ( 'NONE',  ( -1.000000000000000000, -3.552334763092440048E-17, 0.000000000000000000 ) ) ;
#870 = EDGE_CURVE ( 'NONE', #4687, #828, #2174, .T. ) ;
#871 = DIRECTION ( 'NONE',  ( -1.000000000000000000, 0.000000000000000000, 0.000000000000000000 ) ) ;
#872 = ORIENTED_EDGE ( 'NONE', *, *, #2665, .T. ) ;
#873 = DIRECTION ( 'NONE',  ( -3.552334763092440048E-17, 1.000000000000000000, 0.000000000000000000 ) ) ;
#874 = CYLINDRICAL_SURFACE ( 'NONE', #3184, 0.5000000000000000000 ) ;
#875 = DIRECTION ( 'NONE',  ( 3.552334763092440048E-17, -1.000000000000000000, -0.000000000000000000 ) ) ;
#876 = LINE ( 'NONE', #1968, #3769 ) ;
#877 = PRESENTATION_LAYER_ASSIGNMENT (  '', '', ( #2914 ) ) ;
#878 = ORIENTED_EDGE ( 'NONE', *, *, #4695, .T. ) ;
#879 = ORIENTED_EDGE ( 'NONE', *, *, #3431, .F. ) ;
#880 = DIRECTION ( 'NONE',  ( 1.000000000000000000, 0.000000000000000000, 0.000000000000000000 ) ) ;
#881 = LINE ( 'NONE', #1541, #1331 ) ;
#882 = CARTESIAN_POINT ( 'NONE',  ( 5.799999999999999822, -9.199999999999999289, 0.000000000000000000 ) ) ;
#883 = VERTEX_POINT ( 'NONE', #4338 ) ;
#884 = AXIS2_PLACEMENT_3D ( 'NONE', #2967, #1919, #4421 ) ;
#885 = LINE ( 'NONE', #4086, #3595 ) ;
#886 = PLANE ( 'NONE',  #1093 ) ;
#887 = FACE_OUTER_BOUND ( 'NONE', #2158, .T. ) ;
#888 = VECTOR ( 'NONE', #825, 1000.000000000000000 ) ;
#889 = DIRECTION ( 'NONE',  ( 0.000000000000000000, 0.000000000000000000, -1.000000000000000000 ) ) ;
#890 = ORIENTED_EDGE ( 'NONE', *, *, #3667, .F. ) ;
#891 = AXIS2_PLACEMENT_3D ( 'NONE', #2830, #723, #653 ) ;
#892 = VECTOR ( 'NONE', #3540, 1000.000000000000000 ) ;
#893 = CARTESIAN_POINT ( 'NONE',  ( 27.80000000000000071, -9.199999999999999289, 2.875000000000000000 ) ) ;
#894 = SURFACE_SIDE_STYLE ('',( #4140 ) ) ;
#895 = PRESENTATION_STYLE_ASSIGNMENT (( #3475 ) ) ;
#896 =( GEOMETRIC_REPRESENTATION_CONTEXT ( 3 ) GLOBAL_UNCERTAINTY_ASSIGNED_CONTEXT ( ( #3621 ) ) GLOBAL_UNIT_ASSIGNED_CONTEXT ( ( #2819, #2512, #308 ) ) REPRESENTATION_CONTEXT ( 'NONE', 'WORKASPACE' ) );
#897 = ADVANCED_FACE ( 'NONE', ( #4367 ), #2511, .T. ) ;
#898 = SURFACE_STYLE_FILL_AREA ( #2097 ) ;
#899 = VECTOR ( 'NONE', #3285, 1000.000000000000000 ) ;
#900 = CARTESIAN_POINT ( 'NONE',  ( 26.89999999999999858, -9.000000000000001776, 10.25000000000000000 ) ) ;
#901 = CARTESIAN_POINT ( 'NONE',  ( 29.80000000000000071, -1.142702675631125773E-16, 0.2071067811869031494 ) ) ;
#902 = VECTOR ( 'NONE', #880, 1000.000000000000000 ) ;
#903 = ORIENTED_EDGE ( 'NONE', *, *, #2722, .T. ) ;
#904 = ADVANCED_FACE ( 'NONE', ( #3690 ), #4121, .F. ) ;
#905 = CARTESIAN_POINT ( 'NONE',  ( 28.50000000000000000, -1.800000000000000266, 7.750000000000000000 ) ) ;
#906 = CARTESIAN_POINT ( 'NONE',  ( 29.80000000000000071, 9.432558900623890548E-16, 12.50000000000000000 ) ) ;
#907 =( NAMED_UNIT ( * ) PLANE_ANGLE_UNIT ( ) SI_UNIT ( $, .RADIAN. ) );
#908 = DIRECTION ( 'NONE',  ( 0.000000000000000000, -0.000000000000000000, -1.000000000000000000 ) ) ;
#909 = ORIENTED_EDGE ( 'NONE', *, *, #2151, .T. ) ;
#910 = ADVANCED_FACE ( 'NONE', ( #160 ), #67, .F. ) ;
#911 = VECTOR ( 'NONE', #1936, 1000.000000000000000 ) ;
#912 = SURFACE_SIDE_STYLE ('',( #3119 ) ) ;
#913 = COLOUR_RGB ( '',0.9450980392156862475, 0.9215686274509803377, 0.9294117647058823817 ) ;
#914 = ORIENTED_EDGE ( 'NONE', *, *, #643, .F. ) ;
#915 = ORIENTED_EDGE ( 'NONE', *, *, #548, .F. ) ;
#916 = DIRECTION ( 'NONE',  ( 1.000000000000000000, -0.000000000000000000, 0.000000000000000000 ) ) ;
#917 = DIRECTION ( 'NONE',  ( 1.000000000000000000, -0.000000000000000000, 0.000000000000000000 ) ) ;
#918 = DIRECTION ( 'NONE',  ( -0.7071067811865480168, 0.7071067811865470176, 0.000000000000000000 ) ) ;
#919 =( NAMED_UNIT ( * ) PLANE_ANGLE_UNIT ( ) SI_UNIT ( $, .RADIAN. ) );
#920 = ORIENTED_EDGE ( 'NONE', *, *, #2437, .F. ) ;
#921 = CARTESIAN_POINT ( 'NONE',  ( 4.000000000000000000, -13.19999999999999929, 10.37499999999999822 ) ) ;
#922 = CARTESIAN_POINT ( 'NONE',  ( 4.299999999999999822, -9.199999999999999289, 10.37499999999999822 ) ) ;
#923 = ADVANCED_FACE ( 'NONE', ( #3056 ), #4046, .F. ) ;
#924 = EDGE_LOOP ( 'NONE', ( #3569, #104, #2426, #349 ) ) ;
#925 = SURFACE_STYLE_FILL_AREA ( #3085 ) ;
#926 = DIRECTION ( 'NONE',  ( -1.000000000000000000, -0.000000000000000000, 0.000000000000000000 ) ) ;
#927 = EDGE_LOOP ( 'NONE', ( #3150, #3668, #3578, #733, #1448, #4179 ) ) ;
#928 = EDGE_CURVE ( 'NONE', #1372, #4050, #3361, .T. ) ;
#929 = VERTEX_POINT ( 'NONE', #3005 ) ;
#930 = VERTEX_POINT ( 'NONE', #4452 ) ;
#931 = CARTESIAN_POINT ( 'NONE',  ( 26.50000000000000000, 1.348307623618881700E-15, 3.500000000000000444 ) ) ;
#932 = SURFACE_STYLE_USAGE ( .BOTH. , #4229 ) ;
#933 = ORIENTED_EDGE ( 'NONE', *, *, #3976, .F. ) ;
#934 = ORIENTED_EDGE ( 'NONE', *, *, #4351, .T. ) ;
#935 = SURFACE_STYLE_FILL_AREA ( #3497 ) ;
#936 = CARTESIAN_POINT ( 'NONE',  ( 24.80000000000000426, -9.200000000000004619, 1.000000000000000000 ) ) ;
#937 = ORIENTED_EDGE ( 'NONE', *, *, #3508, .T. ) ;
#938 = PRESENTATION_STYLE_ASSIGNMENT (( #2036 ) ) ;
#939 = DIRECTION ( 'NONE',  ( 0.000000000000000000, 0.000000000000000000, -1.000000000000000000 ) ) ;
#940 = STYLED_ITEM ( 'NONE', ( #1437 ), #897 ) ;
#941 = VECTOR ( 'NONE', #629, 1000.000000000000000 ) ;
#942 = VERTEX_POINT ( 'NONE', #1194 ) ;
#943 = CARTESIAN_POINT ( 'NONE',  ( 26.80000000000001137, -12.47573593128809755, 2.625000000000000000 ) ) ;
#944 = AXIS2_PLACEMENT_3D ( 'NONE', #1984, #3735, #3071 ) ;
#945 = DIRECTION ( 'NONE',  ( 7.064426016904629900E-28, 1.000000000000000000, -8.241830353055389144E-28 ) ) ;
#946 = CARTESIAN_POINT ( 'NONE',  ( 15.64220150327190062, -9.500000000000000000, 13.00000000000000178 ) ) ;
#947 = DIRECTION ( 'NONE',  ( -3.552334763092440048E-17, 1.000000000000000000, 0.000000000000000000 ) ) ;
#948 = DIRECTION ( 'NONE',  ( -1.000000000000000000, -1.881733940042640093E-16, 0.000000000000000000 ) ) ;
#949 = ORIENTED_EDGE ( 'NONE', *, *, #1291, .F. ) ;
#950 = ORIENTED_EDGE ( 'NONE', *, *, #2324, .T. ) ;
#951 = VERTEX_POINT ( 'NONE', #488 ) ;
#952 = LINE ( 'NONE', #2399, #1083 ) ;
#953 = ADVANCED_FACE ( 'NONE', ( #134 ), #1967, .F. ) ;
#954 = DIRECTION ( 'NONE',  ( 0.000000000000000000, 1.000000000000000000, 0.000000000000000000 ) ) ;
#955 = AXIS2_PLACEMENT_3D ( 'NONE', #2839, #1728, #2436 ) ;
#956 = CARTESIAN_POINT ( 'NONE',  ( 27.80000000000000071, -9.199999999999999289, 2.625000000000000000 ) ) ;
#957 = DIRECTION ( 'NONE',  ( -1.000000000000000000, -0.000000000000000000, -0.000000000000000000 ) ) ;
#958 = FACE_BOUND ( 'NONE', #774, .T. ) ;
#959 = AXIS2_PLACEMENT_3D ( 'NONE', #130, #2551, #2905 ) ;
#960 = DIRECTION ( 'NONE',  ( -1.000000000000000000, 0.000000000000000000, -0.000000000000000000 ) ) ;
#961 = AXIS2_PLACEMENT_3D ( 'NONE', #2777, #2424, #2518 ) ;
#962 = ADVANCED_FACE ( 'NONE', ( #4621 ), #4591, .T. ) ;
#963 = ORIENTED_EDGE ( 'NONE', *, *, #4145, .T. ) ;
#964 = DIRECTION ( 'NONE',  ( 1.000000000000000000, 0.000000000000000000, -0.000000000000000000 ) ) ;
#965 = DIRECTION ( 'NONE',  ( -0.000000000000000000, -1.000000000000000000, -0.000000000000000000 ) ) ;
#966 = STYLED_ITEM ( 'NONE', ( #938 ), #2931 ) ;
#967 = VERTEX_POINT ( 'NONE', #3455 ) ;
#968 = AXIS2_PLACEMENT_3D ( 'NONE', #3803, #875, #1220 ) ;
#969 = CARTESIAN_POINT ( 'NONE',  ( 15.64220150327190062, -9.199999999999999289, 13.00000000000000178 ) ) ;
#970 = CARTESIAN_POINT ( 'NONE',  ( 0.2071067811865477670, 3.558800206420749167E-16, 0.5000000000000000000 ) ) ;
#971 = CARTESIAN_POINT ( 'NONE',  ( 0.2071067811865483776, -0.4999999999992337241, 13.00000000000000000 ) ) ;
#972 = VERTEX_POINT ( 'NONE', #3522 ) ;
#973 = VECTOR ( 'NONE', #4064, 1000.000000000000000 ) ;
#974 = ORIENTED_EDGE ( 'NONE', *, *, #3536, .F. ) ;
#975 = CARTESIAN_POINT ( 'NONE',  ( 26.89999999999999858, -0.3999999999999987454, 9.500000000000000000 ) ) ;
#976 = FILL_AREA_STYLE_COLOUR ( '', #1819 ) ;
#977 = ORIENTED_EDGE ( 'NONE', *, *, #348, .F. ) ;
#978 = VECTOR ( 'NONE', #1766, 1000.000000000000000 ) ;
#979 = EDGE_CURVE ( 'NONE', #3763, #1135, #607, .T. ) ;
#980 = CARTESIAN_POINT ( 'NONE',  ( 14.80000000000000071, -9.199999999999999289, 5.250000000000000000 ) ) ;
#981 = DIRECTION ( 'NONE',  ( 0.000000000000000000, 1.000000000000000000, 0.000000000000000000 ) ) ;
#982 = MECHANICAL_DESIGN_GEOMETRIC_PRESENTATION_REPRESENTATION (  '', ( #152 ), #2803 ) ;
#983 = FACE_OUTER_BOUND ( 'NONE', #4408, .T. ) ;
#984 = DIRECTION ( 'NONE',  ( -0.7071067811865480168, -0.7071067811865470176, 0.000000000000000000 ) ) ;
#985 = CARTESIAN_POINT ( 'NONE',  ( 0.000000000000000000, -0.4999999999999998890, 0.000000000000000000 ) ) ;
#986 = EDGE_CURVE ( 'NONE', #41, #2336, #2836, .T. ) ;
#987 = DIRECTION ( 'NONE',  ( 0.000000000000000000, 0.000000000000000000, 1.000000000000000000 ) ) ;
#988 = VERTEX_POINT ( 'NONE', #3614 ) ;
#989 = DIRECTION ( 'NONE',  ( -1.000000000000000000, 0.000000000000000000, 0.000000000000000000 ) ) ;
#990 = CARTESIAN_POINT ( 'NONE',  ( 26.50000000000000000, 1.732792819036553710E-15, 2.000000000000000000 ) ) ;
#991 = CARTESIAN_POINT ( 'NONE',  ( 3.300000000000022915, -12.47573593128809044, 10.18750000000000000 ) ) ;
#992 = EDGE_CURVE ( 'NONE', #3596, #2871, #2507, .T. ) ;
#993 = ORIENTED_EDGE ( 'NONE', *, *, #3773, .F. ) ;
#994 = DIRECTION ( 'NONE',  ( 0.000000000000000000, -0.000000000000000000, -1.000000000000000000 ) ) ;
#995 = LINE ( 'NONE', #191, #1256 ) ;
#996 = CARTESIAN_POINT ( 'NONE',  ( 30.09289321881345458, -0.2071067811865459629, 13.00000000000000000 ) ) ;
#997 = ORIENTED_EDGE ( 'NONE', *, *, #3773, .T. ) ;
#998 = FILL_AREA_STYLE ('',( #4346 ) ) ;
#999 = DIRECTION ( 'NONE',  ( 0.000000000000000000, 0.000000000000000000, 1.000000000000000000 ) ) ;
#1000 = DIRECTION ( 'NONE',  ( 1.000000000000000000, 0.000000000000000000, 0.000000000000000000 ) ) ;
#1001 = EDGE_CURVE ( 'NONE', #4045, #2295, #750, .T. ) ;
#1002 = CARTESIAN_POINT ( 'NONE',  ( 15.64220150327190062, -9.500000000000000000, 13.00000000000000178 ) ) ;
#1003 = FACE_OUTER_BOUND ( 'NONE', #4169, .T. ) ;
#1004 = FACE_OUTER_BOUND ( 'NONE', #927, .T. ) ;
#1005 = DIRECTION ( 'NONE',  ( 0.000000000000000000, 1.000000000000000000, 0.000000000000000000 ) ) ;
#1006 = ORIENTED_EDGE ( 'NONE', *, *, #4138, .T. ) ;
#1007 = ORIENTED_EDGE ( 'NONE', *, *, #4056, .F. ) ;
#1008 =( NAMED_UNIT ( * ) PLANE_ANGLE_UNIT ( ) SI_UNIT ( $, .RADIAN. ) );
#1009 = EDGE_CURVE ( 'NONE', #3855, #1479, #4664, .T. ) ;
#1010 = EDGE_CURVE ( 'NONE', #276, #3161, #1432, .T. ) ;
#1011 = LINE ( 'NONE', #1698, #2110 ) ;
#1012 = LINE ( 'NONE', #3617, #3238 ) ;
#1013 = ORIENTED_EDGE ( 'NONE', *, *, #603, .T. ) ;
#1014 = UNCERTAINTY_MEASURE_WITH_UNIT (LENGTH_MEASURE( 1.000000000000000082E-05 ), #2616, 'distance_accuracy_value', 'NONE');
#1015 = CARTESIAN_POINT ( 'NONE',  ( 3.399999999999999911, -0.4000000000000000222, 2.000000000000000000 ) ) ;
#1016 = EDGE_CURVE ( 'NONE', #1679, #2196, #2813, .T. ) ;
#1017 = CARTESIAN_POINT ( 'NONE',  ( 10.40000000000000213, 3.516811415461510242E-16, 3.500000000000000000 ) ) ;
#1018 = FILL_AREA_STYLE_COLOUR ( '', #2019 ) ;
#1019 = VECTOR ( 'NONE', #987, 1000.000000000000000 ) ;
#1020 = ORIENTED_EDGE ( 'NONE', *, *, #4023, .F. ) ;
#1021 = VERTEX_POINT ( 'NONE', #1455 ) ;
#1022 = ORIENTED_EDGE ( 'NONE', *, *, #429, .T. ) ;
#1023 = PRESENTATION_LAYER_ASSIGNMENT (  '', '', ( #4360 ) ) ;
#1024 = SURFACE_SIDE_STYLE ('',( #384 ) ) ;
#1025 = CARTESIAN_POINT ( 'NONE',  ( 26.80000000000000071, -9.200000000000001066, 2.625000000000000000 ) ) ;
#1026 = LINE ( 'NONE', #535, #3658 ) ;
#1027 = PRESENTATION_STYLE_ASSIGNMENT (( #4286 ) ) ;
#1028 = LINE ( 'NONE', #3584, #2045 ) ;
#1029 = LINE ( 'NONE', #2146, #335 ) ;
#1030 = CIRCLE ( 'NONE', #2544, 0.4999999999999970024 ) ;
#1031 = CARTESIAN_POINT ( 'NONE',  ( 28.10000000000000497, 9.804443946135135838E-16, 0.000000000000000000 ) ) ;
#1032 = DIRECTION ( 'NONE',  ( 0.000000000000000000, 0.000000000000000000, -1.000000000000000000 ) ) ;
#1033 = DIRECTION ( 'NONE',  ( 1.000000000000000000, -0.000000000000000000, 0.000000000000000000 ) ) ;
#1034 = CIRCLE ( 'NONE', #661, 0.5000000000000004441 ) ;
#1035 = EDGE_LOOP ( 'NONE', ( #4550, #2841 ) ) ;
#1036 = VECTOR ( 'NONE', #917, 1000.000000000000000 ) ;
#1037 = VECTOR ( 'NONE', #385, 1000.000000000000000 ) ;
#1038 = DIRECTION ( 'NONE',  ( -3.708823658874909773E-30, 0.000000000000000000, -1.000000000000000000 ) ) ;
#1039 = ORIENTED_EDGE ( 'NONE', *, *, #572, .T. ) ;
#1040 = EDGE_CURVE ( 'NONE', #2744, #3511, #2167, .T. ) ;
#1041 = VECTOR ( 'NONE', #3114, 1000.000000000000000 ) ;
#1042 = EDGE_CURVE ( 'NONE', #3315, #1388, #4266, .T. ) ;
#1043 = ORIENTED_EDGE ( 'NONE', *, *, #4497, .F. ) ;
#1044 = EDGE_LOOP ( 'NONE', ( #4356, #2949, #2152, #2220 ) ) ;
#1045 = CARTESIAN_POINT ( 'NONE',  ( 28.10000000000000142, 1.551845767041532714E-15, 3.500000000000000000 ) ) ;
#1046 =( GEOMETRIC_REPRESENTATION_CONTEXT ( 3 ) GLOBAL_UNCERTAINTY_ASSIGNED_CONTEXT ( ( #2769 ) ) GLOBAL_UNIT_ASSIGNED_CONTEXT ( ( #1672, #2006, #2337 ) ) REPRESENTATION_CONTEXT ( 'NONE', 'WORKASPACE' ) );
#1047 = VERTEX_POINT ( 'NONE', #1835 ) ;
#1048 = ADVANCED_FACE ( 'NONE', ( #324 ), #345, .T. ) ;
#1049 = VECTOR ( 'NONE', #3026, 1000.000000000000000 ) ;
#1050 = DIRECTION ( 'NONE',  ( 0.000000000000000000, -1.000000000000000000, -0.000000000000000000 ) ) ;
#1051 = LINE ( 'NONE', #1002, #657 ) ;
#1052 = DIRECTION ( 'NONE',  ( 0.000000000000000000, 1.000000000000000000, -2.220446049250310123E-16 ) ) ;
#1053 = CARTESIAN_POINT ( 'NONE',  ( 27.69999999999999929, 9.662350555611429928E-16, 3.500000000000000000 ) ) ;
#1054 = AXIS2_PLACEMENT_3D ( 'NONE', #25, #4374, #4084 ) ;
#1055 = ORIENTED_EDGE ( 'NONE', *, *, #1249, .F. ) ;
#1056 = DIRECTION ( 'NONE',  ( -1.000000000000000000, -3.552334763092440048E-17, 0.000000000000000000 ) ) ;
#1057 = ORIENTED_EDGE ( 'NONE', *, *, #262, .T. ) ;
#1058 = PRESENTATION_LAYER_ASSIGNMENT (  '', '', ( #152 ) ) ;
#1059 = ORIENTED_EDGE ( 'NONE', *, *, #2031, .T. ) ;
#1060 = FILL_AREA_STYLE_COLOUR ( '', #3702 ) ;
#1061 = DIRECTION ( 'NONE',  ( -0.000000000000000000, -0.000000000000000000, -1.000000000000000000 ) ) ;
#1062 = CARTESIAN_POINT ( 'NONE',  ( 7.700000000000000178, 2.557681029426550080E-16, 11.00000000000000000 ) ) ;
#1063 = ORIENTED_EDGE ( 'NONE', *, *, #2950, .T. ) ;
#1064 = CARTESIAN_POINT ( 'NONE',  ( 24.80000000000000426, -9.500000000000000000, 12.00000000000000178 ) ) ;
#1065 = LINE ( 'NONE', #1015, #3835 ) ;
#1066 = UNCERTAINTY_MEASURE_WITH_UNIT (LENGTH_MEASURE( 1.000000000000000082E-05 ), #1175, 'distance_accuracy_value', 'NONE');
#1067 = DIRECTION ( 'NONE',  ( 0.000000000000000000, -0.000000000000000000, -1.000000000000000000 ) ) ;
#1068 = EDGE_CURVE ( 'NONE', #3526, #4303, #1860, .T. ) ;
#1069 = LINE ( 'NONE', #4298, #681 ) ;
#1070 = ORIENTED_EDGE ( 'NONE', *, *, #1767, .F. ) ;
#1071 = EDGE_LOOP ( 'NONE', ( #3549, #1298, #3661 ) ) ;
#1072 = CARTESIAN_POINT ( 'NONE',  ( 26.89999999999999858, -9.000000000000001776, 3.500000000000000000 ) ) ;
#1073 = EDGE_CURVE ( 'NONE', #1514, #1478, #791, .T. ) ;
#1074 = ORIENTED_EDGE ( 'NONE', *, *, #235, .T. ) ;
#1075 = FACE_OUTER_BOUND ( 'NONE', #3316, .T. ) ;
#1076 = PRODUCT ( '95132', '95132', '', ( #713 ) ) ;
#1077 = CARTESIAN_POINT ( 'NONE',  ( 0.5000000000000000000, 0.000000000000000000, 2.000000000000000000 ) ) ;
#1078 = ORIENTED_EDGE ( 'NONE', *, *, #3218, .F. ) ;
#1079 = CARTESIAN_POINT ( 'NONE',  ( 3.399999999999999911, 1.030177081296810036E-16, 3.500000000000000000 ) ) ;
#1080 = CARTESIAN_POINT ( 'NONE',  ( 30.30000000000000426, -9.199999999999999289, 7.749999999999999112 ) ) ;
#1081 = LINE ( 'NONE', #2529, #4596 ) ;
#1082 = ORIENTED_EDGE ( 'NONE', *, *, #3809, .F. ) ;
#1083 = VECTOR ( 'NONE', #594, 1000.000000000000000 ) ;
#1084 = ORIENTED_EDGE ( 'NONE', *, *, #1469, .F. ) ;
#1085 = VERTEX_POINT ( 'NONE', #4113 ) ;
#1086 = ORIENTED_EDGE ( 'NONE', *, *, #667, .F. ) ;
#1087 = VECTOR ( 'NONE', #236, 1000.000000000000000 ) ;
#1088 = LINE ( 'NONE', #1391, #1037 ) ;
#1089 = ORIENTED_EDGE ( 'NONE', *, *, #3839, .T. ) ;
#1090 = VECTOR ( 'NONE', #2129, 1000.000000000000000 ) ;
#1091 = EDGE_CURVE ( 'NONE', #442, #4438, #4409, .T. ) ;
#1092 =( NAMED_UNIT ( * ) SI_UNIT ( $, .STERADIAN. ) SOLID_ANGLE_UNIT ( ) );
#1093 = AXIS2_PLACEMENT_3D ( 'NONE', #2021, #1307, #3514 ) ;
#1094 = CARTESIAN_POINT ( 'NONE',  ( 30.30000000000000071, -0.4999999999999986677, 12.50000000000000000 ) ) ;
#1095 = ORIENTED_EDGE ( 'NONE', *, *, #3882, .F. ) ;
#1096 = ADVANCED_FACE ( 'NONE', ( #2953 ), #2573, .F. ) ;
#1097 = LINE ( 'NONE', #1159, #2938 ) ;
#1098 = DIRECTION ( 'NONE',  ( 0.000000000000000000, 1.000000000000000000, 0.000000000000000000 ) ) ;
#1099 = EDGE_CURVE ( 'NONE', #1105, #188, #59, .T. ) ;
#1100 =( NAMED_UNIT ( * ) PLANE_ANGLE_UNIT ( ) SI_UNIT ( $, .RADIAN. ) );
#1101 = ORIENTED_EDGE ( 'NONE', *, *, #1494, .F. ) ;
#1102 = SURFACE_STYLE_USAGE ( .BOTH. , #1460 ) ;
#1103 = LINE ( 'NONE', #3624, #1943 ) ;
#1104 = VECTOR ( 'NONE', #1555, 1000.000000000000000 ) ;
#1105 = VERTEX_POINT ( 'NONE', #1137 ) ;
#1106 = ORIENTED_EDGE ( 'NONE', *, *, #1068, .T. ) ;
#1107 = AXIS2_PLACEMENT_3D ( 'NONE', #2522, #2855, #1337 ) ;
#1108 = FILL_AREA_STYLE ('',( #449 ) ) ;
#1109 = CARTESIAN_POINT ( 'NONE',  ( 7.700000000000000178, 2.557681029426550080E-16, 11.00000000000000000 ) ) ;
#1110 = ORIENTED_EDGE ( 'NONE', *, *, #1647, .T. ) ;
#1111 = AXIS2_PLACEMENT_3D ( 'NONE', #3947, #2869, #4321 ) ;
#1112 = MECHANICAL_DESIGN_GEOMETRIC_PRESENTATION_REPRESENTATION (  '', ( #3322 ), #1046 ) ;
#1113 = LINE ( 'NONE', #9, #3109 ) ;
#1114 = DIRECTION ( 'NONE',  ( 1.000000000000000000, 0.000000000000000000, 0.000000000000000000 ) ) ;
#1115 = VERTEX_POINT ( 'NONE', #82 ) ;
#1116 = AXIS2_PLACEMENT_3D ( 'NONE', #1681, #565, #1276 ) ;
#1117 = VECTOR ( 'NONE', #2503, 1000.000000000000000 ) ;
#1118 = CARTESIAN_POINT ( 'NONE',  ( 3.299999999999999822, -9.199999999999999289, 10.37499999999999822 ) ) ;
#1119 = PLANE ( 'NONE',  #4445 ) ;
#1120 = SURFACE_SIDE_STYLE ('',( #3688 ) ) ;
#1121 = VECTOR ( 'NONE', #3405, 1000.000000000000227 ) ;
#1122 = ORIENTED_EDGE ( 'NONE', *, *, #4138, .F. ) ;
#1123 = ORIENTED_EDGE ( 'NONE', *, *, #839, .F. ) ;
#1124 = DIRECTION ( 'NONE',  ( 0.000000000000000000, -1.000000000000000000, 0.000000000000000000 ) ) ;
#1125 = EDGE_CURVE ( 'NONE', #2679, #2733, #769, .T. ) ;
#1126 = CARTESIAN_POINT ( 'NONE',  ( 3.400000000000000355, -9.000000000000001776, 3.500000000000000000 ) ) ;
#1127 = ORIENTED_EDGE ( 'NONE', *, *, #3608, .T. ) ;
#1128 = VERTEX_POINT ( 'NONE', #1523 ) ;
#1129 = DIRECTION ( 'NONE',  ( 0.000000000000000000, 0.000000000000000000, 1.000000000000000000 ) ) ;
#1130 = DIRECTION ( 'NONE',  ( 0.000000000000000000, -1.000000000000000000, -0.000000000000000000 ) ) ;
#1131 = LINE ( 'NONE', #118, #3602 ) ;
#1132 = ORIENTED_EDGE ( 'NONE', *, *, #4299, .F. ) ;
#1133 = DIRECTION ( 'NONE',  ( 0.000000000000000000, -0.000000000000000000, -1.000000000000000000 ) ) ;
#1134 = FILL_AREA_STYLE_COLOUR ( '', #1286 ) ;
#1135 = VERTEX_POINT ( 'NONE', #840 ) ;
#1136 = EDGE_CURVE ( 'NONE', #618, #4303, #2592, .T. ) ;
#1137 = CARTESIAN_POINT ( 'NONE',  ( 1.800000000000000266, -4.899999999999999467, 7.750000000000000000 ) ) ;
#1138 = CARTESIAN_POINT ( 'NONE',  ( 3.300000000000005596, -12.47573593128809755, 10.12500000000000000 ) ) ;
#1139 = CARTESIAN_POINT ( 'NONE',  ( 30.30000000000000071, -0.5000000000000000000, 5.250000000000000000 ) ) ;
#1140 = EDGE_CURVE ( 'NONE', #1891, #480, #1187, .T. ) ;
#1141 = ORIENTED_EDGE ( 'NONE', *, *, #1531, .T. ) ;
#1142 = EDGE_CURVE ( 'NONE', #3324, #448, #4427, .T. ) ;
#1143 = PRODUCT_DEFINITION_CONTEXT ( 'detailed design', #1335, 'design' ) ;
#1144 = DIRECTION ( 'NONE',  ( 0.000000000000000000, -1.000000000000000000, 0.000000000000000000 ) ) ;
#1145 = CARTESIAN_POINT ( 'NONE',  ( 27.80000000000000071, -12.47573593128810110, 2.875000000000000000 ) ) ;
#1146 = EDGE_LOOP ( 'NONE', ( #1043, #4619, #2328, #4278, #1436, #2731, #169, #2536, #2537, #4313, #2470, #3242, #1326, #3500 ) ) ;
#1147 = VERTEX_POINT ( 'NONE', #511 ) ;
#1148 = DIRECTION ( 'NONE',  ( 0.000000000000000000, -0.000000000000000000, -1.000000000000000000 ) ) ;
#1149 = DIRECTION ( 'NONE',  ( 0.000000000000000000, 0.000000000000000000, 1.000000000000000000 ) ) ;
#1150 = SURFACE_SIDE_STYLE ('',( #424 ) ) ;
#1151 = EDGE_LOOP ( 'NONE', ( #2274, #2876, #4143, #1484 ) ) ;
#1152 = FACE_OUTER_BOUND ( 'NONE', #2180, .T. ) ;
#1153 = AXIS2_PLACEMENT_3D ( 'NONE', #415, #469, #1911 ) ;
#1154 =( NAMED_UNIT ( * ) PLANE_ANGLE_UNIT ( ) SI_UNIT ( $, .RADIAN. ) );
#1155 = PLANE ( 'NONE',  #71 ) ;
#1156 = EDGE_LOOP ( 'NONE', ( #538, #4531, #695, #344 ) ) ;
#1157 = VECTOR ( 'NONE', #455, 1000.000000000000000 ) ;
#1158 = CARTESIAN_POINT ( 'NONE',  ( 25.80000000000000071, -9.500000000000000000, 1.000000000000000000 ) ) ;
#1159 = CARTESIAN_POINT ( 'NONE',  ( 26.89999999999999858, -9.000000000000001776, 2.750000000000000000 ) ) ;
#1160 = LINE ( 'NONE', #2647, #4379 ) ;
#1161 = EDGE_LOOP ( 'NONE', ( #240, #3806, #4186, #2991 ) ) ;
#1162 = ORIENTED_EDGE ( 'NONE', *, *, #2919, .F. ) ;
#1163 = SURFACE_STYLE_FILL_AREA ( #3693 ) ;
#1164 = FACE_OUTER_BOUND ( 'NONE', #851, .T. ) ;
#1165 = LINE ( 'NONE', #2626, #3084 ) ;
#1166 = VECTOR ( 'NONE', #4033, 1000.000000000000000 ) ;
#1167 = EDGE_CURVE ( 'NONE', #494, #3419, #2309, .T. ) ;
#1168 = ORIENTED_EDGE ( 'NONE', *, *, #2982, .F. ) ;
#1169 = ORIENTED_EDGE ( 'NONE', *, *, #1830, .F. ) ;
#1170 = VERTEX_POINT ( 'NONE', #2285 ) ;
#1171 = DIRECTION ( 'NONE',  ( 1.000000000000000000, 3.552334763092440048E-17, 0.000000000000000000 ) ) ;
#1172 = VECTOR ( 'NONE', #1441, 1000.000000000000000 ) ;
#1173 =( NAMED_UNIT ( * ) PLANE_ANGLE_UNIT ( ) SI_UNIT ( $, .RADIAN. ) );
#1174 = LINE ( 'NONE', #4081, #2027 ) ;
#1175 =( LENGTH_UNIT ( ) NAMED_UNIT ( * ) SI_UNIT ( .MILLI., .METRE. ) );
#1176 = EDGE_CURVE ( 'NONE', #287, #4503, #3682, .T. ) ;
#1177 = ORIENTED_EDGE ( 'NONE', *, *, #2750, .F. ) ;
#1178 = ADVANCED_FACE ( 'NONE', ( #436 ), #3378, .T. ) ;
#1179 = AXIS2_PLACEMENT_3D ( 'NONE', #464, #3357, #3737 ) ;
#1180 = CARTESIAN_POINT ( 'NONE',  ( 8.099999999999999645, 1.809290127950522149E-16, 11.00000000000000000 ) ) ;
#1181 = CARTESIAN_POINT ( 'NONE',  ( 10.60000000000000320, -13.19999999999999751, 10.12500000000000000 ) ) ;
#1182 = PRESENTATION_LAYER_ASSIGNMENT (  '', '', ( #3312 ) ) ;
#1183 = EDGE_CURVE ( 'NONE', #725, #3245, #3765, .T. ) ;
#1184 = DIRECTION ( 'NONE',  ( -3.552334763092440048E-17, 1.000000000000000000, 0.000000000000000000 ) ) ;
#1185 = ORIENTED_EDGE ( 'NONE', *, *, #3508, .F. ) ;
#1186 =( GEOMETRIC_REPRESENTATION_CONTEXT ( 3 ) GLOBAL_UNCERTAINTY_ASSIGNED_CONTEXT ( ( #1347 ) ) GLOBAL_UNIT_ASSIGNED_CONTEXT ( ( #137, #2346, #562 ) ) REPRESENTATION_CONTEXT ( 'NONE', 'WORKASPACE' ) );
#1187 = LINE ( 'NONE', #101, #4611 ) ;
#1188 = CARTESIAN_POINT ( 'NONE',  ( 27.10000000000000497, -13.19999999999999929, 10.37500000000000000 ) ) ;
#1189 = DIRECTION ( 'NONE',  ( 0.7071067811865470176, 0.7071067811865480168, 0.000000000000000000 ) ) ;
#1190 = VECTOR ( 'NONE', #1861, 1000.000000000000000 ) ;
#1191 = VERTEX_POINT ( 'NONE', #864 ) ;
#1192 = EDGE_LOOP ( 'NONE', ( #2901, #2140, #3898, #3059 ) ) ;
#1193 = CIRCLE ( 'NONE', #1116, 0.5000000000000000000 ) ;
#1194 = CARTESIAN_POINT ( 'NONE',  ( 29.80000000000000071, -9.199999999999999289, 13.00000000000000178 ) ) ;
#1195 =( LENGTH_UNIT ( ) NAMED_UNIT ( * ) SI_UNIT ( .MILLI., .METRE. ) );
#1196 = PLANE ( 'NONE',  #3470 ) ;
#1197 = PLANE ( 'NONE',  #4063 ) ;
#1198 = VERTEX_POINT ( 'NONE', #1957 ) ;
#1199 = ORIENTED_EDGE ( 'NONE', *, *, #1167, .F. ) ;
#1200 = CARTESIAN_POINT ( 'NONE',  ( 4.200000000000000178, 1.314363862344200038E-16, 2.000000000000000000 ) ) ;
#1201 = AXIS2_PLACEMENT_3D ( 'NONE', #1913, #3363, #1554 ) ;
#1202 = ADVANCED_FACE ( 'NONE', ( #3408 ), #3309, .T. ) ;
#1203 = CARTESIAN_POINT ( 'NONE',  ( 3.850000000000000089, -9.199999999999999289, 5.250000000000000000 ) ) ;
#1204 = CARTESIAN_POINT ( 'NONE',  ( 27.69999999999999929, -9.000000000000001776, 9.500000000000000000 ) ) ;
#1205 = ORIENTED_EDGE ( 'NONE', *, *, #2176, .F. ) ;
#1206 = LINE ( 'NONE', #171, #646 ) ;
#1207 = EDGE_CURVE ( 'NONE', #106, #967, #3942, .T. ) ;
#1208 = EDGE_CURVE ( 'NONE', #3349, #441, #3397, .T. ) ;
#1209 = DIRECTION ( 'NONE',  ( -1.000000000000000000, -3.552334763092440048E-17, -0.000000000000000000 ) ) ;
#1210 = PLANE ( 'NONE',  #145 ) ;
#1211 = VERTEX_POINT ( 'NONE', #3420 ) ;
#1212 = CARTESIAN_POINT ( 'NONE',  ( 30.30000000000000071, -9.199999999999999289, 5.250000000000000000 ) ) ;
#1213 = EDGE_CURVE ( 'NONE', #1801, #2912, #4460, .T. ) ;
#1214 = FILL_AREA_STYLE ('',( #1906 ) ) ;
#1215 = CARTESIAN_POINT ( 'NONE',  ( 6.900000000000000355, -9.000000000000001776, 10.25000000000000000 ) ) ;
#1216 = DIRECTION ( 'NONE',  ( 0.3826834323650898928, 0.9238795325112867385, 0.000000000000000000 ) ) ;
#1217 = CARTESIAN_POINT ( 'NONE',  ( 26.89999999999999858, 9.378163774564031914E-16, 2.000000000000000000 ) ) ;
#1218 = EDGE_LOOP ( 'NONE', ( #2519, #1710, #4652, #779 ) ) ;
#1219 = DIRECTION ( 'NONE',  ( 1.000000000000000000, 0.000000000000000000, 0.000000000000000000 ) ) ;
#1220 = DIRECTION ( 'NONE',  ( -1.000000000000000000, 0.000000000000000000, 0.000000000000000000 ) ) ;
#1221 = LINE ( 'NONE', #3644, #1104 ) ;
#1222 = EDGE_LOOP ( 'NONE', ( #1588, #1535, #1515, #3512 ) ) ;
#1223 = CARTESIAN_POINT ( 'NONE',  ( 0.5000000000000000000, -0.4999999999999998890, 0.5000000000000000000 ) ) ;
#1224 = DIRECTION ( 'NONE',  ( 1.000000000000000000, 3.552334763092440048E-17, 0.000000000000000000 ) ) ;
#1225 = LINE ( 'NONE', #806, #3233 ) ;
#1226 = SURFACE_SIDE_STYLE ('',( #1614 ) ) ;
#1227 = ORIENTED_EDGE ( 'NONE', *, *, #3889, .F. ) ;
#1228 = EDGE_CURVE ( 'NONE', #4466, #32, #2297, .T. ) ;
#1229 = DIRECTION ( 'NONE',  ( 0.000000000000000000, 0.000000000000000000, 1.000000000000000000 ) ) ;
#1230 = CARTESIAN_POINT ( 'NONE',  ( 10.40000000000000213, -9.000000000000001776, 2.000000000000000000 ) ) ;
#1231 = LINE ( 'NONE', #2683, #4397 ) ;
#1232 = ORIENTED_EDGE ( 'NONE', *, *, #1912, .T. ) ;
#1233 = STYLED_ITEM ( 'NONE', ( #173 ), #574 ) ;
#1234 = MECHANICAL_DESIGN_GEOMETRIC_PRESENTATION_REPRESENTATION (  '', ( #3284 ), #1694 ) ;
#1235 = SURFACE_STYLE_FILL_AREA ( #154 ) ;
#1236 = LINE ( 'NONE', #1624, #105 ) ;
#1237 = MECHANICAL_DESIGN_GEOMETRIC_PRESENTATION_REPRESENTATION (  '', ( #3979 ), #2681 ) ;
#1238 = DIRECTION ( 'NONE',  ( -0.000000000000000000, -1.000000000000000000, -0.000000000000000000 ) ) ;
#1239 = FILL_AREA_STYLE_COLOUR ( '', #1567 ) ;
#1240 = EDGE_CURVE ( 'NONE', #3511, #2707, #165, .T. ) ;
#1241 = EDGE_CURVE ( 'NONE', #3299, #3208, #1193, .T. ) ;
#1242 = PRESENTATION_STYLE_ASSIGNMENT (( #4519 ) ) ;
#1243 = PRESENTATION_LAYER_ASSIGNMENT (  '', '', ( #1853 ) ) ;
#1244 = EDGE_LOOP ( 'NONE', ( #2959, #2136, #720, #890 ) ) ;
#1245 = LINE ( 'NONE', #3415, #301 ) ;
#1246 = CARTESIAN_POINT ( 'NONE',  ( 4.200000000000000178, -0.3999999999999990230, 3.500000000000000000 ) ) ;
#1247 = DIRECTION ( 'NONE',  ( -3.552334763092440048E-17, 1.000000000000000000, 0.000000000000000000 ) ) ;
#1248 =( GEOMETRIC_REPRESENTATION_CONTEXT ( 3 ) GLOBAL_UNCERTAINTY_ASSIGNED_CONTEXT ( ( #2014 ) ) GLOBAL_UNIT_ASSIGNED_CONTEXT ( ( #3066, #3852, #4578 ) ) REPRESENTATION_CONTEXT ( 'NONE', 'WORKASPACE' ) );
#1249 = EDGE_CURVE ( 'NONE', #2531, #2918, #2013, .T. ) ;
#1250 = ORIENTED_EDGE ( 'NONE', *, *, #3863, .F. ) ;
#1251 = CARTESIAN_POINT ( 'NONE',  ( 27.50000000000000000, -13.19999999999999929, 2.750000000000000000 ) ) ;
#1252 = CARTESIAN_POINT ( 'NONE',  ( 27.89999999999999858, -0.1999999999999990119, 5.500000000000000000 ) ) ;
#1253 = CARTESIAN_POINT ( 'NONE',  ( 30.30000000000000071, -9.199999999999999289, 0.5000000000000000000 ) ) ;
#1254 = VERTEX_POINT ( 'NONE', #2439 ) ;
#1255 = ORIENTED_EDGE ( 'NONE', *, *, #1904, .T. ) ;
#1256 = VECTOR ( 'NONE', #2418, 1000.000000000000000 ) ;
#1257 = ORIENTED_EDGE ( 'NONE', *, *, #1494, .T. ) ;
#1258 = PRESENTATION_LAYER_ASSIGNMENT (  '', '', ( #4594 ) ) ;
#1259 = ORIENTED_EDGE ( 'NONE', *, *, #1099, .T. ) ;
#1260 = VECTOR ( 'NONE', #2083, 1000.000000000000000 ) ;
#1261 = VECTOR ( 'NONE', #2748, 1000.000000000000000 ) ;
#1262 = LINE ( 'NONE', #2716, #3143 ) ;
#1263 = DIRECTION ( 'NONE',  ( -1.000000000000000000, -3.552334763092440048E-17, 0.000000000000000000 ) ) ;
#1264 = CARTESIAN_POINT ( 'NONE',  ( 26.50000000000000000, 1.732792819036553710E-15, 9.500000000000000000 ) ) ;
#1265 = CARTESIAN_POINT ( 'NONE',  ( 27.80000000000000071, -12.47573593128810110, 2.625000000000000000 ) ) ;
#1266 = VECTOR ( 'NONE', #3597, 1000.000000000000000 ) ;
#1267 =( LENGTH_UNIT ( ) NAMED_UNIT ( * ) SI_UNIT ( .MILLI., .METRE. ) );
#1268 = ORIENTED_EDGE ( 'NONE', *, *, #1208, .T. ) ;
#1269 = EDGE_CURVE ( 'NONE', #4030, #2586, #215, .T. ) ;
#1270 = VECTOR ( 'NONE', #4537, 1000.000000000000000 ) ;
#1271 = EDGE_CURVE ( 'NONE', #2913, #1730, #1635, .T. ) ;
#1272 = PLANE ( 'NONE',  #4152 ) ;
#1273 = CARTESIAN_POINT ( 'NONE',  ( 29.80000000000000071, -0.4999999999992341126, 0.000000000000000000 ) ) ;
#1274 = AXIS2_PLACEMENT_3D ( 'NONE', #4127, #2986, #4078 ) ;
#1275 = ORIENTED_EDGE ( 'NONE', *, *, #992, .T. ) ;
#1276 = DIRECTION ( 'NONE',  ( 1.000000000000000000, 0.000000000000000000, 0.000000000000000000 ) ) ;
#1277 = EDGE_CURVE ( 'NONE', #2018, #2479, #2041, .T. ) ;
#1278 = CARTESIAN_POINT ( 'NONE',  ( 30.30000000000000071, -9.199999999999999289, 0.000000000000000000 ) ) ;
#1279 = CARTESIAN_POINT ( 'NONE',  ( 14.80000000000000071, -4.500000000000000888, 7.750000000000000000 ) ) ;
#1280 = ORIENTED_EDGE ( 'NONE', *, *, #3836, .T. ) ;
#1281 = VERTEX_POINT ( 'NONE', #943 ) ;
#1282 = ORIENTED_EDGE ( 'NONE', *, *, #1073, .T. ) ;
#1283 =( GEOMETRIC_REPRESENTATION_CONTEXT ( 3 ) GLOBAL_UNCERTAINTY_ASSIGNED_CONTEXT ( ( #2441 ) ) GLOBAL_UNIT_ASSIGNED_CONTEXT ( ( #336, #2521, #1092 ) ) REPRESENTATION_CONTEXT ( 'NONE', 'WORKASPACE' ) );
#1284 = DIRECTION ( 'NONE',  ( 1.000000000000000000, 0.000000000000000000, 2.114710523095540094E-16 ) ) ;
#1285 = FACE_OUTER_BOUND ( 'NONE', #4483, .T. ) ;
#1286 = COLOUR_RGB ( '',0.9450980392156862475, 0.9215686274509803377, 0.9294117647058823817 ) ;
#1287 = ORIENTED_EDGE ( 'NONE', *, *, #1935, .F. ) ;
#1288 = SURFACE_SIDE_STYLE ('',( #2735 ) ) ;
#1289 = PLANE ( 'NONE',  #509 ) ;
#1290 = CARTESIAN_POINT ( 'NONE',  ( 11.15000000000000036, -12.83786796564399957, 10.12500000000000000 ) ) ;
#1291 = EDGE_CURVE ( 'NONE', #4663, #441, #2391, .T. ) ;
#1292 = EDGE_LOOP ( 'NONE', ( #4529, #3268, #2273, #3851, #3966, #4029, #1074 ) ) ;
#1293 = DIRECTION ( 'NONE',  ( 0.3826834323651027714, 0.9238795325112814094, 0.000000000000000000 ) ) ;
#1294 = DIRECTION ( 'NONE',  ( -1.000000000000000000, -3.552334763092440048E-17, 0.000000000000000000 ) ) ;
#1295 = EDGE_CURVE ( 'NONE', #606, #2707, #234, .T. ) ;
#1296 = EDGE_CURVE ( 'NONE', #106, #2628, #1310, .T. ) ;
#1297 = VERTEX_POINT ( 'NONE', #2761 ) ;
#1298 = ORIENTED_EDGE ( 'NONE', *, *, #1797, .T. ) ;
#1299 = CARTESIAN_POINT ( 'NONE',  ( 4.799999999999999822, -9.199999999999999289, 0.000000000000000000 ) ) ;
#1300 = UNCERTAINTY_MEASURE_WITH_UNIT (LENGTH_MEASURE( 1.000000000000000082E-05 ), #1267, 'distance_accuracy_value', 'NONE');
#1301 = CARTESIAN_POINT ( 'NONE',  ( 0.2071067811865477393, -0.2071067811865473507, -2.780759733722083589E-16 ) ) ;
#1302 = CARTESIAN_POINT ( 'NONE',  ( 19.85000000000000142, -1.600000000000000089, 6.500000000000000888 ) ) ;
#1303 = LINE ( 'NONE', #3810, #742 ) ;
#1304 = VERTEX_POINT ( 'NONE', #580 ) ;
#1305 = ADVANCED_FACE ( 'NONE', ( #3768 ), #4165, .T. ) ;
#1306 = ORIENTED_EDGE ( 'NONE', *, *, #3258, .F. ) ;
#1307 = DIRECTION ( 'NONE',  ( -1.000000000000000000, 0.000000000000000000, 0.000000000000000000 ) ) ;
#1308 = ADVANCED_FACE ( 'NONE', ( #2364 ), #3821, .F. ) ;
#1309 = DIRECTION ( 'NONE',  ( 0.000000000000000000, -1.000000000000000000, 0.000000000000000000 ) ) ;
#1310 = LINE ( 'NONE', #484, #1815 ) ;
#1311 = VECTOR ( 'NONE', #2549, 1000.000000000000000 ) ;
#1312 = SURFACE_SIDE_STYLE ('',( #3075 ) ) ;
#1313 = EDGE_LOOP ( 'NONE', ( #1600, #4430, #4001 ) ) ;
#1314 = CLOSED_SHELL ( 'NONE', ( #139, #2806, #1202, #4317, #1594, #2877, #3561, #2931 ) ) ;
#1315 = EDGE_LOOP ( 'NONE', ( #2604, #3930, #3559, #3 ) ) ;
#1316 = SURFACE_STYLE_FILL_AREA ( #2740 ) ;
#1317 = DIRECTION ( 'NONE',  ( 8.173824779033239993E-33, 1.522608470925407750E-48, -1.000000000000000000 ) ) ;
#1318 = CARTESIAN_POINT ( 'NONE',  ( 29.80000000000000071, -9.199999999999999289, 0.5000000000000000000 ) ) ;
#1319 = AXIS2_PLACEMENT_3D ( 'NONE', #3374, #97, #1133 ) ;
#1320 = ORIENTED_EDGE ( 'NONE', *, *, #4056, .T. ) ;
#1321 = DIRECTION ( 'NONE',  ( 0.000000000000000000, 1.000000000000000000, -1.836970198721029688E-16 ) ) ;
#1322 = DIRECTION ( 'NONE',  ( 0.000000000000000000, 0.000000000000000000, -1.000000000000000000 ) ) ;
#1323 = CARTESIAN_POINT ( 'NONE',  ( 26.89999999999999858, -0.3999999999999987454, 3.500000000000000444 ) ) ;
#1324 = EDGE_CURVE ( 'NONE', #2744, #1890, #3031, .T. ) ;
#1325 = CARTESIAN_POINT ( 'NONE',  ( 1.011651029528139884E-15, -0.4999999999995511368, 12.79289321881345387 ) ) ;
#1326 = ORIENTED_EDGE ( 'NONE', *, *, #4031, .F. ) ;
#1327 = CARTESIAN_POINT ( 'NONE',  ( 26.80000000000000071, -9.200000000000001066, 10.12500000000000000 ) ) ;
#1328 = PLANE ( 'NONE',  #961 ) ;
#1329 = EDGE_CURVE ( 'NONE', #2939, #2733, #2384, .T. ) ;
#1330 = CARTESIAN_POINT ( 'NONE',  ( 1.690012582823350093E-15, -9.199999999999999289, 5.250000000000000000 ) ) ;
#1331 = VECTOR ( 'NONE', #501, 1000.000000000000000 ) ;
#1332 = ADVANCED_FACE ( 'NONE', ( #203 ), #2030, .T. ) ;
#1333 = CARTESIAN_POINT ( 'NONE',  ( 3.799999999999999822, -9.000000000000001776, 2.750000000000000000 ) ) ;
#1334 = VECTOR ( 'NONE', #850, 1000.000000000000000 ) ;
#1335 = APPLICATION_CONTEXT ( 'automotive_design' ) ;
#1336 = LINE ( 'NONE', #1378, #800 ) ;
#1337 = DIRECTION ( 'NONE',  ( -1.000000000000000000, 0.000000000000000000, 0.000000000000000000 ) ) ;
#1338 = CARTESIAN_POINT ( 'NONE',  ( 4.799999999999999822, -9.500000000000000000, 1.000000000000000000 ) ) ;
#1339 = CARTESIAN_POINT ( 'NONE',  ( 0.5000000000000006661, -5.421010862427522170E-17, 12.50000000000000000 ) ) ;
#1340 = VECTOR ( 'NONE', #46, 1000.000000000000000 ) ;
#1341 = ORIENTED_EDGE ( 'NONE', *, *, #3330, .F. ) ;
#1342 = CARTESIAN_POINT ( 'NONE',  ( 3.399999999999999911, 1.030177081296810036E-16, 2.000000000000000000 ) ) ;
#1343 = CARTESIAN_POINT ( 'NONE',  ( 30.29999999999999716, -0.2071067811865476282, 0.3284271247463982357 ) ) ;
#1344 = ORIENTED_EDGE ( 'NONE', *, *, #634, .T. ) ;
#1345 = VECTOR ( 'NONE', #3736, 1000.000000000000000 ) ;
#1346 = UNCERTAINTY_MEASURE_WITH_UNIT (LENGTH_MEASURE( 1.000000000000000082E-05 ), #4258, 'distance_accuracy_value', 'NONE');
#1347 = UNCERTAINTY_MEASURE_WITH_UNIT (LENGTH_MEASURE( 1.000000000000000082E-05 ), #137, 'distance_accuracy_value', 'NONE');
#1348 = CARTESIAN_POINT ( 'NONE',  ( 4.799999999999999822, -9.199999999999999289, 2.625000000000000444 ) ) ;
#1349 = SURFACE_STYLE_FILL_AREA ( #3895 ) ;
#1350 = CARTESIAN_POINT ( 'NONE',  ( 7.299999999999999822, -9.000000000000001776, 10.25000000000000000 ) ) ;
#1351 = ORIENTED_EDGE ( 'NONE', *, *, #2843, .F. ) ;
#1352 =( NAMED_UNIT ( * ) PLANE_ANGLE_UNIT ( ) SI_UNIT ( $, .RADIAN. ) );
#1353 = VECTOR ( 'NONE', #1791, 1000.000000000000000 ) ;
#1354 = LINE ( 'NONE', #1330, #3634 ) ;
#1355 = AXIS2_PLACEMENT_3D ( 'NONE', #1816, #721, #3605 ) ;
#1356 = EDGE_CURVE ( 'NONE', #3288, #4247, #1674, .T. ) ;
#1357 = EDGE_CURVE ( 'NONE', #1191, #2390, #2314, .T. ) ;
#1358 = CARTESIAN_POINT ( 'NONE',  ( 7.799999999999999822, -9.199999999999999289, 2.875000000000000888 ) ) ;
#1359 = PLANE ( 'NONE',  #2348 ) ;
#1360 = AXIS2_PLACEMENT_3D ( 'NONE', #836, #2281, #3375 ) ;
#1361 = CARTESIAN_POINT ( 'NONE',  ( 29.80000000000000071, 4.960224939121183772E-16, 0.5000000000000000000 ) ) ;
#1362 = DIRECTION ( 'NONE',  ( 0.7071067811865515695, 0.7071067811865435759, 0.000000000000000000 ) ) ;
#1363 = PLANE ( 'NONE',  #4694 ) ;
#1364 = LINE ( 'NONE', #2789, #1465 ) ;
#1365 = EDGE_CURVE ( 'NONE', #3696, #1191, #1961, .T. ) ;
#1366 = ORIENTED_EDGE ( 'NONE', *, *, #2349, .F. ) ;
#1367 = CARTESIAN_POINT ( 'NONE',  ( 27.80000000000000071, -9.199999999999999289, 2.625000000000000000 ) ) ;
#1368 = LINE ( 'NONE', #729, #4158 ) ;
#1369 = LINE ( 'NONE', #633, #2474 ) ;
#1370 = ORIENTED_EDGE ( 'NONE', *, *, #4112, .F. ) ;
#1371 = FACE_OUTER_BOUND ( 'NONE', #4345, .T. ) ;
#1372 = VERTEX_POINT ( 'NONE', #2339 ) ;
#1373 = ORIENTED_EDGE ( 'NONE', *, *, #4167, .F. ) ;
#1374 = ORIENTED_EDGE ( 'NONE', *, *, #2498, .F. ) ;
#1375 = LINE ( 'NONE', #3210, #4067 ) ;
#1376 = SURFACE_SIDE_STYLE ('',( #3818 ) ) ;
#1377 = DIRECTION ( 'NONE',  ( -0.7071067811865480168, -0.7071067811865470176, 0.000000000000000000 ) ) ;
#1378 = CARTESIAN_POINT ( 'NONE',  ( 27.69999999999999929, -0.3999999999999990230, 11.00000000000000000 ) ) ;
#1379 = PLANE ( 'NONE',  #891 ) ;
#1380 = CARTESIAN_POINT ( 'NONE',  ( 0.5000000000000000000, 0.000000000000000000, 0.000000000000000000 ) ) ;
#1381 = CARTESIAN_POINT ( 'NONE',  ( 10.30000000000000071, -12.47573593128810110, 10.12500000000000000 ) ) ;
#1382 = EDGE_CURVE ( 'NONE', #323, #487, #1986, .T. ) ;
#1383 = LINE ( 'NONE', #2838, #136 ) ;
#1384 = CARTESIAN_POINT ( 'NONE',  ( 29.80000000000000071, -9.199999999999999289, 12.50000000000000000 ) ) ;
#1385 = ORIENTED_EDGE ( 'NONE', *, *, #1016, .T. ) ;
#1386 = DIRECTION ( 'NONE',  ( 0.000000000000000000, 1.000000000000000000, -0.000000000000000000 ) ) ;
#1387 =( LENGTH_UNIT ( ) NAMED_UNIT ( * ) SI_UNIT ( .MILLI., .METRE. ) );
#1388 = VERTEX_POINT ( 'NONE', #3860 ) ;
#1389 = EDGE_LOOP ( 'NONE', ( #1660, #1685, #2234, #1811 ) ) ;
#1390 = VECTOR ( 'NONE', #3729, 1000.000000000000000 ) ;
#1391 = CARTESIAN_POINT ( 'NONE',  ( 14.80000000000000071, -4.500000000000001776, 0.000000000000000000 ) ) ;
#1392 = EDGE_LOOP ( 'NONE', ( #4253, #3263, #1373, #977, #2562, #2468 ) ) ;
#1393 = DIRECTION ( 'NONE',  ( 1.000000000000000000, -0.000000000000000000, 0.000000000000000000 ) ) ;
#1394 = LINE ( 'NONE', #2428, #2867 ) ;
#1395 = CARTESIAN_POINT ( 'NONE',  ( 28.50000000000000000, -5.500000000000000000, 6.500000000000000888 ) ) ;
#1396 = VECTOR ( 'NONE', #3195, 1000.000000000000000 ) ;
#1397 = DIRECTION ( 'NONE',  ( 0.000000000000000000, 1.000000000000000000, -0.000000000000000000 ) ) ;
#1398 = ORIENTED_EDGE ( 'NONE', *, *, #2950, .F. ) ;
#1399 = CARTESIAN_POINT ( 'NONE',  ( 14.80000000000000071, -4.500000000000000888, 0.000000000000000000 ) ) ;
#1400 = EDGE_LOOP ( 'NONE', ( #2356, #2219, #2745, #3656 ) ) ;
#1401 = VECTOR ( 'NONE', #1657, 1000.000000000000000 ) ;
#1402 = ADVANCED_FACE ( 'NONE', ( #246 ), #320, .T. ) ;
#1403 = DIRECTION ( 'NONE',  ( -1.000000000000000000, 0.000000000000000000, -0.000000000000000000 ) ) ;
#1404 = DIRECTION ( 'NONE',  ( -1.000000000000000000, 0.000000000000000000, 3.469446951953610245E-16 ) ) ;
#1405 = DIRECTION ( 'NONE',  ( 0.000000000000000000, 1.522608470925409877E-48, -1.000000000000000000 ) ) ;
#1406 = VECTOR ( 'NONE', #1938, 1000.000000000000000 ) ;
#1407 = EDGE_CURVE ( 'NONE', #3373, #3971, #4209, .T. ) ;
#1408 = VERTEX_POINT ( 'NONE', #3241 ) ;
#1409 = ADVANCED_FACE ( 'NONE', ( #1004 ), #1693, .F. ) ;
#1410 = VECTOR ( 'NONE', #1405, 1000.000000000000000 ) ;
#1411 = DIRECTION ( 'NONE',  ( -1.000000000000000000, 0.000000000000000000, -0.000000000000000000 ) ) ;
#1412 = AXIS2_PLACEMENT_3D ( 'NONE', #1203, #3398, #2941 ) ;
#1413 = PRESENTATION_STYLE_ASSIGNMENT (( #3229 ) ) ;
#1414 = LINE ( 'NONE', #2870, #2548 ) ;
#1415 = ORIENTED_EDGE ( 'NONE', *, *, #4695, .F. ) ;
#1416 = AXIS2_PLACEMENT_3D ( 'NONE', #849, #2292, #3746 ) ;
#1417 = ADVANCED_FACE ( 'NONE', ( #2055 ), #3959, .F. ) ;
#1418 = ORIENTED_EDGE ( 'NONE', *, *, #3192, .T. ) ;
#1419 = EDGE_LOOP ( 'NONE', ( #76, #3600, #662, #4561 ) ) ;
#1420 = CARTESIAN_POINT ( 'NONE',  ( 14.80000000000000071, -4.500000000000000888, 0.000000000000000000 ) ) ;
#1421 = AXIS2_PLACEMENT_3D ( 'NONE', #3433, #3819, #1263 ) ;
#1422 = VERTEX_POINT ( 'NONE', #4238 ) ;
#1423 = VECTOR ( 'NONE', #4218, 1000.000000000000000 ) ;
#1424 = ORIENTED_EDGE ( 'NONE', *, *, #2865, .F. ) ;
#1425 = DIRECTION ( 'NONE',  ( 1.000000000000000000, 0.000000000000000000, -0.000000000000000000 ) ) ;
#1426 = CARTESIAN_POINT ( 'NONE',  ( 10.30000000000000071, -9.199999999999999289, 10.12500000000000000 ) ) ;
#1427 = CARTESIAN_POINT ( 'NONE',  ( 25.80000000000000071, -9.200000000000004619, 12.00000000000000178 ) ) ;
#1428 = FACE_BOUND ( 'NONE', #2228, .T. ) ;
#1429 = ORIENTED_EDGE ( 'NONE', *, *, #866, .T. ) ;
#1430 = ORIENTED_EDGE ( 'NONE', *, *, #1992, .T. ) ;
#1431 = VECTOR ( 'NONE', #2450, 1000.000000000000000 ) ;
#1432 = LINE ( 'NONE', #3914, #1311 ) ;
#1433 = DIRECTION ( 'NONE',  ( 0.3826834323651027714, -0.9238795325112814094, 0.000000000000000000 ) ) ;
#1434 = DIRECTION ( 'NONE',  ( -1.000000000000000000, 3.532213008452310018E-28, 1.663537164943952036E-55 ) ) ;
#1435 = ADVANCED_FACE ( 'NONE', ( #958, #3215, #1428, #2787, #3498, #4639, #3939 ), #4587, .T. ) ;
#1436 = ORIENTED_EDGE ( 'NONE', *, *, #3011, .F. ) ;
#1437 = PRESENTATION_STYLE_ASSIGNMENT (( #4697 ) ) ;
#1438 = CARTESIAN_POINT ( 'NONE',  ( 24.80000000000000426, -4.500000000000000888, 5.250000000000000000 ) ) ;
#1439 = UNCERTAINTY_MEASURE_WITH_UNIT (LENGTH_MEASURE( 1.000000000000000082E-05 ), #1471, 'distance_accuracy_value', 'NONE');
#1440 = CARTESIAN_POINT ( 'NONE',  ( 24.80000000000000426, -9.200000000000008171, 0.000000000000000000 ) ) ;
#1441 = DIRECTION ( 'NONE',  ( -0.000000000000000000, 0.000000000000000000, -1.000000000000000000 ) ) ;
#1442 = ORIENTED_EDGE ( 'NONE', *, *, #2218, .T. ) ;
#1443 = EDGE_CURVE ( 'NONE', #3208, #4503, #1722, .T. ) ;
#1444 = ORIENTED_EDGE ( 'NONE', *, *, #1269, .F. ) ;
#1445 = ORIENTED_EDGE ( 'NONE', *, *, #1566, .T. ) ;
#1446 = LINE ( 'NONE', #3277, #2308 ) ;
#1447 = CARTESIAN_POINT ( 'NONE',  ( 7.700000000000000178, -9.000000000000001776, 9.500000000000000000 ) ) ;
#1448 = ORIENTED_EDGE ( 'NONE', *, *, #177, .T. ) ;
#1449 = EDGE_CURVE ( 'NONE', #4509, #4466, #2832, .T. ) ;
#1450 = FACE_OUTER_BOUND ( 'NONE', #2510, .T. ) ;
#1451 = EDGE_CURVE ( 'NONE', #3419, #3925, #2430, .T. ) ;
#1452 = CARTESIAN_POINT ( 'NONE',  ( 11.30000000000000071, -9.199999999999999289, 10.37499999999999822 ) ) ;
#1453 =( NAMED_UNIT ( * ) SI_UNIT ( $, .STERADIAN. ) SOLID_ANGLE_UNIT ( ) );
#1454 = ORIENTED_EDGE ( 'NONE', *, *, #2218, .F. ) ;
#1455 = CARTESIAN_POINT ( 'NONE',  ( 27.79999999999998650, -12.47573593128809577, 10.37500000000000000 ) ) ;
#1456 =( NAMED_UNIT ( * ) SI_UNIT ( $, .STERADIAN. ) SOLID_ANGLE_UNIT ( ) );
#1457 = DIRECTION ( 'NONE',  ( -0.000000000000000000, 1.000000000000000000, 0.000000000000000000 ) ) ;
#1458 = FILL_AREA_STYLE ('',( #3287 ) ) ;
#1459 = ORIENTED_EDGE ( 'NONE', *, *, #229, .T. ) ;
#1460 = SURFACE_SIDE_STYLE ('',( #1840 ) ) ;
#1461 = SURFACE_STYLE_FILL_AREA ( #330 ) ;
#1462 = VERTEX_POINT ( 'NONE', #701 ) ;
#1463 = VECTOR ( 'NONE', #3269, 1000.000000000000000 ) ;
#1464 = LINE ( 'NONE', #2630, #251 ) ;
#1465 = VECTOR ( 'NONE', #1495, 1000.000000000000000 ) ;
#1466 = EDGE_CURVE ( 'NONE', #2918, #254, #1028, .T. ) ;
#1467 = LINE ( 'NONE', #500, #3541 ) ;
#1468 =( GEOMETRIC_REPRESENTATION_CONTEXT ( 3 ) GLOBAL_UNCERTAINTY_ASSIGNED_CONTEXT ( ( #1346 ) ) GLOBAL_UNIT_ASSIGNED_CONTEXT ( ( #4258, #4234, #599 ) ) REPRESENTATION_CONTEXT ( 'NONE', 'WORKASPACE' ) );
#1469 = EDGE_CURVE ( 'NONE', #4343, #1422, #3885, .T. ) ;
#1470 = VECTOR ( 'NONE', #3120, 1000.000000000000000 ) ;
#1471 =( LENGTH_UNIT ( ) NAMED_UNIT ( * ) SI_UNIT ( .MILLI., .METRE. ) );
#1472 = PRESENTATION_STYLE_ASSIGNMENT (( #1833 ) ) ;
#1473 = ORIENTED_EDGE ( 'NONE', *, *, #2377, .T. ) ;
#1474 = ADVANCED_FACE ( 'NONE', ( #3173 ), #1363, .F. ) ;
#1475 = CARTESIAN_POINT ( 'NONE',  ( 4.799999999999999822, -9.500000000000000000, 0.000000000000000000 ) ) ;
#1476 = PLANE ( 'NONE',  #1179 ) ;
#1477 = AXIS2_PLACEMENT_3D ( 'NONE', #1252, #1663, #3874 ) ;
#1478 = VERTEX_POINT ( 'NONE', #298 ) ;
#1479 = VERTEX_POINT ( 'NONE', #1749 ) ;
#1480 = FACE_OUTER_BOUND ( 'NONE', #4544, .T. ) ;
#1481 = CARTESIAN_POINT ( 'NONE',  ( 4.200000000000000178, 1.314363862344200038E-16, 3.500000000000000000 ) ) ;
#1482 = VECTOR ( 'NONE', #2699, 1000.000000000000000 ) ;
#1483 = APPLICATION_PROTOCOL_DEFINITION ( 'draft international standard', 'automotive_design', 1998, #1335 ) ;
#1484 = ORIENTED_EDGE ( 'NONE', *, *, #2294, .F. ) ;
#1485 = ORIENTED_EDGE ( 'NONE', *, *, #1927, .T. ) ;
#1486 = VECTOR ( 'NONE', #1790, 1000.000000000000000 ) ;
#1487 = AXIS2_PLACEMENT_3D ( 'NONE', #3093, #4256, #2376 ) ;
#1488 =( LENGTH_UNIT ( ) NAMED_UNIT ( * ) SI_UNIT ( .MILLI., .METRE. ) );
#1489 = CARTESIAN_POINT ( 'NONE',  ( 26.80000000000000071, -12.47573593128810110, 10.12500000000000000 ) ) ;
#1490 = CARTESIAN_POINT ( 'NONE',  ( 15.64220150327190062, -4.500000000000000888, 13.00000000000000178 ) ) ;
#1491 =( GEOMETRIC_REPRESENTATION_CONTEXT ( 3 ) GLOBAL_UNCERTAINTY_ASSIGNED_CONTEXT ( ( #1439 ) ) GLOBAL_UNIT_ASSIGNED_CONTEXT ( ( #1471, #2569, #3041 ) ) REPRESENTATION_CONTEXT ( 'NONE', 'WORKASPACE' ) );
#1492 = ORIENTED_EDGE ( 'NONE', *, *, #312, .T. ) ;
#1493 = VECTOR ( 'NONE', #4006, 1000.000000000000000 ) ;
#1494 = EDGE_CURVE ( 'NONE', #196, #4050, #3566, .T. ) ;
#1495 = DIRECTION ( 'NONE',  ( 0.000000000000000000, 1.000000000000000000, -0.000000000000000000 ) ) ;
#1496 = VECTOR ( 'NONE', #201, 1000.000000000000000 ) ;
#1497 = CARTESIAN_POINT ( 'NONE',  ( 7.299999999999999822, -13.19999999999999929, 2.875000000000000888 ) ) ;
#1498 = CARTESIAN_POINT ( 'NONE',  ( 30.30000000000000071, -0.2071067811865465458, 12.50000000000000000 ) ) ;
#1499 = DIRECTION ( 'NONE',  ( -0.7071067811865480168, 0.7071067811865470176, 0.000000000000000000 ) ) ;
#1500 = VERTEX_POINT ( 'NONE', #4660 ) ;
#1501 = VECTOR ( 'NONE', #2746, 1000.000000000000000 ) ;
#1502 = EDGE_CURVE ( 'NONE', #4349, #4185, #4309, .T. ) ;
#1503 = DIRECTION ( 'NONE',  ( 0.000000000000000000, 0.000000000000000000, -1.000000000000000000 ) ) ;
#1504 =( GEOMETRIC_REPRESENTATION_CONTEXT ( 3 ) GLOBAL_UNCERTAINTY_ASSIGNED_CONTEXT ( ( #1731 ) ) GLOBAL_UNIT_ASSIGNED_CONTEXT ( ( #1713, #783, #2227 ) ) REPRESENTATION_CONTEXT ( 'NONE', 'WORKASPACE' ) );
#1505 = CARTESIAN_POINT ( 'NONE',  ( 30.30000000000000071, -9.199999999999999289, 12.00000000000000000 ) ) ;
#1506 = CARTESIAN_POINT ( 'NONE',  ( 9.999999999999998224, 2.601442278376579091E-16, 3.500000000000000000 ) ) ;
#1507 = EDGE_CURVE ( 'NONE', #1500, #988, #3705, .T. ) ;
#1508 = CARTESIAN_POINT ( 'NONE',  ( 7.799999999999999822, -9.199999999999999289, 2.625000000000000444 ) ) ;
#1509 = VECTOR ( 'NONE', #2697, 1000.000000000000000 ) ;
#1510 = ORIENTED_EDGE ( 'NONE', *, *, #807, .F. ) ;
#1511 =( NAMED_UNIT ( * ) PLANE_ANGLE_UNIT ( ) SI_UNIT ( $, .RADIAN. ) );
#1512 = PRESENTATION_STYLE_ASSIGNMENT (( #1102 ) ) ;
#1513 = FACE_OUTER_BOUND ( 'NONE', #4055, .T. ) ;
#1514 = VERTEX_POINT ( 'NONE', #4407 ) ;
#1515 = ORIENTED_EDGE ( 'NONE', *, *, #928, .F. ) ;
#1516 = DIRECTION ( 'NONE',  ( -0.000000000000000000, -1.000000000000000000, -0.000000000000000000 ) ) ;
#1517 = APPLICATION_CONTEXT ( 'automotive_design' ) ;
#1518 = FACE_OUTER_BOUND ( 'NONE', #1560, .T. ) ;
#1519 = CARTESIAN_POINT ( 'NONE',  ( 30.30000000000000071, -0.5000000000000000000, 0.000000000000000000 ) ) ;
#1520 = ORIENTED_EDGE ( 'NONE', *, *, #1407, .T. ) ;
#1521 = LINE ( 'NONE', #2256, #2840 ) ;
#1522 = ORIENTED_EDGE ( 'NONE', *, *, #4493, .F. ) ;
#1523 = CARTESIAN_POINT ( 'NONE',  ( 3.849999999999999201, -4.500000000000003553, 5.250000000000000000 ) ) ;
#1524 = CARTESIAN_POINT ( 'NONE',  ( 6.500000000000000888, 2.081668171172170239E-16, 11.00000000000000000 ) ) ;
#1525 = EDGE_CURVE ( 'NONE', #2336, #656, #2570, .T. ) ;
#1526 = DIRECTION ( 'NONE',  ( 0.000000000000000000, 0.000000000000000000, 1.000000000000000000 ) ) ;
#1527 = FACE_OUTER_BOUND ( 'NONE', #2494, .T. ) ;
#1528 = CARTESIAN_POINT ( 'NONE',  ( 8.099999999999999645, 2.699774419950254017E-16, 0.000000000000000000 ) ) ;
#1529 = ORIENTED_EDGE ( 'NONE', *, *, #2405, .T. ) ;
#1530 = EDGE_CURVE ( 'NONE', #393, #3517, #2900, .T. ) ;
#1531 = EDGE_CURVE ( 'NONE', #3749, #1761, #457, .T. ) ;
#1532 = FILL_AREA_STYLE_COLOUR ( '', #3332 ) ;
#1533 = CARTESIAN_POINT ( 'NONE',  ( 6.500000000000000888, -1.239820337549933650E-16, 9.500000000000000000 ) ) ;
#1534 = PRESENTATION_STYLE_ASSIGNMENT (( #1841 ) ) ;
#1535 = ORIENTED_EDGE ( 'NONE', *, *, #3099, .F. ) ;
#1536 = VERTEX_POINT ( 'NONE', #432 ) ;
#1537 = ORIENTED_EDGE ( 'NONE', *, *, #1357, .F. ) ;
#1538 = ADVANCED_FACE ( 'NONE', ( #4331 ), #3352, .T. ) ;
#1539 = CARTESIAN_POINT ( 'NONE',  ( 29.80000000000000071, -0.4999999999999970024, 0.000000000000000000 ) ) ;
#1540 = CARTESIAN_POINT ( 'NONE',  ( 24.80000000000000426, -4.403415736689430204, 13.00000000000000178 ) ) ;
#1541 = CARTESIAN_POINT ( 'NONE',  ( 24.80000000000000426, -9.500000000000000000, 5.250000000000000000 ) ) ;
#1542 = ORIENTED_EDGE ( 'NONE', *, *, #669, .F. ) ;
#1543 = CARTESIAN_POINT ( 'NONE',  ( 27.80000000000000071, -9.199999999999999289, 10.12500000000000000 ) ) ;
#1544 = VECTOR ( 'NONE', #3272, 1000.000000000000000 ) ;
#1545 = LINE ( 'NONE', #3731, #2720 ) ;
#1546 = ORIENTED_EDGE ( 'NONE', *, *, #2520, .F. ) ;
#1547 = VECTOR ( 'NONE', #3358, 1000.000000000000000 ) ;
#1548 = VECTOR ( 'NONE', #637, 1000.000000000000000 ) ;
#1549 = DIRECTION ( 'NONE',  ( 1.862785797453189940E-16, -1.000000000000000000, -0.000000000000000000 ) ) ;
#1550 = DIRECTION ( 'NONE',  ( 0.000000000000000000, -0.000000000000000000, -1.000000000000000000 ) ) ;
#1551 = DIRECTION ( 'NONE',  ( -0.000000000000000000, -1.000000000000000000, -0.000000000000000000 ) ) ;
#1552 = EDGE_CURVE ( 'NONE', #2546, #198, #813, .T. ) ;
#1553 = ORIENTED_EDGE ( 'NONE', *, *, #870, .F. ) ;
#1554 = DIRECTION ( 'NONE',  ( 0.000000000000000000, -2.872866580207829991E-27, 1.000000000000000000 ) ) ;
#1555 = DIRECTION ( 'NONE',  ( 1.000000000000000000, -4.709617344603089889E-28, -1.353010227487736060E-54 ) ) ;
#1556 = LINE ( 'NONE', #848, #2419 ) ;
#1557 = VECTOR ( 'NONE', #3908, 1000.000000000000114 ) ;
#1558 = ADVANCED_FACE ( 'NONE', ( #4017 ), #31, .T. ) ;
#1559 = EDGE_CURVE ( 'NONE', #1810, #4507, #2259, .T. ) ;
#1560 = EDGE_LOOP ( 'NONE', ( #13, #4276, #147, #2834 ) ) ;
#1561 = CARTESIAN_POINT ( 'NONE',  ( 7.799999999999999822, -12.47573593128810110, 2.625000000000000444 ) ) ;
#1562 = MECHANICAL_DESIGN_GEOMETRIC_PRESENTATION_REPRESENTATION (  '', ( #44 ), #279 ) ;
#1563 = CARTESIAN_POINT ( 'NONE',  ( 11.19999999999999929, -0.4000000000000000777, 2.000000000000000000 ) ) ;
#1564 = CARTESIAN_POINT ( 'NONE',  ( 4.299999999999999822, -9.199999999999999289, 10.37499999999999822 ) ) ;
#1565 = ORIENTED_EDGE ( 'NONE', *, *, #342, .F. ) ;
#1566 = EDGE_CURVE ( 'NONE', #2628, #2504, #1587, .T. ) ;
#1567 = COLOUR_RGB ( '',0.9450980392156862475, 0.9215686274509803377, 0.9294117647058823817 ) ;
#1568 = VECTOR ( 'NONE', #4301, 1000.000000000000000 ) ;
#1569 = LINE ( 'NONE', #2331, #1390 ) ;
#1570 = LINE ( 'NONE', #2682, #3484 ) ;
#1571 = VERTEX_POINT ( 'NONE', #4382 ) ;
#1572 = PRESENTATION_LAYER_ASSIGNMENT (  '', '', ( #3322 ) ) ;
#1573 = CARTESIAN_POINT ( 'NONE',  ( 3.299999999999999822, -9.199999999999999289, 10.12500000000000000 ) ) ;
#1574 = LINE ( 'NONE', #1886, #3752 ) ;
#1575 = PLANE ( 'NONE',  #3547 ) ;
#1576 = PLANE ( 'NONE',  #431 ) ;
#1577 = DIRECTION ( 'NONE',  ( -1.000000000000000000, 0.000000000000000000, 0.000000000000000000 ) ) ;
#1578 = VECTOR ( 'NONE', #1238, 1000.000000000000000 ) ;
#1579 = PLANE ( 'NONE',  #3221 ) ;
#1580 = STYLED_ITEM ( 'NONE', ( #1601 ), #1202 ) ;
#1581 = ORIENTED_EDGE ( 'NONE', *, *, #634, .F. ) ;
#1582 = CARTESIAN_POINT ( 'NONE',  ( 19.85000000000000142, -5.000000000000000000, 6.500000000000000888 ) ) ;
#1583 = CARTESIAN_POINT ( 'NONE',  ( 10.30000000000000071, -9.199999999999999289, 10.37499999999999822 ) ) ;
#1584 = CARTESIAN_POINT ( 'NONE',  ( 10.99999999999999645, -13.19999999999999751, 10.12500000000000000 ) ) ;
#1585 = FILL_AREA_STYLE_COLOUR ( '', #2325 ) ;
#1586 = EDGE_CURVE ( 'NONE', #495, #1909, #388, .T. ) ;
#1587 = CIRCLE ( 'NONE', #446, 0.4999999999999970024 ) ;
#1588 = ORIENTED_EDGE ( 'NONE', *, *, #2554, .T. ) ;
#1589 = ORIENTED_EDGE ( 'NONE', *, *, #4599, .T. ) ;
#1590 = CARTESIAN_POINT ( 'NONE',  ( 6.900000000000000355, -0.4000000000000000222, 9.500000000000000000 ) ) ;
#1591 = COLOUR_RGB ( '',0.9450980392156862475, 0.9215686274509803377, 0.9294117647058823817 ) ;
#1592 = LINE ( 'NONE', #2631, #2553 ) ;
#1593 = DIRECTION ( 'NONE',  ( 0.000000000000000000, 0.000000000000000000, -1.000000000000000000 ) ) ;
#1594 = ADVANCED_FACE ( 'NONE', ( #1881 ), #1155, .F. ) ;
#1595 = DIRECTION ( 'NONE',  ( -0.000000000000000000, -1.000000000000000000, -0.000000000000000000 ) ) ;
#1596 = EDGE_LOOP ( 'NONE', ( #2884, #3013, #4650, #3132 ) ) ;
#1597 = CARTESIAN_POINT ( 'NONE',  ( 5.799999999999999822, -9.500000000000000000, 1.000000000000000000 ) ) ;
#1598 = DIRECTION ( 'NONE',  ( 1.000000000000000000, 0.000000000000000000, -0.000000000000000000 ) ) ;
#1599 = EDGE_CURVE ( 'NONE', #1500, #2576, #3655, .T. ) ;
#1600 = ORIENTED_EDGE ( 'NONE', *, *, #1241, .F. ) ;
#1601 = PRESENTATION_STYLE_ASSIGNMENT (( #4494 ) ) ;
#1602 = DIRECTION ( 'NONE',  ( -0.000000000000000000, 1.000000000000000000, 0.000000000000000000 ) ) ;
#1603 = LINE ( 'NONE', #4139, #1496 ) ;
#1604 = CARTESIAN_POINT ( 'NONE',  ( 4.799999999999999822, -9.500000000000000000, 0.000000000000000000 ) ) ;
#1605 = CARTESIAN_POINT ( 'NONE',  ( 26.80000000000000071, -9.199999999999999289, 2.875000000000000000 ) ) ;
#1606 = SURFACE_STYLE_FILL_AREA ( #3412 ) ;
#1607 = ORIENTED_EDGE ( 'NONE', *, *, #1686, .T. ) ;
#1608 =( LENGTH_UNIT ( ) NAMED_UNIT ( * ) SI_UNIT ( .MILLI., .METRE. ) );
#1609 = CARTESIAN_POINT ( 'NONE',  ( 3.999999999999993339, -13.19999999999999574, 10.37499999999999822 ) ) ;
#1610 = CARTESIAN_POINT ( 'NONE',  ( 30.30000000000000071, -0.5000000000000000000, 5.250000000000000000 ) ) ;
#1611 = ORIENTED_EDGE ( 'NONE', *, *, #460, .F. ) ;
#1612 = CARTESIAN_POINT ( 'NONE',  ( 27.69999999999999929, -9.000000000000001776, 2.000000000000000000 ) ) ;
#1613 = SURFACE_SIDE_STYLE ('',( #1349 ) ) ;
#1614 = SURFACE_STYLE_FILL_AREA ( #404 ) ;
#1615 = ORIENTED_EDGE ( 'NONE', *, *, #1091, .T. ) ;
#1616 = VERTEX_POINT ( 'NONE', #787 ) ;
#1617 = ORIENTED_EDGE ( 'NONE', *, *, #4328, .F. ) ;
#1618 = EDGE_CURVE ( 'NONE', #218, #1642, #1231, .T. ) ;
#1619 = FILL_AREA_STYLE_COLOUR ( '', #913 ) ;
#1620 = ORIENTED_EDGE ( 'NONE', *, *, #2639, .T. ) ;
#1621 = MECHANICAL_DESIGN_GEOMETRIC_PRESENTATION_REPRESENTATION (  '', ( #2914 ), #37 ) ;
#1622 = EDGE_CURVE ( 'NONE', #1198, #3855, #2189, .T. ) ;
#1623 = VERTEX_POINT ( 'NONE', #2640 ) ;
#1624 = CARTESIAN_POINT ( 'NONE',  ( 2.950000000000000178, -9.199999999999999289, 7.750000000000000000 ) ) ;
#1625 = VECTOR ( 'NONE', #3864, 1000.000000000000000 ) ;
#1626 = PLANE ( 'NONE',  #4457 ) ;
#1627 = EDGE_CURVE ( 'NONE', #2373, #2679, #4470, .T. ) ;
#1628 = LINE ( 'NONE', #228, #789 ) ;
#1629 = ORIENTED_EDGE ( 'NONE', *, *, #1599, .T. ) ;
#1630 = LINE ( 'NONE', #2075, #1509 ) ;
#1631 = DIRECTION ( 'NONE',  ( -0.000000000000000000, 1.000000000000000000, 0.000000000000000000 ) ) ;
#1632 = DIRECTION ( 'NONE',  ( 1.000000000000000000, 0.000000000000000000, 0.000000000000000000 ) ) ;
#1633 = ORIENTED_EDGE ( 'NONE', *, *, #3825, .T. ) ;
#1634 = ORIENTED_EDGE ( 'NONE', *, *, #1680, .F. ) ;
#1635 = LINE ( 'NONE', #2727, #3476 ) ;
#1636 = LINE ( 'NONE', #905, #1922 ) ;
#1637 = PLANE ( 'NONE',  #2557 ) ;
#1638 = PLANE ( 'NONE',  #2166 ) ;
#1639 = PLANE ( 'NONE',  #360 ) ;
#1640 = ORIENTED_EDGE ( 'NONE', *, *, #3832, .F. ) ;
#1641 = VECTOR ( 'NONE', #2990, 1000.000000000000000 ) ;
#1642 = VERTEX_POINT ( 'NONE', #2996 ) ;
#1643 = DIRECTION ( 'NONE',  ( -1.000000000000000000, -0.000000000000000000, -0.000000000000000000 ) ) ;
#1644 = PRESENTATION_STYLE_ASSIGNMENT (( #932 ) ) ;
#1645 =( GEOMETRIC_REPRESENTATION_CONTEXT ( 3 ) GLOBAL_UNCERTAINTY_ASSIGNED_CONTEXT ( ( #68 ) ) GLOBAL_UNIT_ASSIGNED_CONTEXT ( ( #380, #1735, #1779 ) ) REPRESENTATION_CONTEXT ( 'NONE', 'WORKASPACE' ) );
#1646 = ORIENTED_EDGE ( 'NONE', *, *, #4497, .T. ) ;
#1647 = EDGE_CURVE ( 'NONE', #153, #1623, #1545, .T. ) ;
#1648 = VECTOR ( 'NONE', #61, 1000.000000000000000 ) ;
#1649 = VECTOR ( 'NONE', #289, 1000.000000000000000 ) ;
#1650 = PRESENTATION_STYLE_ASSIGNMENT (( #2783 ) ) ;
#1651 = PLANE ( 'NONE',  #1421 ) ;
#1652 = FACE_OUTER_BOUND ( 'NONE', #2660, .T. ) ;
#1653 = ADVANCED_FACE ( 'NONE', ( #124 ), #1210, .F. ) ;
#1654 = VECTOR ( 'NONE', #2798, 1000.000000000000000 ) ;
#1655 = VECTOR ( 'NONE', #4208, 1000.000000000000000 ) ;
#1656 = LINE ( 'NONE', #1246, #743 ) ;
#1657 = DIRECTION ( 'NONE',  ( -0.000000000000000000, -1.000000000000000000, -0.000000000000000000 ) ) ;
#1658 = EDGE_CURVE ( 'NONE', #367, #2912, #507, .T. ) ;
#1659 = STYLED_ITEM ( 'NONE', ( #2460 ), #1048 ) ;
#1660 = ORIENTED_EDGE ( 'NONE', *, *, #1466, .T. ) ;
#1661 = LINE ( 'NONE', #2747, #4570 ) ;
#1662 = DIRECTION ( 'NONE',  ( 1.000000000000000000, 1.727013593861350061E-15, 0.000000000000000000 ) ) ;
#1663 = DIRECTION ( 'NONE',  ( -0.7071067811865470176, 0.7071067811865480168, 0.000000000000000000 ) ) ;
#1664 = MECHANICAL_DESIGN_GEOMETRIC_PRESENTATION_REPRESENTATION (  '', ( #4243 ), #4010 ) ;
#1665 = LINE ( 'NONE', #3116, #2108 ) ;
#1666 = ORIENTED_EDGE ( 'NONE', *, *, #4260, .F. ) ;
#1667 = AXIS2_PLACEMENT_3D ( 'NONE', #4231, #1689, #4257 ) ;
#1668 = CARTESIAN_POINT ( 'NONE',  ( 27.50000000000000000, -13.19999999999999929, 10.25000000000000000 ) ) ;
#1669 = ORIENTED_EDGE ( 'NONE', *, *, #3976, .T. ) ;
#1670 = EDGE_LOOP ( 'NONE', ( #1132, #2874, #974, #4011, #4097, #1101 ) ) ;
#1671 = DIRECTION ( 'NONE',  ( 0.3826834323650898928, 0.9238795325112867385, 0.000000000000000000 ) ) ;
#1672 =( LENGTH_UNIT ( ) NAMED_UNIT ( * ) SI_UNIT ( .MILLI., .METRE. ) );
#1673 = FACE_OUTER_BOUND ( 'NONE', #4199, .T. ) ;
#1674 = LINE ( 'NONE', #3452, #3025 ) ;
#1675 = ADVANCED_FACE ( 'NONE', ( #2449 ), #2094, .F. ) ;
#1676 = PLANE ( 'NONE',  #670 ) ;
#1677 = FACE_OUTER_BOUND ( 'NONE', #768, .T. ) ;
#1678 = ADVANCED_FACE ( 'NONE', ( #3755 ), #477, .F. ) ;
#1679 = VERTEX_POINT ( 'NONE', #1126 ) ;
#1680 = EDGE_CURVE ( 'NONE', #3925, #635, #3950, .T. ) ;
#1681 = CARTESIAN_POINT ( 'NONE',  ( 0.5000000000000000000, -0.5000000000000000000, 0.5000000000000000000 ) ) ;
#1682 = CARTESIAN_POINT ( 'NONE',  ( 30.30000000000000071, -1.800000000000000266, 7.750000000000000000 ) ) ;
#1683 = DIRECTION ( 'NONE',  ( -0.000000000000000000, 1.000000000000000000, 0.000000000000000000 ) ) ;
#1684 = CARTESIAN_POINT ( 'NONE',  ( 3.586907429118601679E-17, -0.4999999999999999445, 0.2071067811865472119 ) ) ;
#1685 = ORIENTED_EDGE ( 'NONE', *, *, #4, .F. ) ;
#1686 = EDGE_CURVE ( 'NONE', #3110, #361, #777, .T. ) ;
#1687 = CARTESIAN_POINT ( 'NONE',  ( 3.850000000000000089, -9.199999999999999289, 7.750000000000000000 ) ) ;
#1688 = SURFACE_SIDE_STYLE ('',( #3853 ) ) ;
#1689 = DIRECTION ( 'NONE',  ( 0.000000000000000000, -1.000000000000000000, 0.000000000000000000 ) ) ;
#1690 = DIRECTION ( 'NONE',  ( 1.000000000000000000, 0.000000000000000000, 0.000000000000000000 ) ) ;
#1691 = CARTESIAN_POINT ( 'NONE',  ( 0.5000000000000000000, -0.5000000000000000000, 0.000000000000000000 ) ) ;
#1692 = CARTESIAN_POINT ( 'NONE',  ( 11.15000000000000036, -12.83786796564399957, 10.31249999999999822 ) ) ;
#1693 = PLANE ( 'NONE',  #752 ) ;
#1694 =( GEOMETRIC_REPRESENTATION_CONTEXT ( 3 ) GLOBAL_UNCERTAINTY_ASSIGNED_CONTEXT ( ( #3527 ) ) GLOBAL_UNIT_ASSIGNED_CONTEXT ( ( #3435, #3123, #561 ) ) REPRESENTATION_CONTEXT ( 'NONE', 'WORKASPACE' ) );
#1695 = FACE_OUTER_BOUND ( 'NONE', #2621, .T. ) ;
#1696 = ORIENTED_EDGE ( 'NONE', *, *, #3164, .F. ) ;
#1697 = AXIS2_PLACEMENT_3D ( 'NONE', #4393, #3575, #1124 ) ;
#1698 = CARTESIAN_POINT ( 'NONE',  ( 7.799999999999999822, -13.19999999999999929, 2.625000000000000444 ) ) ;
#1699 = CARTESIAN_POINT ( 'NONE',  ( 30.30000000000000071, -0.5000000000000000000, 0.4999999999999998890 ) ) ;
#1700 = VECTOR ( 'NONE', #2263, 1000.000000000000000 ) ;
#1701 = EDGE_CURVE ( 'NONE', #1787, #3696, #1069, .T. ) ;
#1702 = EDGE_LOOP ( 'NONE', ( #1418, #1057, #4656, #1141 ) ) ;
#1703 = ORIENTED_EDGE ( 'NONE', *, *, #4605, .T. ) ;
#1704 = LINE ( 'NONE', #3155, #1548 ) ;
#1705 = VECTOR ( 'NONE', #3209, 1000.000000000000000 ) ;
#1706 = CARTESIAN_POINT ( 'NONE',  ( 30.30000000000000071, -0.5000000000000000000, 12.50000000000000000 ) ) ;
#1707 = CARTESIAN_POINT ( 'NONE',  ( 0.5000000000000004441, -0.5000000000000000000, 0.000000000000000000 ) ) ;
#1708 = EDGE_CURVE ( 'NONE', #4247, #323, #2156, .T. ) ;
#1709 = LINE ( 'NONE', #3875, #3469 ) ;
#1710 = ORIENTED_EDGE ( 'NONE', *, *, #1296, .F. ) ;
#1711 = ORIENTED_EDGE ( 'NONE', *, *, #1207, .F. ) ;
#1712 = FILL_AREA_STYLE ('',( #3445 ) ) ;
#1713 =( LENGTH_UNIT ( ) NAMED_UNIT ( * ) SI_UNIT ( .MILLI., .METRE. ) );
#1714 = CARTESIAN_POINT ( 'NONE',  ( 29.80000000000000071, -0.5000000000000001110, 0.5000000000000000000 ) ) ;
#1715 = ORIENTED_EDGE ( 'NONE', *, *, #3739, .F. ) ;
#1716 = EDGE_CURVE ( 'NONE', #4168, #1304, #3321, .T. ) ;
#1717 = VECTOR ( 'NONE', #2799, 1000.000000000000000 ) ;
#1718 = LINE ( 'NONE', #2124, #493 ) ;
#1719 = VECTOR ( 'NONE', #1757, 1000.000000000000000 ) ;
#1720 = CARTESIAN_POINT ( 'NONE',  ( 7.650000000000000355, -12.83786796564399957, 2.875000000000000888 ) ) ;
#1721 = DIRECTION ( 'NONE',  ( 0.9238795325112855172, -0.3826834323650928349, -1.802292530558869259E-28 ) ) ;
#1722 = LINE ( 'NONE', #985, #375 ) ;
#1723 = AXIS2_PLACEMENT_3D ( 'NONE', #4586, #1052, #2144 ) ;
#1724 = DIRECTION ( 'NONE',  ( -0.7071067811865480168, -0.7071067811865470176, 0.000000000000000000 ) ) ;
#1725 = VECTOR ( 'NONE', #4547, 1000.000000000000000 ) ;
#1726 = VERTEX_POINT ( 'NONE', #3365 ) ;
#1727 = CARTESIAN_POINT ( 'NONE',  ( 26.89999999999999858, -0.3999999999999979128, 0.9999999999999988898 ) ) ;
#1728 = DIRECTION ( 'NONE',  ( -3.552334763092440048E-17, 1.000000000000000000, 0.000000000000000000 ) ) ;
#1729 = VECTOR ( 'NONE', #3319, 1000.000000000000000 ) ;
#1730 = VERTEX_POINT ( 'NONE', #113 ) ;
#1731 = UNCERTAINTY_MEASURE_WITH_UNIT (LENGTH_MEASURE( 1.000000000000000082E-05 ), #1713, 'distance_accuracy_value', 'NONE');
#1732 = FACE_OUTER_BOUND ( 'NONE', #382, .T. ) ;
#1733 = UNCERTAINTY_MEASURE_WITH_UNIT (LENGTH_MEASURE( 1.000000000000000082E-05 ), #1387, 'distance_accuracy_value', 'NONE');
#1734 = PLANE ( 'NONE',  #4305 ) ;
#1735 =( NAMED_UNIT ( * ) PLANE_ANGLE_UNIT ( ) SI_UNIT ( $, .RADIAN. ) );
#1736 = FACE_OUTER_BOUND ( 'NONE', #788, .T. ) ;
#1737 = ORIENTED_EDGE ( 'NONE', *, *, #422, .T. ) ;
#1738 = COLOUR_RGB ( '',0.9450980392156862475, 0.9215686274509803377, 0.9294117647058823817 ) ;
#1739 = EDGE_LOOP ( 'NONE', ( #1859, #691, #2943, #2396 ) ) ;
#1740 = VECTOR ( 'NONE', #2923, 1000.000000000000000 ) ;
#1741 = EDGE_CURVE ( 'NONE', #560, #194, #1556, .T. ) ;
#1742 = CARTESIAN_POINT ( 'NONE',  ( 5.799999999999999822, -9.199999999999999289, 12.00000000000000178 ) ) ;
#1743 = ADVANCED_FACE ( 'NONE', ( #4454 ), #470, .F. ) ;
#1744 = DIRECTION ( 'NONE',  ( 1.000000000000000000, -0.000000000000000000, 0.000000000000000000 ) ) ;
#1745 = LINE ( 'NONE', #4235, #911 ) ;
#1746 = VECTOR ( 'NONE', #1880, 1000.000000000000000 ) ;
#1747 = FILL_AREA_STYLE ('',( #3544 ) ) ;
#1748 = FACE_OUTER_BOUND ( 'NONE', #3719, .T. ) ;
#1749 = CARTESIAN_POINT ( 'NONE',  ( 17.05000000000000426, 5.510559301247143415E-16, 6.500000000000000888 ) ) ;
#1750 = PLANE ( 'NONE',  #407 ) ;
#1751 = ORIENTED_EDGE ( 'NONE', *, *, #2873, .F. ) ;
#1752 = ORIENTED_EDGE ( 'NONE', *, *, #3246, .F. ) ;
#1753 = DIRECTION ( 'NONE',  ( 0.000000000000000000, -0.000000000000000000, -1.000000000000000000 ) ) ;
#1754 = DIRECTION ( 'NONE',  ( -0.000000000000000000, -1.000000000000000000, -0.000000000000000000 ) ) ;
#1755 = VERTEX_POINT ( 'NONE', #1893 ) ;
#1756 = FILL_AREA_STYLE_COLOUR ( '', #2221 ) ;
#1757 = DIRECTION ( 'NONE',  ( -0.000000000000000000, 0.000000000000000000, 1.000000000000000000 ) ) ;
#1758 = SHAPE_DEFINITION_REPRESENTATION ( #3393, #2403 ) ;
#1759 = ORIENTED_EDGE ( 'NONE', *, *, #2541, .T. ) ;
#1760 = ORIENTED_EDGE ( 'NONE', *, *, #3673, .T. ) ;
#1761 = VERTEX_POINT ( 'NONE', #267 ) ;
#1762 = CARTESIAN_POINT ( 'NONE',  ( 3.400000000000000355, -0.3999999999999999112, 3.500000000000000000 ) ) ;
#1763 = DIRECTION ( 'NONE',  ( -1.000000000000000000, -1.110223024625159992E-16, -0.000000000000000000 ) ) ;
#1764 = CARTESIAN_POINT ( 'NONE',  ( 4.799999999999999822, -9.500000000000000000, 12.00000000000000000 ) ) ;
#1765 = CARTESIAN_POINT ( 'NONE',  ( 3.850000000000000533, -9.199999999999999289, 5.250000000000000000 ) ) ;
#1766 = DIRECTION ( 'NONE',  ( 0.000000000000000000, 1.000000000000000000, -0.000000000000000000 ) ) ;
#1767 = EDGE_CURVE ( 'NONE', #2576, #194, #1354, .T. ) ;
#1768 = ADVANCED_FACE ( 'NONE', ( #3901 ), #2778, .T. ) ;
#1769 = PLANE ( 'NONE',  #3590 ) ;
#1770 = ORIENTED_EDGE ( 'NONE', *, *, #2398, .T. ) ;
#1771 =( LENGTH_UNIT ( ) NAMED_UNIT ( * ) SI_UNIT ( .MILLI., .METRE. ) );
#1772 = FACE_OUTER_BOUND ( 'NONE', #3090, .T. ) ;
#1773 = LINE ( 'NONE', #991, #3926 ) ;
#1774 = EDGE_CURVE ( 'NONE', #3718, #2983, #4610, .T. ) ;
#1775 = ORIENTED_EDGE ( 'NONE', *, *, #4080, .F. ) ;
#1776 = CARTESIAN_POINT ( 'NONE',  ( 27.80000000000000071, -9.199999999999999289, 10.37500000000000000 ) ) ;
#1777 = UNCERTAINTY_MEASURE_WITH_UNIT (LENGTH_MEASURE( 1.000000000000000082E-05 ), #1195, 'distance_accuracy_value', 'NONE');
#1778 = PLANE ( 'NONE',  #1953 ) ;
#1779 =( NAMED_UNIT ( * ) SI_UNIT ( $, .STERADIAN. ) SOLID_ANGLE_UNIT ( ) );
#1780 = VECTOR ( 'NONE', #3342, 1000.000000000000000 ) ;
#1781 = ORIENTED_EDGE ( 'NONE', *, *, #3647, .T. ) ;
#1782 = ORIENTED_EDGE ( 'NONE', *, *, #4195, .T. ) ;
#1783 = VERTEX_POINT ( 'NONE', #2805 ) ;
#1784 = COLOUR_RGB ( '',0.9450980392156862475, 0.9215686274509803377, 0.9294117647058823817 ) ;
#1785 = CARTESIAN_POINT ( 'NONE',  ( 10.99999999999998579, -13.19999999999999396, 10.31249999999999822 ) ) ;
#1786 = LINE ( 'NONE', #694, #1649 ) ;
#1787 = VERTEX_POINT ( 'NONE', #3854 ) ;
#1788 = CARTESIAN_POINT ( 'NONE',  ( 10.40000000000000213, 3.516811415461510242E-16, 2.000000000000000000 ) ) ;
#1789 = DIRECTION ( 'NONE',  ( -0.000000000000000000, -1.000000000000000000, 0.000000000000000000 ) ) ;
#1790 = DIRECTION ( 'NONE',  ( -0.7071067811865484609, 0.7071067811865465735, 0.000000000000000000 ) ) ;
#1791 = DIRECTION ( 'NONE',  ( 0.000000000000000000, 1.000000000000000000, -0.000000000000000000 ) ) ;
#1792 = EDGE_LOOP ( 'NONE', ( #1063, #3199, #1459, #1282 ) ) ;
#1793 = CARTESIAN_POINT ( 'NONE',  ( 27.89999999999999858, -0.1999999999999990119, 2.000000000000000000 ) ) ;
#1794 = ORIENTED_EDGE ( 'NONE', *, *, #1622, .T. ) ;
#1795 = AXIS2_PLACEMENT_3D ( 'NONE', #4645, #2107, #4667 ) ;
#1796 = SURFACE_STYLE_USAGE ( .BOTH. , #3981 ) ;
#1797 = EDGE_CURVE ( 'NONE', #3794, #3293, #450, .T. ) ;
#1798 = CARTESIAN_POINT ( 'NONE',  ( 30.30000000000000071, -4.900000000000001243, 7.750000000000000000 ) ) ;
#1799 = LINE ( 'NONE', #4022, #2026 ) ;
#1800 = VECTOR ( 'NONE', #1551, 1000.000000000000000 ) ;
#1801 = VERTEX_POINT ( 'NONE', #3879 ) ;
#1802 = VECTOR ( 'NONE', #2355, 1000.000000000000000 ) ;
#1803 = VECTOR ( 'NONE', #3954, 1000.000000000000000 ) ;
#1804 = ADVANCED_FACE ( 'NONE', ( #2051 ), #270, .T. ) ;
#1805 =( BOUNDED_SURFACE ( )  B_SPLINE_SURFACE ( 3, 3, ( 
 ( #2766, #3776, #2368, #1699 ),
 ( #3505, #4147, #1343, #232 ),
 ( #3823, #250, #563, #3417 ),
 ( #1273, #4171, #901, #609 ) ),
 .UNSPECIFIED., .F., .F., .F. ) 
 B_SPLINE_SURFACE_WITH_KNOTS ( ( 4, 4 ),
 ( 4, 4 ),
 ( 0.000000000000000000, 1.000000000000000000 ),
 ( 0.000000000000000000, 1.000000000000000000 ),
 .UNSPECIFIED. ) 
 GEOMETRIC_REPRESENTATION_ITEM ( )  RATIONAL_B_SPLINE_SURFACE ( (
 ( 1.000000000000000000, 0.8047378541247262040, 0.8047378541247262040, 1.000000000000000000),
 ( 0.8047378541243649375, 0.6476030138609784048, 0.6476030138609784048, 0.8047378541243649375),
 ( 0.8047378541243649375, 0.6476030138609784048, 0.6476030138609784048, 0.8047378541243649375),
 ( 1.000000000000000000, 0.8047378541247262040, 0.8047378541247262040, 1.000000000000000000) ) ) 
 REPRESENTATION_ITEM ( '' )  SURFACE ( )  );
#1806 = LINE ( 'NONE', #1825, #3396 ) ;
#1807 = CARTESIAN_POINT ( 'NONE',  ( 27.80000000000000071, -12.47573593128810110, 10.37500000000000000 ) ) ;
#1808 = EDGE_LOOP ( 'NONE', ( #2924, #1814, #1280, #570 ) ) ;
#1809 = AXIS2_PLACEMENT_3D ( 'NONE', #2599, #797, #416 ) ;
#1810 = VERTEX_POINT ( 'NONE', #4613 ) ;
#1811 = ORIENTED_EDGE ( 'NONE', *, *, #1249, .T. ) ;
#1812 = DIRECTION ( 'NONE',  ( -1.000000000000000000, -3.552334763092437582E-17, 0.000000000000000000 ) ) ;
#1813 = VECTOR ( 'NONE', #540, 1000.000000000000000 ) ;
#1814 = ORIENTED_EDGE ( 'NONE', *, *, #3336, .T. ) ;
#1815 = VECTOR ( 'NONE', #4539, 1000.000000000000000 ) ;
#1816 = CARTESIAN_POINT ( 'NONE',  ( 26.80000000000000071, -9.199999999999999289, 2.625000000000000000 ) ) ;
#1817 = VECTOR ( 'NONE', #4649, 1000.000000000000000 ) ;
#1818 = ORIENTED_EDGE ( 'NONE', *, *, #1136, .F. ) ;
#1819 = COLOUR_RGB ( '',0.9450980392156862475, 0.9215686274509803377, 0.9294117647058823817 ) ;
#1820 = FILL_AREA_STYLE ('',( #2168 ) ) ;
#1821 = CARTESIAN_POINT ( 'NONE',  ( 26.80000000000000071, -9.200000000000001066, 2.875000000000000000 ) ) ;
#1822 = ORIENTED_EDGE ( 'NONE', *, *, #1741, .T. ) ;
#1823 = ADVANCED_FACE ( 'NONE', ( #3170 ), #1359, .T. ) ;
#1824 = VERTEX_POINT ( 'NONE', #3194 ) ;
#1825 = CARTESIAN_POINT ( 'NONE',  ( 2.950000000000000178, -9.199999999999999289, 0.000000000000000000 ) ) ;
#1826 = ORIENTED_EDGE ( 'NONE', *, *, #8, .F. ) ;
#1827 = ORIENTED_EDGE ( 'NONE', *, *, #2954, .T. ) ;
#1828 = CARTESIAN_POINT ( 'NONE',  ( 10.40000000000000036, -0.4000000000000001887, 3.500000000000000000 ) ) ;
#1829 = ORIENTED_EDGE ( 'NONE', *, *, #3542, .F. ) ;
#1830 = EDGE_CURVE ( 'NONE', #2586, #1147, #1630, .T. ) ;
#1831 = FACE_OUTER_BOUND ( 'NONE', #107, .T. ) ;
#1832 = DIRECTION ( 'NONE',  ( -3.552334763092440048E-17, 1.000000000000000000, 0.000000000000000000 ) ) ;
#1833 = SURFACE_STYLE_USAGE ( .BOTH. , #2971 ) ;
#1834 = ORIENTED_EDGE ( 'NONE', *, *, #3932, .F. ) ;
#1835 = CARTESIAN_POINT ( 'NONE',  ( 3.600000000000006750, -13.19999999999999574, 10.37499999999999822 ) ) ;
#1836 = DIRECTION ( 'NONE',  ( 0.000000000000000000, 2.220446049250310123E-16, 1.000000000000000000 ) ) ;
#1837 = DIRECTION ( 'NONE',  ( -0.7071067811865480168, 0.7071067811865470176, 0.000000000000000000 ) ) ;
#1838 = CARTESIAN_POINT ( 'NONE',  ( 3.399999999999999911, -9.000000000000001776, 3.500000000000000000 ) ) ;
#1839 = ORIENTED_EDGE ( 'NONE', *, *, #205, .T. ) ;
#1840 = SURFACE_STYLE_FILL_AREA ( #3722 ) ;
#1841 = SURFACE_STYLE_USAGE ( .BOTH. , #472 ) ;
#1842 = EDGE_CURVE ( 'NONE', #929, #495, #1745, .T. ) ;
#1843 = VECTOR ( 'NONE', #1690, 1000.000000000000000 ) ;
#1844 = EDGE_LOOP ( 'NONE', ( #3367, #1947, #3841, #1106 ) ) ;
#1845 = VECTOR ( 'NONE', #3282, 1000.000000000000000 ) ;
#1846 = ORIENTED_EDGE ( 'NONE', *, *, #369, .T. ) ;
#1847 = DIRECTION ( 'NONE',  ( 1.000000000000000000, -0.000000000000000000, 0.000000000000000000 ) ) ;
#1848 = VECTOR ( 'NONE', #1056, 1000.000000000000000 ) ;
#1849 = ADVANCED_FACE ( 'NONE', ( #4636 ), #874, .T. ) ;
#1850 = DIRECTION ( 'NONE',  ( -1.000000000000000000, -3.552334763092440048E-17, 0.000000000000000000 ) ) ;
#1851 = EDGE_CURVE ( 'NONE', #389, #1281, #1245, .T. ) ;
#1852 = VERTEX_POINT ( 'NONE', #3774 ) ;
#1853 = STYLED_ITEM ( 'NONE', ( #294 ), #551 ) ;
#1854 = DIRECTION ( 'NONE',  ( 0.000000000000000000, 0.000000000000000000, 1.000000000000000000 ) ) ;
#1855 = STYLED_ITEM ( 'NONE', ( #45 ), #706 ) ;
#1856 = LINE ( 'NONE', #882, #3849 ) ;
#1857 = DIRECTION ( 'NONE',  ( -0.7071067811865480168, 0.7071067811865470176, 0.000000000000000000 ) ) ;
#1858 = ORIENTED_EDGE ( 'NONE', *, *, #1365, .F. ) ;
#1859 = ORIENTED_EDGE ( 'NONE', *, *, #772, .F. ) ;
#1860 = LINE ( 'NONE', #461, #292 ) ;
#1861 = DIRECTION ( 'NONE',  ( 0.000000000000000000, -0.000000000000000000, 1.000000000000000000 ) ) ;
#1862 = DIRECTION ( 'NONE',  ( 0.000000000000000000, 1.000000000000000000, 0.000000000000000000 ) ) ;
#1863 =( GEOMETRIC_REPRESENTATION_CONTEXT ( 3 ) GLOBAL_UNCERTAINTY_ASSIGNED_CONTEXT ( ( #2868 ) ) GLOBAL_UNIT_ASSIGNED_CONTEXT ( ( #10, #364, #2881 ) ) REPRESENTATION_CONTEXT ( 'NONE', 'WORKASPACE' ) );
#1864 = ORIENTED_EDGE ( 'NONE', *, *, #24, .T. ) ;
#1865 = ORIENTED_EDGE ( 'NONE', *, *, #1042, .T. ) ;
#1866 = DIRECTION ( 'NONE',  ( 0.000000000000000000, 0.000000000000000000, -1.000000000000000000 ) ) ;
#1867 = CARTESIAN_POINT ( 'NONE',  ( 21.45000000000000284, -3.200000000000000178, 6.500000000000000888 ) ) ;
#1868 = DIRECTION ( 'NONE',  ( 0.000000000000000000, 0.000000000000000000, -1.000000000000000000 ) ) ;
#1869 = ORIENTED_EDGE ( 'NONE', *, *, #1277, .T. ) ;
#1870 = VECTOR ( 'NONE', #1862, 1000.000000000000000 ) ;
#1871 = VERTEX_POINT ( 'NONE', #1583 ) ;
#1872 = LINE ( 'NONE', #2250, #401 ) ;
#1873 = CARTESIAN_POINT ( 'NONE',  ( 25.80000000000000071, -9.199999999999999289, 12.00000000000000000 ) ) ;
#1874 = LINE ( 'NONE', #3017, #732 ) ;
#1875 = AXIS2_PLACEMENT_3D ( 'NONE', #3610, #3756, #54 ) ;
#1876 = ORIENTED_EDGE ( 'NONE', *, *, #1356, .F. ) ;
#1877 = AXIS2_PLACEMENT_3D ( 'NONE', #711, #2154, #3290 ) ;
#1878 = DIRECTION ( 'NONE',  ( 0.000000000000000000, -1.000000000000000000, 0.000000000000000000 ) ) ;
#1879 = VECTOR ( 'NONE', #1753, 1000.000000000000000 ) ;
#1880 = DIRECTION ( 'NONE',  ( 1.000000000000000000, 1.471755420188100026E-30, 2.772561941572584933E-57 ) ) ;
#1881 = FACE_OUTER_BOUND ( 'NONE', #3307, .T. ) ;
#1882 = ORIENTED_EDGE ( 'NONE', *, *, #1950, .T. ) ;
#1883 = AXIS2_PLACEMENT_3D ( 'NONE', #1605, #3738, #3838 ) ;
#1884 = EDGE_CURVE ( 'NONE', #2085, #2846, #3033, .T. ) ;
#1885 = DIRECTION ( 'NONE',  ( -1.000000000000000000, 0.000000000000000000, 0.000000000000000000 ) ) ;
#1886 = CARTESIAN_POINT ( 'NONE',  ( 30.30000000000000071, -9.199999999999999289, 10.12500000000000000 ) ) ;
#1887 = STYLED_ITEM ( 'NONE', ( #3721 ), #1743 ) ;
#1888 = PLANE ( 'NONE',  #4148 ) ;
#1889 = ADVANCED_FACE ( 'NONE', ( #3078 ), #3057, .T. ) ;
#1890 = VERTEX_POINT ( 'NONE', #545 ) ;
#1891 = VERTEX_POINT ( 'NONE', #2828 ) ;
#1892 = ORIENTED_EDGE ( 'NONE', *, *, #3198, .T. ) ;
#1893 = CARTESIAN_POINT ( 'NONE',  ( 5.799999999999999822, -9.199999999999999289, 0.000000000000000000 ) ) ;
#1894 = CYLINDRICAL_SURFACE ( 'NONE', #4526, 0.5000000000000000000 ) ;
#1895 = CARTESIAN_POINT ( 'NONE',  ( 22.65000000000000213, -1.600000000000000089, 6.500000000000000888 ) ) ;
#1896 = CARTESIAN_POINT ( 'NONE',  ( 27.80000000000000071, -5.900000000000000355, 7.750000000000000000 ) ) ;
#1897 = ORIENTED_EDGE ( 'NONE', *, *, #2700, .F. ) ;
#1898 = DIRECTION ( 'NONE',  ( 0.000000000000000000, -1.000000000000000000, 0.000000000000000000 ) ) ;
#1899 = CARTESIAN_POINT ( 'NONE',  ( 2.949999999999999734, -9.199999999999999289, 5.250000000000000000 ) ) ;
#1900 = EDGE_LOOP ( 'NONE', ( #2058, #4126, #4577, #3946 ) ) ;
#1901 = CARTESIAN_POINT ( 'NONE',  ( 24.80000000000000426, -4.500000000000000888, 0.000000000000000000 ) ) ;
#1902 = CARTESIAN_POINT ( 'NONE',  ( 7.100000000000013856, -13.19999999999999396, 2.687500000000000444 ) ) ;
#1903 = ORIENTED_EDGE ( 'NONE', *, *, #1627, .F. ) ;
#1904 = EDGE_CURVE ( 'NONE', #3055, #2081, #4015, .T. ) ;
#1905 = CARTESIAN_POINT ( 'NONE',  ( 26.94999999999999929, -12.83786796564399957, 10.37500000000000000 ) ) ;
#1906 = FILL_AREA_STYLE_COLOUR ( '', #2463 ) ;
#1907 =( LENGTH_UNIT ( ) NAMED_UNIT ( * ) SI_UNIT ( .MILLI., .METRE. ) );
#1908 = DIRECTION ( 'NONE',  ( 1.000000000000000000, 0.000000000000000000, -0.000000000000000000 ) ) ;
#1909 = VERTEX_POINT ( 'NONE', #3212 ) ;
#1910 = ORIENTED_EDGE ( 'NONE', *, *, #1040, .T. ) ;
#1911 = DIRECTION ( 'NONE',  ( -1.000000000000000000, 0.000000000000000000, 0.000000000000000000 ) ) ;
#1912 = EDGE_CURVE ( 'NONE', #1536, #526, #2920, .T. ) ;
#1913 = CARTESIAN_POINT ( 'NONE',  ( 27.30000000000000071, -13.19999999999999929, 10.25000000000000000 ) ) ;
#1914 = LINE ( 'NONE', #3387, #2255 ) ;
#1915 = FILL_AREA_STYLE ('',( #1585 ) ) ;
#1916 = ORIENTED_EDGE ( 'NONE', *, *, #2597, .T. ) ;
#1917 = SURFACE_SIDE_STYLE ('',( #3347 ) ) ;
#1918 = LINE ( 'NONE', #3298, #1340 ) ;
#1919 = DIRECTION ( 'NONE',  ( 0.000000000000000000, -1.000000000000000000, -1.522608470925409877E-48 ) ) ;
#1920 = VERTEX_POINT ( 'NONE', #2500 ) ;
#1921 = DIRECTION ( 'NONE',  ( -0.3826834323650898928, -0.9238795325112867385, -0.000000000000000000 ) ) ;
#1922 = VECTOR ( 'NONE', #2066, 1000.000000000000000 ) ;
#1923 = FACE_OUTER_BOUND ( 'NONE', #3259, .T. ) ;
#1924 = EDGE_LOOP ( 'NONE', ( #3329, #3295, #1770, #1669 ) ) ;
#1925 = CIRCLE ( 'NONE', #3447, 2.800000000000000266 ) ;
#1926 = STYLED_ITEM ( 'NONE', ( #1999 ), #610 ) ;
#1927 = EDGE_CURVE ( 'NONE', #198, #1115, #3279, .T. ) ;
#1928 = DIRECTION ( 'NONE',  ( -1.862785797453189940E-16, 1.000000000000000000, -0.000000000000000000 ) ) ;
#1929 = DIRECTION ( 'NONE',  ( 0.000000000000000000, 0.000000000000000000, -1.000000000000000000 ) ) ;
#1930 = CARTESIAN_POINT ( 'NONE',  ( 7.799999999999988276, -12.47573593128809755, 2.625000000000000444 ) ) ;
#1931 = CARTESIAN_POINT ( 'NONE',  ( 26.70000000000000284, -0.1999999999999990119, 0.9999999999999988898 ) ) ;
#1932 = CARTESIAN_POINT ( 'NONE',  ( 26.94999999999999929, -12.83786796564399957, 2.875000000000000000 ) ) ;
#1933 = DIRECTION ( 'NONE',  ( 0.3826834323650898928, 0.9238795325112867385, 0.000000000000000000 ) ) ;
#1934 = ORIENTED_EDGE ( 'NONE', *, *, #799, .F. ) ;
#1935 = EDGE_CURVE ( 'NONE', #1135, #1462, #4306, .T. ) ;
#1936 = DIRECTION ( 'NONE',  ( -0.000000000000000000, -0.000000000000000000, -1.000000000000000000 ) ) ;
#1937 = FACE_OUTER_BOUND ( 'NONE', #4631, .T. ) ;
#1938 = DIRECTION ( 'NONE',  ( 1.000000000000000000, 0.000000000000000000, -0.000000000000000000 ) ) ;
#1939 = VECTOR ( 'NONE', #2942, 1000.000000000000000 ) ;
#1940 = ORIENTED_EDGE ( 'NONE', *, *, #799, .T. ) ;
#1941 = ORIENTED_EDGE ( 'NONE', *, *, #3429, .T. ) ;
#1942 = CARTESIAN_POINT ( 'NONE',  ( 4.799999999999999822, -9.199999999999999289, 1.000000000000000000 ) ) ;
#1943 = VECTOR ( 'NONE', #2113, 1000.000000000000000 ) ;
#1944 = DIRECTION ( 'NONE',  ( 0.7071067811865484609, -0.7071067811865465735, 0.000000000000000000 ) ) ;
#1945 = FACE_OUTER_BOUND ( 'NONE', #861, .T. ) ;
#1946 = DIRECTION ( 'NONE',  ( -1.000000000000000000, 0.000000000000000000, -0.000000000000000000 ) ) ;
#1947 = ORIENTED_EDGE ( 'NONE', *, *, #1140, .T. ) ;
#1948 = AXIS2_PLACEMENT_3D ( 'NONE', #3859, #4115, #4496 ) ;
#1949 = VECTOR ( 'NONE', #94, 1000.000000000000000 ) ;
#1950 = EDGE_CURVE ( 'NONE', #2479, #3395, #3936, .T. ) ;
#1951 = CARTESIAN_POINT ( 'NONE',  ( 7.900000000000000355, -0.2000000000000000111, 9.500000000000000000 ) ) ;
#1952 = CARTESIAN_POINT ( 'NONE',  ( 26.80000000000000071, -9.199999999999999289, 10.37500000000000000 ) ) ;
#1953 = AXIS2_PLACEMENT_3D ( 'NONE', #2112, #3623, #1038 ) ;
#1954 = CARTESIAN_POINT ( 'NONE',  ( 6.500000000000000888, 2.131400857855463905E-16, 0.000000000000000000 ) ) ;
#1955 = ORIENTED_EDGE ( 'NONE', *, *, #2485, .F. ) ;
#1956 = VECTOR ( 'NONE', #249, 1000.000000000000000 ) ;
#1957 = CARTESIAN_POINT ( 'NONE',  ( 22.65000000000000213, -3.200000000000000178, 6.500000000000000888 ) ) ;
#1958 = PLANE ( 'NONE',  #3069 ) ;
#1959 = PRESENTATION_STYLE_ASSIGNMENT (( #4495 ) ) ;
#1960 = PLANE ( 'NONE',  #3166 ) ;
#1961 = LINE ( 'NONE', #3411, #4392 ) ;
#1962 = VECTOR ( 'NONE', #1928, 1000.000000000000000 ) ;
#1963 = FILL_AREA_STYLE_COLOUR ( '', #3443 ) ;
#1964 = ORIENTED_EDGE ( 'NONE', *, *, #3252, .T. ) ;
#1965 = VECTOR ( 'NONE', #860, 1000.000000000000227 ) ;
#1966 = ORIENTED_EDGE ( 'NONE', *, *, #3306, .F. ) ;
#1967 = CYLINDRICAL_SURFACE ( 'NONE', #3515, 1.600000000000000755 ) ;
#1968 = CARTESIAN_POINT ( 'NONE',  ( 5.799999999999999822, -9.199999999999999289, 1.000000000000000000 ) ) ;
#1969 = AXIS2_PLACEMENT_3D ( 'NONE', #2784, #489, #2453 ) ;
#1970 = ADVANCED_FACE ( 'NONE', ( #1450 ), #677, .F. ) ;
#1971 = ORIENTED_EDGE ( 'NONE', *, *, #3856, .T. ) ;
#1972 = ORIENTED_EDGE ( 'NONE', *, *, #2123, .F. ) ;
#1973 = CIRCLE ( 'NONE', #2352, 0.5000000000000000000 ) ;
#1974 = CARTESIAN_POINT ( 'NONE',  ( 15.64220150327190062, -4.500000000000000888, 0.000000000000000000 ) ) ;
#1975 = FACE_OUTER_BOUND ( 'NONE', #184, .T. ) ;
#1976 = ADVANCED_FACE ( 'NONE', ( #1075 ), #3635, .F. ) ;
#1977 = ORIENTED_EDGE ( 'NONE', *, *, #979, .T. ) ;
#1978 = ADVANCED_FACE ( 'NONE', ( #1831 ), #4684, .T. ) ;
#1979 = FACE_OUTER_BOUND ( 'NONE', #630, .T. ) ;
#1980 = CARTESIAN_POINT ( 'NONE',  ( 24.80000000000000426, -9.500000000000000000, 1.000000000000000000 ) ) ;
#1981 = ADVANCED_FACE ( 'NONE', ( #2880 ), #698, .T. ) ;
#1982 = ORIENTED_EDGE ( 'NONE', *, *, #1566, .F. ) ;
#1983 = VERTEX_POINT ( 'NONE', #3265 ) ;
#1984 = CARTESIAN_POINT ( 'NONE',  ( 7.799999999999999822, -9.199999999999999289, 2.625000000000000444 ) ) ;
#1985 = CARTESIAN_POINT ( 'NONE',  ( 29.80000000000000071, -9.199999999999999289, 0.000000000000000000 ) ) ;
#1986 = LINE ( 'NONE', #3146, #2340 ) ;
#1987 =( NAMED_UNIT ( * ) SI_UNIT ( $, .STERADIAN. ) SOLID_ANGLE_UNIT ( ) );
#1988 = CARTESIAN_POINT ( 'NONE',  ( 27.80000000000000071, -9.200000000000001066, 2.875000000000000000 ) ) ;
#1989 = DIRECTION ( 'NONE',  ( -0.7071067811865480168, -0.7071067811865470176, 0.000000000000000000 ) ) ;
#1990 = EDGE_LOOP ( 'NONE', ( #2674, #1320, #4150, #3077, #1110, #2714 ) ) ;
#1991 =( NAMED_UNIT ( * ) PLANE_ANGLE_UNIT ( ) SI_UNIT ( $, .RADIAN. ) );
#1992 = EDGE_CURVE ( 'NONE', #1983, #4091, #1113, .T. ) ;
#1993 = LINE ( 'NONE', #1974, #1261 ) ;
#1994 = LINE ( 'NONE', #2044, #1717 ) ;
#1995 = CARTESIAN_POINT ( 'NONE',  ( 1.011651029528139884E-15, -0.2071067811865476282, 12.50000000000000178 ) ) ;
#1996 = ORIENTED_EDGE ( 'NONE', *, *, #4167, .T. ) ;
#1997 = ORIENTED_EDGE ( 'NONE', *, *, #2311, .F. ) ;
#1998 = ADVANCED_FACE ( 'NONE', ( #2542 ), #3992, .F. ) ;
#1999 = PRESENTATION_STYLE_ASSIGNMENT (( #2712 ) ) ;
#2000 = DIRECTION ( 'NONE',  ( 1.000000000000000000, 0.000000000000000000, -0.000000000000000000 ) ) ;
#2001 = VERTEX_POINT ( 'NONE', #506 ) ;
#2002 = AXIS2_PLACEMENT_3D ( 'NONE', #1223, #1321, #2675 ) ;
#2003 = EDGE_CURVE ( 'NONE', #4104, #1642, #150, .T. ) ;
#2004 =( NAMED_UNIT ( * ) PLANE_ANGLE_UNIT ( ) SI_UNIT ( $, .RADIAN. ) );
#2005 = AXIS2_PLACEMENT_3D ( 'NONE', #3104, #871, #4559 ) ;
#2006 =( NAMED_UNIT ( * ) PLANE_ANGLE_UNIT ( ) SI_UNIT ( $, .RADIAN. ) );
#2007 = CARTESIAN_POINT ( 'NONE',  ( 5.799999999999999822, -9.500000000000000000, 1.000000000000000000 ) ) ;
#2008 = ORIENTED_EDGE ( 'NONE', *, *, #1040, .F. ) ;
#2009 = DIRECTION ( 'NONE',  ( 0.000000000000000000, 0.000000000000000000, -1.000000000000000000 ) ) ;
#2010 = CARTESIAN_POINT ( 'NONE',  ( 3.299999999999999822, -9.199999999999999289, 10.37499999999999822 ) ) ;
#2011 = DIRECTION ( 'NONE',  ( 1.000000000000000000, 0.000000000000000000, -0.000000000000000000 ) ) ;
#2012 = ORIENTED_EDGE ( 'NONE', *, *, #2689, .F. ) ;
#2013 = LINE ( 'NONE', #3918, #2185 ) ;
#2014 = UNCERTAINTY_MEASURE_WITH_UNIT (LENGTH_MEASURE( 1.000000000000000082E-05 ), #3066, 'distance_accuracy_value', 'NONE');
#2015 = DIRECTION ( 'NONE',  ( 1.727013593861350061E-15, -1.000000000000000000, 0.000000000000000000 ) ) ;
#2016 =( GEOMETRIC_REPRESENTATION_CONTEXT ( 3 ) GLOBAL_UNCERTAINTY_ASSIGNED_CONTEXT ( ( #1066 ) ) GLOBAL_UNIT_ASSIGNED_CONTEXT ( ( #1175, #907, #550 ) ) REPRESENTATION_CONTEXT ( 'NONE', 'WORKASPACE' ) );
#2017 = CARTESIAN_POINT ( 'NONE',  ( 30.09289321881345103, -0.4999999999999986677, 13.00000000000000178 ) ) ;
#2018 = VERTEX_POINT ( 'NONE', #430 ) ;
#2019 = COLOUR_RGB ( '',0.007843137254901960675, 0.5098039215686274161, 0.8156862745098039102 ) ;
#2020 = ORIENTED_EDGE ( 'NONE', *, *, #1830, .T. ) ;
#2021 = CARTESIAN_POINT ( 'NONE',  ( 6.799999999999999822, -9.199999999999999289, 2.625000000000000444 ) ) ;
#2022 = LINE ( 'NONE', #3468, #3850 ) ;
#2023 = VECTOR ( 'NONE', #2287, 1000.000000000000000 ) ;
#2024 = VERTEX_POINT ( 'NONE', #1980 ) ;
#2025 = EDGE_CURVE ( 'NONE', #3517, #1787, #3046, .T. ) ;
#2026 = VECTOR ( 'NONE', #3340, 1000.000000000000000 ) ;
#2027 = VECTOR ( 'NONE', #143, 999.9999999999998863 ) ;
#2028 = LINE ( 'NONE', #156, #1345 ) ;
#2029 = FILL_AREA_STYLE_COLOUR ( '', #4522 ) ;
#2030 = PLANE ( 'NONE',  #1883 ) ;
#2031 = EDGE_CURVE ( 'NONE', #4365, #2907, #3793, .T. ) ;
#2032 = VECTOR ( 'NONE', #1317, 1000.000000000000000 ) ;
#2033 = EDGE_CURVE ( 'NONE', #4588, #526, #4424, .T. ) ;
#2034 = VERTEX_POINT ( 'NONE', #2970 ) ;
#2035 = VECTOR ( 'NONE', #632, 1000.000000000000000 ) ;
#2036 = SURFACE_STYLE_USAGE ( .BOTH. , #3437 ) ;
#2037 = DIRECTION ( 'NONE',  ( -0.7071067811865470176, 0.7071067811865480168, 0.000000000000000000 ) ) ;
#2038 = EDGE_CURVE ( 'NONE', #1479, #478, #3334, .T. ) ;
#2039 = MECHANICAL_DESIGN_GEOMETRIC_PRESENTATION_REPRESENTATION (  '', ( #1659 ), #65 ) ;
#2040 = ORIENTED_EDGE ( 'NONE', *, *, #1531, .F. ) ;
#2041 = LINE ( 'NONE', #1299, #1501 ) ;
#2042 = CARTESIAN_POINT ( 'NONE',  ( 24.80000000000000426, -9.500000000000000000, 13.00000000000000355 ) ) ;
#2043 = LINE ( 'NONE', #4129, #2478 ) ;
#2044 = CARTESIAN_POINT ( 'NONE',  ( 24.80000000000000426, -4.500000000000000888, 5.250000000000000000 ) ) ;
#2045 = VECTOR ( 'NONE', #2101, 1000.000000000000114 ) ;
#2046 = PLANE ( 'NONE',  #4525 ) ;
#2047 = EDGE_LOOP ( 'NONE', ( #3628, #2506, #1696, #949 ) ) ;
#2048 = ORIENTED_EDGE ( 'NONE', *, *, #4542, .T. ) ;
#2049 = DIRECTION ( 'NONE',  ( 0.7071067811865480168, -0.7071067811865470176, -0.000000000000000000 ) ) ;
#2050 = DIRECTION ( 'NONE',  ( 0.000000000000000000, 0.000000000000000000, -1.000000000000000000 ) ) ;
#2051 = FACE_OUTER_BOUND ( 'NONE', #1808, .T. ) ;
#2052 = ADVANCED_FACE ( 'NONE', ( #887 ), #3022, .T. ) ;
#2053 = DIRECTION ( 'NONE',  ( 1.000000000000000000, 3.552334763092440048E-17, -0.000000000000000000 ) ) ;
#2054 =( NAMED_UNIT ( * ) PLANE_ANGLE_UNIT ( ) SI_UNIT ( $, .RADIAN. ) );
#2055 = FACE_OUTER_BOUND ( 'NONE', #3580, .T. ) ;
#2056 = LINE ( 'NONE', #1381, #1019 ) ;
#2057 = EDGE_LOOP ( 'NONE', ( #311, #3800, #1711 ) ) ;
#2058 = ORIENTED_EDGE ( 'NONE', *, *, #1622, .F. ) ;
#2059 = DIRECTION ( 'NONE',  ( -0.000000000000000000, 0.000000000000000000, 1.000000000000000000 ) ) ;
#2060 = EDGE_CURVE ( 'NONE', #4383, #2085, #1570, .T. ) ;
#2061 = EDGE_CURVE ( 'NONE', #4507, #4663, #859, .T. ) ;
#2062 = FILL_AREA_STYLE ('',( #2698 ) ) ;
#2063 = CARTESIAN_POINT ( 'NONE',  ( 30.30000000000000071, -1.800000000000000266, 7.750000000000000000 ) ) ;
#2064 = ORIENTED_EDGE ( 'NONE', *, *, #3368, .F. ) ;
#2065 = ORIENTED_EDGE ( 'NONE', *, *, #473, .F. ) ;
#2066 = DIRECTION ( 'NONE',  ( 0.000000000000000000, -1.000000000000000000, -3.000602769257179759E-16 ) ) ;
#2067 = DIRECTION ( 'NONE',  ( 1.000000000000000000, 0.000000000000000000, -0.000000000000000000 ) ) ;
#2068 = CARTESIAN_POINT ( 'NONE',  ( 3.586907429118601679E-17, -0.2071067811865471564, 0.5000000000000001110 ) ) ;
#2069 = CARTESIAN_POINT ( 'NONE',  ( 6.900000000000000355, 2.775557561562889872E-16, 11.00000000000000000 ) ) ;
#2070 = ORIENTED_EDGE ( 'NONE', *, *, #1741, .F. ) ;
#2071 = ORIENTED_EDGE ( 'NONE', *, *, #3336, .F. ) ;
#2072 = SURFACE_STYLE_USAGE ( .BOTH. , #554 ) ;
#2073 = DIRECTION ( 'NONE',  ( 0.000000000000000000, 0.000000000000000000, 1.000000000000000000 ) ) ;
#2074 = FILL_AREA_STYLE_COLOUR ( '', #2685 ) ;
#2075 = CARTESIAN_POINT ( 'NONE',  ( 27.69999999999999929, -9.000000000000001776, 2.000000000000000000 ) ) ;
#2076 = CARTESIAN_POINT ( 'NONE',  ( 26.50000000000000000, 1.348307623618881700E-15, 11.00000000000000000 ) ) ;
#2077 = VECTOR ( 'NONE', #1516, 1000.000000000000000 ) ;
#2078 = DIRECTION ( 'NONE',  ( 0.000000000000000000, 1.000000000000000000, -0.000000000000000000 ) ) ;
#2079 = EDGE_LOOP ( 'NONE', ( #3604, #1185, #2351, #3537 ) ) ;
#2080 = VECTOR ( 'NONE', #2908, 1000.000000000000000 ) ;
#2081 = VERTEX_POINT ( 'NONE', #1230 ) ;
#2082 = CARTESIAN_POINT ( 'NONE',  ( 4.799999999999999822, -9.199999999999999289, 7.750000000000000000 ) ) ;
#2083 = DIRECTION ( 'NONE',  ( -0.000000000000000000, -0.000000000000000000, -1.000000000000000000 ) ) ;
#2084 = AXIS2_PLACEMENT_3D ( 'NONE', #1358, #1744, #3880 ) ;
#2085 = VERTEX_POINT ( 'NONE', #1181 ) ;
#2086 = DIRECTION ( 'NONE',  ( -0.000000000000000000, -1.000000000000000000, -0.000000000000000000 ) ) ;
#2087 = CARTESIAN_POINT ( 'NONE',  ( 27.10000000000000497, -13.19999999999999929, 2.625000000000000000 ) ) ;
#2088 = CARTESIAN_POINT ( 'NONE',  ( 26.89999999999999858, -0.3999999999999987454, 11.00000000000000000 ) ) ;
#2089 = CARTESIAN_POINT ( 'NONE',  ( 0.2071067811865483776, -0.2071067811861365404, 12.99999999999955413 ) ) ;
#2090 = ORIENTED_EDGE ( 'NONE', *, *, #4641, .F. ) ;
#2091 = VERTEX_POINT ( 'NONE', #2333 ) ;
#2092 = ORIENTED_EDGE ( 'NONE', *, *, #3985, .T. ) ;
#2093 = DIRECTION ( 'NONE',  ( 1.880971642862106572E-50, -5.295029236559480243E-34, -1.000000000000000000 ) ) ;
#2094 = PLANE ( 'NONE',  #1054 ) ;
#2095 = COLOUR_RGB ( '',0.9450980392156862475, 0.9215686274509803377, 0.9294117647058823817 ) ;
#2096 = LINE ( 'NONE', #2380, #189 ) ;
#2097 = FILL_AREA_STYLE ('',( #4480 ) ) ;
#2098 = VECTOR ( 'NONE', #3843, 1000.000000000000000 ) ;
#2099 = PLANE ( 'NONE',  #200 ) ;
#2100 = DIRECTION ( 'NONE',  ( -0.7071067811865470176, 0.7071067811865480168, -2.616820764472960501E-16 ) ) ;
#2101 = DIRECTION ( 'NONE',  ( 0.7071067811865466846, 0.7071067811865483499, 0.000000000000000000 ) ) ;
#2102 = VECTOR ( 'NONE', #1595, 1000.000000000000000 ) ;
#2103 = DIRECTION ( 'NONE',  ( 1.000000000000000000, -0.000000000000000000, 0.000000000000000000 ) ) ;
#2104 = MECHANICAL_DESIGN_GEOMETRIC_PRESENTATION_REPRESENTATION (  '', ( #812 ), #2407 ) ;
#2105 = EDGE_LOOP ( 'NONE', ( #3163, #710, #1617, #2634 ) ) ;
#2106 = DIRECTION ( 'NONE',  ( -3.469446951953610245E-16, 0.000000000000000000, -1.000000000000000000 ) ) ;
#2107 = DIRECTION ( 'NONE',  ( -1.000000000000000000, 0.000000000000000000, 0.000000000000000000 ) ) ;
#2108 = VECTOR ( 'NONE', #4196, 1000.000000000000000 ) ;
#2109 = ORIENTED_EDGE ( 'NONE', *, *, #3502, .T. ) ;
#2110 = VECTOR ( 'NONE', #2885, 1000.000000000000000 ) ;
#2111 = SURFACE_STYLE_USAGE ( .BOTH. , #2842 ) ;
#2112 = CARTESIAN_POINT ( 'NONE',  ( 1.800000000000000266, -5.400000000000000355, 6.500000000000000888 ) ) ;
#2113 = DIRECTION ( 'NONE',  ( 0.000000000000000000, -0.000000000000000000, -1.000000000000000000 ) ) ;
#2114 = ADVANCED_FACE ( 'NONE', ( #1923 ), #2995, .T. ) ;
#2115 = ORIENTED_EDGE ( 'NONE', *, *, #3647, .F. ) ;
#2116 = VECTOR ( 'NONE', #2692, 1000.000000000000114 ) ;
#2117 = EDGE_LOOP ( 'NONE', ( #3439, #1966, #4677, #1546 ) ) ;
#2118 =( LENGTH_UNIT ( ) NAMED_UNIT ( * ) SI_UNIT ( .MILLI., .METRE. ) );
#2119 = VECTOR ( 'NONE', #622, 1000.000000000000000 ) ;
#2120 = CARTESIAN_POINT ( 'NONE',  ( 30.30000000000000426, -5.899999999999999467, 5.250000000000000000 ) ) ;
#2121 = ADVANCED_FACE ( 'NONE', ( #2663 ), #4469, .T. ) ;
#2122 = ORIENTED_EDGE ( 'NONE', *, *, #4178, .F. ) ;
#2123 = EDGE_CURVE ( 'NONE', #2034, #2628, #1973, .T. ) ;
#2124 = CARTESIAN_POINT ( 'NONE',  ( 15.64220150327190062, -9.199999999999999289, 0.000000000000000000 ) ) ;
#2125 = CARTESIAN_POINT ( 'NONE',  ( 24.80000000000000426, -4.403415736689430204, 0.000000000000000000 ) ) ;
#2126 = AXIS2_PLACEMENT_3D ( 'NONE', #1952, #2638, #4090 ) ;
#2127 = LINE ( 'NONE', #1764, #2999 ) ;
#2128 = CARTESIAN_POINT ( 'NONE',  ( 27.80000000000000071, -9.199999999999999289, 5.250000000000000000 ) ) ;
#2129 = DIRECTION ( 'NONE',  ( -0.000000000000000000, -1.000000000000000000, -0.000000000000000000 ) ) ;
#2130 = PLANE ( 'NONE',  #2487 ) ;
#2131 = CARTESIAN_POINT ( 'NONE',  ( 25.80000000000000071, -9.500000000000000000, 12.00000000000000178 ) ) ;
#2132 = EDGE_LOOP ( 'NONE', ( #1123, #3674, #275, #4391 ) ) ;
#2133 = CARTESIAN_POINT ( 'NONE',  ( 10.40000000000000213, 3.516811415461510242E-16, 2.000000000000000000 ) ) ;
#2134 = FACE_OUTER_BOUND ( 'NONE', #3346, .T. ) ;
#2135 = ORIENTED_EDGE ( 'NONE', *, *, #3739, .T. ) ;
#2136 = ORIENTED_EDGE ( 'NONE', *, *, #3533, .T. ) ;
#2137 = VERTEX_POINT ( 'NONE', #266 ) ;
#2138 = ADVANCED_FACE ( 'NONE', ( #1285 ), #2804, .T. ) ;
#2139 = CARTESIAN_POINT ( 'NONE',  ( 2.950000000000000178, -5.500000000000000000, 6.500000000000000888 ) ) ;
#2140 = ORIENTED_EDGE ( 'NONE', *, *, #763, .T. ) ;
#2141 = ADVANCED_FACE ( 'NONE', ( #175 ), #596, .T. ) ;
#2142 = SURFACE_SIDE_STYLE ('',( #4284 ) ) ;
#2143 = SURFACE_SIDE_STYLE ('',( #2829 ) ) ;
#2144 = DIRECTION ( 'NONE',  ( 0.000000000000000000, 2.220446049250310123E-16, 1.000000000000000000 ) ) ;
#2145 = CARTESIAN_POINT ( 'NONE',  ( 5.799999999999999822, -9.199999999999999289, 0.000000000000000000 ) ) ;
#2146 = CARTESIAN_POINT ( 'NONE',  ( 11.30000000000000071, -9.199999999999999289, 10.12500000000000000 ) ) ;
#2147 = ADVANCED_FACE ( 'NONE', ( #195 ), #2360, .F. ) ;
#2148 = ORIENTED_EDGE ( 'NONE', *, *, #2837, .T. ) ;
#2149 = DIRECTION ( 'NONE',  ( -0.000000000000000000, -0.000000000000000000, -1.000000000000000000 ) ) ;
#2150 = CARTESIAN_POINT ( 'NONE',  ( 6.900000000000000355, -0.4000000000000001887, 4.750000000000000000 ) ) ;
#2151 = EDGE_CURVE ( 'NONE', #4444, #3349, #2022, .T. ) ;
#2152 = ORIENTED_EDGE ( 'NONE', *, *, #1904, .F. ) ;
#2153 = CARTESIAN_POINT ( 'NONE',  ( 4.200000000000000178, -9.000000000000001776, 2.000000000000000000 ) ) ;
#2154 = DIRECTION ( 'NONE',  ( -0.000000000000000000, -0.000000000000000000, -1.000000000000000000 ) ) ;
#2155 = CIRCLE ( 'NONE', #2533, 0.5000000000000000000 ) ;
#2156 = LINE ( 'NONE', #3010, #3480 ) ;
#2157 = CARTESIAN_POINT ( 'NONE',  ( 0.000000000000000000, 0.000000000000000000, 0.000000000000000000 ) ) ;
#2158 = EDGE_LOOP ( 'NONE', ( #4132, #3972, #846, #644 ) ) ;
#2159 = VERTEX_POINT ( 'NONE', #241 ) ;
#2160 = VECTOR ( 'NONE', #2969, 1000.000000000000000 ) ;
#2161 = LINE ( 'NONE', #2183, #3607 ) ;
#2162 = ORIENTED_EDGE ( 'NONE', *, *, #4641, .T. ) ;
#2163 = LINE ( 'NONE', #3520, #811 ) ;
#2164 = COLOUR_RGB ( '',0.9450980392156862475, 0.9215686274509803377, 0.9294117647058823817 ) ;
#2165 = ORIENTED_EDGE ( 'NONE', *, *, #2151, .F. ) ;
#2166 = AXIS2_PLACEMENT_3D ( 'NONE', #2820, #2513, #4629 ) ;
#2167 = LINE ( 'NONE', #2527, #1845 ) ;
#2168 = FILL_AREA_STYLE_COLOUR ( '', #4688 ) ;
#2169 = LINE ( 'NONE', #3965, #3308 ) ;
#2170 = CIRCLE ( 'NONE', #581, 0.4999999999999998890 ) ;
#2171 = MECHANICAL_DESIGN_GEOMETRIC_PRESENTATION_REPRESENTATION (  '', ( #77 ), #665 ) ;
#2172 = ORIENTED_EDGE ( 'NONE', *, *, #2459, .F. ) ;
#2173 = ORIENTED_EDGE ( 'NONE', *, *, #3252, .F. ) ;
#2174 = LINE ( 'NONE', #1776, #2080 ) ;
#2175 = COLOUR_RGB ( '',0.9450980392156862475, 0.9215686274509803377, 0.9294117647058823817 ) ;
#2176 = EDGE_CURVE ( 'NONE', #1852, #2907, #221, .T. ) ;
#2177 = CARTESIAN_POINT ( 'NONE',  ( 26.89999999999999858, 9.378163774564031914E-16, 11.00000000000000000 ) ) ;
#2178 = ORIENTED_EDGE ( 'NONE', *, *, #555, .F. ) ;
#2179 = VECTOR ( 'NONE', #1061, 1000.000000000000000 ) ;
#2180 = EDGE_LOOP ( 'NONE', ( #4595, #4025, #784, #3601 ) ) ;
#2181 = EDGE_LOOP ( 'NONE', ( #3828, #658, #2540, #3091 ) ) ;
#2182 = PRESENTATION_STYLE_ASSIGNMENT (( #3990 ) ) ;
#2183 = CARTESIAN_POINT ( 'NONE',  ( 2.950000000000000178, -9.199999999999999289, 7.750000000000000000 ) ) ;
#2184 = PRESENTATION_LAYER_ASSIGNMENT (  '', '', ( #749 ) ) ;
#2185 = VECTOR ( 'NONE', #2797, 1000.000000000000000 ) ;
#2186 = CARTESIAN_POINT ( 'NONE',  ( 4.799999999999999822, -9.500000000000000000, 1.000000000000000000 ) ) ;
#2187 = CARTESIAN_POINT ( 'NONE',  ( 30.09289321881345458, 9.578474180913609452E-16, 12.79289321881345387 ) ) ;
#2188 = CARTESIAN_POINT ( 'NONE',  ( 10.19999999999999929, -0.2000000000000000111, 1.000000000000000000 ) ) ;
#2189 = CIRCLE ( 'NONE', #2800, 2.800000000000000266 ) ;
#2190 = ORIENTED_EDGE ( 'NONE', *, *, #3246, .T. ) ;
#2191 = AXIS2_PLACEMENT_3D ( 'NONE', #2808, #4501, #2345 ) ;
#2192 = ADVANCED_FACE ( 'NONE', ( #3138 ), #1328, .T. ) ;
#2193 = DIRECTION ( 'NONE',  ( 0.3826834323650927794, -0.9238795325112854062, 0.000000000000000000 ) ) ;
#2194 = LINE ( 'NONE', #391, #3857 ) ;
#2195 = CARTESIAN_POINT ( 'NONE',  ( 11.19999999999999929, 3.516811415461510242E-16, 3.500000000000000000 ) ) ;
#2196 = VERTEX_POINT ( 'NONE', #1762 ) ;
#2197 = EDGE_CURVE ( 'NONE', #2918, #3256, #2917, .T. ) ;
#2198 = ORIENTED_EDGE ( 'NONE', *, *, #4241, .F. ) ;
#2199 = CARTESIAN_POINT ( 'NONE',  ( 10.30000000000000071, -13.19999999999999929, 10.37499999999999822 ) ) ;
#2200 = ORIENTED_EDGE ( 'NONE', *, *, #2319, .T. ) ;
#2201 = ORIENTED_EDGE ( 'NONE', *, *, #704, .T. ) ;
#2202 = ORIENTED_EDGE ( 'NONE', *, *, #5, .F. ) ;
#2203 = FACE_OUTER_BOUND ( 'NONE', #3669, .T. ) ;
#2204 = LINE ( 'NONE', #3039, #3389 ) ;
#2205 = ORIENTED_EDGE ( 'NONE', *, *, #3564, .T. ) ;
#2206 = DIRECTION ( 'NONE',  ( -0.000000000000000000, -1.000000000000000000, 0.000000000000000000 ) ) ;
#2207 = CARTESIAN_POINT ( 'NONE',  ( 11.19999999999999929, -0.4000000000000001887, 1.750000000000000000 ) ) ;
#2208 = DIRECTION ( 'NONE',  ( -5.887021680753809672E-29, 1.000000000000000000, -6.096928186977939822E-45 ) ) ;
#2209 = ORIENTED_EDGE ( 'NONE', *, *, #262, .F. ) ;
#2210 = DIRECTION ( 'NONE',  ( 0.000000000000000000, 1.000000000000000000, 0.000000000000000000 ) ) ;
#2211 = CARTESIAN_POINT ( 'NONE',  ( 30.29999999999999716, -0.4999999999999970024, 0.000000000000000000 ) ) ;
#2212 = DIRECTION ( 'NONE',  ( 0.000000000000000000, -0.000000000000000000, -1.000000000000000000 ) ) ;
#2213 = ORIENTED_EDGE ( 'NONE', *, *, #575, .F. ) ;
#2214 = VERTEX_POINT ( 'NONE', #1420 ) ;
#2215 = CARTESIAN_POINT ( 'NONE',  ( 27.69999999999999929, 9.662350555611429928E-16, 2.000000000000000000 ) ) ;
#2216 = LINE ( 'NONE', #4047, #131 ) ;
#2217 = DIRECTION ( 'NONE',  ( -3.552334763092440048E-17, 1.000000000000000000, 0.000000000000000000 ) ) ;
#2218 = EDGE_CURVE ( 'NONE', #2302, #4466, #2875, .T. ) ;
#2219 = ORIENTED_EDGE ( 'NONE', *, *, #1658, .F. ) ;
#2220 = ORIENTED_EDGE ( 'NONE', *, *, #3081, .F. ) ;
#2221 = COLOUR_RGB ( '',0.9450980392156862475, 0.9215686274509803377, 0.9294117647058823817 ) ;
#2222 = CARTESIAN_POINT ( 'NONE',  ( 6.900000000000000355, 2.557681029426550080E-16, 9.500000000000000000 ) ) ;
#2223 = COLOUR_RGB ( '',0.9450980392156862475, 0.9215686274509803377, 0.9294117647058823817 ) ;
#2224 = CARTESIAN_POINT ( 'NONE',  ( 5.799999999999999822, -9.500000000000000000, 0.000000000000000000 ) ) ;
#2225 = CARTESIAN_POINT ( 'NONE',  ( 29.80000000000000071, -0.4999999999999970024, 0.5000000000000000000 ) ) ;
#2226 = EDGE_CURVE ( 'NONE', #4370, #4185, #2471, .T. ) ;
#2227 =( NAMED_UNIT ( * ) SI_UNIT ( $, .STERADIAN. ) SOLID_ANGLE_UNIT ( ) );
#2228 = EDGE_LOOP ( 'NONE', ( #3211, #518, #2802, #3816 ) ) ;
#2229 = AXIS2_PLACEMENT_3D ( 'NONE', #1333, #651, #624 ) ;
#2230 = DIRECTION ( 'NONE',  ( 0.000000000000000000, -0.000000000000000000, -1.000000000000000000 ) ) ;
#2231 =( LENGTH_UNIT ( ) NAMED_UNIT ( * ) SI_UNIT ( .MILLI., .METRE. ) );
#2232 = EDGE_CURVE ( 'NONE', #188, #2001, #2161, .T. ) ;
#2233 = CARTESIAN_POINT ( 'NONE',  ( 26.89999999999999858, 9.714451465470119729E-16, 3.500000000000000000 ) ) ;
#2234 = ORIENTED_EDGE ( 'NONE', *, *, #268, .T. ) ;
#2235 = DIRECTION ( 'NONE',  ( 0.000000000000000000, 0.000000000000000000, 1.000000000000000000 ) ) ;
#2236 = CARTESIAN_POINT ( 'NONE',  ( 22.65000000000000213, 7.499866768578909793E-16, 6.500000000000000888 ) ) ;
#2237 = DIRECTION ( 'NONE',  ( -1.000000000000000000, 0.000000000000000000, 0.000000000000000000 ) ) ;
#2238 = DIRECTION ( 'NONE',  ( -0.3826834323650898928, 0.9238795325112867385, -0.000000000000000000 ) ) ;
#2239 = VECTOR ( 'NONE', #4569, 1000.000000000000000 ) ;
#2240 = CARTESIAN_POINT ( 'NONE',  ( 27.10000000000001208, -13.19999999999999574, 10.18750000000000000 ) ) ;
#2241 = ORIENTED_EDGE ( 'NONE', *, *, #1295, .F. ) ;
#2242 = DIRECTION ( 'NONE',  ( -1.000000000000000000, 0.000000000000000000, -0.000000000000000000 ) ) ;
#2243 = CARTESIAN_POINT ( 'NONE',  ( 8.071100751635949422, -0.5000000000000000000, 0.5000000000000000000 ) ) ;
#2244 = LINE ( 'NONE', #3291, #1334 ) ;
#2245 =( GEOMETRIC_REPRESENTATION_CONTEXT ( 3 ) GLOBAL_UNCERTAINTY_ASSIGNED_CONTEXT ( ( #4627 ) ) GLOBAL_UNIT_ASSIGNED_CONTEXT ( ( #3320, #2581, #111 ) ) REPRESENTATION_CONTEXT ( 'NONE', 'WORKASPACE' ) );
#2246 = ORIENTED_EDGE ( 'NONE', *, *, #2232, .F. ) ;
#2247 = AXIS2_PLACEMENT_3D ( 'NONE', #1931, #1189, #1837 ) ;
#2248 = ORIENTED_EDGE ( 'NONE', *, *, #1443, .T. ) ;
#2249 = AXIS2_PLACEMENT_3D ( 'NONE', #2139, #3581, #4373 ) ;
#2250 = CARTESIAN_POINT ( 'NONE',  ( 24.80000000000000426, -9.500000000000000000, 0.000000000000000000 ) ) ;
#2251 = EDGE_CURVE ( 'NONE', #1115, #1211, #3928, .T. ) ;
#2252 = DIRECTION ( 'NONE',  ( -0.000000000000000000, -0.000000000000000000, 1.000000000000000000 ) ) ;
#2253 = DIRECTION ( 'NONE',  ( 1.000000000000000000, -0.000000000000000000, 0.000000000000000000 ) ) ;
#2254 = ORIENTED_EDGE ( 'NONE', *, *, #3812, .F. ) ;
#2255 = VECTOR ( 'NONE', #3364, 1000.000000000000000 ) ;
#2256 = CARTESIAN_POINT ( 'NONE',  ( 2.950000000000000178, -5.900000000000000355, 7.750000000000000000 ) ) ;
#2257 = AXIS2_PLACEMENT_3D ( 'NONE', #2723, #521, #3416 ) ;
#2258 = EDGE_CURVE ( 'NONE', #3314, #725, #1786, .T. ) ;
#2259 = LINE ( 'NONE', #1902, #2567 ) ;
#2260 = VERTEX_POINT ( 'NONE', #1828 ) ;
#2261 = PRESENTATION_LAYER_ASSIGNMENT (  '', '', ( #1580 ) ) ;
#2262 = FILL_AREA_STYLE_COLOUR ( '', #4691 ) ;
#2263 = DIRECTION ( 'NONE',  ( -1.000000000000000000, -0.000000000000000000, -0.000000000000000000 ) ) ;
#2264 = VECTOR ( 'NONE', #2078, 1000.000000000000000 ) ;
#2265 = CARTESIAN_POINT ( 'NONE',  ( 0.5000000000000001110, -5.421010862427522170E-17, 0.5000000000000000000 ) ) ;
#2266 = LINE ( 'NONE', #1139, #1800 ) ;
#2267 = ORIENTED_EDGE ( 'NONE', *, *, #763, .F. ) ;
#2268 = AXIS2_PLACEMENT_3D ( 'NONE', #4378, #1393, #3956 ) ;
#2269 = VERTEX_POINT ( 'NONE', #2120 ) ;
#2270 = DIRECTION ( 'NONE',  ( -3.469446951953610245E-16, 0.000000000000000000, -1.000000000000000000 ) ) ;
#2271 = LINE ( 'NONE', #2909, #1493 ) ;
#2272 = LINE ( 'NONE', #3723, #1482 ) ;
#2273 = ORIENTED_EDGE ( 'NONE', *, *, #3974, .F. ) ;
#2274 = ORIENTED_EDGE ( 'NONE', *, *, #465, .F. ) ;
#2275 = DIRECTION ( 'NONE',  ( 0.000000000000000000, 1.000000000000000000, 0.000000000000000000 ) ) ;
#2276 = DIRECTION ( 'NONE',  ( 0.000000000000000000, 0.000000000000000000, -1.000000000000000000 ) ) ;
#2277 = LINE ( 'NONE', #3371, #357 ) ;
#2278 = DIRECTION ( 'NONE',  ( -0.000000000000000000, 1.000000000000000000, 0.000000000000000000 ) ) ;
#2279 = ORIENTED_EDGE ( 'NONE', *, *, #731, .T. ) ;
#2280 = CARTESIAN_POINT ( 'NONE',  ( 19.85000000000000142, -3.200000000000000178, 6.500000000000000888 ) ) ;
#2281 = DIRECTION ( 'NONE',  ( 0.7071067811865470176, 0.7071067811865480168, 0.000000000000000000 ) ) ;
#2282 = CARTESIAN_POINT ( 'NONE',  ( 19.85000000000000142, -3.200000000000000178, 6.500000000000000888 ) ) ;
#2283 = ORIENTED_EDGE ( 'NONE', *, *, #2743, .T. ) ;
#2284 = EDGE_CURVE ( 'NONE', #468, #3865, #2826, .T. ) ;
#2285 = CARTESIAN_POINT ( 'NONE',  ( 4.299999999999999822, -9.199999999999999289, 10.12500000000000000 ) ) ;
#2286 = DIRECTION ( 'NONE',  ( 0.000000000000000000, -1.000000000000000000, -3.000602769257179759E-16 ) ) ;
#2287 = DIRECTION ( 'NONE',  ( 0.000000000000000000, 1.000000000000000000, 0.000000000000000000 ) ) ;
#2288 = DIRECTION ( 'NONE',  ( -0.3826834323650898928, 0.9238795325112867385, -0.000000000000000000 ) ) ;
#2289 =( NAMED_UNIT ( * ) SI_UNIT ( $, .STERADIAN. ) SOLID_ANGLE_UNIT ( ) );
#2290 = VERTEX_POINT ( 'NONE', #1742 ) ;
#2291 =( NAMED_UNIT ( * ) PLANE_ANGLE_UNIT ( ) SI_UNIT ( $, .RADIAN. ) );
#2292 = DIRECTION ( 'NONE',  ( -3.552334763092440048E-17, 1.000000000000000000, -1.259006977353640088E-32 ) ) ;
#2293 = LINE ( 'NONE', #2199, #1406 ) ;
#2294 = EDGE_CURVE ( 'NONE', #2024, #21, #1375, .T. ) ;
#2295 = VERTEX_POINT ( 'NONE', #1025 ) ;
#2296 = ORIENTED_EDGE ( 'NONE', *, *, #1176, .T. ) ;
#2297 = LINE ( 'NONE', #1942, #902 ) ;
#2298 = CARTESIAN_POINT ( 'NONE',  ( 29.80000000000000071, -2.451707868344710217, 0.5000000000000000000 ) ) ;
#2299 = FACE_BOUND ( 'NONE', #1924, .T. ) ;
#2300 = AXIS2_PLACEMENT_3D ( 'NONE', #1539, #1129, #3015 ) ;
#2301 = VECTOR ( 'NONE', #34, 1000.000000000000000 ) ;
#2302 = VERTEX_POINT ( 'NONE', #3562 ) ;
#2303 = LINE ( 'NONE', #810, #3292 ) ;
#2304 = FILL_AREA_STYLE ('',( #1134 ) ) ;
#2305 = DIRECTION ( 'NONE',  ( -1.000000000000000000, 0.000000000000000000, 0.000000000000000000 ) ) ;
#2306 = ORIENTED_EDGE ( 'NONE', *, *, #2541, .F. ) ;
#2307 = MECHANICAL_DESIGN_GEOMETRIC_PRESENTATION_REPRESENTATION (  '', ( #4360 ), #1468 ) ;
#2308 = VECTOR ( 'NONE', #2894, 1000.000000000000000 ) ;
#2309 = LINE ( 'NONE', #1905, #524 ) ;
#2310 = DIRECTION ( 'NONE',  ( -1.000000000000000000, 0.000000000000000000, 0.000000000000000000 ) ) ;
#2311 = EDGE_CURVE ( 'NONE', #4451, #1726, #4327, .T. ) ;
#2312 = CYLINDRICAL_SURFACE ( 'NONE', #4230, 0.5000000000000004441 ) ;
#2313 = LINE ( 'NONE', #3767, #1036 ) ;
#2314 = LINE ( 'NONE', #3799, #3103 ) ;
#2315 = CARTESIAN_POINT ( 'NONE',  ( 2.949999999999999734, -5.899999999999999467, 7.750000000000000000 ) ) ;
#2316 = ORIENTED_EDGE ( 'NONE', *, *, #1073, .F. ) ;
#2317 = ORIENTED_EDGE ( 'NONE', *, *, #1365, .T. ) ;
#2318 =( NAMED_UNIT ( * ) PLANE_ANGLE_UNIT ( ) SI_UNIT ( $, .RADIAN. ) );
#2319 = EDGE_CURVE ( 'NONE', #4588, #2214, #1088, .T. ) ;
#2320 = LINE ( 'NONE', #3775, #3014 ) ;
#2321 = LINE ( 'NONE', #4563, #2098 ) ;
#2322 = AXIS2_PLACEMENT_3D ( 'NONE', #3040, #75, #4054 ) ;
#2323 = ORIENTED_EDGE ( 'NONE', *, *, #2957, .F. ) ;
#2324 = EDGE_CURVE ( 'NONE', #194, #4451, #3603, .T. ) ;
#2325 = COLOUR_RGB ( '',0.9450980392156862475, 0.9215686274509803377, 0.9294117647058823817 ) ;
#2326 = LINE ( 'NONE', #528, #1939 ) ;
#2327 = CARTESIAN_POINT ( 'NONE',  ( 0.5000000000000019984, -9.199999999999999289, 13.00000000000000178 ) ) ;
#2328 = ORIENTED_EDGE ( 'NONE', *, *, #2525, .F. ) ;
#2329 = AXIS2_PLACEMENT_3D ( 'NONE', #843, #2928, #3685 ) ;
#2330 = PRESENTATION_LAYER_ASSIGNMENT (  '', '', ( #812 ) ) ;
#2331 = CARTESIAN_POINT ( 'NONE',  ( 27.69999999999999929, -9.000000000000001776, 10.25000000000000000 ) ) ;
#2332 = LINE ( 'NONE', #3813, #4582 ) ;
#2333 = CARTESIAN_POINT ( 'NONE',  ( 1.800000000000000266, -5.899999999999999467, 7.750000000000000000 ) ) ;
#2334 = VECTOR ( 'NONE', #208, 1000.000000000000000 ) ;
#2335 = DIRECTION ( 'NONE',  ( -1.000000000000000000, 0.000000000000000000, 0.000000000000000000 ) ) ;
#2336 = VERTEX_POINT ( 'NONE', #1045 ) ;
#2337 =( NAMED_UNIT ( * ) SI_UNIT ( $, .STERADIAN. ) SOLID_ANGLE_UNIT ( ) );
#2338 = LINE ( 'NONE', #2007, #3606 ) ;
#2339 = CARTESIAN_POINT ( 'NONE',  ( 7.799999999999999822, -9.199999999999999289, 2.875000000000000888 ) ) ;
#2340 = VECTOR ( 'NONE', #3521, 1000.000000000000000 ) ;
#2341 = FACE_OUTER_BOUND ( 'NONE', #2079, .T. ) ;
#2342 = ADVANCED_FACE ( 'NONE', ( #3973 ), #716, .F. ) ;
#2343 = ORIENTED_EDGE ( 'NONE', *, *, #1774, .T. ) ;
#2344 = COLOUR_RGB ( '',0.9450980392156862475, 0.9215686274509803377, 0.9294117647058823817 ) ;
#2345 = DIRECTION ( 'NONE',  ( 0.3826834323650898928, -0.9238795325112867385, 0.000000000000000000 ) ) ;
#2346 =( NAMED_UNIT ( * ) PLANE_ANGLE_UNIT ( ) SI_UNIT ( $, .RADIAN. ) );
#2347 = LINE ( 'NONE', #3152, #48 ) ;
#2348 = AXIS2_PLACEMENT_3D ( 'NONE', #295, #981, #4099 ) ;
#2349 = EDGE_CURVE ( 'NONE', #2001, #4451, #2496, .T. ) ;
#2350 = ADVANCED_FACE ( 'NONE', ( #3278 ), #741, .F. ) ;
#2351 = ORIENTED_EDGE ( 'NONE', *, *, #498, .F. ) ;
#2352 = AXIS2_PLACEMENT_3D ( 'NONE', #123, #1209, #954 ) ;
#2353 = LINE ( 'NONE', #1706, #4598 ) ;
#2354 = CARTESIAN_POINT ( 'NONE',  ( 11.59999999999999964, 3.943091587032607756E-16, 0.000000000000000000 ) ) ;
#2355 = DIRECTION ( 'NONE',  ( -3.403434409185809949E-30, 1.000000000000000000, 1.262273805821728319E-59 ) ) ;
#2356 = ORIENTED_EDGE ( 'NONE', *, *, #1213, .T. ) ;
#2357 = EDGE_CURVE ( 'NONE', #478, #1479, #2709, .T. ) ;
#2358 = ORIENTED_EDGE ( 'NONE', *, *, #3629, .T. ) ;
#2359 =( NAMED_UNIT ( * ) SI_UNIT ( $, .STERADIAN. ) SOLID_ANGLE_UNIT ( ) );
#2360 = PLANE ( 'NONE',  #4304 ) ;
#2361 = ORIENTED_EDGE ( 'NONE', *, *, #3449, .T. ) ;
#2362 = FILL_AREA_STYLE ('',( #3797 ) ) ;
#2363 = CARTESIAN_POINT ( 'NONE',  ( 7.799999999999999822, -9.199999999999999289, 2.875000000000000888 ) ) ;
#2364 = FACE_OUTER_BOUND ( 'NONE', #2721, .T. ) ;
#2365 = CARTESIAN_POINT ( 'NONE',  ( 25.80000000000000071, -9.500000000000000000, 12.00000000000000000 ) ) ;
#2366 = ORIENTED_EDGE ( 'NONE', *, *, #3805, .F. ) ;
#2367 = LINE ( 'NONE', #4170, #1879 ) ;
#2368 = CARTESIAN_POINT ( 'NONE',  ( 30.30000000000000426, -0.5000000000000001110, 0.4999999999999999445 ) ) ;
#2369 = VERTEX_POINT ( 'NONE', #1447 ) ;
#2370 =( LENGTH_UNIT ( ) NAMED_UNIT ( * ) SI_UNIT ( .MILLI., .METRE. ) );
#2371 = SURFACE_STYLE_USAGE ( .BOTH. , #1613 ) ;
#2372 = CARTESIAN_POINT ( 'NONE',  ( 0.5000000000000006661, 0.000000000000000000, 12.79289321881309860 ) ) ;
#2373 = VERTEX_POINT ( 'NONE', #4348 ) ;
#2374 = ORIENTED_EDGE ( 'NONE', *, *, #2547, .F. ) ;
#2375 = CARTESIAN_POINT ( 'NONE',  ( 27.79999999999998650, -12.47573593128809577, 2.625000000000000000 ) ) ;
#2376 = DIRECTION ( 'NONE',  ( -1.000000000000000000, 0.000000000000000000, -0.000000000000000000 ) ) ;
#2377 = EDGE_CURVE ( 'NONE', #164, #3680, #4680, .T. ) ;
#2378 = EDGE_LOOP ( 'NONE', ( #4417, #2447, #4295, #2135 ) ) ;
#2379 = EDGE_CURVE ( 'NONE', #1021, #1852, #1467, .T. ) ;
#2380 = CARTESIAN_POINT ( 'NONE',  ( 30.30000000000000071, -4.900000000000000355, 5.250000000000000000 ) ) ;
#2381 = AXIS2_PLACEMENT_3D ( 'NONE', #4264, #2811, #50 ) ;
#2382 = DIRECTION ( 'NONE',  ( 1.000000000000000000, 1.862785797453189940E-16, 8.173824779033239993E-33 ) ) ;
#2383 = CARTESIAN_POINT ( 'NONE',  ( 4.150000000000000355, -12.83786796564399957, 10.31249999999999822 ) ) ;
#2384 = LINE ( 'NONE', #1290, #2116 ) ;
#2385 = PLANE ( 'NONE',  #3904 ) ;
#2386 = VECTOR ( 'NONE', #4271, 1000.000000000000000 ) ;
#2387 = SURFACE_STYLE_USAGE ( .BOTH. , #4212 ) ;
#2388 = CARTESIAN_POINT ( 'NONE',  ( 2.950000000000000178, -4.900000000000000355, 6.500000000000000888 ) ) ;
#2389 = FACE_OUTER_BOUND ( 'NONE', #3207, .T. ) ;
#2390 = VERTEX_POINT ( 'NONE', #765 ) ;
#2391 = LINE ( 'NONE', #3486, #1423 ) ;
#2392 = CARTESIAN_POINT ( 'NONE',  ( 0.000000000000000000, -0.4999999999999997224, 0.5000000000000000000 ) ) ;
#2393 = COLOUR_RGB ( '',0.007843137254901960675, 0.5098039215686274161, 0.8156862745098039102 ) ;
#2394 = DIRECTION ( 'NONE',  ( -1.000000000000000000, 0.000000000000000000, -0.000000000000000000 ) ) ;
#2395 = EDGE_LOOP ( 'NONE', ( #2012, #4211, #305, #668 ) ) ;
#2396 = ORIENTED_EDGE ( 'NONE', *, *, #2442, .F. ) ;
#2397 = VECTOR ( 'NONE', #3891, 999.9999999999998863 ) ;
#2398 = EDGE_CURVE ( 'NONE', #838, #1730, #2676, .T. ) ;
#2399 = CARTESIAN_POINT ( 'NONE',  ( 26.80000000000000071, -9.199999999999999289, 2.875000000000000000 ) ) ;
#2400 = DIRECTION ( 'NONE',  ( -0.000000000000000000, 2.872866580207829991E-27, -1.000000000000000000 ) ) ;
#2401 = PRESENTATION_LAYER_ASSIGNMENT (  '', '', ( #2627 ) ) ;
#2402 = VECTOR ( 'NONE', #3461, 1000.000000000000000 ) ;
#2403 = ADVANCED_BREP_SHAPE_REPRESENTATION ( '95132', ( #3779, #3759, #574, #706, #57 ), #4151 ) ;
#2404 = EDGE_CURVE ( 'NONE', #967, #2034, #475, .T. ) ;
#2405 = EDGE_CURVE ( 'NONE', #3293, #3558, #1592, .T. ) ;
#2406 = CIRCLE ( 'NONE', #1875, 0.5000000000000000000 ) ;
#2407 =( GEOMETRIC_REPRESENTATION_CONTEXT ( 3 ) GLOBAL_UNCERTAINTY_ASSIGNED_CONTEXT ( ( #3253 ) ) GLOBAL_UNIT_ASSIGNED_CONTEXT ( ( #2370, #258, #4527 ) ) REPRESENTATION_CONTEXT ( 'NONE', 'WORKASPACE' ) );
#2408 = FILL_AREA_STYLE ('',( #2074 ) ) ;
#2409 = LINE ( 'NONE', #3496, #4589 ) ;
#2410 = PLANE ( 'NONE',  #1948 ) ;
#2411 = DIRECTION ( 'NONE',  ( -3.552334763092440048E-17, 1.000000000000000000, 0.000000000000000000 ) ) ;
#2412 = EDGE_CURVE ( 'NONE', #3526, #2757, #4462, .T. ) ;
#2413 = FACE_OUTER_BOUND ( 'NONE', #1151, .T. ) ;
#2414 = ORIENTED_EDGE ( 'NONE', *, *, #1884, .F. ) ;
#2415 = AXIS2_PLACEMENT_3D ( 'NONE', #3223, #2106, #1404 ) ;
#2416 = ORIENTED_EDGE ( 'NONE', *, *, #1530, .F. ) ;
#2417 = DIRECTION ( 'NONE',  ( -1.000000000000000000, -0.000000000000000000, -0.000000000000000000 ) ) ;
#2418 = DIRECTION ( 'NONE',  ( -0.3826834323651027714, 0.9238795325112814094, 0.000000000000000000 ) ) ;
#2419 = VECTOR ( 'NONE', #4072, 1000.000000000000000 ) ;
#2420 = CARTESIAN_POINT ( 'NONE',  ( 9.757819552369539906E-16, -0.4999999999999987232, 12.50000000000000000 ) ) ;
#2421 = EDGE_LOOP ( 'NONE', ( #3459, #3464, #4069, #2317, #3618, #2190, #688, #2200, #91, #738, #3180, #1977 ) ) ;
#2422 = ORIENTED_EDGE ( 'NONE', *, *, #3985, .F. ) ;
#2423 = FILL_AREA_STYLE_COLOUR ( '', #722 ) ;
#2424 = DIRECTION ( 'NONE',  ( 0.000000000000000000, -1.000000000000000000, 0.000000000000000000 ) ) ;
#2425 = CARTESIAN_POINT ( 'NONE',  ( 5.799999999999999822, -9.500000000000000000, 12.00000000000000000 ) ) ;
#2426 = ORIENTED_EDGE ( 'NONE', *, *, #2873, .T. ) ;
#2427 = EDGE_CURVE ( 'NONE', #929, #2196, #1174, .T. ) ;
#2428 = CARTESIAN_POINT ( 'NONE',  ( 0.5000000000000000000, 0.000000000000000000, 9.500000000000000000 ) ) ;
#2429 = CARTESIAN_POINT ( 'NONE',  ( 26.89999999999999858, -0.3999999999999990230, 2.000000000000000444 ) ) ;
#2430 = LINE ( 'NONE', #2476, #1353 ) ;
#2431 = CARTESIAN_POINT ( 'NONE',  ( 25.80000000000000071, -9.200000000000006395, 1.000000000000000000 ) ) ;
#2432 = EDGE_LOOP ( 'NONE', ( #3822, #1826, #3651, #1205 ) ) ;
#2433 = VERTEX_POINT ( 'NONE', #1563 ) ;
#2434 = DIRECTION ( 'NONE',  ( -1.000000000000000000, 0.000000000000000000, -0.000000000000000000 ) ) ;
#2435 = CARTESIAN_POINT ( 'NONE',  ( 0.000000000000000000, -9.199999999999999289, -7.500000000000000000 ) ) ;
#2436 = DIRECTION ( 'NONE',  ( -1.000000000000000000, 0.000000000000000000, 0.000000000000000000 ) ) ;
#2437 = EDGE_CURVE ( 'NONE', #1085, #618, #2204, .T. ) ;
#2438 = EDGE_LOOP ( 'NONE', ( #2458, #1374, #2824, #341 ) ) ;
#2439 = CARTESIAN_POINT ( 'NONE',  ( 26.89999999999999858, -0.3999999999999987454, 2.000000000000000000 ) ) ;
#2440 = UNCERTAINTY_MEASURE_WITH_UNIT (LENGTH_MEASURE( 1.000000000000000082E-05 ), #4116, 'distance_accuracy_value', 'NONE');
#2441 = UNCERTAINTY_MEASURE_WITH_UNIT (LENGTH_MEASURE( 1.000000000000000082E-05 ), #336, 'distance_accuracy_value', 'NONE');
#2442 = EDGE_CURVE ( 'NONE', #4669, #3419, #831, .T. ) ;
#2443 = CARTESIAN_POINT ( 'NONE',  ( 30.30000000000000071, -9.199999999999999289, 5.250000000000000000 ) ) ;
#2444 = CARTESIAN_POINT ( 'NONE',  ( 3.586907429118601679E-17, -0.3284271247461898469, 0.2071067811865473229 ) ) ;
#2445 = PLANE ( 'NONE',  #3933 ) ;
#2446 = ORIENTED_EDGE ( 'NONE', *, *, #1449, .T. ) ;
#2447 = ORIENTED_EDGE ( 'NONE', *, *, #1708, .T. ) ;
#2448 = PRESENTATION_STYLE_ASSIGNMENT (( #3900 ) ) ;
#2449 = FACE_OUTER_BOUND ( 'NONE', #2047, .T. ) ;
#2450 = DIRECTION ( 'NONE',  ( 1.000000000000000000, 0.000000000000000000, 0.000000000000000000 ) ) ;
#2451 = ORIENTED_EDGE ( 'NONE', *, *, #1241, .T. ) ;
#2452 = PLANE ( 'NONE',  #33 ) ;
#2453 = DIRECTION ( 'NONE',  ( 0.000000000000000000, 0.000000000000000000, -1.000000000000000000 ) ) ;
#2454 = CARTESIAN_POINT ( 'NONE',  ( 3.299999999999999822, -12.47573593128810110, 10.37499999999999822 ) ) ;
#2455 = VECTOR ( 'NONE', #3670, 1000.000000000000000 ) ;
#2456 = DIRECTION ( 'NONE',  ( 1.000000000000000000, 0.000000000000000000, -0.000000000000000000 ) ) ;
#2457 = DIRECTION ( 'NONE',  ( 0.000000000000000000, -1.000000000000000000, 0.000000000000000000 ) ) ;
#2458 = ORIENTED_EDGE ( 'NONE', *, *, #3198, .F. ) ;
#2459 = EDGE_CURVE ( 'NONE', #4168, #1135, #1918, .T. ) ;
#2460 = PRESENTATION_STYLE_ASSIGNMENT (( #1796 ) ) ;
#2461 = CARTESIAN_POINT ( 'NONE',  ( 10.30000000000000071, -12.47573593128810110, 10.37499999999999822 ) ) ;
#2462 = LINE ( 'NONE', #3916, #4678 ) ;
#2463 = COLOUR_RGB ( '',0.9450980392156862475, 0.9215686274509803377, 0.9294117647058823817 ) ;
#2464 = EDGE_LOOP ( 'NONE', ( #1897, #4632, #1876, #914, #356, #2940 ) ) ;
#2465 = ADVANCED_FACE ( 'NONE', ( #2607 ), #4053, .F. ) ;
#2466 = FILL_AREA_STYLE_COLOUR ( '', #1784 ) ;
#2467 = LINE ( 'NONE', #2443, #3249 ) ;
#2468 = ORIENTED_EDGE ( 'NONE', *, *, #2669, .F. ) ;
#2469 = EDGE_CURVE ( 'NONE', #1408, #827, #4401, .T. ) ;
#2470 = ORIENTED_EDGE ( 'NONE', *, *, #3250, .F. ) ;
#2471 = LINE ( 'NONE', #1072, #3168 ) ;
#2472 = ORIENTED_EDGE ( 'NONE', *, *, #1525, .F. ) ;
#2473 = FILL_AREA_STYLE ('',( #676 ) ) ;
#2474 = VECTOR ( 'NONE', #1434, 1000.000000000000000 ) ;
#2475 = DIRECTION ( 'NONE',  ( 0.000000000000000000, 1.000000000000000000, 0.000000000000000000 ) ) ;
#2476 = CARTESIAN_POINT ( 'NONE',  ( 26.80000000000000071, -9.199999999999999289, 10.37500000000000000 ) ) ;
#2477 = AXIS2_PLACEMENT_3D ( 'NONE', #4269, #2509, #3224 ) ;
#2478 = VECTOR ( 'NONE', #4221, 1000.000000000000000 ) ;
#2479 = VERTEX_POINT ( 'NONE', #423 ) ;
#2480 = ORIENTED_EDGE ( 'NONE', *, *, #1716, .F. ) ;
#2481 = CARTESIAN_POINT ( 'NONE',  ( 11.30000000000000071, -9.199999999999999289, 10.37499999999999822 ) ) ;
#2482 = DIRECTION ( 'NONE',  ( -2.155589632709749790E-45, -8.928744607792173208E-46, -1.000000000000000000 ) ) ;
#2483 = VECTOR ( 'NONE', #260, 1000.000000000000000 ) ;
#2484 = COLOUR_RGB ( '',0.9450980392156862475, 0.9215686274509803377, 0.9294117647058823817 ) ;
#2485 = EDGE_CURVE ( 'NONE', #2001, #560, #781, .T. ) ;
#2486 = ORIENTED_EDGE ( 'NONE', *, *, #613, .F. ) ;
#2487 = AXIS2_PLACEMENT_3D ( 'NONE', #2435, #3890, #1032 ) ;
#2488 = LINE ( 'NONE', #1438, #790 ) ;
#2489 = DIRECTION ( 'NONE',  ( 0.000000000000000000, -0.000000000000000000, -1.000000000000000000 ) ) ;
#2490 =( NAMED_UNIT ( * ) PLANE_ANGLE_UNIT ( ) SI_UNIT ( $, .RADIAN. ) );
#2491 = ORIENTED_EDGE ( 'NONE', *, *, #422, .F. ) ;
#2492 = AXIS2_PLACEMENT_3D ( 'NONE', #1212, #2926, #3712 ) ;
#2493 = ADVANCED_FACE ( 'NONE', ( #4032 ), #2989, .T. ) ;
#2494 = EDGE_LOOP ( 'NONE', ( #1385, #447, #3978, #1398, #605, #2202 ) ) ;
#2495 = MECHANICAL_DESIGN_GEOMETRIC_PRESENTATION_REPRESENTATION (  '', ( #1887 ), #3264 ) ;
#2496 = LINE ( 'NONE', #2539, #1803 ) ;
#2497 = ORIENTED_EDGE ( 'NONE', *, *, #3949, .T. ) ;
#2498 = EDGE_CURVE ( 'NONE', #4091, #4438, #2658, .T. ) ;
#2499 = AXIS2_PLACEMENT_3D ( 'NONE', #28, #1854, #1425 ) ;
#2500 = CARTESIAN_POINT ( 'NONE',  ( 6.900000000000000355, -9.000000000000001776, 9.500000000000000000 ) ) ;
#2501 = FACE_OUTER_BOUND ( 'NONE', #3162, .T. ) ;
#2502 = DIRECTION ( 'NONE',  ( -1.880971642862106572E-50, 5.295029236559480243E-34, 1.000000000000000000 ) ) ;
#2503 = DIRECTION ( 'NONE',  ( -0.000000000000000000, -1.000000000000000000, -0.000000000000000000 ) ) ;
#2504 = VERTEX_POINT ( 'NONE', #74 ) ;
#2505 = CARTESIAN_POINT ( 'NONE',  ( 27.69999999999999929, 9.662350555611429928E-16, 9.500000000000000000 ) ) ;
#2506 = ORIENTED_EDGE ( 'NONE', *, *, #1559, .F. ) ;
#2507 = LINE ( 'NONE', #4334, #2755 ) ;
#2508 = CARTESIAN_POINT ( 'NONE',  ( 27.79999999999998650, -12.47573593128809577, 2.875000000000000000 ) ) ;
#2509 = DIRECTION ( 'NONE',  ( -0.7071067811865470176, 0.7071067811865480168, 0.000000000000000000 ) ) ;
#2510 = EDGE_LOOP ( 'NONE', ( #1666, #2366, #3118, #4449 ) ) ;
#2511 = PLANE ( 'NONE',  #3217 ) ;
#2512 =( NAMED_UNIT ( * ) PLANE_ANGLE_UNIT ( ) SI_UNIT ( $, .RADIAN. ) );
#2513 = DIRECTION ( 'NONE',  ( -0.9238795325112867385, -0.3826834323650898928, 3.154011928478008983E-28 ) ) ;
#2514 = ORIENTED_EDGE ( 'NONE', *, *, #696, .T. ) ;
#2515 = ORIENTED_EDGE ( 'NONE', *, *, #1618, .T. ) ;
#2516 = PLANE ( 'NONE',  #4364 ) ;
#2517 = ADVANCED_FACE ( 'NONE', ( #1518 ), #2966, .T. ) ;
#2518 = DIRECTION ( 'NONE',  ( 0.000000000000000000, 0.000000000000000000, -1.000000000000000000 ) ) ;
#2519 = ORIENTED_EDGE ( 'NONE', *, *, #2123, .T. ) ;
#2520 = EDGE_CURVE ( 'NONE', #4030, #4349, #4105, .T. ) ;
#2521 =( NAMED_UNIT ( * ) PLANE_ANGLE_UNIT ( ) SI_UNIT ( $, .RADIAN. ) );
#2522 = CARTESIAN_POINT ( 'NONE',  ( 0.5000000000000029976, -6.801707868344710306, 12.50000000000000000 ) ) ;
#2523 = FILL_AREA_STYLE_COLOUR ( '', #2344 ) ;
#2524 = ORIENTED_EDGE ( 'NONE', *, *, #2750, .T. ) ;
#2525 = EDGE_CURVE ( 'NONE', #3558, #988, #3700, .T. ) ;
#2526 = EDGE_LOOP ( 'NONE', ( #4541, #4520, #4009, #2655 ) ) ;
#2527 = CARTESIAN_POINT ( 'NONE',  ( 27.30000000000000071, -13.19999999999999929, 2.875000000000000000 ) ) ;
#2528 = CARTESIAN_POINT ( 'NONE',  ( 24.80000000000000426, -9.500000000000000000, 12.00000000000000000 ) ) ;
#2529 = CARTESIAN_POINT ( 'NONE',  ( 28.50000000000000000, -9.199999999999999289, 5.250000000000000000 ) ) ;
#2530 = MECHANICAL_DESIGN_GEOMETRIC_PRESENTATION_REPRESENTATION (  '', ( #4357 ), #3518 ) ;
#2531 = VERTEX_POINT ( 'NONE', #4439 ) ;
#2532 = FILL_AREA_STYLE_COLOUR ( '', #2484 ) ;
#2533 = AXIS2_PLACEMENT_3D ( 'NONE', #2644, #1549, #2310 ) ;
#2534 = DIRECTION ( 'NONE',  ( 0.000000000000000000, 0.000000000000000000, 1.000000000000000000 ) ) ;
#2535 = ORIENTED_EDGE ( 'NONE', *, *, #3568, .T. ) ;
#2536 = ORIENTED_EDGE ( 'NONE', *, *, #2251, .F. ) ;
#2537 = ORIENTED_EDGE ( 'NONE', *, *, #1927, .F. ) ;
#2538 =( GEOMETRIC_REPRESENTATION_CONTEXT ( 3 ) GLOBAL_UNCERTAINTY_ASSIGNED_CONTEXT ( ( #3919 ) ) GLOBAL_UNIT_ASSIGNED_CONTEXT ( ( #4606, #1352, #2359 ) ) REPRESENTATION_CONTEXT ( 'NONE', 'WORKASPACE' ) );
#2539 = CARTESIAN_POINT ( 'NONE',  ( 1.690012582823350093E-15, -1.800000000000000488, 7.750000000000000000 ) ) ;
#2540 = ORIENTED_EDGE ( 'NONE', *, *, #3809, .T. ) ;
#2541 = EDGE_CURVE ( 'NONE', #1047, #3037, #2277, .T. ) ;
#2542 = FACE_OUTER_BOUND ( 'NONE', #2105, .T. ) ;
#2543 = DIRECTION ( 'NONE',  ( -0.000000000000000000, 1.000000000000000000, -6.123233995736766036E-17 ) ) ;
#2544 = AXIS2_PLACEMENT_3D ( 'NONE', #2225, #2659, #3672 ) ;
#2545 = DIRECTION ( 'NONE',  ( -1.000000000000000000, -5.887021680753809672E-29, 0.000000000000000000 ) ) ;
#2546 = VERTEX_POINT ( 'NONE', #2770 ) ;
#2547 = EDGE_CURVE ( 'NONE', #2504, #1616, #2353, .T. ) ;
#2548 = VECTOR ( 'NONE', #4322, 1000.000000000000000 ) ;
#2549 = DIRECTION ( 'NONE',  ( -0.000000000000000000, -0.000000000000000000, 1.000000000000000000 ) ) ;
#2550 = CARTESIAN_POINT ( 'NONE',  ( 26.89999999999999858, -9.000000000000001776, 11.00000000000000000 ) ) ;
#2551 = DIRECTION ( 'NONE',  ( 0.000000000000000000, 0.000000000000000000, -1.000000000000000000 ) ) ;
#2552 = VECTOR ( 'NONE', #1362, 1000.000000000000000 ) ;
#2553 = VECTOR ( 'NONE', #1850, 1000.000000000000000 ) ;
#2554 = EDGE_CURVE ( 'NONE', #16, #1571, #3129, .T. ) ;
#2555 = SURFACE_STYLE_USAGE ( .BOTH. , #1120 ) ;
#2556 = ORIENTED_EDGE ( 'NONE', *, *, #4026, .T. ) ;
#2557 = AXIS2_PLACEMENT_3D ( 'NONE', #1278, #2015, #1662 ) ;
#2558 = CARTESIAN_POINT ( 'NONE',  ( 24.80000000000000426, -9.200000000000001066, 7.749999999999997335 ) ) ;
#2559 = EDGE_LOOP ( 'NONE', ( #1444, #4198, #547, #2773, #879, #1169 ) ) ;
#2560 = VECTOR ( 'NONE', #4666, 1000.000000000000000 ) ;
#2561 = ORIENTED_EDGE ( 'NONE', *, *, #2643, .F. ) ;
#2562 = ORIENTED_EDGE ( 'NONE', *, *, #3586, .F. ) ;
#2563 = DIRECTION ( 'NONE',  ( 1.862785797453189940E-16, -1.000000000000000000, 0.000000000000000000 ) ) ;
#2564 = DIRECTION ( 'NONE',  ( -0.000000000000000000, 1.000000000000000000, 0.000000000000000000 ) ) ;
#2565 = AXIS2_PLACEMENT_3D ( 'NONE', #829, #1171, #2275 ) ;
#2566 = ORIENTED_EDGE ( 'NONE', *, *, #490, .T. ) ;
#2567 = VECTOR ( 'NONE', #724, 1000.000000000000000 ) ;
#2568 = DIRECTION ( 'NONE',  ( 0.000000000000000000, 0.000000000000000000, -1.000000000000000000 ) ) ;
#2569 =( NAMED_UNIT ( * ) PLANE_ANGLE_UNIT ( ) SI_UNIT ( $, .RADIAN. ) );
#2570 = LINE ( 'NONE', #2233, #149 ) ;
#2571 = MECHANICAL_DESIGN_GEOMETRIC_PRESENTATION_REPRESENTATION (  '', ( #381 ), #1283 ) ;
#2572 = STYLED_ITEM ( 'NONE', ( #2448 ), #2138 ) ;
#2573 = PLANE ( 'NONE',  #2492 ) ;
#2574 = SURFACE_STYLE_FILL_AREA ( #1820 ) ;
#2575 = LINE ( 'NONE', #793, #663 ) ;
#2576 = VERTEX_POINT ( 'NONE', #4568 ) ;
#2577 = FILL_AREA_STYLE ('',( #1756 ) ) ;
#2578 = EDGE_CURVE ( 'NONE', #2214, #198, #1993, .T. ) ;
#2579 = EDGE_CURVE ( 'NONE', #1755, #1536, #2043, .T. ) ;
#2580 = CYLINDRICAL_SURFACE ( 'NONE', #1809, 0.5000000000000000000 ) ;
#2581 =( NAMED_UNIT ( * ) PLANE_ANGLE_UNIT ( ) SI_UNIT ( $, .RADIAN. ) );
#2582 = ORIENTED_EDGE ( 'NONE', *, *, #3424, .T. ) ;
#2583 = CARTESIAN_POINT ( 'NONE',  ( 4.299999999999988276, -12.47573593128809755, 10.37499999999999822 ) ) ;
#2584 = DIRECTION ( 'NONE',  ( -0.000000000000000000, -0.000000000000000000, -1.000000000000000000 ) ) ;
#2585 = DIRECTION ( 'NONE',  ( -0.7071067811865480168, -0.7071067811865470176, 0.000000000000000000 ) ) ;
#2586 = VERTEX_POINT ( 'NONE', #1612 ) ;
#2587 = FACE_OUTER_BOUND ( 'NONE', #1146, .T. ) ;
#2588 = PRESENTATION_STYLE_ASSIGNMENT (( #79 ) ) ;
#2589 = DIRECTION ( 'NONE',  ( 1.000000000000000000, -0.000000000000000000, 0.000000000000000000 ) ) ;
#2590 = CARTESIAN_POINT ( 'NONE',  ( 1.690012582823350093E-15, -9.199999999999999289, 0.000000000000000000 ) ) ;
#2591 = ORIENTED_EDGE ( 'NONE', *, *, #731, .F. ) ;
#2592 = LINE ( 'NONE', #409, #4314 ) ;
#2593 = DIRECTION ( 'NONE',  ( 0.000000000000000000, 1.000000000000000000, 0.000000000000000000 ) ) ;
#2594 = CARTESIAN_POINT ( 'NONE',  ( 3.849999999999999201, -4.500000000000003553, 0.000000000000000000 ) ) ;
#2595 = CARTESIAN_POINT ( 'NONE',  ( 30.30000000000000071, -0.5000000000000000000, 7.750000000000000000 ) ) ;
#2596 = ORIENTED_EDGE ( 'NONE', *, *, #726, .T. ) ;
#2597 = EDGE_CURVE ( 'NONE', #717, #972, #2728, .T. ) ;
#2598 = ORIENTED_EDGE ( 'NONE', *, *, #555, .T. ) ;
#2599 = CARTESIAN_POINT ( 'NONE',  ( 8.071100751635949422, -0.5000000000000000000, 12.50000000000000000 ) ) ;
#2600 = EDGE_CURVE ( 'NONE', #3251, #2602, #167, .T. ) ;
#2601 = EDGE_CURVE ( 'NONE', #4576, #2479, #4175, .T. ) ;
#2602 = VERTEX_POINT ( 'NONE', #3847 ) ;
#2603 = ORIENTED_EDGE ( 'NONE', *, *, #3070, .T. ) ;
#2604 = ORIENTED_EDGE ( 'NONE', *, *, #3733, .F. ) ;
#2605 = LINE ( 'NONE', #4052, #3903 ) ;
#2606 = CLOSED_SHELL ( 'NONE', ( #3169, #897, #1889, #1675, #22, #517, #610, #428 ) ) ;
#2607 = FACE_OUTER_BOUND ( 'NONE', #4696, .T. ) ;
#2608 = PRESENTATION_STYLE_ASSIGNMENT (( #4082 ) ) ;
#2609 = ORIENTED_EDGE ( 'NONE', *, *, #3932, .T. ) ;
#2610 = ADVANCED_FACE ( 'NONE', ( #3784 ), #2704, .F. ) ;
#2611 = VECTOR ( 'NONE', #4404, 1000.000000000000000 ) ;
#2612 = LINE ( 'NONE', #4134, #567 ) ;
#2613 = DIRECTION ( 'NONE',  ( -0.000000000000000000, -1.000000000000000000, -0.000000000000000000 ) ) ;
#2614 = DIRECTION ( 'NONE',  ( -1.000000000000000000, -0.000000000000000000, 0.000000000000000000 ) ) ;
#2615 = ORIENTED_EDGE ( 'NONE', *, *, #3949, .F. ) ;
#2616 =( LENGTH_UNIT ( ) NAMED_UNIT ( * ) SI_UNIT ( .MILLI., .METRE. ) );
#2617 = PRESENTATION_LAYER_ASSIGNMENT (  '', '', ( #2851 ) ) ;
#2618 = DIRECTION ( 'NONE',  ( -4.472414252629271825E-49, 1.259006977353640088E-32, 1.000000000000000000 ) ) ;
#2619 = CARTESIAN_POINT ( 'NONE',  ( 11.19999999999999929, 3.800998196508910229E-16, 2.000000000000000000 ) ) ;
#2620 = VECTOR ( 'NONE', #686, 1000.000000000000000 ) ;
#2621 = EDGE_LOOP ( 'NONE', ( #2254, #2115, #2764, #1818, #920, #4227 ) ) ;
#2622 = ORIENTED_EDGE ( 'NONE', *, *, #285, .F. ) ;
#2623 = EDGE_LOOP ( 'NONE', ( #1869, #4224, #1022, #327, #1013, #3643, #1344, #4433, #2751, #1039, #1442, #288, #3717, #2702, #1232, #878, #2812, #4085, #1703, #4034, #2823, #3662 ) ) ;
#2624 = CARTESIAN_POINT ( 'NONE',  ( 6.799999999999999822, -9.199999999999999289, 2.875000000000000888 ) ) ;
#2625 =( NAMED_UNIT ( * ) SI_UNIT ( $, .STERADIAN. ) SOLID_ANGLE_UNIT ( ) );
#2626 = CARTESIAN_POINT ( 'NONE',  ( 4.299999999999999822, -9.199999999999999289, 10.37499999999999822 ) ) ;
#2627 = STYLED_ITEM ( 'NONE', ( #601 ), #4317 ) ;
#2628 = VERTEX_POINT ( 'NONE', #906 ) ;
#2629 = VECTOR ( 'NONE', #7, 1000.000000000000000 ) ;
#2630 = CARTESIAN_POINT ( 'NONE',  ( 11.59999999999999964, 4.163336342344340478E-16, 2.000000000000000000 ) ) ;
#2631 = CARTESIAN_POINT ( 'NONE',  ( 8.071100751635949422, -0.5000000000000007772, 0.000000000000000000 ) ) ;
#2632 = CARTESIAN_POINT ( 'NONE',  ( 28.50000000000000000, -4.900000000000000355, 5.250000000000000000 ) ) ;
#2633 = PRODUCT_DEFINITION_FORMATION_WITH_SPECIFIED_SOURCE ( 'ANY', '', #1076, .NOT_KNOWN. ) ;
#2634 = ORIENTED_EDGE ( 'NONE', *, *, #3924, .F. ) ;
#2635 = VECTOR ( 'NONE', #4213, 1000.000000000000000 ) ;
#2636 = DIRECTION ( 'NONE',  ( 0.000000000000000000, 0.000000000000000000, 1.000000000000000000 ) ) ;
#2637 = PRESENTATION_LAYER_ASSIGNMENT (  '', '', ( #440 ) ) ;
#2638 = DIRECTION ( 'NONE',  ( 0.000000000000000000, 0.000000000000000000, 1.000000000000000000 ) ) ;
#2639 = EDGE_CURVE ( 'NONE', #3314, #3824, #589, .T. ) ;
#2640 = CARTESIAN_POINT ( 'NONE',  ( 11.30000000000000071, -9.199999999999999289, 10.12500000000000000 ) ) ;
#2641 = ORIENTED_EDGE ( 'NONE', *, *, #1240, .F. ) ;
#2642 = PRESENTATION_LAYER_ASSIGNMENT (  '', '', ( #1659 ) ) ;
#2643 = EDGE_CURVE ( 'NONE', #3037, #3315, #568, .T. ) ;
#2644 = CARTESIAN_POINT ( 'NONE',  ( 0.5000000000000034417, -9.199999999999999289, 12.50000000000000000 ) ) ;
#2645 = VECTOR ( 'NONE', #4288, 1000.000000000000000 ) ;
#2646 = CARTESIAN_POINT ( 'NONE',  ( 1.800000000000000266, -4.900000000000000355, 5.250000000000000000 ) ) ;
#2647 = CARTESIAN_POINT ( 'NONE',  ( 27.10000000000001208, -13.19999999999999574, 2.687500000000000000 ) ) ;
#2648 = ORIENTED_EDGE ( 'NONE', *, *, #3782, .F. ) ;
#2649 = AXIS2_PLACEMENT_3D ( 'NONE', #1714, #597, #1000 ) ;
#2650 = ORIENTED_EDGE ( 'NONE', *, *, #460, .T. ) ;
#2651 = DIRECTION ( 'NONE',  ( 0.000000000000000000, -4.709617344603049531E-28, 1.000000000000000000 ) ) ;
#2652 = DIRECTION ( 'NONE',  ( -0.9238795325112867385, -0.3826834323650898928, 2.333193405476179701E-45 ) ) ;
#2653 = LINE ( 'NONE', #1895, #577 ) ;
#2654 = ORIENTED_EDGE ( 'NONE', *, *, #2226, .T. ) ;
#2655 = ORIENTED_EDGE ( 'NONE', *, *, #115, .T. ) ;
#2656 = DIRECTION ( 'NONE',  ( -0.7071067811865474617, 0.7071067811865475727, 0.000000000000000000 ) ) ;
#2657 = CARTESIAN_POINT ( 'NONE',  ( 1.690012582823350093E-15, -9.199999999999999289, 0.000000000000000000 ) ) ;
#2658 = LINE ( 'NONE', #1873, #2780 ) ;
#2659 = DIRECTION ( 'NONE',  ( 0.000000000000000000, 0.000000000000000000, 1.000000000000000000 ) ) ;
#2660 = EDGE_LOOP ( 'NONE', ( #1903, #3648, #3048, #47 ) ) ;
#2661 = LINE ( 'NONE', #533, #1157 ) ;
#2662 = ADVANCED_FACE ( 'NONE', ( #3440, #190 ), #1637, .T. ) ;
#2663 = FACE_OUTER_BOUND ( 'NONE', #343, .T. ) ;
#2664 = ORIENTED_EDGE ( 'NONE', *, *, #3832, .T. ) ;
#2665 = EDGE_CURVE ( 'NONE', #1211, #264, #237, .T. ) ;
#2666 = DIRECTION ( 'NONE',  ( -0.000000000000000000, -1.000000000000000000, 0.000000000000000000 ) ) ;
#2667 = CARTESIAN_POINT ( 'NONE',  ( 2.949999999999999734, -4.900000000000000355, 5.250000000000000000 ) ) ;
#2668 = LINE ( 'NONE', #2363, #3686 ) ;
#2669 = EDGE_CURVE ( 'NONE', #2866, #4422, #2467, .T. ) ;
#2670 = ORIENTED_EDGE ( 'NONE', *, *, #4607, .T. ) ;
#2671 = PRESENTATION_STYLE_ASSIGNMENT (( #3436 ) ) ;
#2672 = DIRECTION ( 'NONE',  ( 3.403434409185809949E-30, -1.000000000000000000, -1.262273805821728319E-59 ) ) ;
#2673 = FACE_OUTER_BOUND ( 'NONE', #4177, .T. ) ;
#2674 = ORIENTED_EDGE ( 'NONE', *, *, #1329, .F. ) ;
#2675 = DIRECTION ( 'NONE',  ( 1.000000000000000000, 0.000000000000000000, 0.000000000000000000 ) ) ;
#2676 = LINE ( 'NONE', #3726, #4682 ) ;
#2677 = PLANE ( 'NONE',  #3380 ) ;
#2678 = VECTOR ( 'NONE', #3927, 1000.000000000000000 ) ;
#2679 = VERTEX_POINT ( 'NONE', #3894 ) ;
#2680 = PLANE ( 'NONE',  #2910 ) ;
#2681 =( GEOMETRIC_REPRESENTATION_CONTEXT ( 3 ) GLOBAL_UNCERTAINTY_ASSIGNED_CONTEXT ( ( #216 ) ) GLOBAL_UNIT_ASSIGNED_CONTEXT ( ( #2906, #1100, #466 ) ) REPRESENTATION_CONTEXT ( 'NONE', 'WORKASPACE' ) );
#2682 = CARTESIAN_POINT ( 'NONE',  ( 10.44999999999999929, -12.83786796564399957, 10.12500000000000000 ) ) ;
#2683 = CARTESIAN_POINT ( 'NONE',  ( 5.799999999999999822, -9.500000000000000000, 0.000000000000000000 ) ) ;
#2684 = ORIENTED_EDGE ( 'NONE', *, *, #3335, .T. ) ;
#2685 = COLOUR_RGB ( '',0.9450980392156862475, 0.9215686274509803377, 0.9294117647058823817 ) ;
#2686 = EDGE_CURVE ( 'NONE', #4197, #3641, #1806, .T. ) ;
#2687 = AXIS2_PLACEMENT_3D ( 'NONE', #2807, #225, #1671 ) ;
#2688 = FACE_OUTER_BOUND ( 'NONE', #1161, .T. ) ;
#2689 = EDGE_CURVE ( 'NONE', #3251, #2757, #2889, .T. ) ;
#2690 = DIRECTION ( 'NONE',  ( 0.000000000000000000, 0.000000000000000000, -1.000000000000000000 ) ) ;
#2691 = FILL_AREA_STYLE ('',( #1239 ) ) ;
#2692 = DIRECTION ( 'NONE',  ( 0.3826834323650927794, 0.9238795325112854062, 0.000000000000000000 ) ) ;
#2693 = ADVANCED_FACE ( 'NONE', ( #3968 ), #1778, .F. ) ;
#2694 = FACE_OUTER_BOUND ( 'NONE', #2964, .T. ) ;
#2695 = ORIENTED_EDGE ( 'NONE', *, *, #2379, .F. ) ;
#2696 =( NAMED_UNIT ( * ) SI_UNIT ( $, .STERADIAN. ) SOLID_ANGLE_UNIT ( ) );
#2697 = DIRECTION ( 'NONE',  ( -1.000000000000000000, 0.000000000000000000, 3.469446951953610245E-16 ) ) ;
#2698 = FILL_AREA_STYLE_COLOUR ( '', #3095 ) ;
#2699 = DIRECTION ( 'NONE',  ( -1.000000000000000000, -0.000000000000000000, 0.000000000000000000 ) ) ;
#2700 = EDGE_CURVE ( 'NONE', #2260, #3801, #3274, .T. ) ;
#2701 = MECHANICAL_DESIGN_GEOMETRIC_PRESENTATION_REPRESENTATION (  '', ( #4514 ), #1863 ) ;
#2702 = ORIENTED_EDGE ( 'NONE', *, *, #2579, .T. ) ;
#2703 = AXIS2_PLACEMENT_3D ( 'NONE', #4543, #4188, #939 ) ;
#2704 = PLANE ( 'NONE',  #362 ) ;
#2705 =( LENGTH_UNIT ( ) NAMED_UNIT ( * ) SI_UNIT ( .MILLI., .METRE. ) );
#2706 = CARTESIAN_POINT ( 'NONE',  ( 29.80000000000000071, -0.4999999999999987232, 12.49999999999999822 ) ) ;
#2707 = VERTEX_POINT ( 'NONE', #2844 ) ;
#2708 =( GEOMETRIC_REPRESENTATION_CONTEXT ( 3 ) GLOBAL_UNCERTAINTY_ASSIGNED_CONTEXT ( ( #350 ) ) GLOBAL_UNIT_ASSIGNED_CONTEXT ( ( #272, #339, #3884 ) ) REPRESENTATION_CONTEXT ( 'NONE', 'WORKASPACE' ) );
#2709 = CIRCLE ( 'NONE', #3778, 2.800000000000000266 ) ;
#2710 = ORIENTED_EDGE ( 'NONE', *, *, #1136, .T. ) ;
#2711 = ORIENTED_EDGE ( 'NONE', *, *, #3306, .T. ) ;
#2712 = SURFACE_STYLE_USAGE ( .BOTH. , #4554 ) ;
#2713 = VECTOR ( 'NONE', #2672, 1000.000000000000000 ) ;
#2714 = ORIENTED_EDGE ( 'NONE', *, *, #115, .F. ) ;
#2715 = VECTOR ( 'NONE', #1836, 1000.000000000000000 ) ;
#2716 = CARTESIAN_POINT ( 'NONE',  ( 30.30000000000000071, -5.900000000000000355, 0.000000000000000000 ) ) ;
#2717 = DIRECTION ( 'NONE',  ( 0.000000000000000000, -3.000602769257179759E-16, 1.000000000000000000 ) ) ;
#2718 = DIRECTION ( 'NONE',  ( -0.000000000000000000, -1.000000000000000000, -0.000000000000000000 ) ) ;
#2719 = ORIENTED_EDGE ( 'NONE', *, *, #3586, .T. ) ;
#2720 = VECTOR ( 'NONE', #3376, 1000.000000000000000 ) ;
#2721 = EDGE_LOOP ( 'NONE', ( #4500, #1306, #4254, #4398 ) ) ;
#2722 = EDGE_CURVE ( 'NONE', #1983, #442, #329, .T. ) ;
#2723 = CARTESIAN_POINT ( 'NONE',  ( 19.85000000000000142, -3.200000000000000178, 6.500000000000000888 ) ) ;
#2724 = FACE_OUTER_BOUND ( 'NONE', #1389, .T. ) ;
#2725 = STYLED_ITEM ( 'NONE', ( #2671 ), #1889 ) ;
#2726 = EDGE_LOOP ( 'NONE', ( #3153, #1940, #1522, #1006 ) ) ;
#2727 = CARTESIAN_POINT ( 'NONE',  ( 30.30000000000000071, -1.800000000000000488, 5.250000000000000000 ) ) ;
#2728 = LINE ( 'NONE', #3422, #3009 ) ;
#2729 = CARTESIAN_POINT ( 'NONE',  ( 4.799999999999999822, -9.500000000000000000, 12.00000000000000178 ) ) ;
#2730 = DIRECTION ( 'NONE',  ( -1.000000000000000000, -3.552334763092440048E-17, 0.000000000000000000 ) ) ;
#2731 = ORIENTED_EDGE ( 'NONE', *, *, #3301, .F. ) ;
#2732 = ORIENTED_EDGE ( 'NONE', *, *, #429, .F. ) ;
#2733 = VERTEX_POINT ( 'NONE', #379 ) ;
#2734 = CARTESIAN_POINT ( 'NONE',  ( 11.19999999999999929, -0.4000000000000000222, 3.500000000000000000 ) ) ;
#2735 = SURFACE_STYLE_FILL_AREA ( #1214 ) ;
#2736 = PLANE ( 'NONE',  #3695 ) ;
#2737 = FILL_AREA_STYLE ('',( #4141 ) ) ;
#2738 = ORIENTED_EDGE ( 'NONE', *, *, #2176, .T. ) ;
#2739 = ORIENTED_EDGE ( 'NONE', *, *, #3525, .T. ) ;
#2740 = FILL_AREA_STYLE ('',( #2791 ) ) ;
#2741 = CARTESIAN_POINT ( 'NONE',  ( 30.30000000000000071, -1.800000000000000266, 7.750000000000000000 ) ) ;
#2742 = FACE_OUTER_BOUND ( 'NONE', #2892, .T. ) ;
#2743 = EDGE_CURVE ( 'NONE', #3314, #3913, #4672, .T. ) ;
#2744 = VERTEX_POINT ( 'NONE', #3254 ) ;
#2745 = ORIENTED_EDGE ( 'NONE', *, *, #435, .T. ) ;
#2746 = DIRECTION ( 'NONE',  ( -0.000000000000000000, 0.000000000000000000, 1.000000000000000000 ) ) ;
#2747 = CARTESIAN_POINT ( 'NONE',  ( 26.80000000000000071, -12.47573593128810110, 2.625000000000000000 ) ) ;
#2748 = DIRECTION ( 'NONE',  ( 1.000000000000000000, 0.000000000000000000, -0.000000000000000000 ) ) ;
#2749 = CARTESIAN_POINT ( 'NONE',  ( 0.000000000000000000, -0.4999999999999997780, 0.5000000000000000000 ) ) ;
#2750 = EDGE_CURVE ( 'NONE', #361, #4168, #639, .T. ) ;
#2751 = ORIENTED_EDGE ( 'NONE', *, *, #1507, .T. ) ;
#2752 = EDGE_CURVE ( 'NONE', #4422, #21, #284, .T. ) ;
#2753 = ORIENTED_EDGE ( 'NONE', *, *, #1680, .T. ) ;
#2754 = CARTESIAN_POINT ( 'NONE',  ( 30.30000000000000071, -9.199999999999999289, 0.000000000000000000 ) ) ;
#2755 = VECTOR ( 'NONE', #4690, 1000.000000000000000 ) ;
#2756 = FILL_AREA_STYLE ('',( #1619 ) ) ;
#2757 = VERTEX_POINT ( 'NONE', #2088 ) ;
#2758 = DIRECTION ( 'NONE',  ( 0.000000000000000000, 0.000000000000000000, 1.000000000000000000 ) ) ;
#2759 = VECTOR ( 'NONE', #1921, 1000.000000000000000 ) ;
#2760 = FACE_OUTER_BOUND ( 'NONE', #2421, .T. ) ;
#2761 = CARTESIAN_POINT ( 'NONE',  ( 10.30000000000001137, -12.47573593128809755, 10.37499999999999822 ) ) ;
#2762 =( LENGTH_UNIT ( ) NAMED_UNIT ( * ) SI_UNIT ( .MILLI., .METRE. ) );
#2763 = VECTOR ( 'NONE', #4180, 1000.000000000000000 ) ;
#2764 = ORIENTED_EDGE ( 'NONE', *, *, #3390, .F. ) ;
#2765 = CARTESIAN_POINT ( 'NONE',  ( 5.799999999999999822, -9.500000000000000000, 12.00000000000000178 ) ) ;
#2766 = CARTESIAN_POINT ( 'NONE',  ( 30.30000000000000071, -0.5000000000000001110, 0.5000000000000000000 ) ) ;
#2767 = ORIENTED_EDGE ( 'NONE', *, *, #376, .T. ) ;
#2768 = UNCERTAINTY_MEASURE_WITH_UNIT (LENGTH_MEASURE( 1.000000000000000082E-05 ), #3679, 'distance_accuracy_value', 'NONE');
#2769 = UNCERTAINTY_MEASURE_WITH_UNIT (LENGTH_MEASURE( 1.000000000000000082E-05 ), #1672, 'distance_accuracy_value', 'NONE');
#2770 = CARTESIAN_POINT ( 'NONE',  ( 24.80000000000000426, -4.500000000000000888, 5.250000000000000000 ) ) ;
#2771 = FILL_AREA_STYLE_COLOUR ( '', #2393 ) ;
#2772 = CARTESIAN_POINT ( 'NONE',  ( 9.757819552369539906E-16, -0.4999999999999986677, 12.50000000000000178 ) ) ;
#2773 = ORIENTED_EDGE ( 'NONE', *, *, #4414, .F. ) ;
#2774 = PRESENTATION_LAYER_ASSIGNMENT (  '', '', ( #426 ) ) ;
#2775 = CARTESIAN_POINT ( 'NONE',  ( 25.80000000000000071, -9.500000000000000000, 12.00000000000000000 ) ) ;
#2776 = ADVANCED_FACE ( 'NONE', ( #3577 ), #1734, .F. ) ;
#2777 = CARTESIAN_POINT ( 'NONE',  ( 0.000000000000000000, -9.199999999999999289, 0.000000000000000000 ) ) ;
#2778 = PLANE ( 'NONE',  #1667 ) ;
#2779 = MECHANICAL_DESIGN_GEOMETRIC_PRESENTATION_REPRESENTATION (  '', ( #126 ), #2708 ) ;
#2780 = VECTOR ( 'NONE', #3326, 1000.000000000000000 ) ;
#2781 = MECHANICAL_DESIGN_GEOMETRIC_PRESENTATION_REPRESENTATION (  '', ( #3312 ), #1491 ) ;
#2782 = PRESENTATION_LAYER_ASSIGNMENT (  '', '', ( #4226 ) ) ;
#2783 = SURFACE_STYLE_USAGE ( .BOTH. , #1288 ) ;
#2784 = CARTESIAN_POINT ( 'NONE',  ( 27.80000000000000071, -9.199999999999999289, 2.875000000000000000 ) ) ;
#2785 = DIRECTION ( 'NONE',  ( -0.000000000000000000, 1.000000000000000000, 0.000000000000000000 ) ) ;
#2786 = LINE ( 'NONE', #3938, #281 ) ;
#2787 = FACE_BOUND ( 'NONE', #2378, .T. ) ;
#2788 = MECHANICAL_DESIGN_GEOMETRIC_PRESENTATION_REPRESENTATION (  '', ( #440 ), #368 ) ;
#2789 = CARTESIAN_POINT ( 'NONE',  ( 26.89999999999999858, 9.378163774564031914E-16, 3.500000000000000000 ) ) ;
#2790 = ORIENTED_EDGE ( 'NONE', *, *, #435, .F. ) ;
#2791 = FILL_AREA_STYLE_COLOUR ( '', #2981 ) ;
#2792 = AXIS2_PLACEMENT_3D ( 'NONE', #3638, #728, #2193 ) ;
#2793 = DIRECTION ( 'NONE',  ( 6.167905692361979821E-17, -1.000000000000000000, 0.000000000000000000 ) ) ;
#2794 = LINE ( 'NONE', #1610, #1401 ) ;
#2795 = AXIS2_PLACEMENT_3D ( 'NONE', #2145, #602, #4616 ) ;
#2796 = ORIENTED_EDGE ( 'NONE', *, *, #2294, .T. ) ;
#2797 = DIRECTION ( 'NONE',  ( -0.000000000000000000, -0.000000000000000000, 1.000000000000000000 ) ) ;
#2798 = DIRECTION ( 'NONE',  ( -1.000000000000000000, -0.000000000000000000, -0.000000000000000000 ) ) ;
#2799 = DIRECTION ( 'NONE',  ( 1.000000000000000000, 1.110223024625159992E-16, 0.000000000000000000 ) ) ;
#2800 = AXIS2_PLACEMENT_3D ( 'NONE', #2282, #1184, #2335 ) ;
#2801 = DIRECTION ( 'NONE',  ( -3.552334763092440048E-17, 1.000000000000000000, -6.729565206773079540E-33 ) ) ;
#2802 = ORIENTED_EDGE ( 'NONE', *, *, #1525, .T. ) ;
#2803 =( GEOMETRIC_REPRESENTATION_CONTEXT ( 3 ) GLOBAL_UNCERTAINTY_ASSIGNED_CONTEXT ( ( #2818 ) ) GLOBAL_UNIT_ASSIGNED_CONTEXT ( ( #1608, #2291, #1987 ) ) REPRESENTATION_CONTEXT ( 'NONE', 'WORKASPACE' ) );
#2804 = PLANE ( 'NONE',  #2952 ) ;
#2805 = CARTESIAN_POINT ( 'NONE',  ( 27.80000000000000071, -9.199999999999999289, 2.625000000000000000 ) ) ;
#2806 = ADVANCED_FACE ( 'NONE', ( #3204 ), #4647, .T. ) ;
#2807 = CARTESIAN_POINT ( 'NONE',  ( 27.64999999999999858, -12.83786796564399957, 2.812500000000000000 ) ) ;
#2808 = CARTESIAN_POINT ( 'NONE',  ( 6.950000000000000178, -12.83786796564399957, 2.687500000000000444 ) ) ;
#2809 = CYLINDRICAL_SURFACE ( 'NONE', #3678, 0.5000000000000000000 ) ;
#2810 = DIRECTION ( 'NONE',  ( 1.000000000000000000, -0.000000000000000000, 0.000000000000000000 ) ) ;
#2811 = DIRECTION ( 'NONE',  ( -0.9238795325112867385, -0.3826834323650898928, -1.099398443640889930E-27 ) ) ;
#2812 = ORIENTED_EDGE ( 'NONE', *, *, #3789, .T. ) ;
#2813 = LINE ( 'NONE', #1079, #863 ) ;
#2814 = LINE ( 'NONE', #2528, #2035 ) ;
#2815 = CARTESIAN_POINT ( 'NONE',  ( 10.40000000000000213, -0.4000000000000000222, 2.000000000000000444 ) ) ;
#2816 = EDGE_CURVE ( 'NONE', #4503, #106, #3692, .T. ) ;
#2817 = ORIENTED_EDGE ( 'NONE', *, *, #2226, .F. ) ;
#2818 = UNCERTAINTY_MEASURE_WITH_UNIT (LENGTH_MEASURE( 1.000000000000000082E-05 ), #1608, 'distance_accuracy_value', 'NONE');
#2819 =( LENGTH_UNIT ( ) NAMED_UNIT ( * ) SI_UNIT ( .MILLI., .METRE. ) );
#2820 = CARTESIAN_POINT ( 'NONE',  ( 26.94999999999999929, -12.83786796564399957, 2.687500000000000000 ) ) ;
#2821 = CARTESIAN_POINT ( 'NONE',  ( 0.5000000000000006661, 0.000000000000000000, 12.50000000000000000 ) ) ;
#2822 = VERTEX_POINT ( 'NONE', #2558 ) ;
#2823 = ORIENTED_EDGE ( 'NONE', *, *, #4575, .T. ) ;
#2824 = ORIENTED_EDGE ( 'NONE', *, *, #557, .F. ) ;
#2825 = DIRECTION ( 'NONE',  ( 1.000000000000000000, -0.000000000000000000, 0.000000000000000000 ) ) ;
#2826 = LINE ( 'NONE', #3190, #2860 ) ;
#2827 =( LENGTH_UNIT ( ) NAMED_UNIT ( * ) SI_UNIT ( .MILLI., .METRE. ) );
#2828 = CARTESIAN_POINT ( 'NONE',  ( 28.10000000000000142, 1.511188185573326495E-15, 9.500000000000000000 ) ) ;
#2829 = SURFACE_STYLE_FILL_AREA ( #1747 ) ;
#2830 = CARTESIAN_POINT ( 'NONE',  ( 25.80000000000000071, -9.199999999999999289, 0.000000000000000000 ) ) ;
#2831 = MECHANICAL_DESIGN_GEOMETRIC_PRESENTATION_REPRESENTATION (  '', ( #1233 ), #2538 ) ;
#2832 = LINE ( 'NONE', #1338, #3261 ) ;
#2833 = DIRECTION ( 'NONE',  ( 0.000000000000000000, 0.000000000000000000, -1.000000000000000000 ) ) ;
#2834 = ORIENTED_EDGE ( 'NONE', *, *, #3011, .T. ) ;
#2835 = PRESENTATION_LAYER_ASSIGNMENT (  '', '', ( #3979 ) ) ;
#2836 = LINE ( 'NONE', #1031, #4189 ) ;
#2837 = EDGE_CURVE ( 'NONE', #3315, #972, #3006, .T. ) ;
#2838 = CARTESIAN_POINT ( 'NONE',  ( 24.80000000000000426, -1.800000000000000266, 7.750000000000000000 ) ) ;
#2839 = CARTESIAN_POINT ( 'NONE',  ( 19.85000000000000142, -4.500000000000000888, 6.500000000000000888 ) ) ;
#2840 = VECTOR ( 'NONE', #3350, 1000.000000000000000 ) ;
#2841 = ORIENTED_EDGE ( 'NONE', *, *, #4088, .T. ) ;
#2842 = SURFACE_SIDE_STYLE ('',( #664 ) ) ;
#2843 = EDGE_CURVE ( 'NONE', #1761, #3641, #2271, .T. ) ;
#2844 = CARTESIAN_POINT ( 'NONE',  ( 27.49999999999999289, -13.19999999999999574, 2.625000000000000000 ) ) ;
#2845 = DIRECTION ( 'NONE',  ( -1.000000000000000000, 0.000000000000000000, 0.000000000000000000 ) ) ;
#2846 = VERTEX_POINT ( 'NONE', #4434 ) ;
#2847 = ORIENTED_EDGE ( 'NONE', *, *, #1240, .T. ) ;
#2848 = ORIENTED_EDGE ( 'NONE', *, *, #1716, .T. ) ;
#2849 = CARTESIAN_POINT ( 'NONE',  ( 4.799999999999999822, -9.199999999999999289, 0.000000000000000000 ) ) ;
#2850 = VERTEX_POINT ( 'NONE', #3344 ) ;
#2851 = STYLED_ITEM ( 'NONE', ( #3060 ), #3759 ) ;
#2852 = PRESENTATION_STYLE_ASSIGNMENT (( #4329 ) ) ;
#2853 = VECTOR ( 'NONE', #1868, 1000.000000000000000 ) ;
#2854 = CARTESIAN_POINT ( 'NONE',  ( 18.25000000000000355, -3.200000000000000178, 6.500000000000000888 ) ) ;
#2855 = DIRECTION ( 'NONE',  ( -1.862785797453189940E-16, 1.000000000000000000, 0.000000000000000000 ) ) ;
#2856 = CARTESIAN_POINT ( 'NONE',  ( 6.799999999999999822, -9.199999999999999289, 2.875000000000000888 ) ) ;
#2857 = ORIENTED_EDGE ( 'NONE', *, *, #835, .T. ) ;
#2858 = AXIS2_PLACEMENT_3D ( 'NONE', #2383, #3451, #1216 ) ;
#2859 = LINE ( 'NONE', #3704, #2759 ) ;
#2860 = VECTOR ( 'NONE', #2093, 1000.000000000000000 ) ;
#2861 = ORIENTED_EDGE ( 'NONE', *, *, #1277, .F. ) ;
#2862 = CARTESIAN_POINT ( 'NONE',  ( 26.80000000000000071, -9.199999999999999289, 2.625000000000000000 ) ) ;
#2863 = FACE_OUTER_BOUND ( 'NONE', #4450, .T. ) ;
#2864 = LINE ( 'NONE', #3552, #354 ) ;
#2865 = EDGE_CURVE ( 'NONE', #1478, #468, #1914, .T. ) ;
#2866 = VERTEX_POINT ( 'NONE', #110 ) ;
#2867 = VECTOR ( 'NONE', #678, 1000.000000000000000 ) ;
#2868 = UNCERTAINTY_MEASURE_WITH_UNIT (LENGTH_MEASURE( 1.000000000000000082E-05 ), #10, 'distance_accuracy_value', 'NONE');
#2869 = DIRECTION ( 'NONE',  ( 0.000000000000000000, 0.000000000000000000, -1.000000000000000000 ) ) ;
#2870 = CARTESIAN_POINT ( 'NONE',  ( 11.19999999999999929, -9.000000000000001776, 2.750000000000000000 ) ) ;
#2871 = VERTEX_POINT ( 'NONE', #1867 ) ;
#2872 = VECTOR ( 'NONE', #527, 1000.000000000000000 ) ;
#2873 = EDGE_CURVE ( 'NONE', #656, #3757, #3694, .T. ) ;
#2874 = ORIENTED_EDGE ( 'NONE', *, *, #2061, .T. ) ;
#2875 = LINE ( 'NONE', #2849, #510 ) ;
#2876 = ORIENTED_EDGE ( 'NONE', *, *, #2377, .F. ) ;
#2877 = ADVANCED_FACE ( 'NONE', ( #1164 ), #1196, .T. ) ;
#2878 = AXIS2_PLACEMENT_3D ( 'NONE', #3676, #4109, #52 ) ;
#2879 = ORIENTED_EDGE ( 'NONE', *, *, #197, .T. ) ;
#2880 = FACE_OUTER_BOUND ( 'NONE', #3004, .T. ) ;
#2881 =( NAMED_UNIT ( * ) SI_UNIT ( $, .STERADIAN. ) SOLID_ANGLE_UNIT ( ) );
#2882 = PLANE ( 'NONE',  #3777 ) ;
#2883 = DIRECTION ( 'NONE',  ( 0.7071067811865470176, 0.7071067811865480168, 0.000000000000000000 ) ) ;
#2884 = ORIENTED_EDGE ( 'NONE', *, *, #4060, .T. ) ;
#2885 = DIRECTION ( 'NONE',  ( -1.000000000000000000, 0.000000000000000000, -0.000000000000000000 ) ) ;
#2886 = LINE ( 'NONE', #3524, #2620 ) ;
#2887 = ORIENTED_EDGE ( 'NONE', *, *, #3228, .F. ) ;
#2888 = LINE ( 'NONE', #4339, #408 ) ;
#2889 = LINE ( 'NONE', #2177, #58 ) ;
#2890 =( NAMED_UNIT ( * ) SI_UNIT ( $, .STERADIAN. ) SOLID_ANGLE_UNIT ( ) );
#2891 = ADVANCED_FACE ( 'NONE', ( #1480 ), #491, .T. ) ;
#2892 = EDGE_LOOP ( 'NONE', ( #3878, #1430, #2963, #3750 ) ) ;
#2893 = ORIENTED_EDGE ( 'NONE', *, *, #4172, .F. ) ;
#2894 = DIRECTION ( 'NONE',  ( 1.000000000000000000, -0.000000000000000000, 0.000000000000000000 ) ) ;
#2895 = ADVANCED_FACE ( 'NONE', ( #1937 ), #1894, .T. ) ;
#2896 = CARTESIAN_POINT ( 'NONE',  ( 19.85000000000000142, 6.505213034913026604E-16, 6.500000000000000888 ) ) ;
#2897 = ADVANCED_FACE ( 'NONE', ( #4395 ), #2580, .T. ) ;
#2898 = DIRECTION ( 'NONE',  ( -0.7071067811865470176, 0.7071067811865480168, 0.000000000000000000 ) ) ;
#2899 = CARTESIAN_POINT ( 'NONE',  ( 30.30000000000000071, -0.4999999999999990563, 12.50000000000000000 ) ) ;
#2900 = LINE ( 'NONE', #55, #224 ) ;
#2901 = ORIENTED_EDGE ( 'NONE', *, *, #3711, .F. ) ;
#2902 = CARTESIAN_POINT ( 'NONE',  ( 4.299999999999999822, -13.19999999999999929, 10.12500000000000000 ) ) ;
#2903 = PRESENTATION_LAYER_ASSIGNMENT (  '', '', ( #3284 ) ) ;
#2904 = CARTESIAN_POINT ( 'NONE',  ( 14.80000000000000071, -4.403415736689430204, 0.000000000000000000 ) ) ;
#2905 = DIRECTION ( 'NONE',  ( -1.000000000000000000, 0.000000000000000000, -0.000000000000000000 ) ) ;
#2906 =( LENGTH_UNIT ( ) NAMED_UNIT ( * ) SI_UNIT ( .MILLI., .METRE. ) );
#2907 = VERTEX_POINT ( 'NONE', #89 ) ;
#2908 = DIRECTION ( 'NONE',  ( -0.000000000000000000, -0.000000000000000000, 1.000000000000000000 ) ) ;
#2909 = CARTESIAN_POINT ( 'NONE',  ( 2.950000000000000178, -1.800000000000000266, 5.250000000000000000 ) ) ;
#2910 = AXIS2_PLACEMENT_3D ( 'NONE', #785, #1878, #2230 ) ;
#2911 = ORIENTED_EDGE ( 'NONE', *, *, #2547, .T. ) ;
#2912 = VERTEX_POINT ( 'NONE', #1533 ) ;
#2913 = VERTEX_POINT ( 'NONE', #775 ) ;
#2914 = STYLED_ITEM ( 'NONE', ( #2182 ), #697 ) ;
#2915 = EDGE_CURVE ( 'NONE', #2822, #3110, #2216, .T. ) ;
#2916 = DIRECTION ( 'NONE',  ( -0.7071067811865465735, -0.7071067811865485719, 0.000000000000000000 ) ) ;
#2917 = LINE ( 'NONE', #1109, #892 ) ;
#2918 = VERTEX_POINT ( 'NONE', #2978 ) ;
#2919 = EDGE_CURVE ( 'NONE', #1462, #1408, #4073, .T. ) ;
#2920 = LINE ( 'NONE', #386, #684 ) ;
#2921 = FACE_OUTER_BOUND ( 'NONE', #3187, .T. ) ;
#2922 = VECTOR ( 'NONE', #2278, 1000.000000000000000 ) ;
#2923 = DIRECTION ( 'NONE',  ( 1.000000000000000000, 0.000000000000000000, 0.000000000000000000 ) ) ;
#2924 = ORIENTED_EDGE ( 'NONE', *, *, #227, .T. ) ;
#2925 = VECTOR ( 'NONE', #4102, 1000.000000000000000 ) ;
#2926 = DIRECTION ( 'NONE',  ( 0.000000000000000000, 0.000000000000000000, -1.000000000000000000 ) ) ;
#2927 = CARTESIAN_POINT ( 'NONE',  ( 10.30000000000000071, -9.199999999999999289, 10.12500000000000000 ) ) ;
#2928 = DIRECTION ( 'NONE',  ( 0.000000000000000000, 0.000000000000000000, 1.000000000000000000 ) ) ;
#2929 = VECTOR ( 'NONE', #679, 1000.000000000000000 ) ;
#2930 = VECTOR ( 'NONE', #23, 1000.000000000000000 ) ;
#2931 = ADVANCED_FACE ( 'NONE', ( #608 ), #1272, .T. ) ;
#2932 = LINE ( 'NONE', #1838, #1780 ) ;
#2933 = ORIENTED_EDGE ( 'NONE', *, *, #2993, .F. ) ;
#2934 = MECHANICAL_DESIGN_GEOMETRIC_PRESENTATION_REPRESENTATION (  '', ( #966 ), #1186 ) ;
#2935 = DIRECTION ( 'NONE',  ( 0.7071067811865484609, -0.7071067811865465735, 0.000000000000000000 ) ) ;
#2936 = CARTESIAN_POINT ( 'NONE',  ( 7.700000000000000178, -9.000000000000001776, 9.500000000000000000 ) ) ;
#2937 = ORIENTED_EDGE ( 'NONE', *, *, #1627, .T. ) ;
#2938 = VECTOR ( 'NONE', #2618, 1000.000000000000000 ) ;
#2939 = VERTEX_POINT ( 'NONE', #1584 ) ;
#2940 = ORIENTED_EDGE ( 'NONE', *, *, #3112, .F. ) ;
#2941 = DIRECTION ( 'NONE',  ( -1.000000000000000000, 0.000000000000000000, -3.041706916781250134E-16 ) ) ;
#2942 = DIRECTION ( 'NONE',  ( 1.862785797453189940E-16, -1.000000000000000000, 0.000000000000000000 ) ) ;
#2943 = ORIENTED_EDGE ( 'NONE', *, *, #1167, .T. ) ;
#2944 = DIRECTION ( 'NONE',  ( -0.000000000000000000, -0.000000000000000000, 1.000000000000000000 ) ) ;
#2945 = SURFACE_SIDE_STYLE ('',( #3761 ) ) ;
#2946 = CARTESIAN_POINT ( 'NONE',  ( 30.30000000000000071, -0.2071067811865465180, 12.67157287525381193 ) ) ;
#2947 = CARTESIAN_POINT ( 'NONE',  ( 3.799999999999999822, -13.19999999999999929, 10.24999999999999822 ) ) ;
#2948 = VECTOR ( 'NONE', #2613, 1000.000000000000000 ) ;
#2949 = ORIENTED_EDGE ( 'NONE', *, *, #4060, .F. ) ;
#2950 = EDGE_CURVE ( 'NONE', #1478, #2137, #1656, .T. ) ;
#2951 = ORIENTED_EDGE ( 'NONE', *, *, #4, .T. ) ;
#2952 = AXIS2_PLACEMENT_3D ( 'NONE', #556, #999, #2000 ) ;
#2953 = FACE_OUTER_BOUND ( 'NONE', #26, .T. ) ;
#2954 = EDGE_CURVE ( 'NONE', #3037, #717, #3456, .T. ) ;
#2955 = CARTESIAN_POINT ( 'NONE',  ( 1.734723475976876120E-17, -0.5000000000000002220, 0.5000000000000000000 ) ) ;
#2956 = DIRECTION ( 'NONE',  ( 0.000000000000000000, 0.000000000000000000, 1.000000000000000000 ) ) ;
#2957 = EDGE_CURVE ( 'NONE', #2628, #3481, #161, .T. ) ;
#2958 = ORIENTED_EDGE ( 'NONE', *, *, #2258, .F. ) ;
#2959 = ORIENTED_EDGE ( 'NONE', *, *, #293, .T. ) ;
#2960 = ORIENTED_EDGE ( 'NONE', *, *, #1213, .F. ) ;
#2961 = EDGE_CURVE ( 'NONE', #1105, #2091, #4562, .T. ) ;
#2962 = CARTESIAN_POINT ( 'NONE',  ( 30.30000000000000071, -9.199999999999999289, 0.000000000000000000 ) ) ;
#2963 = ORIENTED_EDGE ( 'NONE', *, *, #2498, .T. ) ;
#2964 = EDGE_LOOP ( 'NONE', ( #4344, #3829, #814, #2165 ) ) ;
#2965 = CARTESIAN_POINT ( 'NONE',  ( 3.299999999999999822, -9.199999999999999289, 10.12500000000000000 ) ) ;
#2966 = CYLINDRICAL_SURFACE ( 'NONE', #4523, 0.5000000000000000000 ) ;
#2967 = CARTESIAN_POINT ( 'NONE',  ( 2.950000000000000178, -5.900000000000000355, 7.750000000000000000 ) ) ;
#2968 = ORIENTED_EDGE ( 'NONE', *, *, #4049, .T. ) ;
#2969 = DIRECTION ( 'NONE',  ( -0.7071067811865480168, -0.7071067811865470176, 0.000000000000000000 ) ) ;
#2970 = CARTESIAN_POINT ( 'NONE',  ( 29.80000000000000071, -0.4999999999999988343, 13.00000000000000178 ) ) ;
#2971 = SURFACE_SIDE_STYLE ('',( #3333 ) ) ;
#2972 = VERTEX_POINT ( 'NONE', #3107 ) ;
#2973 = DIRECTION ( 'NONE',  ( -0.3826834323650898928, 0.9238795325112867385, -0.000000000000000000 ) ) ;
#2974 = LINE ( 'NONE', #2594, #3940 ) ;
#2975 = FACE_OUTER_BOUND ( 'NONE', #553, .T. ) ;
#2976 = EDGE_LOOP ( 'NONE', ( #3088, #141, #3343, #4553 ) ) ;
#2977 = ADVANCED_FACE ( 'NONE', ( #4122 ), #1676, .F. ) ;
#2978 = CARTESIAN_POINT ( 'NONE',  ( 7.700000000000000178, -0.3999999999999999667, 11.00000000000000000 ) ) ;
#2979 = DIRECTION ( 'NONE',  ( 1.000000000000000000, 1.727013593861350061E-15, 0.000000000000000000 ) ) ;
#2980 = DIRECTION ( 'NONE',  ( -0.000000000000000000, -0.000000000000000000, -1.000000000000000000 ) ) ;
#2981 = COLOUR_RGB ( '',0.9450980392156862475, 0.9215686274509803377, 0.9294117647058823817 ) ;
#2982 = EDGE_CURVE ( 'NONE', #188, #3373, #4187, .T. ) ;
#2983 = VERTEX_POINT ( 'NONE', #2765 ) ;
#2984 = VERTEX_POINT ( 'NONE', #1988 ) ;
#2985 = EDGE_CURVE ( 'NONE', #1085, #3251, #3079, .T. ) ;
#2986 = DIRECTION ( 'NONE',  ( 1.000000000000000000, -0.000000000000000000, 0.000000000000000000 ) ) ;
#2987 = FACE_OUTER_BOUND ( 'NONE', #453, .T. ) ;
#2988 = COLOUR_RGB ( '',0.9450980392156862475, 0.9215686274509803377, 0.9294117647058823817 ) ;
#2989 = PLANE ( 'NONE',  #585 ) ;
#2990 = DIRECTION ( 'NONE',  ( -0.000000000000000000, -0.000000000000000000, 1.000000000000000000 ) ) ;
#2991 = ORIENTED_EDGE ( 'NONE', *, *, #3525, .F. ) ;
#2992 =( GEOMETRIC_REPRESENTATION_CONTEXT ( 3 ) GLOBAL_UNCERTAINTY_ASSIGNED_CONTEXT ( ( #1014 ) ) GLOBAL_UNIT_ASSIGNED_CONTEXT ( ( #2616, #3796, #841 ) ) REPRESENTATION_CONTEXT ( 'NONE', 'WORKASPACE' ) );
#2993 = EDGE_CURVE ( 'NONE', #3507, #2871, #587, .T. ) ;
#2994 = CARTESIAN_POINT ( 'NONE',  ( 15.64220150327190062, -4.403415736689430204, 0.000000000000000000 ) ) ;
#2995 = PLANE ( 'NONE',  #2126 ) ;
#2996 = CARTESIAN_POINT ( 'NONE',  ( 5.799999999999999822, -9.500000000000000000, 0.000000000000000000 ) ) ;
#2997 = ORIENTED_EDGE ( 'NONE', *, *, #2469, .F. ) ;
#2998 = LINE ( 'NONE', #1158, #485 ) ;
#2999 = VECTOR ( 'NONE', #1789, 1000.000000000000000 ) ;
#3000 = PRESENTATION_STYLE_ASSIGNMENT (( #35 ) ) ;
#3001 = CARTESIAN_POINT ( 'NONE',  ( 27.69999999999999929, -9.000000000000001776, 3.500000000000000000 ) ) ;
#3002 = CIRCLE ( 'NONE', #955, 1.600000000000000755 ) ;
#3003 = EDGE_LOOP ( 'NONE', ( #3454, #3698, #1059, #1864, #508, #4077 ) ) ;
#3004 = EDGE_LOOP ( 'NONE', ( #3232, #3024, #821, #3366 ) ) ;
#3005 = CARTESIAN_POINT ( 'NONE',  ( 3.000000000000000000, 5.242422782736136281E-17, 3.500000000000000000 ) ) ;
#3006 = LINE ( 'NONE', #471, #1729 ) ;
#3007 = LINE ( 'NONE', #1145, #2853 ) ;
#3008 =( GEOMETRIC_REPRESENTATION_CONTEXT ( 3 ) GLOBAL_UNCERTAINTY_ASSIGNED_CONTEXT ( ( #3967 ) ) GLOBAL_UNIT_ASSIGNED_CONTEXT ( ( #4184, #2054, #157 ) ) REPRESENTATION_CONTEXT ( 'NONE', 'WORKASPACE' ) );
#3009 = VECTOR ( 'NONE', #1322, 1000.000000000000000 ) ;
#3010 = CARTESIAN_POINT ( 'NONE',  ( 10.00000000000000000, 3.374718024937818138E-16, 0.000000000000000000 ) ) ;
#3011 = EDGE_CURVE ( 'NONE', #3353, #3293, #2320, .T. ) ;
#3012 = ORIENTED_EDGE ( 'NONE', *, *, #322, .T. ) ;
#3013 = ORIENTED_EDGE ( 'NONE', *, *, #3112, .T. ) ;
#3014 = VECTOR ( 'NONE', #1631, 1000.000000000000000 ) ;
#3015 = DIRECTION ( 'NONE',  ( 1.000000000000000000, 0.000000000000000000, 0.000000000000000000 ) ) ;
#3016 = DIRECTION ( 'NONE',  ( 0.000000000000000000, 0.000000000000000000, 1.000000000000000000 ) ) ;
#3017 = CARTESIAN_POINT ( 'NONE',  ( 10.30000000000000071, -9.199999999999999289, 10.37499999999999822 ) ) ;
#3018 = ORIENTED_EDGE ( 'NONE', *, *, #2837, .F. ) ;
#3019 = VECTOR ( 'NONE', #1293, 1000.000000000000000 ) ;
#3020 = LINE ( 'NONE', #3043, #718 ) ;
#3021 = VECTOR ( 'NONE', #4021, 1000.000000000000000 ) ;
#3022 = PLANE ( 'NONE',  #830 ) ;
#3023 = EDGE_CURVE ( 'NONE', #2871, #3507, #3613, .T. ) ;
#3024 = ORIENTED_EDGE ( 'NONE', *, *, #351, .F. ) ;
#3025 = VECTOR ( 'NONE', #869, 1000.000000000000000 ) ;
#3026 = DIRECTION ( 'NONE',  ( 0.000000000000000000, -0.000000000000000000, -1.000000000000000000 ) ) ;
#3027 = CARTESIAN_POINT ( 'NONE',  ( 4.799999999999999822, -9.199999999999999289, 12.00000000000000000 ) ) ;
#3028 = AXIS2_PLACEMENT_3D ( 'NONE', #2188, #3611, #1857 ) ;
#3029 = CARTESIAN_POINT ( 'NONE',  ( 27.80000000000000071, -9.199999999999999289, 10.37500000000000000 ) ) ;
#3030 = FACE_OUTER_BOUND ( 'NONE', #2464, .T. ) ;
#3031 = LINE ( 'NONE', #1932, #4464 ) ;
#3032 = DIRECTION ( 'NONE',  ( -1.000000000000000000, 0.000000000000000000, -0.000000000000000000 ) ) ;
#3033 = LINE ( 'NONE', #847, #3871 ) ;
#3034 = CARTESIAN_POINT ( 'NONE',  ( 1.800000000000000266, -5.400000000000000355, 7.750000000000000000 ) ) ;
#3035 = DIRECTION ( 'NONE',  ( 0.9238795325112867385, -0.3826834323650898928, -1.099398443640889930E-27 ) ) ;
#3036 = ORIENTED_EDGE ( 'NONE', *, *, #4512, .F. ) ;
#3037 = VERTEX_POINT ( 'NONE', #1609 ) ;
#3038 = EDGE_CURVE ( 'NONE', #32, #1755, #2367, .T. ) ;
#3039 = CARTESIAN_POINT ( 'NONE',  ( 26.89999999999999858, 9.662350555611429928E-16, 9.500000000000000000 ) ) ;
#3040 = CARTESIAN_POINT ( 'NONE',  ( 19.85000000000000142, -4.500000000000000888, 6.500000000000000888 ) ) ;
#3041 =( NAMED_UNIT ( * ) SI_UNIT ( $, .STERADIAN. ) SOLID_ANGLE_UNIT ( ) );
#3042 = ORIENTED_EDGE ( 'NONE', *, *, #3587, .F. ) ;
#3043 = CARTESIAN_POINT ( 'NONE',  ( 6.799999999999999822, -12.47573593128810110, 2.625000000000000444 ) ) ;
#3044 = EDGE_CURVE ( 'NONE', #418, #2850, #3964, .T. ) ;
#3045 = EDGE_CURVE ( 'NONE', #4343, #3256, #325, .T. ) ;
#3046 = LINE ( 'NONE', #4135, #4323 ) ;
#3047 = ORIENTED_EDGE ( 'NONE', *, *, #4436, .F. ) ;
#3048 = ORIENTED_EDGE ( 'NONE', *, *, #1329, .T. ) ;
#3049 = SURFACE_SIDE_STYLE ('',( #1235 ) ) ;
#3050 = ADVANCED_FACE ( 'NONE', ( #2863 ), #3592, .F. ) ;
#3051 = LINE ( 'NONE', #3355, #4206 ) ;
#3052 = CARTESIAN_POINT ( 'NONE',  ( 26.89999999999999858, -0.3999999999999979128, 4.750000000000000000 ) ) ;
#3053 = DIRECTION ( 'NONE',  ( 0.000000000000000000, 0.000000000000000000, 1.000000000000000000 ) ) ;
#3054 = DIRECTION ( 'NONE',  ( 0.7071067811865470176, 0.7071067811865480168, 0.000000000000000000 ) ) ;
#3055 = VERTEX_POINT ( 'NONE', #3200 ) ;
#3056 = FACE_OUTER_BOUND ( 'NONE', #1392, .T. ) ;
#3057 = PLANE ( 'NONE',  #2191 ) ;
#3058 = DIRECTION ( 'NONE',  ( -1.000000000000000000, -0.000000000000000000, -0.000000000000000000 ) ) ;
#3059 = ORIENTED_EDGE ( 'NONE', *, *, #1992, .F. ) ;
#3060 = PRESENTATION_STYLE_ASSIGNMENT (( #2371 ) ) ;
#3061 = PLANE ( 'NONE',  #3394 ) ;
#3062 = ORIENTED_EDGE ( 'NONE', *, *, #3133, .T. ) ;
#3063 = ORIENTED_EDGE ( 'NONE', *, *, #2686, .F. ) ;
#3064 = CIRCLE ( 'NONE', #1697, 0.4999999999999998890 ) ;
#3065 = AXIS2_PLACEMENT_3D ( 'NONE', #3499, #2833, #274 ) ;
#3066 =( LENGTH_UNIT ( ) NAMED_UNIT ( * ) SI_UNIT ( .MILLI., .METRE. ) );
#3067 =( NAMED_UNIT ( * ) PLANE_ANGLE_UNIT ( ) SI_UNIT ( $, .RADIAN. ) );
#3068 = EDGE_LOOP ( 'NONE', ( #2008, #2198, #544, #2641 ) ) ;
#3069 = AXIS2_PLACEMENT_3D ( 'NONE', #3432, #3409, #1929 ) ;
#3070 = EDGE_CURVE ( 'NONE', #4679, #1571, #3572, .T. ) ;
#3071 = DIRECTION ( 'NONE',  ( -1.000000000000000000, 0.000000000000000000, -0.000000000000000000 ) ) ;
#3072 = FACE_OUTER_BOUND ( 'NONE', #2181, .T. ) ;
#3073 = PLANE ( 'NONE',  #2858 ) ;
#3074 =( NAMED_UNIT ( * ) SI_UNIT ( $, .STERADIAN. ) SOLID_ANGLE_UNIT ( ) );
#3075 = SURFACE_STYLE_FILL_AREA ( #207 ) ;
#3076 = VERTEX_POINT ( 'NONE', #2508 ) ;
#3077 = ORIENTED_EDGE ( 'NONE', *, *, #3533, .F. ) ;
#3078 = FACE_OUTER_BOUND ( 'NONE', #1315, .T. ) ;
#3079 = LINE ( 'NONE', #900, #2635 ) ;
#3080 = CARTESIAN_POINT ( 'NONE',  ( 7.900000000000000355, -0.2000000000000000111, 5.500000000000000000 ) ) ;
#3081 = EDGE_CURVE ( 'NONE', #2260, #3055, #277, .T. ) ;
#3082 = AXIS2_PLACEMENT_3D ( 'NONE', #4155, #3115, #4192 ) ;
#3083 = ORIENTED_EDGE ( 'NONE', *, *, #108, .T. ) ;
#3084 = VECTOR ( 'NONE', #4074, 1000.000000000000000 ) ;
#3085 = FILL_AREA_STYLE ('',( #3156 ) ) ;
#3086 = CARTESIAN_POINT ( 'NONE',  ( 25.80000000000000071, -9.500000000000000000, 1.000000000000000000 ) ) ;
#3087 = DIRECTION ( 'NONE',  ( -0.000000000000000000, 0.000000000000000000, 1.000000000000000000 ) ) ;
#3088 = ORIENTED_EDGE ( 'NONE', *, *, #317, .T. ) ;
#3089 = VECTOR ( 'NONE', #3101, 1000.000000000000000 ) ;
#3090 = EDGE_LOOP ( 'NONE', ( #766, #3047, #4310, #993 ) ) ;
#3091 = ORIENTED_EDGE ( 'NONE', *, *, #212, .F. ) ;
#3092 = PLANE ( 'NONE',  #3758 ) ;
#3093 = CARTESIAN_POINT ( 'NONE',  ( 11.30000000000000071, -9.199999999999999289, 10.12500000000000000 ) ) ;
#3094 = AXIS2_PLACEMENT_3D ( 'NONE', #2706, #2543, #4131 ) ;
#3095 = COLOUR_RGB ( '',0.9450980392156862475, 0.9215686274509803377, 0.9294117647058823817 ) ;
#3096 = EDGE_LOOP ( 'NONE', ( #4488, #3042, #398, #4265 ) ) ;
#3097 = VECTOR ( 'NONE', #4428, 1000.000000000000000 ) ;
#3098 = DIRECTION ( 'NONE',  ( 1.000000000000000000, 0.000000000000000000, -0.000000000000000000 ) ) ;
#3099 = EDGE_CURVE ( 'NONE', #4050, #1571, #1368, .T. ) ;
#3100 = LINE ( 'NONE', #3121, #1270 ) ;
#3101 = DIRECTION ( 'NONE',  ( 0.000000000000000000, 0.000000000000000000, -1.000000000000000000 ) ) ;
#3102 = SURFACE_STYLE_FILL_AREA ( #2737 ) ;
#3103 = VECTOR ( 'NONE', #515, 1000.000000000000000 ) ;
#3104 = CARTESIAN_POINT ( 'NONE',  ( 26.80000000000000071, -9.199999999999999289, 10.12500000000000000 ) ) ;
#3105 = EDGE_CURVE ( 'NONE', #1297, #2846, #4592, .T. ) ;
#3106 = ADVANCED_FACE ( 'NONE', ( #1772 ), #4644, .F. ) ;
#3107 = CARTESIAN_POINT ( 'NONE',  ( 11.19999999999999929, -9.000000000000001776, 3.500000000000000000 ) ) ;
#3108 = PLANE ( 'NONE',  #2703 ) ;
#3109 = VECTOR ( 'NONE', #4353, 1000.000000000000000 ) ;
#3110 = VERTEX_POINT ( 'NONE', #1080 ) ;
#3111 = CARTESIAN_POINT ( 'NONE',  ( 27.69999999999999929, 9.662350555611429928E-16, 2.000000000000000000 ) ) ;
#3112 = EDGE_CURVE ( 'NONE', #3801, #2972, #4244, .T. ) ;
#3113 = UNCERTAINTY_MEASURE_WITH_UNIT (LENGTH_MEASURE( 1.000000000000000082E-05 ), #497, 'distance_accuracy_value', 'NONE');
#3114 = DIRECTION ( 'NONE',  ( 3.589274842273814680E-73, -6.096928186977939822E-45, -1.000000000000000000 ) ) ;
#3115 = DIRECTION ( 'NONE',  ( 3.532213008452310018E-28, 1.000000000000000000, 4.709617344603049531E-28 ) ) ;
#3116 = CARTESIAN_POINT ( 'NONE',  ( 4.799999999999999822, -9.199999999999999289, 5.250000000000000000 ) ) ;
#3117 = EDGE_LOOP ( 'NONE', ( #3732, #1492, #3570, #4277 ) ) ;
#3118 = ORIENTED_EDGE ( 'NONE', *, *, #4228, .T. ) ;
#3119 = SURFACE_STYLE_FILL_AREA ( #1712 ) ;
#3120 = DIRECTION ( 'NONE',  ( -0.000000000000000000, -1.000000000000000000, -0.000000000000000000 ) ) ;
#3121 = CARTESIAN_POINT ( 'NONE',  ( 1.690012582823350093E-15, -9.199999999999999289, 0.000000000000000000 ) ) ;
#3122 = CARTESIAN_POINT ( 'NONE',  ( 27.80000000000000071, -13.19999999999999929, 10.12500000000000000 ) ) ;
#3123 =( NAMED_UNIT ( * ) PLANE_ANGLE_UNIT ( ) SI_UNIT ( $, .RADIAN. ) );
#3124 = DIRECTION ( 'NONE',  ( 0.000000000000000000, -1.000000000000000000, -3.000602769257179759E-16 ) ) ;
#3125 = PLANE ( 'NONE',  #809 ) ;
#3126 = EDGE_CURVE ( 'NONE', #3757, #1254, #659, .T. ) ;
#3127 = EDGE_CURVE ( 'NONE', #1462, #2822, #1383, .T. ) ;
#3128 = EDGE_LOOP ( 'NONE', ( #4118, #220, #3083, #100 ) ) ;
#3129 = LINE ( 'NONE', #1348, #3687 ) ;
#3130 = CARTESIAN_POINT ( 'NONE',  ( 1.800000000000000266, -5.899999999999999467, 5.250000000000000000 ) ) ;
#3131 = LINE ( 'NONE', #2069, #3691 ) ;
#3132 = ORIENTED_EDGE ( 'NONE', *, *, #3280, .T. ) ;
#3133 = EDGE_CURVE ( 'NONE', #951, #852, #2814, .T. ) ;
#3134 = ORIENTED_EDGE ( 'NONE', *, *, #3889, .T. ) ;
#3135 = VERTEX_POINT ( 'NONE', #990 ) ;
#3136 = VECTOR ( 'NONE', #4079, 1000.000000000000000 ) ;
#3137 = LINE ( 'NONE', #3467, #4133 ) ;
#3138 = FACE_OUTER_BOUND ( 'NONE', #2623, .T. ) ;
#3139 = SURFACE_SIDE_STYLE ('',( #242 ) ) ;
#3140 = ORIENTED_EDGE ( 'NONE', *, *, #4377, .F. ) ;
#3141 = EDGE_CURVE ( 'NONE', #972, #1170, #3177, .T. ) ;
#3142 = DIRECTION ( 'NONE',  ( -1.000000000000000000, -0.000000000000000000, 0.000000000000000000 ) ) ;
#3143 = VECTOR ( 'NONE', #3379, 1000.000000000000000 ) ;
#3144 = DIRECTION ( 'NONE',  ( 1.000000000000000000, 0.000000000000000000, -0.000000000000000000 ) ) ;
#3145 = FACE_OUTER_BOUND ( 'NONE', #1792, .T. ) ;
#3146 = CARTESIAN_POINT ( 'NONE',  ( 11.19999999999999929, 3.469446951953610738E-16, 2.000000000000000000 ) ) ;
#3147 = PLANE ( 'NONE',  #3065 ) ;
#3148 = VECTOR ( 'NONE', #3444, 1000.000000000000000 ) ;
#3149 = ORIENTED_EDGE ( 'NONE', *, *, #1686, .F. ) ;
#3150 = ORIENTED_EDGE ( 'NONE', *, *, #2689, .T. ) ;
#3151 = DIRECTION ( 'NONE',  ( 1.000000000000000000, 0.000000000000000000, 0.000000000000000000 ) ) ;
#3152 = CARTESIAN_POINT ( 'NONE',  ( 15.64220150327190062, -9.199999999999999289, 13.00000000000000178 ) ) ;
#3153 = ORIENTED_EDGE ( 'NONE', *, *, #3218, .T. ) ;
#3154 = UNCERTAINTY_MEASURE_WITH_UNIT (LENGTH_MEASURE( 1.000000000000000082E-05 ), #2118, 'distance_accuracy_value', 'NONE');
#3155 = CARTESIAN_POINT ( 'NONE',  ( 5.799999999999999822, -9.199999999999999289, 12.00000000000000000 ) ) ;
#3156 = FILL_AREA_STYLE_COLOUR ( '', #211 ) ;
#3157 = CARTESIAN_POINT ( 'NONE',  ( 14.80000000000000071, -4.500000000000000888, 13.00000000000000355 ) ) ;
#3158 = PRESENTATION_LAYER_ASSIGNMENT (  '', '', ( #3532 ) ) ;
#3159 = EDGE_CURVE ( 'NONE', #942, #2034, #4315, .T. ) ;
#3160 = CARTESIAN_POINT ( 'NONE',  ( 7.499999999999996447, -13.19999999999999751, 2.875000000000000888 ) ) ;
#3161 = VERTEX_POINT ( 'NONE', #1798 ) ;
#3162 = EDGE_LOOP ( 'NONE', ( #2451, #2248, #4111, #2064 ) ) ;
#3163 = ORIENTED_EDGE ( 'NONE', *, *, #1228, .F. ) ;
#3164 = EDGE_CURVE ( 'NONE', #441, #1810, #1011, .T. ) ;
#3165 = PRESENTATION_STYLE_ASSIGNMENT (( #4581 ) ) ;
#3166 = AXIS2_PLACEMENT_3D ( 'NONE', #1692, #1721, #4638 ) ;
#3167 = ORIENTED_EDGE ( 'NONE', *, *, #3045, .T. ) ;
#3168 = VECTOR ( 'NONE', #4634, 1000.000000000000000 ) ;
#3169 = ADVANCED_FACE ( 'NONE', ( #302 ), #2130, .F. ) ;
#3170 = FACE_OUTER_BOUND ( 'NONE', #857, .T. ) ;
#3171 = LINE ( 'NONE', #2454, #1557 ) ;
#3172 = LINE ( 'NONE', #2429, #1486 ) ;
#3173 = FACE_OUTER_BOUND ( 'NONE', #4182, .T. ) ;
#3174 = VECTOR ( 'NONE', #513, 1000.000000000000000 ) ;
#3175 = LINE ( 'NONE', #4618, #941 ) ;
#3176 = ORIENTED_EDGE ( 'NONE', *, *, #3888, .T. ) ;
#3177 = LINE ( 'NONE', #4292, #1956 ) ;
#3178 = CARTESIAN_POINT ( 'NONE',  ( 28.50000000000000000, -1.800000000000000488, 7.750000000000000000 ) ) ;
#3179 = VECTOR ( 'NONE', #4037, 1000.000000000000000 ) ;
#3180 = ORIENTED_EDGE ( 'NONE', *, *, #348, .T. ) ;
#3181 = CARTESIAN_POINT ( 'NONE',  ( 30.30000000000000426, -5.899999999999999467, 7.750000000000000000 ) ) ;
#3182 = SURFACE_STYLE_FILL_AREA ( #3556 ) ;
#3183 = SURFACE_STYLE_USAGE ( .BOTH. , #4342 ) ;
#3184 = AXIS2_PLACEMENT_3D ( 'NONE', #135, #4259, #1219 ) ;
#3185 = CARTESIAN_POINT ( 'NONE',  ( 27.80000000000000071, -9.199999999999999289, 10.12500000000000000 ) ) ;
#3186 = VERTEX_POINT ( 'NONE', #2481 ) ;
#3187 = EDGE_LOOP ( 'NONE', ( #802, #1275, #2933, #1775 ) ) ;
#3188 = PRESENTATION_LAYER_ASSIGNMENT (  '', '', ( #2572 ) ) ;
#3189 = CARTESIAN_POINT ( 'NONE',  ( 14.80000000000000071, -9.199999999999999289, 7.750000000000000000 ) ) ;
#3190 = CARTESIAN_POINT ( 'NONE',  ( 4.200000000000000178, -9.000000000000001776, 2.750000000000000000 ) ) ;
#3191 = FILL_AREA_STYLE ('',( #4205 ) ) ;
#3192 = EDGE_CURVE ( 'NONE', #1761, #43, #3943, .T. ) ;
#3193 = PLANE ( 'NONE',  #2229 ) ;
#3194 = CARTESIAN_POINT ( 'NONE',  ( 27.69999999999999929, -0.3999999999999987454, 9.500000000000000000 ) ) ;
#3195 = DIRECTION ( 'NONE',  ( -0.3826834323650898928, -0.9238795325112867385, -0.000000000000000000 ) ) ;
#3196 = CARTESIAN_POINT ( 'NONE',  ( 26.89999999999999858, 9.378163774564031914E-16, 11.00000000000000000 ) ) ;
#3197 = LINE ( 'NONE', #4289, #1090 ) ;
#3198 = EDGE_CURVE ( 'NONE', #4438, #951, #3310, .T. ) ;
#3199 = ORIENTED_EDGE ( 'NONE', *, *, #312, .F. ) ;
#3200 = CARTESIAN_POINT ( 'NONE',  ( 10.40000000000000036, -0.4000000000000001332, 2.000000000000000000 ) ) ;
#3201 = CARTESIAN_POINT ( 'NONE',  ( 6.799999999999999822, -9.199999999999999289, 2.875000000000000888 ) ) ;
#3202 = EDGE_LOOP ( 'NONE', ( #4689, #1910, #3305, #2071, #1127, #2486 ) ) ;
#3203 = DIRECTION ( 'NONE',  ( 1.000000000000000000, 1.110223024625159992E-16, 0.000000000000000000 ) ) ;
#3204 = FACE_OUTER_BOUND ( 'NONE', #3501, .T. ) ;
#3205 = CARTESIAN_POINT ( 'NONE',  ( 30.30000000000000071, -0.4999999999999995559, 0.5000000000000000000 ) ) ;
#3206 = CARTESIAN_POINT ( 'NONE',  ( 30.30000000000000071, -0.5000000000000000000, 7.750000000000000000 ) ) ;
#3207 = EDGE_LOOP ( 'NONE', ( #2796, #193, #2719, #3612, #1485, #2648 ) ) ;
#3208 = VERTEX_POINT ( 'NONE', #2955 ) ;
#3209 = DIRECTION ( 'NONE',  ( 1.000000000000000000, 0.000000000000000000, 0.000000000000000000 ) ) ;
#3210 = CARTESIAN_POINT ( 'NONE',  ( 24.80000000000000426, -9.500000000000000000, 1.000000000000000000 ) ) ;
#3211 = ORIENTED_EDGE ( 'NONE', *, *, #3477, .T. ) ;
#3212 = CARTESIAN_POINT ( 'NONE',  ( 4.599999999999999645, 1.228313794868963096E-16, 2.000000000000000000 ) ) ;
#3213 = CARTESIAN_POINT ( 'NONE',  ( 5.799999999999999822, -9.199999999999999289, 0.000000000000000000 ) ) ;
#3214 = LINE ( 'NONE', #4237, #2929 ) ;
#3215 = FACE_BOUND ( 'NONE', #1844, .T. ) ;
#3216 = ORIENTED_EDGE ( 'NONE', *, *, #3038, .F. ) ;
#3217 = AXIS2_PLACEMENT_3D ( 'NONE', #2624, #4070, #796 ) ;
#3218 = EDGE_CURVE ( 'NONE', #2913, #4103, #4095, .T. ) ;
#3219 = LINE ( 'NONE', #4312, #4124 ) ;
#3220 = ORIENTED_EDGE ( 'NONE', *, *, #2404, .F. ) ;
#3221 = AXIS2_PLACEMENT_3D ( 'NONE', #3740, #3453, #1933 ) ;
#3222 = VERTEX_POINT ( 'NONE', #4447 ) ;
#3223 = CARTESIAN_POINT ( 'NONE',  ( 11.19999999999999929, 3.800998196508910229E-16, 2.000000000000000000 ) ) ;
#3224 = DIRECTION ( 'NONE',  ( -0.7071067811865480168, -0.7071067811865470176, 0.000000000000000000 ) ) ;
#3225 = ADVANCED_FACE ( 'NONE', ( #463 ), #770, .T. ) ;
#3226 = VECTOR ( 'NONE', #3555, 1000.000000000000000 ) ;
#3227 = ORIENTED_EDGE ( 'NONE', *, *, #3105, .F. ) ;
#3228 = EDGE_CURVE ( 'NONE', #2504, #3794, #102, .T. ) ;
#3229 = SURFACE_STYLE_USAGE ( .BOTH. , #4628 ) ;
#3230 =( NAMED_UNIT ( * ) PLANE_ANGLE_UNIT ( ) SI_UNIT ( $, .RADIAN. ) );
#3231 = EDGE_LOOP ( 'NONE', ( #683, #611, #38, #1822, #1070, #1581, #1351, #2040 ) ) ;
#3232 = ORIENTED_EDGE ( 'NONE', *, *, #1001, .T. ) ;
#3233 = VECTOR ( 'NONE', #476, 1000.000000000000000 ) ;
#3234 = DIRECTION ( 'NONE',  ( 3.552334763092440048E-17, -1.000000000000000000, -0.000000000000000000 ) ) ;
#3235 = ORIENTED_EDGE ( 'NONE', *, *, #3836, .F. ) ;
#3236 = VECTOR ( 'NONE', #3058, 1000.000000000000000 ) ;
#3237 = DIRECTION ( 'NONE',  ( -0.000000000000000000, 0.000000000000000000, 1.000000000000000000 ) ) ;
#3238 = VECTOR ( 'NONE', #372, 1000.000000000000000 ) ;
#3239 = CARTESIAN_POINT ( 'NONE',  ( 0.5000000000000000000, 0.000000000000000000, 2.000000000000000000 ) ) ;
#3240 = PLANE ( 'NONE',  #3465 ) ;
#3241 = CARTESIAN_POINT ( 'NONE',  ( 24.80000000000000426, -4.500000000000000888, 13.00000000000000355 ) ) ;
#3242 = ORIENTED_EDGE ( 'NONE', *, *, #2579, .F. ) ;
#3243 = AXIS2_PLACEMENT_3D ( 'NONE', #4506, #1832, #3281 ) ;
#3244 = VECTOR ( 'NONE', #2252, 1000.000000000000000 ) ;
#3245 = VERTEX_POINT ( 'NONE', #1138 ) ;
#3246 = EDGE_CURVE ( 'NONE', #2390, #1128, #2974, .T. ) ;
#3247 = DIRECTION ( 'NONE',  ( 0.000000000000000000, 1.000000000000000000, 0.000000000000000000 ) ) ;
#3248 = DIRECTION ( 'NONE',  ( -3.552334763092440048E-17, 1.000000000000000000, 0.000000000000000000 ) ) ;
#3249 = VECTOR ( 'NONE', #666, 1000.000000000000000 ) ;
#3250 = EDGE_CURVE ( 'NONE', #1536, #2214, #3684, .T. ) ;
#3251 = VERTEX_POINT ( 'NONE', #2550 ) ;
#3252 = EDGE_CURVE ( 'NONE', #3971, #1105, #4362, .T. ) ;
#3253 = UNCERTAINTY_MEASURE_WITH_UNIT (LENGTH_MEASURE( 1.000000000000000082E-05 ), #2370, 'distance_accuracy_value', 'NONE');
#3254 = CARTESIAN_POINT ( 'NONE',  ( 27.10000000000000497, -13.19999999999999929, 2.875000000000000000 ) ) ;
#3255 = CARTESIAN_POINT ( 'NONE',  ( 27.80000000000000071, -4.500000000000000888, 5.250000000000000000 ) ) ;
#3256 = VERTEX_POINT ( 'NONE', #60 ) ;
#3257 =( GEOMETRIC_REPRESENTATION_CONTEXT ( 3 ) GLOBAL_UNCERTAINTY_ASSIGNED_CONTEXT ( ( #3113 ) ) GLOBAL_UNIT_ASSIGNED_CONTEXT ( ( #497, #1991, #3783 ) ) REPRESENTATION_CONTEXT ( 'NONE', 'WORKASPACE' ) );
#3258 = EDGE_CURVE ( 'NONE', #1147, #4370, #1097, .T. ) ;
#3259 = EDGE_LOOP ( 'NONE', ( #1199, #1971, #2695, #3036, #3176, #4375 ) ) ;
#3260 = ORIENTED_EDGE ( 'NONE', *, *, #2324, .F. ) ;
#3261 = VECTOR ( 'NONE', #1397, 1000.000000000000000 ) ;
#3262 = CARTESIAN_POINT ( 'NONE',  ( 25.80000000000000071, -9.199999999999999289, 1.000000000000000000 ) ) ;
#3263 = ORIENTED_EDGE ( 'NONE', *, *, #696, .F. ) ;
#3264 =( GEOMETRIC_REPRESENTATION_CONTEXT ( 3 ) GLOBAL_UNCERTAINTY_ASSIGNED_CONTEXT ( ( #1777 ) ) GLOBAL_UNIT_ASSIGNED_CONTEXT ( ( #1195, #4100, #2625 ) ) REPRESENTATION_CONTEXT ( 'NONE', 'WORKASPACE' ) );
#3265 = CARTESIAN_POINT ( 'NONE',  ( 25.80000000000000071, -9.500000000000000000, 13.00000000000000355 ) ) ;
#3266 = DIRECTION ( 'NONE',  ( -1.000000000000000000, 0.000000000000000000, 0.000000000000000000 ) ) ;
#3267 = SURFACE_STYLE_USAGE ( .BOTH. , #1226 ) ;
#3268 = ORIENTED_EDGE ( 'NONE', *, *, #3301, .T. ) ;
#3269 = DIRECTION ( 'NONE',  ( -0.000000000000000000, -0.000000000000000000, -1.000000000000000000 ) ) ;
#3270 = DIRECTION ( 'NONE',  ( 1.000000000000000000, 0.000000000000000000, -0.000000000000000000 ) ) ;
#3271 = PLANE ( 'NONE',  #4066 ) ;
#3272 = DIRECTION ( 'NONE',  ( -1.015711720154581529E-27, -4.207215699493335558E-28, 1.000000000000000000 ) ) ;
#3273 = ORIENTED_EDGE ( 'NONE', *, *, #4605, .F. ) ;
#3274 = LINE ( 'NONE', #1017, #4683 ) ;
#3275 = ORIENTED_EDGE ( 'NONE', *, *, #4291, .F. ) ;
#3276 = ORIENTED_EDGE ( 'NONE', *, *, #285, .T. ) ;
#3277 = CARTESIAN_POINT ( 'NONE',  ( 30.30000000000000071, -5.900000000000000355, 5.250000000000000000 ) ) ;
#3278 = FACE_OUTER_BOUND ( 'NONE', #355, .T. ) ;
#3279 = LINE ( 'NONE', #2125, #2 ) ;
#3280 = EDGE_CURVE ( 'NONE', #2159, #2081, #3639, .T. ) ;
#3281 = DIRECTION ( 'NONE',  ( -1.000000000000000000, 0.000000000000000000, 0.000000000000000000 ) ) ;
#3282 = DIRECTION ( 'NONE',  ( 1.000000000000000000, -7.064426016904629900E-28, 5.822380077303876498E-55 ) ) ;
#3283 = PRESENTATION_LAYER_ASSIGNMENT (  '', '', ( #1855 ) ) ;
#3284 = STYLED_ITEM ( 'NONE', ( #4144 ), #962 ) ;
#3285 = DIRECTION ( 'NONE',  ( -1.000000000000000000, -1.727013593861350061E-15, -0.000000000000000000 ) ) ;
#3286 = LINE ( 'NONE', #2195, #1648 ) ;
#3287 = FILL_AREA_STYLE_COLOUR ( '', #2988 ) ;
#3288 = VERTEX_POINT ( 'NONE', #3999 ) ;
#3289 = SURFACE_STYLE_FILL_AREA ( #2577 ) ;
#3290 = DIRECTION ( 'NONE',  ( 1.000000000000000000, 0.000000000000000000, 0.000000000000000000 ) ) ;
#3291 = CARTESIAN_POINT ( 'NONE',  ( 3.850000000000000089, -9.199999999999999289, 5.250000000000000000 ) ) ;
#3292 = VECTOR ( 'NONE', #2636, 1000.000000000000000 ) ;
#3293 = VERTEX_POINT ( 'NONE', #818 ) ;
#3294 = ORIENTED_EDGE ( 'NONE', *, *, #351, .T. ) ;
#3295 = ORIENTED_EDGE ( 'NONE', *, *, #4291, .T. ) ;
#3296 = COLOUR_RGB ( '',0.007843137254901960675, 0.5098039215686274161, 0.8156862745098039102 ) ;
#3297 = DIRECTION ( 'NONE',  ( 0.000000000000000000, 0.000000000000000000, -1.000000000000000000 ) ) ;
#3298 = CARTESIAN_POINT ( 'NONE',  ( 27.80000000000000071, -1.800000000000000266, 7.750000000000000000 ) ) ;
#3299 = VERTEX_POINT ( 'NONE', #2265 ) ;
#3300 = PLANE ( 'NONE',  #4282 ) ;
#3301 = EDGE_CURVE ( 'NONE', #264, #3353, #3714, .T. ) ;
#3302 = CARTESIAN_POINT ( 'NONE',  ( 11.40000000000000036, -0.2000000000000000111, 1.750000000000000000 ) ) ;
#3303 = CARTESIAN_POINT ( 'NONE',  ( 27.80000000000000071, -9.199999999999999289, 10.37500000000000000 ) ) ;
#3304 = CARTESIAN_POINT ( 'NONE',  ( 2.950000000000000178, -5.900000000000000355, 5.250000000000000000 ) ) ;
#3305 = ORIENTED_EDGE ( 'NONE', *, *, #197, .F. ) ;
#3306 = EDGE_CURVE ( 'NONE', #4185, #2586, #2194, .T. ) ;
#3307 = EDGE_LOOP ( 'NONE', ( #2306, #4242, #170, #2561 ) ) ;
#3308 = VECTOR ( 'NONE', #1457, 1000.000000000000000 ) ;
#3309 = PLANE ( 'NONE',  #1274 ) ;
#3310 = LINE ( 'NONE', #1505, #899 ) ;
#3311 = FACE_OUTER_BOUND ( 'NONE', #280, .T. ) ;
#3312 = STYLED_ITEM ( 'NONE', ( #856 ), #4515 ) ;
#3313 = VECTOR ( 'NONE', #3016, 1000.000000000000000 ) ;
#3314 = VERTEX_POINT ( 'NONE', #1118 ) ;
#3315 = VERTEX_POINT ( 'NONE', #3659 ) ;
#3316 = EDGE_LOOP ( 'NONE', ( #4643, #2790, #773, #4024, #4043, #3359 ) ) ;
#3317 = CIRCLE ( 'NONE', #3094, 0.5000000000000004441 ) ;
#3318 = VECTOR ( 'NONE', #1683, 1000.000000000000000 ) ;
#3319 = DIRECTION ( 'NONE',  ( 0.3826834323650898928, 0.9238795325112867385, 0.000000000000000000 ) ) ;
#3320 =( LENGTH_UNIT ( ) NAMED_UNIT ( * ) SI_UNIT ( .MILLI., .METRE. ) );
#3321 = LINE ( 'NONE', #1896, #4468 ) ;
#3322 = STYLED_ITEM ( 'NONE', ( #1959 ), #3386 ) ;
#3323 = ORIENTED_EDGE ( 'NONE', *, *, #2033, .F. ) ;
#3324 = VERTEX_POINT ( 'NONE', #410 ) ;
#3325 = CARTESIAN_POINT ( 'NONE',  ( 7.799999999999999822, -9.199999999999999289, 2.875000000000000888 ) ) ;
#3326 = DIRECTION ( 'NONE',  ( 0.000000000000000000, 1.000000000000000000, 0.000000000000000000 ) ) ;
#3327 = PLANE ( 'NONE',  #3840 ) ;
#3328 = AXIS2_PLACEMENT_3D ( 'NONE', #844, #3054, #918 ) ;
#3329 = ORIENTED_EDGE ( 'NONE', *, *, #1010, .T. ) ;
#3330 = EDGE_CURVE ( 'NONE', #1920, #4343, #482, .T. ) ;
#3331 = DIRECTION ( 'NONE',  ( -0.7071067811865480168, -0.7071067811865470176, 0.000000000000000000 ) ) ;
#3332 = COLOUR_RGB ( '',0.9450980392156862475, 0.9215686274509803377, 0.9294117647058823817 ) ;
#3333 = SURFACE_STYLE_FILL_AREA ( #4425 ) ;
#3334 = CIRCLE ( 'NONE', #2878, 2.800000000000000266 ) ;
#3335 = EDGE_CURVE ( 'NONE', #2757, #618, #842, .T. ) ;
#3336 = EDGE_CURVE ( 'NONE', #2984, #3076, #3473, .T. ) ;
#3337 = STYLED_ITEM ( 'NONE', ( #2588 ), #2114 ) ;
#3338 = CARTESIAN_POINT ( 'NONE',  ( 4.200000000000000178, -0.3999999999999990230, 3.500000000000000000 ) ) ;
#3339 = CARTESIAN_POINT ( 'NONE',  ( 3.000000000000000000, -9.781871818994631276E-18, 2.000000000000000000 ) ) ;
#3340 = DIRECTION ( 'NONE',  ( 0.000000000000000000, 1.000000000000000000, 0.000000000000000000 ) ) ;
#3341 = ADVANCED_FACE ( 'NONE', ( #578 ), #1626, .F. ) ;
#3342 = DIRECTION ( 'NONE',  ( 1.000000000000000000, 0.000000000000000000, -0.000000000000000000 ) ) ;
#3343 = ORIENTED_EDGE ( 'NONE', *, *, #2985, .T. ) ;
#3344 = CARTESIAN_POINT ( 'NONE',  ( 14.80000000000000071, -9.199999999999999289, 7.750000000000000000 ) ) ;
#3345 = DIRECTION ( 'NONE',  ( 1.727013593861350061E-15, -1.000000000000000000, 0.000000000000000000 ) ) ;
#3346 = EDGE_LOOP ( 'NONE', ( #4511, #714, #4290, #1510 ) ) ;
#3347 = SURFACE_STYLE_FILL_AREA ( #1108 ) ;
#3348 = CARTESIAN_POINT ( 'NONE',  ( 0.5000000000000004441, -4.403415736689430204, 0.000000000000000000 ) ) ;
#3349 = VERTEX_POINT ( 'NONE', #1930 ) ;
#3350 = DIRECTION ( 'NONE',  ( -1.000000000000000000, -0.000000000000000000, -0.000000000000000000 ) ) ;
#3351 = DIRECTION ( 'NONE',  ( 1.000000000000000000, 0.000000000000000000, -0.000000000000000000 ) ) ;
#3352 = PLANE ( 'NONE',  #3028 ) ;
#3353 = VERTEX_POINT ( 'NONE', #1985 ) ;
#3354 = DIRECTION ( 'NONE',  ( 1.000000000000000000, -0.000000000000000000, 0.000000000000000000 ) ) ;
#3355 = CARTESIAN_POINT ( 'NONE',  ( 4.799999999999999822, -9.500000000000000000, 0.000000000000000000 ) ) ;
#3356 = ADVANCED_FACE ( 'NONE', ( #4516 ), #1651, .T. ) ;
#3357 = DIRECTION ( 'NONE',  ( 0.000000000000000000, -1.000000000000000000, 0.000000000000000000 ) ) ;
#3358 = DIRECTION ( 'NONE',  ( 0.000000000000000000, 0.000000000000000000, 1.000000000000000000 ) ) ;
#3359 = ORIENTED_EDGE ( 'NONE', *, *, #3045, .F. ) ;
#3360 =( GEOMETRIC_REPRESENTATION_CONTEXT ( 3 ) GLOBAL_UNCERTAINTY_ASSIGNED_CONTEXT ( ( #4248 ) ) GLOBAL_UNIT_ASSIGNED_CONTEXT ( ( #17, #1511, #2696 ) ) REPRESENTATION_CONTEXT ( 'NONE', 'WORKASPACE' ) );
#3361 = LINE ( 'NONE', #3743, #3582 ) ;
#3362 = ADVANCED_FACE ( 'NONE', ( #4163 ), #2312, .T. ) ;
#3363 = DIRECTION ( 'NONE',  ( 4.709617344603089889E-28, 1.000000000000000000, 2.872866580207829991E-27 ) ) ;
#3364 = DIRECTION ( 'NONE',  ( 6.167905692361979821E-17, -1.000000000000000000, 2.282583637792280361E-32 ) ) ;
#3365 = CARTESIAN_POINT ( 'NONE',  ( 1.704916213874502558E-15, -9.199999999999999289, 7.750000000000000000 ) ) ;
#3366 = ORIENTED_EDGE ( 'NONE', *, *, #613, .T. ) ;
#3367 = ORIENTED_EDGE ( 'NONE', *, *, #3390, .T. ) ;
#3368 = EDGE_CURVE ( 'NONE', #3299, #106, #2028, .T. ) ;
#3369 = SURFACE_STYLE_USAGE ( .BOTH. , #1917 ) ;
#3370 = VECTOR ( 'NONE', #858, 1000.000000000000000 ) ;
#3371 = CARTESIAN_POINT ( 'NONE',  ( 3.299999999999999822, -13.19999999999999929, 10.37499999999999822 ) ) ;
#3372 = CARTESIAN_POINT ( 'NONE',  ( 10.80000000000000071, -9.000000000000001776, 2.750000000000000000 ) ) ;
#3373 = VERTEX_POINT ( 'NONE', #2667 ) ;
#3374 = CARTESIAN_POINT ( 'NONE',  ( 5.799999999999999822, -9.500000000000000000, 0.000000000000000000 ) ) ;
#3375 = DIRECTION ( 'NONE',  ( -0.7071067811865480168, 0.7071067811865470176, 0.000000000000000000 ) ) ;
#3376 = DIRECTION ( 'NONE',  ( 1.000000000000000000, -0.000000000000000000, 0.000000000000000000 ) ) ;
#3377 = ORIENTED_EDGE ( 'NONE', *, *, #2993, .T. ) ;
#3378 = PLANE ( 'NONE',  #675 ) ;
#3379 = DIRECTION ( 'NONE',  ( 0.000000000000000000, 0.000000000000000000, -1.000000000000000000 ) ) ;
#3380 = AXIS2_PLACEMENT_3D ( 'NONE', #1519, #2253, #1593 ) ;
#3381 = SURFACE_SIDE_STYLE ('',( #558 ) ) ;
#3382 = PLANE ( 'NONE',  #959 ) ;
#3383 = DIRECTION ( 'NONE',  ( -0.3826834323651046588, -0.9238795325112805212, 0.000000000000000000 ) ) ;
#3384 = VECTOR ( 'NONE', #4521, 1000.000000000000000 ) ;
#3385 = LINE ( 'NONE', #3122, #3830 ) ;
#3386 = ADVANCED_FACE ( 'NONE', ( #3072 ), #1575, .T. ) ;
#3387 = CARTESIAN_POINT ( 'NONE',  ( 4.200000000000000178, 1.314363862344200038E-16, 3.500000000000000000 ) ) ;
#3388 = CARTESIAN_POINT ( 'NONE',  ( 17.05000000000000426, -3.200000000000000178, 6.500000000000000888 ) ) ;
#3389 = VECTOR ( 'NONE', #3650, 1000.000000000000000 ) ;
#3390 = EDGE_CURVE ( 'NONE', #4303, #1891, #1603, .T. ) ;
#3391 = EDGE_CURVE ( 'NONE', #1726, #287, #3100, .T. ) ;
#3392 = ORIENTED_EDGE ( 'NONE', *, *, #603, .F. ) ;
#3393 = PRODUCT_DEFINITION_SHAPE ( 'NONE', 'NONE',  #3771 ) ;
#3394 = AXIS2_PLACEMENT_3D ( 'NONE', #1452, #2589, #11 ) ;
#3395 = VERTEX_POINT ( 'NONE', #4476 ) ;
#3396 = VECTOR ( 'NONE', #2489, 1000.000000000000000 ) ;
#3397 = LINE ( 'NONE', #1561, #2872 ) ;
#3398 = DIRECTION ( 'NONE',  ( 3.041706916781250134E-16, 0.000000000000000000, -1.000000000000000000 ) ) ;
#3399 = LINE ( 'NONE', #3754, #1641 ) ;
#3400 = LINE ( 'NONE', #3303, #2102 ) ;
#3401 = EDGE_LOOP ( 'NONE', ( #2596, #3535, #909, #213 ) ) ;
#3402 = VECTOR ( 'NONE', #708, 1000.000000000000000 ) ;
#3403 = ADVANCED_FACE ( 'NONE', ( #4114 ), #2736, .F. ) ;
#3404 = DIRECTION ( 'NONE',  ( 1.000000000000000000, 0.000000000000000000, -0.000000000000000000 ) ) ;
#3405 = DIRECTION ( 'NONE',  ( -0.3826834323651046588, -0.9238795325112805212, 0.000000000000000000 ) ) ;
#3406 = EDGE_LOOP ( 'NONE', ( #3790, #2861, #937, #96 ) ) ;
#3407 = AXIS2_PLACEMENT_3D ( 'NONE', #1380, #2411, #654 ) ;
#3408 = FACE_OUTER_BOUND ( 'NONE', #4051, .T. ) ;
#3409 = DIRECTION ( 'NONE',  ( 1.000000000000000000, -0.000000000000000000, 0.000000000000000000 ) ) ;
#3410 = DIRECTION ( 'NONE',  ( -1.000000000000000000, 0.000000000000000000, 0.000000000000000000 ) ) ;
#3411 = CARTESIAN_POINT ( 'NONE',  ( 14.80000000000000071, -4.500000000000001776, 0.000000000000000000 ) ) ;
#3412 = FILL_AREA_STYLE ('',( #1963 ) ) ;
#3413 = ORIENTED_EDGE ( 'NONE', *, *, #4173, .F. ) ;
#3414 = ORIENTED_EDGE ( 'NONE', *, *, #1009, .T. ) ;
#3415 = CARTESIAN_POINT ( 'NONE',  ( 27.10000000000000142, -13.19999999999999929, 2.625000000000000000 ) ) ;
#3416 = DIRECTION ( 'NONE',  ( -1.000000000000000000, 0.000000000000000000, 0.000000000000000000 ) ) ;
#3417 = CARTESIAN_POINT ( 'NONE',  ( 30.09289321881345103, -5.182619051292346610E-18, 0.4999999999999997780 ) ) ;
#3418 = ORIENTED_EDGE ( 'NONE', *, *, #2311, .T. ) ;
#3419 = VERTEX_POINT ( 'NONE', #318 ) ;
#3420 = CARTESIAN_POINT ( 'NONE',  ( 25.80000000000000071, -9.500000000000000000, 0.000000000000000000 ) ) ;
#3421 = PRODUCT_RELATED_PRODUCT_CATEGORY ( 'part', '', ( #1076 ) ) ;
#3422 = CARTESIAN_POINT ( 'NONE',  ( 4.299999999999999822, -12.47573593128810110, 10.37499999999999822 ) ) ;
#3423 = DIRECTION ( 'NONE',  ( -1.000000000000000000, -3.552334763092430187E-17, 0.000000000000000000 ) ) ;
#3424 = EDGE_CURVE ( 'NONE', #1783, #606, #4236, .T. ) ;
#3425 = ORIENTED_EDGE ( 'NONE', *, *, #4260, .T. ) ;
#3426 = EDGE_LOOP ( 'NONE', ( #1370, #4190, #2173, #3724 ) ) ;
#3427 = DIRECTION ( 'NONE',  ( 0.000000000000000000, 0.000000000000000000, 1.000000000000000000 ) ) ;
#3428 = FACE_OUTER_BOUND ( 'NONE', #2438, .T. ) ;
#3429 = EDGE_CURVE ( 'NONE', #2679, #3186, #296, .T. ) ;
#3430 = ORIENTED_EDGE ( 'NONE', *, *, #473, .T. ) ;
#3431 = EDGE_CURVE ( 'NONE', #1147, #1254, #244, .T. ) ;
#3432 = CARTESIAN_POINT ( 'NONE',  ( 27.69999999999999929, 9.662350555611429928E-16, 11.00000000000000000 ) ) ;
#3433 = CARTESIAN_POINT ( 'NONE',  ( 27.30000000000000071, -9.000000000000001776, 10.25000000000000000 ) ) ;
#3434 = DIRECTION ( 'NONE',  ( -0.3826834323651032155, 0.9238795325112811874, 0.000000000000000000 ) ) ;
#3435 =( LENGTH_UNIT ( ) NAMED_UNIT ( * ) SI_UNIT ( .MILLI., .METRE. ) );
#3436 = SURFACE_STYLE_USAGE ( .BOTH. , #3802 ) ;
#3437 = SURFACE_SIDE_STYLE ('',( #231 ) ) ;
#3438 = LINE ( 'NONE', #4214, #4674 ) ;
#3439 = ORIENTED_EDGE ( 'NONE', *, *, #1269, .T. ) ;
#3440 = FACE_BOUND ( 'NONE', #1156, .T. ) ;
#3441 = CARTESIAN_POINT ( 'NONE',  ( 1.011651029528140081E-15, -0.3284271247459495946, 12.79289321881319097 ) ) ;
#3442 = EDGE_LOOP ( 'NONE', ( #2753, #3413, #4160, #4098 ) ) ;
#3443 = COLOUR_RGB ( '',0.9450980392156862475, 0.9215686274509803377, 0.9294117647058823817 ) ;
#3444 = DIRECTION ( 'NONE',  ( 0.000000000000000000, 0.000000000000000000, -1.000000000000000000 ) ) ;
#3445 = FILL_AREA_STYLE_COLOUR ( '', #4624 ) ;
#3446 = ORIENTED_EDGE ( 'NONE', *, *, #120, .F. ) ;
#3447 = AXIS2_PLACEMENT_3D ( 'NONE', #2280, #505, #148 ) ;
#3448 = ADVANCED_FACE ( 'NONE', ( #983 ), #338, .T. ) ;
#3449 = EDGE_CURVE ( 'NONE', #2912, #883, #1394, .T. ) ;
#3450 =( NAMED_UNIT ( * ) SI_UNIT ( $, .STERADIAN. ) SOLID_ANGLE_UNIT ( ) );
#3451 = DIRECTION ( 'NONE',  ( 0.9238795325112867385, -0.3826834323650898928, 2.333193405476179701E-45 ) ) ;
#3452 = CARTESIAN_POINT ( 'NONE',  ( 0.5000000000000000000, 0.000000000000000000, 3.500000000000000000 ) ) ;
#3453 = DIRECTION ( 'NONE',  ( 0.9238795325112867385, -0.3826834323650898928, -7.209170122235477931E-28 ) ) ;
#3454 = ORIENTED_EDGE ( 'NONE', *, *, #490, .F. ) ;
#3455 = CARTESIAN_POINT ( 'NONE',  ( 0.5000000000000004441, -0.4999999999994252931, 13.00000000000000178 ) ) ;
#3456 = LINE ( 'NONE', #921, #3019 ) ;
#3457 = CARTESIAN_POINT ( 'NONE',  ( 1.800000000000000266, -4.900000000000000355, 5.250000000000000000 ) ) ;
#3458 = MECHANICAL_DESIGN_GEOMETRIC_PRESENTATION_REPRESENTATION (  '', ( #3532 ), #2016 ) ;
#3459 = ORIENTED_EDGE ( 'NONE', *, *, #1935, .T. ) ;
#3460 = CIRCLE ( 'NONE', #4142, 0.5000000000000000000 ) ;
#3461 = DIRECTION ( 'NONE',  ( 0.000000000000000000, -1.000000000000000000, -0.000000000000000000 ) ) ;
#3462 = FACE_OUTER_BOUND ( 'NONE', #1313, .T. ) ;
#3463 = CARTESIAN_POINT ( 'NONE',  ( 29.80000000000000426, 9.757819552369539906E-16, 12.79289321881345387 ) ) ;
#3464 = ORIENTED_EDGE ( 'NONE', *, *, #2919, .T. ) ;
#3465 = AXIS2_PLACEMENT_3D ( 'NONE', #1395, #297, #4308 ) ;
#3466 = VECTOR ( 'NONE', #2400, 1000.000000000000000 ) ;
#3467 = CARTESIAN_POINT ( 'NONE',  ( 4.799999999999999822, -9.199999999999999289, 5.250000000000000000 ) ) ;
#3468 = CARTESIAN_POINT ( 'NONE',  ( 7.799999999999999822, -12.47573593128810110, 2.875000000000000888 ) ) ;
#3469 = VECTOR ( 'NONE', #3087, 1000.000000000000000 ) ;
#3470 = AXIS2_PLACEMENT_3D ( 'NONE', #824, #2652, #4101 ) ;
#3471 = VECTOR ( 'NONE', #2053, 1000.000000000000000 ) ;
#3472 = FACE_OUTER_BOUND ( 'NONE', #649, .T. ) ;
#3473 = LINE ( 'NONE', #893, #1578 ) ;
#3474 = DIRECTION ( 'NONE',  ( 0.000000000000000000, 0.000000000000000000, 1.000000000000000000 ) ) ;
#3475 = SURFACE_STYLE_USAGE ( .BOTH. , #4478 ) ;
#3476 = VECTOR ( 'NONE', #4546, 1000.000000000000000 ) ;
#3477 = EDGE_CURVE ( 'NONE', #3135, #41, #3957, .T. ) ;
#3478 = DIRECTION ( 'NONE',  ( 1.000000000000000000, 0.000000000000000000, 2.114710523095540094E-16 ) ) ;
#3479 = ORIENTED_EDGE ( 'NONE', *, *, #2643, .T. ) ;
#3480 = VECTOR ( 'NONE', #2980, 1000.000000000000000 ) ;
#3481 = VERTEX_POINT ( 'NONE', #1361 ) ;
#3482 = CARTESIAN_POINT ( 'NONE',  ( 7.799999999999999822, -9.199999999999999289, 2.625000000000000444 ) ) ;
#3483 = EDGE_CURVE ( 'NONE', #3256, #2369, #2409, .T. ) ;
#3484 = VECTOR ( 'NONE', #98, 1000.000000000000114 ) ;
#3485 = EDGE_LOOP ( 'NONE', ( #20, #4403, #1839, #1257 ) ) ;
#3486 = CARTESIAN_POINT ( 'NONE',  ( 7.500000000000000000, -13.19999999999999929, 2.750000000000000888 ) ) ;
#3487 = UNCERTAINTY_MEASURE_WITH_UNIT (LENGTH_MEASURE( 1.000000000000000082E-05 ), #1771, 'distance_accuracy_value', 'NONE');
#3488 = CARTESIAN_POINT ( 'NONE',  ( 30.30000000000000071, -9.199999999999999289, 0.000000000000000000 ) ) ;
#3489 = ADVANCED_FACE ( 'NONE', ( #2501 ), #2809, .T. ) ;
#3490 = CARTESIAN_POINT ( 'NONE',  ( 26.89999999999999858, -9.000000000000001776, 11.00000000000000000 ) ) ;
#3491 = FACE_OUTER_BOUND ( 'NONE', #4332, .T. ) ;
#3492 = CARTESIAN_POINT ( 'NONE',  ( 9.757819552369539906E-16, -0.4999999999999999445, 12.50000000000000178 ) ) ;
#3493 = ORIENTED_EDGE ( 'NONE', *, *, #575, .T. ) ;
#3494 = DIRECTION ( 'NONE',  ( -1.862785797453189940E-16, 1.000000000000000000, -0.000000000000000000 ) ) ;
#3495 = CARTESIAN_POINT ( 'NONE',  ( 3.849999999999999201, -9.199999999999999289, 7.750000000000003553 ) ) ;
#3496 = CARTESIAN_POINT ( 'NONE',  ( 7.700000000000000178, -9.000000000000001776, 10.25000000000000000 ) ) ;
#3497 = FILL_AREA_STYLE ('',( #2029 ) ) ;
#3498 = FACE_BOUND ( 'NONE', #3996, .T. ) ;
#3499 = CARTESIAN_POINT ( 'NONE',  ( 4.799999999999999822, -9.500000000000000000, 1.000000000000000000 ) ) ;
#3500 = ORIENTED_EDGE ( 'NONE', *, *, #2003, .F. ) ;
#3501 = EDGE_LOOP ( 'NONE', ( #383, #586, #3018, #1865, #4062, #92 ) ) ;
#3502 = EDGE_CURVE ( 'NONE', #3395, #393, #1051, .T. ) ;
#3503 = CARTESIAN_POINT ( 'NONE',  ( 27.80000000000000071, -4.500000000000000888, 0.000000000000000000 ) ) ;
#3504 = DIRECTION ( 'NONE',  ( -0.000000000000000000, 0.000000000000000000, -1.000000000000000000 ) ) ;
#3505 = CARTESIAN_POINT ( 'NONE',  ( 30.30000000000000071, -0.4999999999995514699, 0.2071067811865474895 ) ) ;
#3506 = ORIENTED_EDGE ( 'NONE', *, *, #4493, .T. ) ;
#3507 = VERTEX_POINT ( 'NONE', #2854 ) ;
#3508 = EDGE_CURVE ( 'NONE', #2018, #3718, #2127, .T. ) ;
#3509 = CARTESIAN_POINT ( 'NONE',  ( 0.2071067811865477393, 3.558800206420749660E-16, 0.2071067811865473507 ) ) ;
#3510 = CARTESIAN_POINT ( 'NONE',  ( 29.80000000000000071, 9.757819552369539906E-16, 12.50000000000000000 ) ) ;
#3511 = VERTEX_POINT ( 'NONE', #4585 ) ;
#3512 = ORIENTED_EDGE ( 'NONE', *, *, #726, .F. ) ;
#3513 = ORIENTED_EDGE ( 'NONE', *, *, #5, .T. ) ;
#3514 = DIRECTION ( 'NONE',  ( 0.000000000000000000, 0.000000000000000000, 1.000000000000000000 ) ) ;
#3515 = AXIS2_PLACEMENT_3D ( 'NONE', #1582, #873, #989 ) ;
#3516 = FILL_AREA_STYLE ('',( #976 ) ) ;
#3517 = VERTEX_POINT ( 'NONE', #626 ) ;
#3518 =( GEOMETRIC_REPRESENTATION_CONTEXT ( 3 ) GLOBAL_UNCERTAINTY_ASSIGNED_CONTEXT ( ( #1300 ) ) GLOBAL_UNIT_ASSIGNED_CONTEXT ( ( #1267, #919, #4642 ) ) REPRESENTATION_CONTEXT ( 'NONE', 'WORKASPACE' ) );
#3519 = DIRECTION ( 'NONE',  ( -0.000000000000000000, -1.000000000000000000, 0.000000000000000000 ) ) ;
#3520 = CARTESIAN_POINT ( 'NONE',  ( 3.399999999999999911, -9.000000000000001776, 2.750000000000000000 ) ) ;
#3521 = DIRECTION ( 'NONE',  ( 1.000000000000000000, -0.000000000000000000, -3.469446951953610245E-16 ) ) ;
#3522 = CARTESIAN_POINT ( 'NONE',  ( 4.299999999999988276, -12.47573593128809755, 10.12500000000000000 ) ) ;
#3523 = CARTESIAN_POINT ( 'NONE',  ( 6.799999999999999822, -9.199999999999999289, 2.625000000000000444 ) ) ;
#3524 = CARTESIAN_POINT ( 'NONE',  ( 10.40000000000000213, -9.000000000000001776, 2.750000000000000000 ) ) ;
#3525 = EDGE_CURVE ( 'NONE', #1824, #503, #1336, .T. ) ;
#3526 = VERTEX_POINT ( 'NONE', #2076 ) ;
#3527 = UNCERTAINTY_MEASURE_WITH_UNIT (LENGTH_MEASURE( 1.000000000000000082E-05 ), #3435, 'distance_accuracy_value', 'NONE');
#3528 = CARTESIAN_POINT ( 'NONE',  ( 4.799999999999999822, -9.500000000000000000, 0.000000000000000000 ) ) ;
#3529 = UNCERTAINTY_MEASURE_WITH_UNIT (LENGTH_MEASURE( 1.000000000000000082E-05 ), #2705, 'distance_accuracy_value', 'NONE');
#3530 = CARTESIAN_POINT ( 'NONE',  ( 4.799999999999999822, -9.199999999999999289, 10.37499999999999822 ) ) ;
#3531 = SURFACE_SIDE_STYLE ('',( #760 ) ) ;
#3532 = STYLED_ITEM ( 'NONE', ( #2608 ), #3677 ) ;
#3533 = EDGE_CURVE ( 'NONE', #153, #4383, #4685, .T. ) ;
#3534 = CARTESIAN_POINT ( 'NONE',  ( 1.011651029528140081E-15, -0.2071067811865476005, 12.67157287525360232 ) ) ;
#3535 = ORIENTED_EDGE ( 'NONE', *, *, #4324, .T. ) ;
#3536 = EDGE_CURVE ( 'NONE', #4444, #4663, #271, .T. ) ;
#3537 = ORIENTED_EDGE ( 'NONE', *, *, #376, .F. ) ;
#3538 = ORIENTED_EDGE ( 'NONE', *, *, #2258, .T. ) ;
#3539 = DIRECTION ( 'NONE',  ( 3.041706916781250134E-16, -0.000000000000000000, 1.000000000000000000 ) ) ;
#3540 = DIRECTION ( 'NONE',  ( -0.000000000000000000, -1.000000000000000000, -0.000000000000000000 ) ) ;
#3541 = VECTOR ( 'NONE', #400, 1000.000000000000000 ) ;
#3542 = EDGE_CURVE ( 'NONE', #3824, #1047, #3171, .T. ) ;
#3543 = FACE_OUTER_BOUND ( 'NONE', #3703, .T. ) ;
#3544 = FILL_AREA_STYLE_COLOUR ( '', #2164 ) ;
#3545 = FACE_OUTER_BOUND ( 'NONE', #2726, .T. ) ;
#3546 = DIRECTION ( 'NONE',  ( 0.000000000000000000, 0.000000000000000000, -1.000000000000000000 ) ) ;
#3547 = AXIS2_PLACEMENT_3D ( 'NONE', #3029, #916, #2690 ) ;
#3548 = FACE_OUTER_BOUND ( 'NONE', #263, .T. ) ;
#3549 = ORIENTED_EDGE ( 'NONE', *, *, #3673, .F. ) ;
#3550 = VECTOR ( 'NONE', #4153, 1000.000000000000000 ) ;
#3551 = CARTESIAN_POINT ( 'NONE',  ( 29.80000000000000071, -4.403415736689430204, 13.00000000000000178 ) ) ;
#3552 = CARTESIAN_POINT ( 'NONE',  ( 18.25000000000000355, -5.000000000000000000, 6.500000000000000888 ) ) ;
#3553 = EDGE_LOOP ( 'NONE', ( #3988, #4300, #617, #2374 ) ) ;
#3554 = SURFACE_SIDE_STYLE ('',( #3289 ) ) ;
#3555 = DIRECTION ( 'NONE',  ( -0.000000000000000000, -1.000000000000000000, -0.000000000000000000 ) ) ;
#3556 = FILL_AREA_STYLE ('',( #2532 ) ) ;
#3557 = ORIENTED_EDGE ( 'NONE', *, *, #1142, .F. ) ;
#3558 = VERTEX_POINT ( 'NONE', #699 ) ;
#3559 = ORIENTED_EDGE ( 'NONE', *, *, #4299, .T. ) ;
#3560 = PRESENTATION_LAYER_ASSIGNMENT (  '', '', ( #3337 ) ) ;
#3561 = ADVANCED_FACE ( 'NONE', ( #652 ), #2099, .T. ) ;
#3562 = CARTESIAN_POINT ( 'NONE',  ( 4.799999999999998934, -9.199999999999999289, 0.000000000000000000 ) ) ;
#3563 = EDGE_LOOP ( 'NONE', ( #1611, #3392, #1997, #1366, #2246, #803, #748, #2209 ) ) ;
#3564 = EDGE_CURVE ( 'NONE', #2707, #389, #4486, .T. ) ;
#3565 = CARTESIAN_POINT ( 'NONE',  ( 27.69999999999999929, -0.3999999999999990230, 11.00000000000000000 ) ) ;
#3566 = LINE ( 'NONE', #2856, #978 ) ;
#3567 = CARTESIAN_POINT ( 'NONE',  ( 2.949999999999999734, -4.900000000000000355, 7.750000000000000000 ) ) ;
#3568 = EDGE_CURVE ( 'NONE', #717, #3913, #4130, .T. ) ;
#3569 = ORIENTED_EDGE ( 'NONE', *, *, #4414, .T. ) ;
#3570 = ORIENTED_EDGE ( 'NONE', *, *, #316, .T. ) ;
#3571 = CARTESIAN_POINT ( 'NONE',  ( 17.05000000000000426, -1.600000000000000089, 6.500000000000000888 ) ) ;
#3572 = LINE ( 'NONE', #3523, #4530 ) ;
#3573 = LINE ( 'NONE', #4336, #1260 ) ;
#3574 = ORIENTED_EDGE ( 'NONE', *, *, #3667, .T. ) ;
#3575 = DIRECTION ( 'NONE',  ( -1.000000000000000000, -3.552334763092440048E-17, 0.000000000000000000 ) ) ;
#3576 = LINE ( 'NONE', #4249, #3226 ) ;
#3577 = FACE_OUTER_BOUND ( 'NONE', #1044, .T. ) ;
#3578 = ORIENTED_EDGE ( 'NONE', *, *, #88, .F. ) ;
#3579 = ORIENTED_EDGE ( 'NONE', *, *, #979, .F. ) ;
#3580 = EDGE_LOOP ( 'NONE', ( #1084, #1341, #531, #2893 ) ) ;
#3581 = DIRECTION ( 'NONE',  ( 1.000000000000000000, 1.862785797453189940E-16, 8.173824779033239993E-33 ) ) ;
#3582 = VECTOR ( 'NONE', #109, 1000.000000000000000 ) ;
#3583 = CARTESIAN_POINT ( 'NONE',  ( 2.612927235690072588E-16, -0.5000000000000002220, 12.50000000000000000 ) ) ;
#3584 = CARTESIAN_POINT ( 'NONE',  ( 7.700000000000000178, -0.4000000000000000222, 11.00000000000000000 ) ) ;
#3585 = VERTEX_POINT ( 'NONE', #1204 ) ;
#3586 = EDGE_CURVE ( 'NONE', #4422, #2546, #881, .T. ) ;
#3587 = EDGE_CURVE ( 'NONE', #3960, #3596, #4668, .T. ) ;
#3588 = CARTESIAN_POINT ( 'NONE',  ( 30.30000000000000071, -9.199999999999999289, 2.625000000000000000 ) ) ;
#3589 = ORIENTED_EDGE ( 'NONE', *, *, #342, .T. ) ;
#3590 = AXIS2_PLACEMENT_3D ( 'NONE', #1399, #2103, #300 ) ;
#3591 =( NAMED_UNIT ( * ) SI_UNIT ( $, .STERADIAN. ) SOLID_ANGLE_UNIT ( ) );
#3592 = PLANE ( 'NONE',  #2415 ) ;
#3593 = DIRECTION ( 'NONE',  ( -0.000000000000000000, 0.000000000000000000, -1.000000000000000000 ) ) ;
#3594 = ADVANCED_FACE ( 'NONE', ( #4463 ), #3327, .T. ) ;
#3595 = VECTOR ( 'NONE', #834, 1000.000000000000000 ) ;
#3596 = VERTEX_POINT ( 'NONE', #3727 ) ;
#3597 = DIRECTION ( 'NONE',  ( 1.000000000000000000, 0.000000000000000000, 0.000000000000000000 ) ) ;
#3598 = LINE ( 'NONE', #1807, #2925 ) ;
#3599 = DIRECTION ( 'NONE',  ( -0.000000000000000000, -0.000000000000000000, -1.000000000000000000 ) ) ;
#3600 = ORIENTED_EDGE ( 'NONE', *, *, #1708, .F. ) ;
#3601 = ORIENTED_EDGE ( 'NONE', *, *, #459, .T. ) ;
#3602 = VECTOR ( 'NONE', #2585, 1000.000000000000000 ) ;
#3603 = LINE ( 'NONE', #3632, #1568 ) ;
#3604 = ORIENTED_EDGE ( 'NONE', *, *, #1774, .F. ) ;
#3605 = DIRECTION ( 'NONE',  ( 0.000000000000000000, 0.000000000000000000, 1.000000000000000000 ) ) ;
#3606 = VECTOR ( 'NONE', #957, 1000.000000000000000 ) ;
#3607 = VECTOR ( 'NONE', #2564, 1000.000000000000000 ) ;
#3608 = EDGE_CURVE ( 'NONE', #2984, #4045, #1225, .T. ) ;
#3609 = CARTESIAN_POINT ( 'NONE',  ( 3.299999999999999822, -9.199999999999999289, 10.12500000000000000 ) ) ;
#3610 = CARTESIAN_POINT ( 'NONE',  ( 0.5000000000000004441, -0.5000000000000002220, 0.5000000000000000000 ) ) ;
#3611 = DIRECTION ( 'NONE',  ( 0.7071067811865470176, 0.7071067811865480168, 0.000000000000000000 ) ) ;
#3612 = ORIENTED_EDGE ( 'NONE', *, *, #1552, .T. ) ;
#3613 = CIRCLE ( 'NONE', #2257, 1.600000000000000755 ) ;
#3614 = CARTESIAN_POINT ( 'NONE',  ( 0.5000000000000019984, -9.199999999999999289, 0.000000000000000000 ) ) ;
#3615 = ADVANCED_FACE ( 'NONE', ( #2299, #1975 ), #2677, .T. ) ;
#3616 = CARTESIAN_POINT ( 'NONE',  ( 11.19999999999999929, -9.000000000000001776, 2.000000000000000000 ) ) ;
#3617 = CARTESIAN_POINT ( 'NONE',  ( 7.700000000000000178, 2.557681029426550080E-16, 9.500000000000000000 ) ) ;
#3618 = ORIENTED_EDGE ( 'NONE', *, *, #1357, .T. ) ;
#3619 = EDGE_LOOP ( 'NONE', ( #176, #1520, #1964, #1259 ) ) ;
#3620 = VECTOR ( 'NONE', #4268, 1000.000000000000000 ) ;
#3621 = UNCERTAINTY_MEASURE_WITH_UNIT (LENGTH_MEASURE( 1.000000000000000082E-05 ), #2819, 'distance_accuracy_value', 'NONE');
#3622 = EDGE_CURVE ( 'NONE', #3208, #1500, #2326, .T. ) ;
#3623 = DIRECTION ( 'NONE',  ( 1.000000000000000000, 3.403434409185809949E-30, -3.708823658874909773E-30 ) ) ;
#3624 = CARTESIAN_POINT ( 'NONE',  ( 24.80000000000000426, -9.500000000000000000, 0.000000000000000000 ) ) ;
#3625 = ORIENTED_EDGE ( 'NONE', *, *, #548, .T. ) ;
#3626 = VECTOR ( 'NONE', #3354, 1000.000000000000000 ) ;
#3627 = VERTEX_POINT ( 'NONE', #2632 ) ;
#3628 = ORIENTED_EDGE ( 'NONE', *, *, #2061, .F. ) ;
#3629 = EDGE_CURVE ( 'NONE', #3696, #1408, #3785, .T. ) ;
#3630 = LINE ( 'NONE', #1785, #2678 ) ;
#3631 = AXIS2_PLACEMENT_3D ( 'NONE', #366, #2883, #1499 ) ;
#3632 = CARTESIAN_POINT ( 'NONE',  ( 3.115510927079897395E-16, -1.800000000000000488, 0.000000000000000000 ) ) ;
#3633 = EDGE_LOOP ( 'NONE', ( #2598, #419, #406, #1752 ) ) ;
#3634 = VECTOR ( 'NONE', #3494, 1000.000000000000000 ) ;
#3635 = PLANE ( 'NONE',  #2499 ) ;
#3636 = CARTESIAN_POINT ( 'NONE',  ( 29.80000000000000071, -0.4999999999999970024, 12.50000000000000000 ) ) ;
#3637 = ORIENTED_EDGE ( 'NONE', *, *, #1647, .F. ) ;
#3638 = CARTESIAN_POINT ( 'NONE',  ( 10.44999999999999929, -12.83786796564399957, 10.18750000000000000 ) ) ;
#3639 = LINE ( 'NONE', #3616, #973 ) ;
#3640 = CARTESIAN_POINT ( 'NONE',  ( 30.30000000000000071, -1.800000000000000266, 5.250000000000000000 ) ) ;
#3641 = VERTEX_POINT ( 'NONE', #1899 ) ;
#3642 = ADVANCED_FACE ( 'NONE', ( #95 ), #4402, .T. ) ;
#3643 = ORIENTED_EDGE ( 'NONE', *, *, #2686, .T. ) ;
#3644 = CARTESIAN_POINT ( 'NONE',  ( 27.30000000000000071, -13.19999999999999929, 10.37500000000000000 ) ) ;
#3645 = DIRECTION ( 'NONE',  ( 1.000000000000000000, 0.000000000000000000, 0.000000000000000000 ) ) ;
#3646 = EDGE_LOOP ( 'NONE', ( #2879, #2847, #2241, #3235 ) ) ;
#3647 = EDGE_CURVE ( 'NONE', #1891, #1824, #1131, .T. ) ;
#3648 = ORIENTED_EDGE ( 'NONE', *, *, #669, .T. ) ;
#3649 = LINE ( 'NONE', #421, #4119 ) ;
#3650 = DIRECTION ( 'NONE',  ( 0.000000000000000000, 1.000000000000000000, 0.000000000000000000 ) ) ;
#3651 = ORIENTED_EDGE ( 'NONE', *, *, #24, .F. ) ;
#3652 = EDGE_CURVE ( 'NONE', #1623, #3186, #3399, .T. ) ;
#3653 = CARTESIAN_POINT ( 'NONE',  ( 24.80000000000000426, -4.500000000000000888, 7.750000000000000000 ) ) ;
#3654 = CARTESIAN_POINT ( 'NONE',  ( 7.700000000000000178, 2.557681029426550080E-16, 9.500000000000000000 ) ) ;
#3655 = LINE ( 'NONE', #2590, #3179 ) ;
#3656 = ORIENTED_EDGE ( 'NONE', *, *, #4172, .T. ) ;
#3657 = CARTESIAN_POINT ( 'NONE',  ( 25.80000000000000071, -9.200000000000006395, 0.000000000000000000 ) ) ;
#3658 = VECTOR ( 'NONE', #620, 1000.000000000000000 ) ;
#3659 = CARTESIAN_POINT ( 'NONE',  ( 3.999999999999996447, -13.19999999999999751, 10.12500000000000000 ) ) ;
#3660 = PLANE ( 'NONE',  #4219 ) ;
#3661 = ORIENTED_EDGE ( 'NONE', *, *, #866, .F. ) ;
#3662 = ORIENTED_EDGE ( 'NONE', *, *, #498, .T. ) ;
#3663 = UNCERTAINTY_MEASURE_WITH_UNIT (LENGTH_MEASURE( 1.000000000000000082E-05 ), #2231, 'distance_accuracy_value', 'NONE');
#3664 = DIRECTION ( 'NONE',  ( 1.000000000000000000, 0.000000000000000000, 0.000000000000000000 ) ) ;
#3665 = CARTESIAN_POINT ( 'NONE',  ( 4.200000000000001066, -9.000000000000001776, 2.000000000000000000 ) ) ;
#3666 = VECTOR ( 'NONE', #3331, 1000.000000000000000 ) ;
#3667 = EDGE_CURVE ( 'NONE', #1871, #1297, #1874, .T. ) ;
#3668 = ORIENTED_EDGE ( 'NONE', *, *, #2412, .F. ) ;
#3669 = EDGE_LOOP ( 'NONE', ( #3418, #4216, #2296, #331, #801, #1629, #3728, #950 ) ) ;
#3670 = DIRECTION ( 'NONE',  ( 0.000000000000000000, 1.000000000000000000, 0.000000000000000000 ) ) ;
#3671 = DIRECTION ( 'NONE',  ( 0.000000000000000000, -0.000000000000000000, -1.000000000000000000 ) ) ;
#3672 = DIRECTION ( 'NONE',  ( 1.000000000000000000, 0.000000000000000000, 0.000000000000000000 ) ) ;
#3673 = EDGE_CURVE ( 'NONE', #3794, #3481, #1030, .T. ) ;
#3674 = ORIENTED_EDGE ( 'NONE', *, *, #2525, .T. ) ;
#3675 = LINE ( 'NONE', #427, #3666 ) ;
#3676 = CARTESIAN_POINT ( 'NONE',  ( 19.85000000000000142, 6.505213034913026604E-16, 6.500000000000000888 ) ) ;
#3677 = ADVANCED_FACE ( 'NONE', ( #1945 ), #4106, .F. ) ;
#3678 = AXIS2_PLACEMENT_3D ( 'NONE', #1691, #3858, #4637 ) ;
#3679 =( LENGTH_UNIT ( ) NAMED_UNIT ( * ) SI_UNIT ( .MILLI., .METRE. ) );
#3680 = VERTEX_POINT ( 'NONE', #3086 ) ;
#3681 = VECTOR ( 'NONE', #492, 1000.000000000000000 ) ;
#3682 = LINE ( 'NONE', #816, #1962 ) ;
#3683 = CARTESIAN_POINT ( 'NONE',  ( 11.59999999999999964, 2.705588592863281992E-16, 2.000000000000000000 ) ) ;
#3684 = LINE ( 'NONE', #2904, #3097 ) ;
#3685 = DIRECTION ( 'NONE',  ( 1.000000000000000000, 0.000000000000000000, -0.000000000000000000 ) ) ;
#3686 = VECTOR ( 'NONE', #2718, 1000.000000000000000 ) ;
#3687 = VECTOR ( 'NONE', #2417, 1000.000000000000000 ) ;
#3688 = SURFACE_STYLE_FILL_AREA ( #1458 ) ;
#3689 = ORIENTED_EDGE ( 'NONE', *, *, #3127, .F. ) ;
#3690 = FACE_OUTER_BOUND ( 'NONE', #2559, .T. ) ;
#3691 = VECTOR ( 'NONE', #926, 1000.000000000000000 ) ;
#3692 = CIRCLE ( 'NONE', #1877, 0.5000000000000000000 ) ;
#3693 = FILL_AREA_STYLE ('',( #1532 ) ) ;
#3694 = LINE ( 'NONE', #69, #3781 ) ;
#3695 = AXIS2_PLACEMENT_3D ( 'NONE', #4183, #2382, #4614 ) ;
#3696 = VERTEX_POINT ( 'NONE', #3157 ) ;
#3697 = EDGE_LOOP ( 'NONE', ( #3149, #4661, #3689, #1287, #2172, #1177 ) ) ;
#3698 = ORIENTED_EDGE ( 'NONE', *, *, #212, .T. ) ;
#3699 = CARTESIAN_POINT ( 'NONE',  ( 5.799999999999999822, -9.500000000000000000, 0.000000000000000000 ) ) ;
#3700 = LINE ( 'NONE', #3348, #1949 ) ;
#3701 = DIRECTION ( 'NONE',  ( -3.552334763092430187E-17, 1.000000000000000000, -8.671257605665849524E-33 ) ) ;
#3702 = COLOUR_RGB ( '',0.9450980392156862475, 0.9215686274509803377, 0.9294117647058823817 ) ;
#3703 = EDGE_LOOP ( 'NONE', ( #291, #3513, #4676, #3589 ) ) ;
#3704 = CARTESIAN_POINT ( 'NONE',  ( 27.64999999999999858, -12.83786796564399957, 2.875000000000000000 ) ) ;
#3705 = CIRCLE ( 'NONE', #3795, 0.5000000000000000000 ) ;
#3706 = ADVANCED_FACE ( 'NONE', ( #3491 ), #3848, .T. ) ;
#3707 = CARTESIAN_POINT ( 'NONE',  ( 27.80000000000000071, -12.47573593128810110, 10.12500000000000000 ) ) ;
#3708 = DIRECTION ( 'NONE',  ( 1.862785797453189940E-16, -1.000000000000000000, 0.000000000000000000 ) ) ;
#3709 = COLOUR_RGB ( '',0.9450980392156862475, 0.9215686274509803377, 0.9294117647058823817 ) ;
#3710 = ORIENTED_EDGE ( 'NONE', *, *, #3105, .T. ) ;
#3711 = EDGE_CURVE ( 'NONE', #827, #1983, #590, .T. ) ;
#3712 = DIRECTION ( 'NONE',  ( -1.000000000000000000, 0.000000000000000000, -0.000000000000000000 ) ) ;
#3713 = CARTESIAN_POINT ( 'NONE',  ( 27.69999999999999929, -0.3999999999999987454, 11.00000000000000000 ) ) ;
#3714 = LINE ( 'NONE', #371, #520 ) ;
#3715 = DIRECTION ( 'NONE',  ( 2.913927066017284795E-28, 1.206988110510400809E-28, 1.000000000000000000 ) ) ;
#3716 = EDGE_CURVE ( 'NONE', #1128, #4588, #1994, .T. ) ;
#3717 = ORIENTED_EDGE ( 'NONE', *, *, #3038, .T. ) ;
#3718 = VERTEX_POINT ( 'NONE', #2729 ) ;
#3719 = EDGE_LOOP ( 'NONE', ( #872, #413, #1473, #934 ) ) ;
#3720 = DIRECTION ( 'NONE',  ( -1.000000000000000000, 0.000000000000000000, 3.469446951953610245E-16 ) ) ;
#3721 = PRESENTATION_STYLE_ASSIGNMENT (( #3745 ) ) ;
#3722 = FILL_AREA_STYLE ('',( #4415 ) ) ;
#3723 = CARTESIAN_POINT ( 'NONE',  ( 26.80000000000000071, -9.199999999999999289, 10.37500000000000000 ) ) ;
#3724 = ORIENTED_EDGE ( 'NONE', *, *, #4640, .F. ) ;
#3725 = DIRECTION ( 'NONE',  ( -0.3826834323651046588, 0.9238795325112805212, 0.000000000000000000 ) ) ;
#3726 = CARTESIAN_POINT ( 'NONE',  ( 30.30000000000000071, -1.800000000000000266, 0.000000000000000000 ) ) ;
#3727 = CARTESIAN_POINT ( 'NONE',  ( 21.45000000000000284, -4.500000000000000888, 6.500000000000000888 ) ) ;
#3728 = ORIENTED_EDGE ( 'NONE', *, *, #1767, .T. ) ;
#3729 = DIRECTION ( 'NONE',  ( 4.505425643788087249E-49, -1.268299849045180015E-32, -1.000000000000000000 ) ) ;
#3730 = DIRECTION ( 'NONE',  ( 0.000000000000000000, -1.000000000000000000, 0.000000000000000000 ) ) ;
#3731 = CARTESIAN_POINT ( 'NONE',  ( 11.30000000000000071, -9.199999999999999289, 10.12500000000000000 ) ) ;
#3732 = ORIENTED_EDGE ( 'NONE', *, *, #1586, .T. ) ;
#3733 = EDGE_CURVE ( 'NONE', #1810, #4679, #995, .T. ) ;
#3734 = CARTESIAN_POINT ( 'NONE',  ( 11.30000000000000071, -12.47573593128810110, 10.37499999999999822 ) ) ;
#3735 = DIRECTION ( 'NONE',  ( 0.000000000000000000, 0.000000000000000000, -1.000000000000000000 ) ) ;
#3736 = DIRECTION ( 'NONE',  ( 0.000000000000000000, 0.000000000000000000, 1.000000000000000000 ) ) ;
#3737 = DIRECTION ( 'NONE',  ( 0.000000000000000000, 0.000000000000000000, -1.000000000000000000 ) ) ;
#3738 = DIRECTION ( 'NONE',  ( -5.551115123125800451E-16, 0.000000000000000000, 1.000000000000000000 ) ) ;
#3739 = EDGE_CURVE ( 'NONE', #487, #3288, #4251, .T. ) ;
#3740 = CARTESIAN_POINT ( 'NONE',  ( 7.650000000000000355, -12.83786796564399957, 2.812500000000000888 ) ) ;
#3741 = ORIENTED_EDGE ( 'NONE', *, *, #1851, .T. ) ;
#3742 = COLOUR_RGB ( '',0.007843137254901960675, 0.5098039215686274161, 0.8156862745098039102 ) ;
#3743 = CARTESIAN_POINT ( 'NONE',  ( 6.799999999999999822, -9.199999999999999289, 2.875000000000000888 ) ) ;
#3744 = ADVANCED_FACE ( 'NONE', ( #3462 ), #223, .T. ) ;
#3745 = SURFACE_STYLE_USAGE ( .BOTH. , #444 ) ;
#3746 = DIRECTION ( 'NONE',  ( -1.000000000000000000, -3.552334763092440048E-17, 0.000000000000000000 ) ) ;
#3747 = DIRECTION ( 'NONE',  ( 1.000000000000000000, 6.167905692361979821E-17, 3.700743415417190112E-16 ) ) ;
#3748 = CIRCLE ( 'NONE', #2002, 0.5000000000000000000 ) ;
#3749 = VERTEX_POINT ( 'NONE', #3130 ) ;
#3750 = ORIENTED_EDGE ( 'NONE', *, *, #1091, .F. ) ;
#3751 = DIRECTION ( 'NONE',  ( -1.000000000000000000, 0.000000000000000000, -0.000000000000000000 ) ) ;
#3752 = VECTOR ( 'NONE', #437, 1000.000000000000000 ) ;
#3753 = CARTESIAN_POINT ( 'NONE',  ( 2.950000000000000178, -1.799999999999999600, 7.750000000000000000 ) ) ;
#3754 = CARTESIAN_POINT ( 'NONE',  ( 11.30000000000000071, -9.199999999999999289, 10.37499999999999822 ) ) ;
#3755 = FACE_OUTER_BOUND ( 'NONE', #1900, .T. ) ;
#3756 = DIRECTION ( 'NONE',  ( 1.000000000000000000, 3.552334763092440048E-17, -0.000000000000000000 ) ) ;
#3757 = VERTEX_POINT ( 'NONE', #1323 ) ;
#3758 = AXIS2_PLACEMENT_3D ( 'NONE', #2775, #4532, #1284 ) ;
#3759 = MANIFOLD_SOLID_BREP ( 'Body-Move/Copy1[1]', #1314 ) ;
#3760 = CARTESIAN_POINT ( 'NONE',  ( 9.999999999999998224, 2.287023648355781819E-16, 2.000000000000000000 ) ) ;
#3761 = SURFACE_STYLE_FILL_AREA ( #2304 ) ;
#3762 = DIRECTION ( 'NONE',  ( 0.000000000000000000, 0.000000000000000000, 1.000000000000000000 ) ) ;
#3763 = VERTEX_POINT ( 'NONE', #3255 ) ;
#3764 = ADVANCED_FACE ( 'NONE', ( #2134 ), #1638, .T. ) ;
#3765 = LINE ( 'NONE', #1573, #4533 ) ;
#3766 = LINE ( 'NONE', #1524, #4285 ) ;
#3767 = CARTESIAN_POINT ( 'NONE',  ( 4.299999999999999822, -9.199999999999999289, 10.12500000000000000 ) ) ;
#3768 = FACE_OUTER_BOUND ( 'NONE', #1400, .T. ) ;
#3769 = VECTOR ( 'NONE', #965, 1000.000000000000000 ) ;
#3770 = FACE_OUTER_BOUND ( 'NONE', #1739, .T. ) ;
#3771 = PRODUCT_DEFINITION ( 'UNKNOWN', '', #2633, #1143 ) ;
#3772 = ORIENTED_EDGE ( 'NONE', *, *, #2601, .T. ) ;
#3773 = EDGE_CURVE ( 'NONE', #2196, #448, #3948, .T. ) ;
#3774 = CARTESIAN_POINT ( 'NONE',  ( 27.49999999999999645, -13.19999999999999751, 10.37500000000000000 ) ) ;
#3775 = CARTESIAN_POINT ( 'NONE',  ( 29.80000000000000071, -4.403415736689430204, 0.000000000000000000 ) ) ;
#3776 = CARTESIAN_POINT ( 'NONE',  ( 30.30000000000000426, -0.5000000000000001110, 0.4999999999999999445 ) ) ;
#3777 = AXIS2_PLACEMENT_3D ( 'NONE', #4330, #2100, #984 ) ;
#3778 = AXIS2_PLACEMENT_3D ( 'NONE', #2896, #3234, #1812 ) ;
#3779 = MANIFOLD_SOLID_BREP ( 'Split1[4]', #640 ) ;
#3780 = ORIENTED_EDGE ( 'NONE', *, *, #4545, .T. ) ;
#3781 = VECTOR ( 'NONE', #2935, 1000.000000000000000 ) ;
#3782 = EDGE_CURVE ( 'NONE', #2024, #1115, #1103, .T. ) ;
#3783 =( NAMED_UNIT ( * ) SI_UNIT ( $, .STERADIAN. ) SOLID_ANGLE_UNIT ( ) );
#3784 = FACE_OUTER_BOUND ( 'NONE', #3068, .T. ) ;
#3785 = LINE ( 'NONE', #1490, #1166 ) ;
#3786 = FACE_OUTER_BOUND ( 'NONE', #532, .T. ) ;
#3787 = ORIENTED_EDGE ( 'NONE', *, *, #2957, .T. ) ;
#3788 = AXIS2_PLACEMENT_3D ( 'NONE', #1342, #4692, #2793 ) ;
#3789 = EDGE_CURVE ( 'NONE', #4492, #418, #309, .T. ) ;
#3790 = ORIENTED_EDGE ( 'NONE', *, *, #1950, .F. ) ;
#3791 = LINE ( 'NONE', #2153, #4048 ) ;
#3792 = AXIS2_PLACEMENT_3D ( 'NONE', #1217, #1577, #181 ) ;
#3793 = LINE ( 'NONE', #3707, #1121 ) ;
#3794 = VERTEX_POINT ( 'NONE', #3205 ) ;
#3795 = AXIS2_PLACEMENT_3D ( 'NONE', #747, #3708, #1114 ) ;
#3796 =( NAMED_UNIT ( * ) PLANE_ANGLE_UNIT ( ) SI_UNIT ( $, .RADIAN. ) );
#3797 = FILL_AREA_STYLE_COLOUR ( '', #290 ) ;
#3798 = SURFACE_STYLE_USAGE ( .BOTH. , #894 ) ;
#3799 = CARTESIAN_POINT ( 'NONE',  ( 24.80000000000000426, -4.500000000000000888, 7.750000000000000000 ) ) ;
#3800 = ORIENTED_EDGE ( 'NONE', *, *, #4178, .T. ) ;
#3801 = VERTEX_POINT ( 'NONE', #4673 ) ;
#3802 = SURFACE_SIDE_STYLE ('',( #898 ) ) ;
#3803 = CARTESIAN_POINT ( 'NONE',  ( 19.85000000000000142, -3.200000000000000178, 6.500000000000000888 ) ) ;
#3804 = CARTESIAN_POINT ( 'NONE',  ( 18.25000000000000355, -4.500000000000000888, 6.500000000000000888 ) ) ;
#3805 = EDGE_CURVE ( 'NONE', #2972, #2159, #1414, .T. ) ;
#3806 = ORIENTED_EDGE ( 'NONE', *, *, #317, .F. ) ;
#3807 = CARTESIAN_POINT ( 'NONE',  ( 3.299999999999999822, -9.199999999999999289, 10.37499999999999822 ) ) ;
#3808 = CARTESIAN_POINT ( 'NONE',  ( 0.5000000000000004441, 7.780404726986660706E-17, 0.5000000000000000000 ) ) ;
#3809 = EDGE_CURVE ( 'NONE', #1021, #4365, #3598, .T. ) ;
#3810 = CARTESIAN_POINT ( 'NONE',  ( 30.30000000000000071, -0.5000000000000000000, 0.5000000000000000000 ) ) ;
#3811 = ORIENTED_EDGE ( 'NONE', *, *, #293, .F. ) ;
#3812 = EDGE_CURVE ( 'NONE', #1824, #3585, #70, .T. ) ;
#3813 = CARTESIAN_POINT ( 'NONE',  ( 10.19999999999999929, -0.2000000000000000111, 3.500000000000000000 ) ) ;
#3814 = DIRECTION ( 'NONE',  ( -1.000000000000000000, 0.000000000000000000, 0.000000000000000000 ) ) ;
#3815 = ADVANCED_FACE ( 'NONE', ( #2673 ), #417, .F. ) ;
#3816 = ORIENTED_EDGE ( 'NONE', *, *, #4092, .T. ) ;
#3817 = ORIENTED_EDGE ( 'NONE', *, *, #1068, .F. ) ;
#3818 = SURFACE_STYLE_FILL_AREA ( #2408 ) ;
#3819 = DIRECTION ( 'NONE',  ( -3.552334763092440048E-17, 1.000000000000000000, -1.268299849045180015E-32 ) ) ;
#3820 = CARTESIAN_POINT ( 'NONE',  ( 6.900000000000000355, -9.000000000000001776, 11.00000000000000000 ) ) ;
#3821 = PLANE ( 'NONE',  #3792 ) ;
#3822 = ORIENTED_EDGE ( 'NONE', *, *, #3856, .F. ) ;
#3823 = CARTESIAN_POINT ( 'NONE',  ( 30.09289321881345103, -0.4999999999992341126, 1.793453714559299607E-17 ) ) ;
#3824 = VERTEX_POINT ( 'NONE', #396 ) ;
#3825 = EDGE_CURVE ( 'NONE', #1128, #4492, #2244, .T. ) ;
#3826 = DIRECTION ( 'NONE',  ( 0.000000000000000000, 8.241830353055389144E-28, 1.000000000000000000 ) ) ;
#3827 = CARTESIAN_POINT ( 'NONE',  ( 26.80000000000001137, -12.47573593128809755, 10.12500000000000000 ) ) ;
#3828 = ORIENTED_EDGE ( 'NONE', *, *, #870, .T. ) ;
#3829 = ORIENTED_EDGE ( 'NONE', *, *, #1291, .T. ) ;
#3830 = VECTOR ( 'NONE', #3032, 1000.000000000000000 ) ;
#3831 = FACE_OUTER_BOUND ( 'NONE', #3485, .T. ) ;
#3832 = EDGE_CURVE ( 'NONE', #2369, #1920, #4123, .T. ) ;
#3833 = DIRECTION ( 'NONE',  ( 0.000000000000000000, 0.000000000000000000, 1.000000000000000000 ) ) ;
#3834 = EDGE_LOOP ( 'NONE', ( #1553, #2566, #1634, #4014 ) ) ;
#3835 = VECTOR ( 'NONE', #282, 999.9999999999998863 ) ;
#3836 = EDGE_CURVE ( 'NONE', #3076, #606, #3007, .T. ) ;
#3837 = SURFACE_STYLE_USAGE ( .BOTH. , #1376 ) ;
#3838 = DIRECTION ( 'NONE',  ( 1.000000000000000000, 0.000000000000000000, 5.551115123125800451E-16 ) ) ;
#3839 = EDGE_CURVE ( 'NONE', #2846, #2373, #2293, .T. ) ;
#3840 = AXIS2_PLACEMENT_3D ( 'NONE', #3372, #3701, #3423 ) ;
#3841 = ORIENTED_EDGE ( 'NONE', *, *, #88, .T. ) ;
#3842 = CARTESIAN_POINT ( 'NONE',  ( 24.80000000000000426, -4.500000000000000888, 0.000000000000000000 ) ) ;
#3843 = DIRECTION ( 'NONE',  ( 0.000000000000000000, -1.000000000000000000, -0.000000000000000000 ) ) ;
#3844 = AXIS2_PLACEMENT_3D ( 'NONE', #1481, #3747, #776 ) ;
#3845 = ORIENTED_EDGE ( 'NONE', *, *, #3997, .T. ) ;
#3846 = DIRECTION ( 'NONE',  ( 0.000000000000000000, 0.000000000000000000, 1.000000000000000000 ) ) ;
#3847 = CARTESIAN_POINT ( 'NONE',  ( 27.69999999999999929, -9.000000000000001776, 11.00000000000000000 ) ) ;
#3848 = PLANE ( 'NONE',  #1477 ) ;
#3849 = VECTOR ( 'NONE', #908, 1000.000000000000000 ) ;
#3850 = VECTOR ( 'NONE', #2050, 1000.000000000000000 ) ;
#3851 = ORIENTED_EDGE ( 'NONE', *, *, #835, .F. ) ;
#3852 =( NAMED_UNIT ( * ) PLANE_ANGLE_UNIT ( ) SI_UNIT ( $, .RADIAN. ) );
#3853 = SURFACE_STYLE_FILL_AREA ( #3191 ) ;
#3854 = CARTESIAN_POINT ( 'NONE',  ( 14.80000000000000071, -9.199999999999999289, 13.00000000000000355 ) ) ;
#3855 = VERTEX_POINT ( 'NONE', #3388 ) ;
#3856 = EDGE_CURVE ( 'NONE', #494, #1852, #1221, .T. ) ;
#3857 = VECTOR ( 'NONE', #4387, 1000.000000000000000 ) ;
#3858 = DIRECTION ( 'NONE',  ( 0.000000000000000000, 0.000000000000000000, 1.000000000000000000 ) ) ;
#3859 = CARTESIAN_POINT ( 'NONE',  ( 24.80000000000000426, -4.500000000000000888, 0.000000000000000000 ) ) ;
#3860 = CARTESIAN_POINT ( 'NONE',  ( 3.600000000000003197, -13.19999999999999751, 10.12500000000000000 ) ) ;
#3861 = MECHANICAL_DESIGN_GEOMETRIC_PRESENTATION_REPRESENTATION (  '', ( #1580 ), #3257 ) ;
#3862 = ADVANCED_FACE ( 'NONE', ( #138 ), #1197, .T. ) ;
#3863 = EDGE_CURVE ( 'NONE', #1198, #478, #2653, .T. ) ;
#3864 = DIRECTION ( 'NONE',  ( -1.000000000000000000, -1.727013593861350061E-15, -0.000000000000000000 ) ) ;
#3865 = VERTEX_POINT ( 'NONE', #3665 ) ;
#3866 = VECTOR ( 'NONE', #3599, 1000.000000000000000 ) ;
#3867 = ORIENTED_EDGE ( 'NONE', *, *, #778, .T. ) ;
#3868 = CARTESIAN_POINT ( 'NONE',  ( 29.80000000000000071, 1.040834085586085046E-15, 0.000000000000000000 ) ) ;
#3869 = LINE ( 'NONE', #2063, #3236 ) ;
#3870 = ADVANCED_FACE ( 'NONE', ( #798, #1513 ), #445, .T. ) ;
#3871 = VECTOR ( 'NONE', #2651, 1000.000000000000000 ) ;
#3872 = ORIENTED_EDGE ( 'NONE', *, *, #1296, .T. ) ;
#3873 = SURFACE_STYLE_USAGE ( .BOTH. , #4600 ) ;
#3874 = DIRECTION ( 'NONE',  ( -0.7071067811865480168, -0.7071067811865470176, 0.000000000000000000 ) ) ;
#3875 = CARTESIAN_POINT ( 'NONE',  ( 14.80000000000000071, -9.199999999999999289, 0.000000000000000000 ) ) ;
#3876 = EDGE_LOOP ( 'NONE', ( #4590, #1846, #2343, #233 ) ) ;
#3877 = ORIENTED_EDGE ( 'NONE', *, *, #667, .T. ) ;
#3878 = ORIENTED_EDGE ( 'NONE', *, *, #2722, .F. ) ;
#3879 = CARTESIAN_POINT ( 'NONE',  ( 6.900000000000000355, -0.4000000000000000777, 9.500000000000000000 ) ) ;
#3880 = DIRECTION ( 'NONE',  ( 0.000000000000000000, 0.000000000000000000, -1.000000000000000000 ) ) ;
#3881 =( NAMED_UNIT ( * ) SI_UNIT ( $, .STERADIAN. ) SOLID_ANGLE_UNIT ( ) );
#3882 = EDGE_CURVE ( 'NONE', #1170, #3913, #1165, .T. ) ;
#3883 = DIRECTION ( 'NONE',  ( -0.000000000000000000, -0.000000000000000000, 1.000000000000000000 ) ) ;
#3884 =( NAMED_UNIT ( * ) SI_UNIT ( $, .STERADIAN. ) SOLID_ANGLE_UNIT ( ) );
#3885 = LINE ( 'NONE', #628, #2264 ) ;
#3886 = DIRECTION ( 'NONE',  ( 0.000000000000000000, 0.000000000000000000, -1.000000000000000000 ) ) ;
#3887 = ORIENTED_EDGE ( 'NONE', *, *, #2060, .T. ) ;
#3888 = EDGE_CURVE ( 'NONE', #828, #3925, #2272, .T. ) ;
#3889 = EDGE_CURVE ( 'NONE', #967, #4576, #2321, .T. ) ;
#3890 = DIRECTION ( 'NONE',  ( 0.000000000000000000, -1.000000000000000000, 0.000000000000000000 ) ) ;
#3891 = DIRECTION ( 'NONE',  ( -0.7071067811865482389, 0.7071067811865469066, 0.000000000000000000 ) ) ;
#3892 = ORIENTED_EDGE ( 'NONE', *, *, #1010, .F. ) ;
#3893 = CARTESIAN_POINT ( 'NONE',  ( 6.500000000000000888, 7.158093310707946031E-17, 11.00000000000000000 ) ) ;
#3894 = CARTESIAN_POINT ( 'NONE',  ( 11.29999999999999005, -12.47573593128809755, 10.37499999999999822 ) ) ;
#3895 = FILL_AREA_STYLE ('',( #2771 ) ) ;
#3896 = CARTESIAN_POINT ( 'NONE',  ( 14.80000000000000071, -4.500000000000000888, 5.250000000000000000 ) ) ;
#3897 = ORIENTED_EDGE ( 'NONE', *, *, #1382, .F. ) ;
#3898 = ORIENTED_EDGE ( 'NONE', *, *, #557, .T. ) ;
#3899 = COLOUR_RGB ( '',0.9450980392156862475, 0.9215686274509803377, 0.9294117647058823817 ) ;
#3900 = SURFACE_STYLE_USAGE ( .BOTH. , #912 ) ;
#3901 = FACE_OUTER_BOUND ( 'NONE', #1192, .T. ) ;
#3902 = EDGE_LOOP ( 'NONE', ( #4333, #15, #3872, #3787 ) ) ;
#3903 = VECTOR ( 'NONE', #3725, 1000.000000000000227 ) ;
#3904 = AXIS2_PLACEMENT_3D ( 'NONE', #2365, #132, #3478 ) ;
#3905 = CARTESIAN_POINT ( 'NONE',  ( 26.89999999999999858, 9.378163774564031914E-16, 3.500000000000000000 ) ) ;
#3906 = DIRECTION ( 'NONE',  ( -0.3826834323651046588, 0.9238795325112805212, 0.000000000000000000 ) ) ;
#3907 = VECTOR ( 'NONE', #994, 1000.000000000000000 ) ;
#3908 = DIRECTION ( 'NONE',  ( 0.3826834323651032155, -0.9238795325112811874, 0.000000000000000000 ) ) ;
#3909 = DIRECTION ( 'NONE',  ( 0.000000000000000000, -0.000000000000000000, 1.000000000000000000 ) ) ;
#3910 = CARTESIAN_POINT ( 'NONE',  ( 6.900000000000000355, 2.273494248379159954E-16, 9.500000000000000000 ) ) ;
#3911 = DIRECTION ( 'NONE',  ( 0.000000000000000000, 0.000000000000000000, -1.000000000000000000 ) ) ;
#3912 = AXIS2_PLACEMENT_3D ( 'NONE', #4255, #2825, #692 ) ;
#3913 = VERTEX_POINT ( 'NONE', #922 ) ;
#3914 = CARTESIAN_POINT ( 'NONE',  ( 30.30000000000000071, -4.900000000000001243, 0.000000000000000000 ) ) ;
#3915 = DIRECTION ( 'NONE',  ( 0.000000000000000000, -1.000000000000000000, -3.000602769257179759E-16 ) ) ;
#3916 = CARTESIAN_POINT ( 'NONE',  ( 27.80000000000000071, -9.199999999999999289, 5.250000000000000000 ) ) ;
#3917 = ORIENTED_EDGE ( 'NONE', *, *, #4049, .F. ) ;
#3918 = CARTESIAN_POINT ( 'NONE',  ( 7.700000000000000178, -0.4000000000000000222, 11.00000000000000000 ) ) ;
#3919 = UNCERTAINTY_MEASURE_WITH_UNIT (LENGTH_MEASURE( 1.000000000000000082E-05 ), #4606, 'distance_accuracy_value', 'NONE');
#3920 = FILL_AREA_STYLE ('',( #2466 ) ) ;
#3921 = PRESENTATION_LAYER_ASSIGNMENT (  '', '', ( #44 ) ) ;
#3922 = ORIENTED_EDGE ( 'NONE', *, *, #2469, .T. ) ;
#3923 = ADVANCED_FACE ( 'NONE', ( #186 ), #1805, .T. ) ;
#3924 = EDGE_CURVE ( 'NONE', #32, #218, #876, .T. ) ;
#3925 = VERTEX_POINT ( 'NONE', #522 ) ;
#3926 = VECTOR ( 'NONE', #2482, 1000.000000000000000 ) ;
#3927 = DIRECTION ( 'NONE',  ( -1.665101180581309729E-28, 6.897074917202370093E-29, -1.000000000000000000 ) ) ;
#3928 = LINE ( 'NONE', #4013, #739 ) ;
#3929 = VECTOR ( 'NONE', #3593, 1000.000000000000000 ) ;
#3930 = ORIENTED_EDGE ( 'NONE', *, *, #1559, .T. ) ;
#3931 = PRESENTATION_LAYER_ASSIGNMENT (  '', '', ( #77 ) ) ;
#3932 = EDGE_CURVE ( 'NONE', #442, #942, #2347, .T. ) ;
#3933 = AXIS2_PLACEMENT_3D ( 'NONE', #1350, #2801, #2730 ) ;
#3934 = MECHANICAL_DESIGN_GEOMETRIC_PRESENTATION_REPRESENTATION (  '', ( #4226 ), #896 ) ;
#3935 = SURFACE_STYLE_FILL_AREA ( #2473 ) ;
#3936 = LINE ( 'NONE', #402, #4536 ) ;
#3937 = CARTESIAN_POINT ( 'NONE',  ( 11.30000000000000071, -9.199999999999999289, 10.37499999999999822 ) ) ;
#3938 = CARTESIAN_POINT ( 'NONE',  ( 28.50000000000000000, -4.900000000000000355, 5.250000000000000000 ) ) ;
#3939 = FACE_OUTER_BOUND ( 'NONE', #3902, .T. ) ;
#3940 = VECTOR ( 'NONE', #1550, 1000.000000000000000 ) ;
#3941 = ORIENTED_EDGE ( 'NONE', *, *, #2033, .T. ) ;
#3942 = CIRCLE ( 'NONE', #2565, 0.5000000000000000000 ) ;
#3943 = LINE ( 'NONE', #685, #2560 ) ;
#3944 = DIRECTION ( 'NONE',  ( 0.000000000000000000, 0.000000000000000000, -1.000000000000000000 ) ) ;
#3945 = PRESENTATION_LAYER_ASSIGNMENT (  '', '', ( #826 ) ) ;
#3946 = ORIENTED_EDGE ( 'NONE', *, *, #1009, .F. ) ;
#3947 = CARTESIAN_POINT ( 'NONE',  ( 4.299999999999999822, -9.199999999999999289, 10.12500000000000000 ) ) ;
#3948 = LINE ( 'NONE', #690, #1172 ) ;
#3949 = EDGE_CURVE ( 'NONE', #838, #4103, #3869, .T. ) ;
#3950 = LINE ( 'NONE', #4028, #3866 ) ;
#3951 = EDGE_LOOP ( 'NONE', ( #3887, #593, #3227, #645 ) ) ;
#3952 = CARTESIAN_POINT ( 'NONE',  ( 30.30000000000000071, -4.900000000000000355, 7.749999999999999112 ) ) ;
#3953 = ADVANCED_FACE ( 'NONE', ( #4502, #1677 ), #3125, .T. ) ;
#3954 = DIRECTION ( 'NONE',  ( -1.000000000000000000, -0.000000000000000000, 0.000000000000000000 ) ) ;
#3955 = ADVANCED_FACE ( 'NONE', ( #2724 ), #546, .T. ) ;
#3956 = DIRECTION ( 'NONE',  ( 0.000000000000000000, 0.000000000000000000, -1.000000000000000000 ) ) ;
#3957 = LINE ( 'NONE', #3239, #3471 ) ;
#3958 = FACE_OUTER_BOUND ( 'NONE', #3619, .T. ) ;
#3959 = PLANE ( 'NONE',  #4087 ) ;
#3960 = VERTEX_POINT ( 'NONE', #3804 ) ;
#3961 = LINE ( 'NONE', #3588, #1625 ) ;
#3962 = EDGE_LOOP ( 'NONE', ( #963, #623, #757, #1055 ) ) ;
#3963 = DIRECTION ( 'NONE',  ( -6.167905692361979821E-17, 1.000000000000000000, -0.000000000000000000 ) ) ;
#3964 = LINE ( 'NONE', #2082, #4609 ) ;
#3965 = CARTESIAN_POINT ( 'NONE',  ( 5.799999999999999822, -4.403415736689430204, 0.000000000000000000 ) ) ;
#3966 = ORIENTED_EDGE ( 'NONE', *, *, #2669, .T. ) ;
#3967 = UNCERTAINTY_MEASURE_WITH_UNIT (LENGTH_MEASURE( 1.000000000000000082E-05 ), #4184, 'distance_accuracy_value', 'NONE');
#3968 = FACE_OUTER_BOUND ( 'NONE', #3426, .T. ) ;
#3969 = CARTESIAN_POINT ( 'NONE',  ( 3.850000000000000089, -9.199999999999999289, 0.000000000000000000 ) ) ;
#3970 = DIRECTION ( 'NONE',  ( -0.000000000000000000, 1.000000000000000000, 0.000000000000000000 ) ) ;
#3971 = VERTEX_POINT ( 'NONE', #3457 ) ;
#3972 = ORIENTED_EDGE ( 'NONE', *, *, #4351, .F. ) ;
#3973 = FACE_OUTER_BOUND ( 'NONE', #3563, .T. ) ;
#3974 = EDGE_CURVE ( 'NONE', #4560, #3353, #3460, .T. ) ;
#3975 = AXIS2_PLACEMENT_3D ( 'NONE', #2215, #2270, #3720 ) ;
#3976 = EDGE_CURVE ( 'NONE', #1730, #276, #2794, .T. ) ;
#3977 = CARTESIAN_POINT ( 'NONE',  ( 24.80000000000000426, -9.200000000000008171, 5.250000000000000000 ) ) ;
#3978 = ORIENTED_EDGE ( 'NONE', *, *, #316, .F. ) ;
#3979 = STYLED_ITEM ( 'NONE', ( #86 ), #19 ) ;
#3980 = MECHANICAL_DESIGN_GEOMETRIC_PRESENTATION_REPRESENTATION (  '', ( #112 ), #2992 ) ;
#3981 = SURFACE_SIDE_STYLE ('',( #707 ) ) ;
#3982 = CARTESIAN_POINT ( 'NONE',  ( 10.40000000000000213, -9.000000000000001776, 3.500000000000000000 ) ) ;
#3983 = CARTESIAN_POINT ( 'NONE',  ( 27.69999999999999929, -0.3999999999999987454, 2.000000000000000000 ) ) ;
#3984 = MECHANICAL_DESIGN_GEOMETRIC_PRESENTATION_REPRESENTATION (  '', ( #1926 ), #1248 ) ;
#3985 = EDGE_CURVE ( 'NONE', #1871, #3186, #3438, .T. ) ;
#3986 = ORIENTED_EDGE ( 'NONE', *, *, #3250, .T. ) ;
#3987 = ORIENTED_EDGE ( 'NONE', *, *, #3164, .T. ) ;
#3988 = ORIENTED_EDGE ( 'NONE', *, *, #4542, .F. ) ;
#3989 = VECTOR ( 'NONE', #3519, 1000.000000000000000 ) ;
#3990 = SURFACE_STYLE_USAGE ( .BOTH. , #1024 ) ;
#3991 = DIRECTION ( 'NONE',  ( 0.000000000000000000, 0.000000000000000000, 1.000000000000000000 ) ) ;
#3992 = PLANE ( 'NONE',  #226 ) ;
#3993 = VECTOR ( 'NONE', #1130, 1000.000000000000000 ) ;
#3994 = CARTESIAN_POINT ( 'NONE',  ( 30.30000000000000071, -0.4999999999999987232, 12.50000000000000000 ) ) ;
#3995 = DIRECTION ( 'NONE',  ( -0.000000000000000000, -0.000000000000000000, -1.000000000000000000 ) ) ;
#3996 = EDGE_LOOP ( 'NONE', ( #2361, #2951, #1589, #496 ) ) ;
#3997 = EDGE_CURVE ( 'NONE', #16, #3349, #584, .T. ) ;
#3998 = MECHANICAL_DESIGN_GEOMETRIC_PRESENTATION_REPRESENTATION (  '', ( #434 ), #815 ) ;
#3999 = CARTESIAN_POINT ( 'NONE',  ( 11.59999999999999964, 1.912765754233258846E-16, 3.500000000000000000 ) ) ;
#4000 = CARTESIAN_POINT ( 'NONE',  ( 2.949999999999999734, -9.199999999999999289, 7.750000000000000000 ) ) ;
#4001 = ORIENTED_EDGE ( 'NONE', *, *, #839, .T. ) ;
#4002 = ORIENTED_EDGE ( 'NONE', *, *, #1140, .F. ) ;
#4003 = VECTOR ( 'NONE', #4093, 1000.000000000000000 ) ;
#4004 = UNCERTAINTY_MEASURE_WITH_UNIT (LENGTH_MEASURE( 1.000000000000000082E-05 ), #648, 'distance_accuracy_value', 'NONE');
#4005 = ADVANCED_FACE ( 'NONE', ( #2742 ), #3108, .T. ) ;
#4006 = DIRECTION ( 'NONE',  ( -0.000000000000000000, -1.000000000000000000, -0.000000000000000000 ) ) ;
#4007 = FILL_AREA_STYLE ('',( #1018 ) ) ;
#4008 = APPLICATION_PROTOCOL_DEFINITION ( 'draft international standard', 'automotive_design', 1998, #1517 ) ;
#4009 = ORIENTED_EDGE ( 'NONE', *, *, #1125, .T. ) ;
#4010 =( GEOMETRIC_REPRESENTATION_CONTEXT ( 3 ) GLOBAL_UNCERTAINTY_ASSIGNED_CONTEXT ( ( #2768 ) ) GLOBAL_UNIT_ASSIGNED_CONTEXT ( ( #3679, #80, #1453 ) ) REPRESENTATION_CONTEXT ( 'NONE', 'WORKASPACE' ) );
#4011 = ORIENTED_EDGE ( 'NONE', *, *, #4324, .F. ) ;
#4012 =( NAMED_UNIT ( * ) SI_UNIT ( $, .STERADIAN. ) SOLID_ANGLE_UNIT ( ) );
#4013 = CARTESIAN_POINT ( 'NONE',  ( 15.64220150327190062, -9.500000000000000000, 0.000000000000000000 ) ) ;
#4014 = ORIENTED_EDGE ( 'NONE', *, *, #3888, .F. ) ;
#4015 = LINE ( 'NONE', #1788, #73 ) ;
#4016 = CYLINDRICAL_SURFACE ( 'NONE', #3243, 1.600000000000000755 ) ;
#4017 = FACE_OUTER_BOUND ( 'NONE', #425, .T. ) ;
#4018 = ORIENTED_EDGE ( 'NONE', *, *, #3044, .F. ) ;
#4019 = ADVANCED_FACE ( 'NONE', ( #2389 ), #14, .T. ) ;
#4020 = DIRECTION ( 'NONE',  ( -0.000000000000000000, -0.000000000000000000, -1.000000000000000000 ) ) ;
#4021 = DIRECTION ( 'NONE',  ( -0.000000000000000000, -0.000000000000000000, -1.000000000000000000 ) ) ;
#4022 = CARTESIAN_POINT ( 'NONE',  ( 26.80000000000000071, -9.199999999999999289, 10.12500000000000000 ) ) ;
#4023 = EDGE_CURVE ( 'NONE', #3055, #323, #4693, .T. ) ;
#4024 = ORIENTED_EDGE ( 'NONE', *, *, #1466, .F. ) ;
#4025 = ORIENTED_EDGE ( 'NONE', *, *, #1618, .F. ) ;
#4026 = EDGE_CURVE ( 'NONE', #1616, #942, #1034, .T. ) ;
#4027 =( NAMED_UNIT ( * ) PLANE_ANGLE_UNIT ( ) SI_UNIT ( $, .RADIAN. ) );
#4028 = CARTESIAN_POINT ( 'NONE',  ( 26.80000000000000071, -9.199999999999999289, 10.12500000000000000 ) ) ;
#4029 = ORIENTED_EDGE ( 'NONE', *, *, #2752, .T. ) ;
#4030 = VERTEX_POINT ( 'NONE', #3983 ) ;
#4031 = EDGE_CURVE ( 'NONE', #1642, #1755, #2169, .T. ) ;
#4032 = FACE_OUTER_BOUND ( 'NONE', #3876, .T. ) ;
#4033 = DIRECTION ( 'NONE',  ( 1.000000000000000000, 0.000000000000000000, -0.000000000000000000 ) ) ;
#4034 = ORIENTED_EDGE ( 'NONE', *, *, #2025, .F. ) ;
#4035 = PLANE ( 'NONE',  #4128 ) ;
#4036 = CARTESIAN_POINT ( 'NONE',  ( 4.799999999999999822, -9.500000000000000000, 1.000000000000000000 ) ) ;
#4037 = DIRECTION ( 'NONE',  ( 0.000000000000000000, 0.000000000000000000, 1.000000000000000000 ) ) ;
#4038 = ORIENTED_EDGE ( 'NONE', *, *, #2232, .T. ) ;
#4039 = ORIENTED_EDGE ( 'NONE', *, *, #2554, .F. ) ;
#4040 = CARTESIAN_POINT ( 'NONE',  ( 2.950000000000000178, -4.899999999999999467, 7.750000000000000000 ) ) ;
#4041 =( NAMED_UNIT ( * ) PLANE_ANGLE_UNIT ( ) SI_UNIT ( $, .RADIAN. ) );
#4042 = FACE_OUTER_BOUND ( 'NONE', #3231, .T. ) ;
#4043 = ORIENTED_EDGE ( 'NONE', *, *, #2197, .T. ) ;
#4044 = CLOSED_SHELL ( 'NONE', ( #4267, #2141, #4384, #3677, #1048, #3225, #4515, #2138 ) ) ;
#4045 = VERTEX_POINT ( 'NONE', #1821 ) ;
#4046 = PLANE ( 'NONE',  #4120 ) ;
#4047 = CARTESIAN_POINT ( 'NONE',  ( 30.30000000000000071, -9.199999999999999289, 7.749999999999997335 ) ) ;
#4048 = VECTOR ( 'NONE', #1411, 1000.000000000000000 ) ;
#4049 = EDGE_CURVE ( 'NONE', #3824, #3245, #1773, .T. ) ;
#4050 = VERTEX_POINT ( 'NONE', #3201 ) ;
#4051 = EDGE_LOOP ( 'NONE', ( #125, #64, #1916, #261 ) ) ;
#4052 = CARTESIAN_POINT ( 'NONE',  ( 27.10000000000000142, -13.19999999999999929, 10.12500000000000000 ) ) ;
#4053 = PLANE ( 'NONE',  #1412 ) ;
#4054 = DIRECTION ( 'NONE',  ( -1.000000000000000000, 0.000000000000000000, 0.000000000000000000 ) ) ;
#4055 = EDGE_LOOP ( 'NONE', ( #4472, #2213, #2556, #1834, #1615, #1892, #1782 ) ) ;
#4056 = EDGE_CURVE ( 'NONE', #2939, #2085, #1369, .T. ) ;
#4057 = VECTOR ( 'NONE', #4222, 1000.000000000000000 ) ;
#4058 = DIRECTION ( 'NONE',  ( -0.000000000000000000, -0.000000000000000000, -1.000000000000000000 ) ) ;
#4059 = DIRECTION ( 'NONE',  ( 0.000000000000000000, -0.000000000000000000, -1.000000000000000000 ) ) ;
#4060 = EDGE_CURVE ( 'NONE', #2081, #3801, #2886, .T. ) ;
#4061 = DIRECTION ( 'NONE',  ( -0.000000000000000000, 1.000000000000000000, 0.000000000000000000 ) ) ;
#4062 = ORIENTED_EDGE ( 'NONE', *, *, #49, .T. ) ;
#4063 = AXIS2_PLACEMENT_3D ( 'NONE', #4456, #3035, #90 ) ;
#4064 = DIRECTION ( 'NONE',  ( -1.000000000000000000, 0.000000000000000000, 3.469446951953610245E-16 ) ) ;
#4065 = LINE ( 'NONE', #819, #4681 ) ;
#4066 = AXIS2_PLACEMENT_3D ( 'NONE', #1062, #1033, #3944 ) ;
#4067 = VECTOR ( 'NONE', #4281, 1000.000000000000000 ) ;
#4068 = EDGE_LOOP ( 'NONE', ( #1646, #736, #2446, #1454 ) ) ;
#4069 = ORIENTED_EDGE ( 'NONE', *, *, #3629, .F. ) ;
#4070 = DIRECTION ( 'NONE',  ( 0.000000000000000000, 0.000000000000000000, 1.000000000000000000 ) ) ;
#4071 = VECTOR ( 'NONE', #185, 1000.000000000000000 ) ;
#4072 = DIRECTION ( 'NONE',  ( -1.000000000000000000, -1.881733940042640093E-16, 0.000000000000000000 ) ) ;
#4073 = LINE ( 'NONE', #3842, #2334 ) ;
#4074 = DIRECTION ( 'NONE',  ( -0.000000000000000000, -0.000000000000000000, 1.000000000000000000 ) ) ;
#4075 = VECTOR ( 'NONE', #346, 1000.000000000000000 ) ;
#4076 = EDGE_LOOP ( 'NONE', ( #727, #3273, #2162, #1858 ) ) ;
#4077 = ORIENTED_EDGE ( 'NONE', *, *, #4173, .T. ) ;
#4078 = DIRECTION ( 'NONE',  ( 0.000000000000000000, 0.000000000000000000, -1.000000000000000000 ) ) ;
#4079 = DIRECTION ( 'NONE',  ( -0.000000000000000000, -0.000000000000000000, 1.000000000000000000 ) ) ;
#4080 = EDGE_CURVE ( 'NONE', #3960, #3507, #2864, .T. ) ;
#4081 = CARTESIAN_POINT ( 'NONE',  ( 3.000000000000000000, 6.938893903907229610E-17, 3.500000000000000000 ) ) ;
#4082 = SURFACE_STYLE_USAGE ( .BOTH. , #1150 ) ;
#4083 =( GEOMETRIC_REPRESENTATION_CONTEXT ( 3 ) GLOBAL_UNCERTAINTY_ASSIGNED_CONTEXT ( ( #2440 ) ) GLOBAL_UNIT_ASSIGNED_CONTEXT ( ( #4116, #542, #3074 ) ) REPRESENTATION_CONTEXT ( 'NONE', 'WORKASPACE' ) );
#4084 = DIRECTION ( 'NONE',  ( 0.000000000000000000, -1.883846937841229857E-27, 1.000000000000000000 ) ) ;
#4085 = ORIENTED_EDGE ( 'NONE', *, *, #3044, .T. ) ;
#4086 = CARTESIAN_POINT ( 'NONE',  ( 3.399999999999999911, 1.387778780781450113E-16, 3.500000000000000000 ) ) ;
#4087 = AXIS2_PLACEMENT_3D ( 'NONE', #3910, #340, #273 ) ;
#4088 = EDGE_CURVE ( 'NONE', #3596, #3960, #3002, .T. ) ;
#4089 = ADVANCED_FACE ( 'NONE', ( #4293 ), #3271, .F. ) ;
#4090 = DIRECTION ( 'NONE',  ( 1.000000000000000000, 0.000000000000000000, -0.000000000000000000 ) ) ;
#4091 = VERTEX_POINT ( 'NONE', #2131 ) ;
#4092 = EDGE_CURVE ( 'NONE', #656, #3135, #3573, .T. ) ;
#4093 = DIRECTION ( 'NONE',  ( -3.700743415417190112E-16, -0.000000000000000000, 1.000000000000000000 ) ) ;
#4094 = CARTESIAN_POINT ( 'NONE',  ( 4.200000000000000178, -9.000000000000001776, 3.500000000000000000 ) ) ;
#4095 = LINE ( 'NONE', #438, #1190 ) ;
#4096 = LINE ( 'NONE', #2595, #2023 ) ;
#4097 = ORIENTED_EDGE ( 'NONE', *, *, #928, .T. ) ;
#4098 = ORIENTED_EDGE ( 'NONE', *, *, #1451, .T. ) ;
#4099 = DIRECTION ( 'NONE',  ( 0.000000000000000000, -0.000000000000000000, 1.000000000000000000 ) ) ;
#4100 =( NAMED_UNIT ( * ) PLANE_ANGLE_UNIT ( ) SI_UNIT ( $, .RADIAN. ) );
#4101 = DIRECTION ( 'NONE',  ( 0.3826834323650898928, -0.9238795325112867385, 0.000000000000000000 ) ) ;
#4102 = DIRECTION ( 'NONE',  ( 0.000000000000000000, 0.000000000000000000, -1.000000000000000000 ) ) ;
#4103 = VERTEX_POINT ( 'NONE', #3178 ) ;
#4104 = VERTEX_POINT ( 'NONE', #303 ) ;
#4105 = LINE ( 'NONE', #805, #3244 ) ;
#4106 = PLANE ( 'NONE',  #3082 ) ;
#4107 = ORIENTED_EDGE ( 'NONE', *, *, #2398, .F. ) ;
#4108 = LINE ( 'NONE', #1951, #2160 ) ;
#4109 = DIRECTION ( 'NONE',  ( 3.552334763092440048E-17, -1.000000000000000000, -0.000000000000000000 ) ) ;
#4110 = CARTESIAN_POINT ( 'NONE',  ( 26.89999999999999858, 9.378163774564031914E-16, 9.500000000000000000 ) ) ;
#4111 = ORIENTED_EDGE ( 'NONE', *, *, #2816, .T. ) ;
#4112 = EDGE_CURVE ( 'NONE', #2091, #3749, #347, .T. ) ;
#4113 = CARTESIAN_POINT ( 'NONE',  ( 26.89999999999999858, -9.000000000000001776, 9.500000000000000000 ) ) ;
#4114 = FACE_OUTER_BOUND ( 'NONE', #4603, .T. ) ;
#4115 = DIRECTION ( 'NONE',  ( 1.110223024625159992E-16, -1.000000000000000000, 0.000000000000000000 ) ) ;
#4116 =( LENGTH_UNIT ( ) NAMED_UNIT ( * ) SI_UNIT ( .MILLI., .METRE. ) );
#4117 = ADVANCED_FACE ( 'NONE', ( #326 ), #4623, .T. ) ;
#4118 = ORIENTED_EDGE ( 'NONE', *, *, #751, .T. ) ;
#4119 = VECTOR ( 'NONE', #116, 1000.000000000000000 ) ;
#4120 = AXIS2_PLACEMENT_3D ( 'NONE', #4413, #1866, #2242 ) ;
#4121 = PLANE ( 'NONE',  #3975 ) ;
#4122 = FACE_OUTER_BOUND ( 'NONE', #4437, .T. ) ;
#4123 = LINE ( 'NONE', #2936, #3681 ) ;
#4124 = VECTOR ( 'NONE', #703, 1000.000000000000000 ) ;
#4125 = EDGE_LOOP ( 'NONE', ( #794, #3216, #822, #2515 ) ) ;
#4126 = ORIENTED_EDGE ( 'NONE', *, *, #3863, .T. ) ;
#4127 = CARTESIAN_POINT ( 'NONE',  ( 4.299999999999999822, -9.199999999999999289, 10.37499999999999822 ) ) ;
#4128 = AXIS2_PLACEMENT_3D ( 'NONE', #2994, #1229, #3404 ) ;
#4129 = CARTESIAN_POINT ( 'NONE',  ( 15.64220150327190062, -9.199999999999999289, 0.000000000000000000 ) ) ;
#4130 = LINE ( 'NONE', #1564, #2922 ) ;
#4131 = DIRECTION ( 'NONE',  ( 1.000000000000000000, 0.000000000000000000, -1.040834085586083310E-14 ) ) ;
#4132 = ORIENTED_EDGE ( 'NONE', *, *, #2251, .T. ) ;
#4133 = VECTOR ( 'NONE', #1643, 1000.000000000000000 ) ;
#4134 = CARTESIAN_POINT ( 'NONE',  ( 10.30000000000000071, -9.199999999999999289, 10.12500000000000000 ) ) ;
#4135 = CARTESIAN_POINT ( 'NONE',  ( 15.64220150327190062, -9.199999999999999289, 13.00000000000000178 ) ) ;
#4136 = ORIENTED_EDGE ( 'NONE', *, *, #3258, .T. ) ;
#4137 =( GEOMETRIC_REPRESENTATION_CONTEXT ( 3 ) GLOBAL_UNCERTAINTY_ASSIGNED_CONTEXT ( ( #3529 ) ) GLOBAL_UNIT_ASSIGNED_CONTEXT ( ( #2705, #3230, #4274 ) ) REPRESENTATION_CONTEXT ( 'NONE', 'WORKASPACE' ) );
#4138 = EDGE_CURVE ( 'NONE', #3627, #2913, #1081, .T. ) ;
#4139 = CARTESIAN_POINT ( 'NONE',  ( 0.5000000000000000000, 0.000000000000000000, 9.500000000000000000 ) ) ;
#4140 = SURFACE_STYLE_FILL_AREA ( #2691 ) ;
#4141 = FILL_AREA_STYLE_COLOUR ( '', #1738 ) ;
#4142 = AXIS2_PLACEMENT_3D ( 'NONE', #1318, #209, #162 ) ;
#4143 = ORIENTED_EDGE ( 'NONE', *, *, #235, .F. ) ;
#4144 = PRESENTATION_STYLE_ASSIGNMENT (( #2387 ) ) ;
#4145 = EDGE_CURVE ( 'NONE', #2531, #2369, #1012, .T. ) ;
#4146 = DIRECTION ( 'NONE',  ( 0.000000000000000000, 0.000000000000000000, 1.000000000000000000 ) ) ;
#4147 = CARTESIAN_POINT ( 'NONE',  ( 30.29999999999999716, -0.3284271247459499277, 0.2071067811868102237 ) ) ;
#4148 = AXIS2_PLACEMENT_3D ( 'NONE', #754, #2956, #1908 ) ;
#4149 = VECTOR ( 'NONE', #1224, 1000.000000000000000 ) ;
#4150 = ORIENTED_EDGE ( 'NONE', *, *, #2060, .F. ) ;
#4151 =( GEOMETRIC_REPRESENTATION_CONTEXT ( 3 ) GLOBAL_UNCERTAINTY_ASSIGNED_CONTEXT ( ( #4340 ) ) GLOBAL_UNIT_ASSIGNED_CONTEXT ( ( #735, #4369, #4675 ) ) REPRESENTATION_CONTEXT ( 'NONE', 'WORKASPACE' ) );
#4152 = AXIS2_PLACEMENT_3D ( 'NONE', #2010, #4146, #964 ) ;
#4153 = DIRECTION ( 'NONE',  ( -0.000000000000000000, -8.241830353055389144E-28, -1.000000000000000000 ) ) ;
#4154 = CARTESIAN_POINT ( 'NONE',  ( 27.30000000000000071, -13.19999999999999929, 2.750000000000000000 ) ) ;
#4155 = CARTESIAN_POINT ( 'NONE',  ( 10.80000000000000071, -13.19999999999999929, 10.24999999999999822 ) ) ;
#4156 = PLANE ( 'NONE',  #4385 ) ;
#4157 = EDGE_LOOP ( 'NONE', ( #2090, #4018, #2178, #1537 ) ) ;
#4158 = VECTOR ( 'NONE', #2149, 1000.000000000000000 ) ;
#4159 = VECTOR ( 'NONE', #3383, 1000.000000000000227 ) ;
#4160 = ORIENTED_EDGE ( 'NONE', *, *, #2442, .T. ) ;
#4161 = AXIS2_PLACEMENT_3D ( 'NONE', #1302, #947, #2845 ) ;
#4162 = PRESENTATION_LAYER_ASSIGNMENT (  '', '', ( #2725 ) ) ;
#4163 = FACE_OUTER_BOUND ( 'NONE', #3553, .T. ) ;
#4164 = DIRECTION ( 'NONE',  ( 1.000000000000000000, 0.000000000000000000, -0.000000000000000000 ) ) ;
#4165 = PLANE ( 'NONE',  #3328 ) ;
#4166 = MECHANICAL_DESIGN_GEOMETRIC_PRESENTATION_REPRESENTATION (  '', ( #2572 ), #304 ) ;
#4167 = EDGE_CURVE ( 'NONE', #3763, #1304, #2462, .T. ) ;
#4168 = VERTEX_POINT ( 'NONE', #4316 ) ;
#4169 = EDGE_LOOP ( 'NONE', ( #2122, #4574, #2732, #1227 ) ) ;
#4170 = CARTESIAN_POINT ( 'NONE',  ( 5.799999999999999822, -9.199999999999999289, 0.000000000000000000 ) ) ;
#4171 = CARTESIAN_POINT ( 'NONE',  ( 29.80000000000000071, -0.2071067811861374564, 4.486423597418401054E-13 ) ) ;
#4172 = EDGE_CURVE ( 'NONE', #1422, #1801, #709, .T. ) ;
#4173 = EDGE_CURVE ( 'NONE', #4669, #635, #1799, .T. ) ;
#4174 = ORIENTED_EDGE ( 'NONE', *, *, #3280, .F. ) ;
#4175 = LINE ( 'NONE', #969, #4380 ) ;
#4176 = CARTESIAN_POINT ( 'NONE',  ( 29.80000000000000071, -0.4999999999999987232, 13.00000000000000178 ) ) ;
#4177 = EDGE_LOOP ( 'NONE', ( #2201, #833, #1424, #2316 ) ) ;
#4178 = EDGE_CURVE ( 'NONE', #4503, #967, #2170, .T. ) ;
#4179 = ORIENTED_EDGE ( 'NONE', *, *, #2600, .F. ) ;
#4180 = DIRECTION ( 'NONE',  ( 0.7071067811865465735, 0.7071067811865485719, 0.000000000000000000 ) ) ;
#4181 = SURFACE_STYLE_FILL_AREA ( #2756 ) ;
#4182 = EDGE_LOOP ( 'NONE', ( #4412, #3579, #1996, #2480 ) ) ;
#4183 = CARTESIAN_POINT ( 'NONE',  ( 2.950000000000000178, -5.500000000000000000, 6.500000000000000888 ) ) ;
#4184 =( LENGTH_UNIT ( ) NAMED_UNIT ( * ) SI_UNIT ( .MILLI., .METRE. ) );
#4185 = VERTEX_POINT ( 'NONE', #3001 ) ;
#4186 = ORIENTED_EDGE ( 'NONE', *, *, #177, .F. ) ;
#4187 = LINE ( 'NONE', #2388, #2032 ) ;
#4188 = DIRECTION ( 'NONE',  ( 1.000000000000000000, -0.000000000000000000, 0.000000000000000000 ) ) ;
#4189 = VECTOR ( 'NONE', #390, 1000.000000000000000 ) ;
#4190 = ORIENTED_EDGE ( 'NONE', *, *, #2961, .F. ) ;
#4191 = CARTESIAN_POINT ( 'NONE',  ( 25.80000000000000071, -4.403415736689430204, 0.000000000000000000 ) ) ;
#4192 = DIRECTION ( 'NONE',  ( 0.000000000000000000, -4.709617344603049531E-28, 1.000000000000000000 ) ) ;
#4193 = VECTOR ( 'NONE', #566, 1000.000000000000000 ) ;
#4194 = PRESENTATION_LAYER_ASSIGNMENT (  '', '', ( #4357 ) ) ;
#4195 = EDGE_CURVE ( 'NONE', #951, #2822, #4065, .T. ) ;
#4196 = DIRECTION ( 'NONE',  ( -1.000000000000000000, -0.000000000000000000, -0.000000000000000000 ) ) ;
#4197 = VERTEX_POINT ( 'NONE', #4000 ) ;
#4198 = ORIENTED_EDGE ( 'NONE', *, *, #108, .F. ) ;
#4199 = EDGE_LOOP ( 'NONE', ( #222, #3479, #2148, #315 ) ) ;
#4200 = MECHANICAL_DESIGN_GEOMETRIC_PRESENTATION_REPRESENTATION (  '', ( #865 ), #187 ) ;
#4201 = LINE ( 'NONE', #2754, #3148 ) ;
#4202 = ADVANCED_FACE ( 'NONE', ( #2975 ), #3660, .T. ) ;
#4203 =( NAMED_UNIT ( * ) SI_UNIT ( $, .STERADIAN. ) SOLID_ANGLE_UNIT ( ) );
#4204 = ADVANCED_FACE ( 'NONE', ( #1527 ), #1888, .F. ) ;
#4205 = FILL_AREA_STYLE_COLOUR ( '', #529 ) ;
#4206 = VECTOR ( 'NONE', #155, 1000.000000000000000 ) ;
#4207 = ADVANCED_FACE ( 'NONE', ( #4410 ), #439, .T. ) ;
#4208 = DIRECTION ( 'NONE',  ( -0.000000000000000000, -1.000000000000000000, -0.000000000000000000 ) ) ;
#4209 = LINE ( 'NONE', #4263, #2645 ) ;
#4210 = CARTESIAN_POINT ( 'NONE',  ( 0.5000000000000000000, 0.000000000000000000, 0.5000000000000000000 ) ) ;
#4211 = ORIENTED_EDGE ( 'NONE', *, *, #2985, .F. ) ;
#4212 = SURFACE_SIDE_STYLE ('',( #1316 ) ) ;
#4213 = DIRECTION ( 'NONE',  ( -4.505425643788087249E-49, 1.268299849045180015E-32, 1.000000000000000000 ) ) ;
#4214 = CARTESIAN_POINT ( 'NONE',  ( 4.799999999999999822, -9.199999999999999289, 10.37499999999999822 ) ) ;
#4215 = MECHANICAL_DESIGN_GEOMETRIC_PRESENTATION_REPRESENTATION (  '', ( #4594 ), #1645 ) ;
#4216 = ORIENTED_EDGE ( 'NONE', *, *, #3391, .T. ) ;
#4217 = ORIENTED_EDGE ( 'NONE', *, *, #2843, .T. ) ;
#4218 = DIRECTION ( 'NONE',  ( -0.000000000000000000, 1.883846937841229857E-27, -1.000000000000000000 ) ) ;
#4219 = AXIS2_PLACEMENT_3D ( 'NONE', #483, #36, #84 ) ;
#4220 = AXIS2_PLACEMENT_3D ( 'NONE', #359, #3991, #333 ) ;
#4221 = DIRECTION ( 'NONE',  ( 1.000000000000000000, 0.000000000000000000, -0.000000000000000000 ) ) ;
#4222 = DIRECTION ( 'NONE',  ( 0.000000000000000000, 0.000000000000000000, 1.000000000000000000 ) ) ;
#4223 = CARTESIAN_POINT ( 'NONE',  ( 0.5000000000000006661, -0.2071067811861365404, 12.99999999999955236 ) ) ;
#4224 = ORIENTED_EDGE ( 'NONE', *, *, #2601, .F. ) ;
#4225 = VECTOR ( 'NONE', #387, 1000.000000000000000 ) ;
#4226 = STYLED_ITEM ( 'NONE', ( #1413 ), #2806 ) ;
#4227 = ORIENTED_EDGE ( 'NONE', *, *, #378, .F. ) ;
#4228 = EDGE_CURVE ( 'NONE', #2972, #4566, #3286, .T. ) ;
#4229 = SURFACE_SIDE_STYLE ('',( #4181 ) ) ;
#4230 = AXIS2_PLACEMENT_3D ( 'NONE', #179, #1309, #4557 ) ;
#4231 = CARTESIAN_POINT ( 'NONE',  ( 25.80000000000000071, -9.500000000000000000, 0.000000000000000000 ) ) ;
#4232 = VECTOR ( 'NONE', #2210, 1000.000000000000000 ) ;
#4233 = ADVANCED_FACE ( 'NONE', ( #3311 ), #103, .T. ) ;
#4234 =( NAMED_UNIT ( * ) PLANE_ANGLE_UNIT ( ) SI_UNIT ( $, .RADIAN. ) );
#4235 = CARTESIAN_POINT ( 'NONE',  ( 3.000000000000000000, 8.880836907731100427E-17, 0.000000000000000000 ) ) ;
#4236 = LINE ( 'NONE', #956, #1655 ) ;
#4237 = CARTESIAN_POINT ( 'NONE',  ( 4.799999999999998934, -4.403415736689430204, 0.000000000000000000 ) ) ;
#4238 = CARTESIAN_POINT ( 'NONE',  ( 6.900000000000000355, -0.4000000000000000777, 11.00000000000000000 ) ) ;
#4239 = VECTOR ( 'NONE', #2656, 1000.000000000000000 ) ;
#4240 = LINE ( 'NONE', #4210, #1848 ) ;
#4241 = EDGE_CURVE ( 'NONE', #389, #2744, #1160, .T. ) ;
#4242 = ORIENTED_EDGE ( 'NONE', *, *, #322, .F. ) ;
#4243 = STYLED_ITEM ( 'NONE', ( #1472 ), #1594 ) ;
#4244 = LINE ( 'NONE', #3982, #4075 ) ;
#4245 = DIRECTION ( 'NONE',  ( 0.000000000000000000, 0.000000000000000000, -1.000000000000000000 ) ) ;
#4246 = PRESENTATION_LAYER_ASSIGNMENT (  '', '', ( #381 ) ) ;
#4247 = VERTEX_POINT ( 'NONE', #1506 ) ;
#4248 = UNCERTAINTY_MEASURE_WITH_UNIT (LENGTH_MEASURE( 1.000000000000000082E-05 ), #17, 'distance_accuracy_value', 'NONE');
#4249 = CARTESIAN_POINT ( 'NONE',  ( 2.950000000000000178, -1.800000000000000266, 5.250000000000000000 ) ) ;
#4250 = UNCERTAINTY_MEASURE_WITH_UNIT (LENGTH_MEASURE( 1.000000000000000082E-05 ), #759, 'distance_accuracy_value', 'NONE');
#4251 = LINE ( 'NONE', #2354, #4057 ) ;
#4252 = CARTESIAN_POINT ( 'NONE',  ( 6.800000000000010481, -12.47573593128809577, 2.625000000000000444 ) ) ;
#4253 = ORIENTED_EDGE ( 'NONE', *, *, #4272, .F. ) ;
#4254 = ORIENTED_EDGE ( 'NONE', *, *, #3431, .T. ) ;
#4255 = CARTESIAN_POINT ( 'NONE',  ( 27.69999999999999929, 9.662350555611429928E-16, 3.500000000000000000 ) ) ;
#4256 = DIRECTION ( 'NONE',  ( 0.000000000000000000, 0.000000000000000000, -1.000000000000000000 ) ) ;
#4257 = DIRECTION ( 'NONE',  ( 0.000000000000000000, -0.000000000000000000, -1.000000000000000000 ) ) ;
#4258 =( LENGTH_UNIT ( ) NAMED_UNIT ( * ) SI_UNIT ( .MILLI., .METRE. ) );
#4259 = DIRECTION ( 'NONE',  ( 1.862785797453189940E-16, -1.000000000000000000, 0.000000000000000000 ) ) ;
#4260 = EDGE_CURVE ( 'NONE', #2159, #2433, #411, .T. ) ;
#4261 = DIRECTION ( 'NONE',  ( 1.000000000000000000, -0.000000000000000000, 0.000000000000000000 ) ) ;
#4262 = PLANE ( 'NONE',  #1723 ) ;
#4263 = CARTESIAN_POINT ( 'NONE',  ( 2.950000000000000178, -4.900000000000000355, 5.250000000000000000 ) ) ;
#4264 = CARTESIAN_POINT ( 'NONE',  ( 26.94999999999999929, -12.83786796564399957, 10.18750000000000000 ) ) ;
#4265 = ORIENTED_EDGE ( 'NONE', *, *, #3023, .F. ) ;
#4266 = LINE ( 'NONE', #2902, #443 ) ;
#4267 = ADVANCED_FACE ( 'NONE', ( #4429 ), #1476, .F. ) ;
#4268 = DIRECTION ( 'NONE',  ( -0.000000000000000000, 1.000000000000000000, 0.000000000000000000 ) ) ;
#4269 = CARTESIAN_POINT ( 'NONE',  ( 27.89999999999999858, -0.1999999999999990119, 1.750000000000000000 ) ) ;
#4270 = ORIENTED_EDGE ( 'NONE', *, *, #3228, .T. ) ;
#4271 = DIRECTION ( 'NONE',  ( -1.000000000000000000, 0.000000000000000000, -0.000000000000000000 ) ) ;
#4272 = EDGE_CURVE ( 'NONE', #2269, #2866, #2266, .T. ) ;
#4273 = DIRECTION ( 'NONE',  ( -0.000000000000000000, 1.000000000000000000, 0.000000000000000000 ) ) ;
#4274 =( NAMED_UNIT ( * ) SI_UNIT ( $, .STERADIAN. ) SOLID_ANGLE_UNIT ( ) );
#4275 = LINE ( 'NONE', #616, #1802 ) ;
#4276 = ORIENTED_EDGE ( 'NONE', *, *, #4607, .F. ) ;
#4277 = ORIENTED_EDGE ( 'NONE', *, *, #1842, .T. ) ;
#4278 = ORIENTED_EDGE ( 'NONE', *, *, #2405, .F. ) ;
#4279 = PRESENTATION_LAYER_ASSIGNMENT (  '', '', ( #1926 ) ) ;
#4280 = PLANE ( 'NONE',  #650 ) ;
#4281 = DIRECTION ( 'NONE',  ( 0.000000000000000000, 1.000000000000000000, -0.000000000000000000 ) ) ;
#4282 = AXIS2_PLACEMENT_3D ( 'NONE', #2505, #3886, #960 ) ;
#4283 = DIRECTION ( 'NONE',  ( 1.000000000000000000, 0.000000000000000000, -0.000000000000000000 ) ) ;
#4284 = SURFACE_STYLE_FILL_AREA ( #744 ) ;
#4285 = VECTOR ( 'NONE', #512, 1000.000000000000000 ) ;
#4286 = SURFACE_STYLE_USAGE ( .BOTH. , #2143 ) ;
#4287 = CARTESIAN_POINT ( 'NONE',  ( 7.799999999999988276, -12.47573593128809755, 2.875000000000000888 ) ) ;
#4288 = DIRECTION ( 'NONE',  ( -1.000000000000000000, 0.000000000000000000, -0.000000000000000000 ) ) ;
#4289 = CARTESIAN_POINT ( 'NONE',  ( 27.69999999999999929, 9.662350555611429928E-16, 11.00000000000000000 ) ) ;
#4290 = ORIENTED_EDGE ( 'NONE', *, *, #1324, .T. ) ;
#4291 = EDGE_CURVE ( 'NONE', #3161, #838, #4096, .T. ) ;
#4292 = CARTESIAN_POINT ( 'NONE',  ( 4.299999999999999822, -9.199999999999999289, 10.12500000000000000 ) ) ;
#4293 = FACE_OUTER_BOUND ( 'NONE', #3962, .T. ) ;
#4294 = ADVANCED_FACE ( 'NONE', ( #4042 ), #3382, .F. ) ;
#4295 = ORIENTED_EDGE ( 'NONE', *, *, #1382, .T. ) ;
#4296 = ADVANCED_FACE ( 'NONE', ( #4363 ), #1119, .F. ) ;
#4297 = CARTESIAN_POINT ( 'NONE',  ( 25.80000000000000071, -4.403415736689430204, 13.00000000000000178 ) ) ;
#4298 = CARTESIAN_POINT ( 'NONE',  ( 14.80000000000000071, -4.403415736689430204, 13.00000000000000178 ) ) ;
#4299 = EDGE_CURVE ( 'NONE', #4507, #196, #2575, .T. ) ;
#4300 = ORIENTED_EDGE ( 'NONE', *, *, #3159, .F. ) ;
#4301 = DIRECTION ( 'NONE',  ( 0.000000000000000000, 0.000000000000000000, 1.000000000000000000 ) ) ;
#4302 = PRESENTATION_LAYER_ASSIGNMENT (  '', '', ( #126 ) ) ;
#4303 = VERTEX_POINT ( 'NONE', #1264 ) ;
#4304 = AXIS2_PLACEMENT_3D ( 'NONE', #1687, #3814, #3833 ) ;
#4305 = AXIS2_PLACEMENT_3D ( 'NONE', #2133, #352, #4341 ) ;
#4306 = LINE ( 'NONE', #3653, #4400 ) ;
#4307 = DIRECTION ( 'NONE',  ( 2.390566842451737349E-49, -6.729565206773079540E-33, -1.000000000000000000 ) ) ;
#4308 = DIRECTION ( 'NONE',  ( 0.000000000000000000, 0.000000000000000000, -1.000000000000000000 ) ) ;
#4309 = LINE ( 'NONE', #1053, #1117 ) ;
#4310 = ORIENTED_EDGE ( 'NONE', *, *, #1142, .T. ) ;
#4311 = VECTOR ( 'NONE', #2785, 1000.000000000000000 ) ;
#4312 = CARTESIAN_POINT ( 'NONE',  ( 26.89999999999999858, 9.714451465470119729E-16, 11.00000000000000000 ) ) ;
#4313 = ORIENTED_EDGE ( 'NONE', *, *, #2578, .F. ) ;
#4314 = VECTOR ( 'NONE', #4473, 1000.000000000000000 ) ;
#4315 = LINE ( 'NONE', #3551, #3620 ) ;
#4316 = CARTESIAN_POINT ( 'NONE',  ( 27.80000000000000071, -5.899999999999999467, 7.750000000000000000 ) ) ;
#4317 = ADVANCED_FACE ( 'NONE', ( #1673 ), #3073, .T. ) ;
#4318 = VECTOR ( 'NONE', #405, 1000.000000000000000 ) ;
#4319 = EDGE_LOOP ( 'NONE', ( #486, #4107, #2497, #1078 ) ) ;
#4320 = LINE ( 'NONE', #689, #2386 ) ;
#4321 = DIRECTION ( 'NONE',  ( -1.000000000000000000, 0.000000000000000000, -0.000000000000000000 ) ) ;
#4322 = DIRECTION ( 'NONE',  ( 3.080320983233642779E-49, -8.671257605665849524E-33, -1.000000000000000000 ) ) ;
#4323 = VECTOR ( 'NONE', #3351, 1000.000000000000000 ) ;
#4324 = EDGE_CURVE ( 'NONE', #1372, #4444, #2668, .T. ) ;
#4325 = EDGE_LOOP ( 'NONE', ( #3167, #4459, #2664, #334 ) ) ;
#4326 = ORIENTED_EDGE ( 'NONE', *, *, #1530, .T. ) ;
#4327 = LINE ( 'NONE', #4654, #2629 ) ;
#4328 = EDGE_CURVE ( 'NONE', #218, #4509, #2338, .T. ) ;
#4329 = SURFACE_STYLE_USAGE ( .BOTH. , #2142 ) ;
#4330 = CARTESIAN_POINT ( 'NONE',  ( 4.400000000000000355, -0.1999999999999990119, 1.750000000000000000 ) ) ;
#4331 = FACE_OUTER_BOUND ( 'NONE', #1419, .T. ) ;
#4332 = EDGE_LOOP ( 'NONE', ( #4524, #4002, #1781, #2739 ) ) ;
#4333 = ORIENTED_EDGE ( 'NONE', *, *, #120, .T. ) ;
#4334 = CARTESIAN_POINT ( 'NONE',  ( 21.45000000000000284, -5.000000000000000000, 6.500000000000000888 ) ) ;
#4335 = CARTESIAN_POINT ( 'NONE',  ( 10.40000000000000213, -0.4000000000000000222, 2.000000000000000000 ) ) ;
#4336 = CARTESIAN_POINT ( 'NONE',  ( 26.50000000000000000, 9.236070384040343754E-16, 0.000000000000000000 ) ) ;
#4337 = ORIENTED_EDGE ( 'NONE', *, *, #1701, .T. ) ;
#4338 = CARTESIAN_POINT ( 'NONE',  ( 8.099999999999999645, 1.565344639141284390E-16, 9.500000000000000000 ) ) ;
#4339 = CARTESIAN_POINT ( 'NONE',  ( 26.80000000000000071, -9.199999999999999289, 2.625000000000000000 ) ) ;
#4340 = UNCERTAINTY_MEASURE_WITH_UNIT (LENGTH_MEASURE( 1.000000000000000082E-05 ), #735, 'distance_accuracy_value', 'NONE');
#4341 = DIRECTION ( 'NONE',  ( 0.000000000000000000, 0.000000000000000000, 1.000000000000000000 ) ) ;
#4342 = SURFACE_SIDE_STYLE ('',( #1461 ) ) ;
#4343 = VERTEX_POINT ( 'NONE', #3820 ) ;
#4344 = ORIENTED_EDGE ( 'NONE', *, *, #3536, .T. ) ;
#4345 = EDGE_LOOP ( 'NONE', ( #671, #3260, #2070, #1955 ) ) ;
#4346 = FILL_AREA_STYLE_COLOUR ( '', #3899 ) ;
#4347 = ADVANCED_FACE ( 'NONE', ( #559 ), #1576, .T. ) ;
#4348 = CARTESIAN_POINT ( 'NONE',  ( 10.99999999999999645, -13.19999999999999751, 10.37499999999999822 ) ) ;
#4349 = VERTEX_POINT ( 'NONE', #180 ) ;
#4350 = VECTOR ( 'NONE', #2059, 1000.000000000000000 ) ;
#4351 = EDGE_CURVE ( 'NONE', #3680, #1211, #4558, .T. ) ;
#4352 = ADVANCED_FACE ( 'NONE', ( #3030 ), #1289, .F. ) ;
#4353 = DIRECTION ( 'NONE',  ( 0.000000000000000000, 0.000000000000000000, -1.000000000000000000 ) ) ;
#4354 = CARTESIAN_POINT ( 'NONE',  ( 30.30000000000000071, -0.4999999999999990563, 12.50000000000000000 ) ) ;
#4355 = CARTESIAN_POINT ( 'NONE',  ( 24.80000000000000426, -4.500000000000000888, 0.000000000000000000 ) ) ;
#4356 = ORIENTED_EDGE ( 'NONE', *, *, #2700, .T. ) ;
#4357 = STYLED_ITEM ( 'NONE', ( #1242 ), #51 ) ;
#4358 = ADVANCED_FACE ( 'NONE', ( #4517, #2760 ), #2410, .T. ) ;
#4359 = ORIENTED_EDGE ( 'NONE', *, *, #49, .F. ) ;
#4360 = STYLED_ITEM ( 'NONE', ( #1650 ), #517 ) ;
#4361 = FILL_AREA_STYLE ('',( #1060 ) ) ;
#4362 = LINE ( 'NONE', #2646, #2715 ) ;
#4363 = FACE_OUTER_BOUND ( 'NONE', #4319, .T. ) ;
#4364 = AXIS2_PLACEMENT_3D ( 'NONE', #3189, #3539, #715 ) ;
#4365 = VERTEX_POINT ( 'NONE', #868 ) ;
#4366 = ORIENTED_EDGE ( 'NONE', *, *, #2427, .T. ) ;
#4367 = FACE_OUTER_BOUND ( 'NONE', #1670, .T. ) ;
#4368 = PRESENTATION_STYLE_ASSIGNMENT (( #353 ) ) ;
#4369 =( NAMED_UNIT ( * ) PLANE_ANGLE_UNIT ( ) SI_UNIT ( $, .RADIAN. ) );
#4370 = VERTEX_POINT ( 'NONE', #541 ) ;
#4371 = MECHANICAL_DESIGN_GEOMETRIC_PRESENTATION_REPRESENTATION (  '', ( #2851 ), #4137 ) ;
#4372 = DIRECTION ( 'NONE',  ( -1.000000000000000000, -1.862785797453189940E-16, 0.000000000000000000 ) ) ;
#4373 = DIRECTION ( 'NONE',  ( -1.862785797453189940E-16, 1.000000000000000000, 0.000000000000000000 ) ) ;
#4374 = DIRECTION ( 'NONE',  ( -1.471755420188100026E-30, 1.000000000000000000, 1.883846937841229857E-27 ) ) ;
#4375 = ORIENTED_EDGE ( 'NONE', *, *, #1451, .F. ) ;
#4376 = AXIS2_PLACEMENT_3D ( 'NONE', #3080, #2037, #1989 ) ;
#4377 = EDGE_CURVE ( 'NONE', #725, #1170, #2313, .T. ) ;
#4378 = CARTESIAN_POINT ( 'NONE',  ( 11.19999999999999929, 3.800998196508910229E-16, 3.500000000000000000 ) ) ;
#4379 = VECTOR ( 'NONE', #3715, 1000.000000000000000 ) ;
#4380 = VECTOR ( 'NONE', #2067, 1000.000000000000000 ) ;
#4381 = DIRECTION ( 'NONE',  ( 0.000000000000000000, 0.000000000000000000, -1.000000000000000000 ) ) ;
#4382 = CARTESIAN_POINT ( 'NONE',  ( 6.799999999999999822, -9.199999999999999289, 2.625000000000000444 ) ) ;
#4383 = VERTEX_POINT ( 'NONE', #514 ) ;
#4384 = ADVANCED_FACE ( 'NONE', ( #1652 ), #1960, .T. ) ;
#4385 = AXIS2_PLACEMENT_3D ( 'NONE', #3654, #4381, #1946 ) ;
#4386 = PRESENTATION_LAYER_ASSIGNMENT (  '', '', ( #434 ) ) ;
#4387 = DIRECTION ( 'NONE',  ( 4.472414252629271825E-49, -1.259006977353640088E-32, -1.000000000000000000 ) ) ;
#4388 = DIRECTION ( 'NONE',  ( 0.000000000000000000, -0.000000000000000000, 1.000000000000000000 ) ) ;
#4389 = VECTOR ( 'NONE', #3504, 1000.000000000000000 ) ;
#4390 = FACE_OUTER_BOUND ( 'NONE', #3442, .T. ) ;
#4391 = ORIENTED_EDGE ( 'NONE', *, *, #3622, .F. ) ;
#4392 = VECTOR ( 'NONE', #158, 1000.000000000000000 ) ;
#4393 = CARTESIAN_POINT ( 'NONE',  ( 29.80000000000000071, -0.4999999999999992784, 0.5000000000000000000 ) ) ;
#4394 = UNCERTAINTY_MEASURE_WITH_UNIT (LENGTH_MEASURE( 1.000000000000000082E-05 ), #621, 'distance_accuracy_value', 'NONE');
#4395 = FACE_OUTER_BOUND ( 'NONE', #1218, .T. ) ;
#4396 = ORIENTED_EDGE ( 'NONE', *, *, #3652, .F. ) ;
#4397 = VECTOR ( 'NONE', #889, 1000.000000000000000 ) ;
#4398 = ORIENTED_EDGE ( 'NONE', *, *, #3126, .F. ) ;
#4399 = PLANE ( 'NONE',  #862 ) ;
#4400 = VECTOR ( 'NONE', #1763, 1000.000000000000000 ) ;
#4401 = LINE ( 'NONE', #1540, #3993 ) ;
#4402 = PLANE ( 'NONE',  #884 ) ;
#4403 = ORIENTED_EDGE ( 'NONE', *, *, #3070, .F. ) ;
#4404 = DIRECTION ( 'NONE',  ( -0.000000000000000000, -1.000000000000000000, -0.000000000000000000 ) ) ;
#4405 = CARTESIAN_POINT ( 'NONE',  ( 14.80000000000000071, -4.500000000000000888, 5.250000000000000000 ) ) ;
#4406 = CARTESIAN_POINT ( 'NONE',  ( 30.30000000000000071, -0.4999999999999986677, 12.79289321881345387 ) ) ;
#4407 = CARTESIAN_POINT ( 'NONE',  ( 4.200000000000000178, -0.3999999999999988565, 2.000000000000000000 ) ) ;
#4408 = EDGE_LOOP ( 'NONE', ( #2416, #3867, #2767, #4534 ) ) ;
#4409 = LINE ( 'NONE', #3657, #1049 ) ;
#4410 = FACE_OUTER_BOUND ( 'NONE', #924, .T. ) ;
#4411 = PLANE ( 'NONE',  #2005 ) ;
#4412 = ORIENTED_EDGE ( 'NONE', *, *, #2459, .T. ) ;
#4413 = CARTESIAN_POINT ( 'NONE',  ( 30.30000000000000071, -9.199999999999999289, 5.250000000000000000 ) ) ;
#4414 = EDGE_CURVE ( 'NONE', #1254, #3135, #3172, .T. ) ;
#4415 = FILL_AREA_STYLE_COLOUR ( '', #2175 ) ;
#4416 = ORIENTED_EDGE ( 'NONE', *, *, #1842, .F. ) ;
#4417 = ORIENTED_EDGE ( 'NONE', *, *, #1356, .T. ) ;
#4418 = ADVANCED_FACE ( 'NONE', ( #1003 ), #319, .T. ) ;
#4419 = LINE ( 'NONE', #2222, #2455 ) ;
#4420 = DIRECTION ( 'NONE',  ( 0.000000000000000000, 1.000000000000000000, 0.000000000000000000 ) ) ;
#4421 = DIRECTION ( 'NONE',  ( 0.000000000000000000, 1.522608470925409877E-48, -1.000000000000000000 ) ) ;
#4422 = VERTEX_POINT ( 'NONE', #3977 ) ;
#4423 = CARTESIAN_POINT ( 'NONE',  ( 1.712368029400078791E-15, -9.199999999999999289, 12.50000000000000000 ) ) ;
#4424 = LINE ( 'NONE', #4405, #2948 ) ;
#4425 = FILL_AREA_STYLE ('',( #2523 ) ) ;
#4426 = ORIENTED_EDGE ( 'NONE', *, *, #3711, .T. ) ;
#4427 = LINE ( 'NONE', #481, #4232 ) ;
#4428 = DIRECTION ( 'NONE',  ( -0.000000000000000000, 1.000000000000000000, 0.000000000000000000 ) ) ;
#4429 = FACE_OUTER_BOUND ( 'NONE', #133, .T. ) ;
#4430 = ORIENTED_EDGE ( 'NONE', *, *, #4518, .F. ) ;
#4431 = VECTOR ( 'NONE', #1724, 1000.000000000000000 ) ;
#4432 = ADVANCED_FACE ( 'NONE', ( #1748 ), #1379, .T. ) ;
#4433 = ORIENTED_EDGE ( 'NONE', *, *, #1599, .F. ) ;
#4434 = CARTESIAN_POINT ( 'NONE',  ( 10.60000000000000675, -13.19999999999999574, 10.37499999999999822 ) ) ;
#4435 = DIRECTION ( 'NONE',  ( 0.000000000000000000, -0.000000000000000000, -1.000000000000000000 ) ) ;
#4436 = EDGE_CURVE ( 'NONE', #3324, #1679, #2163, .T. ) ;
#4437 = EDGE_LOOP ( 'NONE', ( #1934, #2615, #3275, #1086 ) ) ;
#4438 = VERTEX_POINT ( 'NONE', #1427 ) ;
#4439 = CARTESIAN_POINT ( 'NONE',  ( 7.700000000000000178, -0.4000000000000000777, 9.500000000000000000 ) ) ;
#4440 = ORIENTED_EDGE ( 'NONE', *, *, #1183, .T. ) ;
#4441 = ADVANCED_FACE ( 'NONE', ( #3545 ), #3240, .T. ) ;
#4442 = CARTESIAN_POINT ( 'NONE',  ( 25.80000000000000071, -9.200000000000001066, 0.000000000000000000 ) ) ;
#4443 = CARTESIAN_POINT ( 'NONE',  ( 25.80000000000000071, -9.500000000000000000, 0.000000000000000000 ) ) ;
#4444 = VERTEX_POINT ( 'NONE', #4287 ) ;
#4445 = AXIS2_PLACEMENT_3D ( 'NONE', #3640, #1098, #4388 ) ;
#4446 = CARTESIAN_POINT ( 'NONE',  ( 25.80000000000000071, -9.200000000000001066, 13.00000000000000355 ) ) ;
#4447 = CARTESIAN_POINT ( 'NONE',  ( 27.10000000000000497, -13.19999999999999929, 10.12500000000000000 ) ) ;
#4448 = CARTESIAN_POINT ( 'NONE',  ( 0.5000000000000009992, -0.5000000000000004441, 12.50000000000000000 ) ) ;
#4449 = ORIENTED_EDGE ( 'NONE', *, *, #4545, .F. ) ;
#4450 = EDGE_LOOP ( 'NONE', ( #3425, #2591, #3897, #1020, #1255, #4174 ) ) ;
#4451 = VERTEX_POINT ( 'NONE', #627 ) ;
#4452 = CARTESIAN_POINT ( 'NONE',  ( 28.50000000000000000, -4.900000000000000355, 7.750000000000000000 ) ) ;
#4453 = PRESENTATION_LAYER_ASSIGNMENT (  '', '', ( #966 ) ) ;
#4454 = FACE_OUTER_BOUND ( 'NONE', #2432, .T. ) ;
#4455 =( NAMED_UNIT ( * ) SI_UNIT ( $, .STERADIAN. ) SOLID_ANGLE_UNIT ( ) );
#4456 = CARTESIAN_POINT ( 'NONE',  ( 27.64999999999999858, -12.83786796564399957, 10.31250000000000000 ) ) ;
#4457 = AXIS2_PLACEMENT_3D ( 'NONE', #867, #2717, #2286 ) ;
#4458 = EDGE_LOOP ( 'NONE', ( #3377, #795 ) ) ;
#4459 = ORIENTED_EDGE ( 'NONE', *, *, #3483, .T. ) ;
#4460 = LINE ( 'NONE', #1590, #4239 ) ;
#4461 = PLANE ( 'NONE',  #27 ) ;
#4462 = LINE ( 'NONE', #854, #283 ) ;
#4463 = FACE_OUTER_BOUND ( 'NONE', #1596, .T. ) ;
#4464 = VECTOR ( 'NONE', #2288, 1000.000000000000000 ) ;
#4465 = EDGE_CURVE ( 'NONE', #503, #480, #4615, .T. ) ;
#4466 = VERTEX_POINT ( 'NONE', #245 ) ;
#4467 = CARTESIAN_POINT ( 'NONE',  ( 3.600000000000000533, -13.19999999999999929, 10.24999999999999822 ) ) ;
#4468 = VECTOR ( 'NONE', #4435, 1000.000000000000000 ) ;
#4469 = PLANE ( 'NONE',  #1360 ) ;
#4470 = LINE ( 'NONE', #837, #1965 ) ;
#4471 = AXIS2_PLACEMENT_3D ( 'NONE', #3302, #2898, #1377 ) ;
#4472 = ORIENTED_EDGE ( 'NONE', *, *, #2915, .T. ) ;
#4473 = DIRECTION ( 'NONE',  ( -0.7071067811865484609, 0.7071067811865465735, 0.000000000000000000 ) ) ;
#4474 = ADVANCED_FACE ( 'NONE', ( #3145 ), #2882, .T. ) ;
#4475 = PLANE ( 'NONE',  #2084 ) ;
#4476 = CARTESIAN_POINT ( 'NONE',  ( 4.799999999999998934, -9.500000000000000000, 13.00000000000000355 ) ) ;
#4477 = CARTESIAN_POINT ( 'NONE',  ( 10.40000000000000213, 3.516811415461510242E-16, 3.500000000000000000 ) ) ;
#4478 = SURFACE_SIDE_STYLE ('',( #3102 ) ) ;
#4479 = CARTESIAN_POINT ( 'NONE',  ( 28.10000000000000142, 1.511188185573326495E-15, 2.000000000000000000 ) ) ;
#4480 = FILL_AREA_STYLE_COLOUR ( '', #3709 ) ;
#4481 = DIRECTION ( 'NONE',  ( 0.000000000000000000, -3.000602769257179759E-16, 1.000000000000000000 ) ) ;
#4482 = SURFACE_STYLE_FILL_AREA ( #1915 ) ;
#4483 = EDGE_LOOP ( 'NONE', ( #2422, #3574, #3710, #1089, #2937, #1941 ) ) ;
#4484 = CARTESIAN_POINT ( 'NONE',  ( 27.80000000000000071, -9.200000000000001066, 10.37500000000000000 ) ) ;
#4485 = CARTESIAN_POINT ( 'NONE',  ( 8.071100751635949422, -0.4999999999999997780, 13.00000000000000178 ) ) ;
#4486 = LINE ( 'NONE', #855, #420 ) ;
#4487 = FACE_OUTER_BOUND ( 'NONE', #2526, .T. ) ;
#4488 = ORIENTED_EDGE ( 'NONE', *, *, #992, .F. ) ;
#4489 = LINE ( 'NONE', #1543, #2611 ) ;
#4490 = ADVANCED_FACE ( 'NONE', ( #3958 ), #4262, .T. ) ;
#4491 = DIRECTION ( 'NONE',  ( -1.000000000000000000, 0.000000000000000000, -0.000000000000000000 ) ) ;
#4492 = VERTEX_POINT ( 'NONE', #1765 ) ;
#4493 = EDGE_CURVE ( 'NONE', #3627, #930, #2786, .T. ) ;
#4494 = SURFACE_STYLE_USAGE ( .BOTH. , #3049 ) ;
#4495 = SURFACE_STYLE_USAGE ( .BOTH. , #3381 ) ;
#4496 = DIRECTION ( 'NONE',  ( 1.000000000000000000, 1.110223024625159992E-16, 0.000000000000000000 ) ) ;
#4497 = EDGE_CURVE ( 'NONE', #2302, #4104, #3214, .T. ) ;
#4498 = SURFACE_SIDE_STYLE ('',( #1606 ) ) ;
#4499 = EDGE_LOOP ( 'NONE', ( #4625, #1759, #1827, #2535, #119, #1620 ) ) ;
#4500 = ORIENTED_EDGE ( 'NONE', *, *, #83, .F. ) ;
#4501 = DIRECTION ( 'NONE',  ( -0.9238795325112867385, -0.3826834323650898928, -7.209170122235477931E-28 ) ) ;
#4502 = FACE_BOUND ( 'NONE', #4458, .T. ) ;
#4503 = VERTEX_POINT ( 'NONE', #3583 ) ;
#4504 = MECHANICAL_DESIGN_GEOMETRIC_PRESENTATION_REPRESENTATION (  '', ( #1853 ), #183 ) ;
#4505 = DIRECTION ( 'NONE',  ( -0.000000000000000000, -1.000000000000000000, -0.000000000000000000 ) ) ;
#4506 = CARTESIAN_POINT ( 'NONE',  ( 19.85000000000000142, -5.000000000000000000, 6.500000000000000888 ) ) ;
#4507 = VERTEX_POINT ( 'NONE', #700 ) ;
#4508 = MECHANICAL_DESIGN_GEOMETRIC_PRESENTATION_REPRESENTATION (  '', ( #1855 ), #412 ) ;
#4509 = VERTEX_POINT ( 'NONE', #4036 ) ;
#4510 = SURFACE_STYLE_FILL_AREA ( #573 ) ;
#4511 = ORIENTED_EDGE ( 'NONE', *, *, #1851, .F. ) ;
#4512 = EDGE_CURVE ( 'NONE', #828, #1021, #3400, .T. ) ;
#4513 = DIRECTION ( 'NONE',  ( -1.000000000000000000, -0.000000000000000000, -0.000000000000000000 ) ) ;
#4514 = STYLED_ITEM ( 'NONE', ( #1027 ), #3561 ) ;
#4515 = ADVANCED_FACE ( 'NONE', ( #4487 ), #3061, .T. ) ;
#4516 = FACE_OUTER_BOUND ( 'NONE', #2976, .T. ) ;
#4517 = FACE_BOUND ( 'NONE', #1035, .T. ) ;
#4518 = EDGE_CURVE ( 'NONE', #3558, #3299, #2406, .T. ) ;
#4519 = SURFACE_STYLE_USAGE ( .BOTH. , #4498 ) ;
#4520 = ORIENTED_EDGE ( 'NONE', *, *, #3429, .F. ) ;
#4521 = DIRECTION ( 'NONE',  ( -0.000000000000000000, -1.000000000000000000, -0.000000000000000000 ) ) ;
#4522 = COLOUR_RGB ( '',0.9450980392156862475, 0.9215686274509803377, 0.9294117647058823817 ) ;
#4523 = AXIS2_PLACEMENT_3D ( 'NONE', #2298, #4420, #1149 ) ;
#4524 = ORIENTED_EDGE ( 'NONE', *, *, #4465, .T. ) ;
#4525 = AXIS2_PLACEMENT_3D ( 'NONE', #4573, #217, #948 ) ;
#4526 = AXIS2_PLACEMENT_3D ( 'NONE', #2243, #395, #1144 ) ;
#4527 =( NAMED_UNIT ( * ) SI_UNIT ( $, .STERADIAN. ) SOLID_ANGLE_UNIT ( ) );
#4528 = DIRECTION ( 'NONE',  ( 0.000000000000000000, 0.000000000000000000, -1.000000000000000000 ) ) ;
#4529 = ORIENTED_EDGE ( 'NONE', *, *, #172, .T. ) ;
#4530 = VECTOR ( 'NONE', #3247, 1000.000000000000000 ) ;
#4531 = ORIENTED_EDGE ( 'NONE', *, *, #151, .T. ) ;
#4532 = DIRECTION ( 'NONE',  ( -2.114710523095540094E-16, 0.000000000000000000, 1.000000000000000000 ) ) ;
#4533 = VECTOR ( 'NONE', #2666, 1000.000000000000000 ) ;
#4534 = ORIENTED_EDGE ( 'NONE', *, *, #4575, .F. ) ;
#4535 = PRESENTATION_LAYER_ASSIGNMENT (  '', '', ( #1887 ) ) ;
#4536 = VECTOR ( 'NONE', #1050, 1000.000000000000000 ) ;
#4537 = DIRECTION ( 'NONE',  ( 0.000000000000000000, 0.000000000000000000, 1.000000000000000000 ) ) ;
#4538 = SURFACE_SIDE_STYLE ('',( #935 ) ) ;
#4539 = DIRECTION ( 'NONE',  ( 1.000000000000000000, 3.552334763092440048E-17, -0.000000000000000000 ) ) ;
#4540 = CARTESIAN_POINT ( 'NONE',  ( 5.799999999999999822, -9.199999999999999289, 1.000000000000000000 ) ) ;
#4541 = ORIENTED_EDGE ( 'NONE', *, *, #3652, .T. ) ;
#4542 = EDGE_CURVE ( 'NONE', #2034, #2504, #3317, .T. ) ;
#4543 = CARTESIAN_POINT ( 'NONE',  ( 25.80000000000000071, -9.199999999999999289, 0.000000000000000000 ) ) ;
#4544 = EDGE_LOOP ( 'NONE', ( #2711, #2020, #4136, #2654 ) ) ;
#4545 = EDGE_CURVE ( 'NONE', #2433, #4566, #502, .T. ) ;
#4546 = DIRECTION ( 'NONE',  ( 1.000000000000000000, -0.000000000000000000, 0.000000000000000000 ) ) ;
#4547 = DIRECTION ( 'NONE',  ( 1.000000000000000000, 0.000000000000000000, -0.000000000000000000 ) ) ;
#4548 = CARTESIAN_POINT ( 'NONE',  ( 0.5000000000000004441, 7.780404726986661938E-17, 0.2071067811865474340 ) ) ;
#4549 = CARTESIAN_POINT ( 'NONE',  ( 0.5000000000000006661, -0.4999999999992337241, 13.00000000000000178 ) ) ;
#4550 = ORIENTED_EDGE ( 'NONE', *, *, #3587, .T. ) ;
#4551 = ADVANCED_FACE ( 'NONE', ( #2921 ), #4016, .F. ) ;
#4552 = ORIENTED_EDGE ( 'NONE', *, *, #2025, .T. ) ;
#4553 = ORIENTED_EDGE ( 'NONE', *, *, #2600, .T. ) ;
#4554 = SURFACE_SIDE_STYLE ('',( #4510 ) ) ;
#4555 =( NAMED_UNIT ( * ) SI_UNIT ( $, .STERADIAN. ) SOLID_ANGLE_UNIT ( ) );
#4556 = LINE ( 'NONE', #243, #1843 ) ;
#4557 = DIRECTION ( 'NONE',  ( 0.000000000000000000, 0.000000000000000000, -1.000000000000000000 ) ) ;
#4558 = LINE ( 'NONE', #202, #3089 ) ;
#4559 = DIRECTION ( 'NONE',  ( 0.000000000000000000, 0.000000000000000000, 1.000000000000000000 ) ) ;
#4560 = VERTEX_POINT ( 'NONE', #1253 ) ;
#4561 = ORIENTED_EDGE ( 'NONE', *, *, #3081, .T. ) ;
#4562 = LINE ( 'NONE', #3034, #2713 ) ;
#4563 = CARTESIAN_POINT ( 'NONE',  ( 0.5000000000000004441, -4.403415736689430204, 13.00000000000000178 ) ) ;
#4564 = AXIS2_PLACEMENT_3D ( 'NONE', #1367, #2009, #2434 ) ;
#4565 = ORIENTED_EDGE ( 'NONE', *, *, #2357, .T. ) ;
#4566 = VERTEX_POINT ( 'NONE', #530 ) ;
#4567 = UNCERTAINTY_MEASURE_WITH_UNIT (LENGTH_MEASURE( 1.000000000000000082E-05 ), #1488, 'distance_accuracy_value', 'NONE');
#4568 = CARTESIAN_POINT ( 'NONE',  ( 1.704916213874502558E-15, -9.199999999999999289, 5.250000000000000000 ) ) ;
#4569 = DIRECTION ( 'NONE',  ( 1.000000000000000000, 0.000000000000000000, -0.000000000000000000 ) ) ;
#4570 = VECTOR ( 'NONE', #3846, 1000.000000000000000 ) ;
#4571 = PRESENTATION_LAYER_ASSIGNMENT (  '', '', ( #865 ) ) ;
#4572 = ADVANCED_FACE ( 'NONE', ( #3786 ), #4156, .F. ) ;
#4573 = CARTESIAN_POINT ( 'NONE',  ( 3.115510927079859924E-16, -1.800000000000000266, 7.750000000000000000 ) ) ;
#4574 = ORIENTED_EDGE ( 'NONE', *, *, #1176, .F. ) ;
#4575 = EDGE_CURVE ( 'NONE', #3517, #2290, #1856, .T. ) ;
#4576 = VERTEX_POINT ( 'NONE', #2327 ) ;
#4577 = ORIENTED_EDGE ( 'NONE', *, *, #2038, .F. ) ;
#4578 =( NAMED_UNIT ( * ) SI_UNIT ( $, .STERADIAN. ) SOLID_ANGLE_UNIT ( ) );
#4579 = ADVANCED_FACE ( 'NONE', ( #365 ), #4583, .T. ) ;
#4580 = SURFACE_STYLE_USAGE ( .BOTH. , #1688 ) ;
#4581 = SURFACE_STYLE_USAGE ( .BOTH. , #3139 ) ;
#4582 = VECTOR ( 'NONE', #2049, 1000.000000000000000 ) ;
#4583 =( BOUNDED_SURFACE ( )  B_SPLINE_SURFACE ( 3, 3, ( 
 ( #2899, #4354, #1094, #3994 ),
 ( #1498, #2946, #767, #4406 ),
 ( #746, #2187, #996, #2017 ),
 ( #3510, #3463, #4630, #4176 ) ),
 .UNSPECIFIED., .F., .F., .F. ) 
 B_SPLINE_SURFACE_WITH_KNOTS ( ( 4, 4 ),
 ( 4, 4 ),
 ( 0.000000000000000000, 1.000000000000000000 ),
 ( 0.000000000000000000, 1.000000000000000000 ),
 .UNSPECIFIED. ) 
 GEOMETRIC_REPRESENTATION_ITEM ( )  RATIONAL_B_SPLINE_SURFACE ( (
 ( 1.000000000000000000, 0.8047378541243649375, 0.8047378541243649375, 1.000000000000000000),
 ( 0.8047378541243649375, 0.6476030138606876374, 0.6476030138606876374, 0.8047378541243649375),
 ( 0.8047378541243649375, 0.6476030138606876374, 0.6476030138606876374, 0.8047378541243649375),
 ( 1.000000000000000000, 0.8047378541243649375, 0.8047378541243649375, 1.000000000000000000) ) ) 
 REPRESENTATION_ITEM ( '' )  SURFACE ( )  );
#4584 = CARTESIAN_POINT ( 'NONE',  ( 2.949999999999999734, -1.799999999999999822, 5.250000000000000000 ) ) ;
#4585 = CARTESIAN_POINT ( 'NONE',  ( 27.49999999999999645, -13.19999999999999751, 2.875000000000000000 ) ) ;
#4586 = CARTESIAN_POINT ( 'NONE',  ( 2.950000000000000178, -4.900000000000000355, 5.250000000000000000 ) ) ;
#4587 = PLANE ( 'NONE',  #3407 ) ;
#4588 = VERTEX_POINT ( 'NONE', #3896 ) ;
#4589 = VECTOR ( 'NONE', #4307, 1000.000000000000000 ) ;
#4590 = ORIENTED_EDGE ( 'NONE', *, *, #3502, .F. ) ;
#4591 = PLANE ( 'NONE',  #4564 ) ;
#4592 = LINE ( 'NONE', #2461, #62 ) ;
#4593 = CARTESIAN_POINT ( 'NONE',  ( 19.85000000000000142, -3.200000000000000178, 6.500000000000000888 ) ) ;
#4594 = STYLED_ITEM ( 'NONE', ( #4368 ), #3779 ) ;
#4595 = ORIENTED_EDGE ( 'NONE', *, *, #2003, .T. ) ;
#4596 = VECTOR ( 'NONE', #730, 1000.000000000000000 ) ;
#4597 = CARTESIAN_POINT ( 'NONE',  ( 5.799999999999999822, -9.500000000000000000, 13.00000000000000355 ) ) ;
#4598 = VECTOR ( 'NONE', #4505, 1000.000000000000000 ) ;
#4599 = EDGE_CURVE ( 'NONE', #254, #367, #3131, .T. ) ;
#4600 = SURFACE_SIDE_STYLE ('',( #925 ) ) ;
#4601 = CARTESIAN_POINT ( 'NONE',  ( 0.000000000000000000, -0.4999999999999997780, 0.5000000000000001110 ) ) ;
#4602 = CARTESIAN_POINT ( 'NONE',  ( 4.200000000000000178, 1.314363862344200038E-16, 2.000000000000000000 ) ) ;
#4603 = EDGE_LOOP ( 'NONE', ( #4217, #3063, #2650, #619 ) ) ;
#4604 = VECTOR ( 'NONE', #4273, 1000.000000000000000 ) ;
#4605 = EDGE_CURVE ( 'NONE', #2850, #1787, #1709, .T. ) ;
#4606 =( LENGTH_UNIT ( ) NAMED_UNIT ( * ) SI_UNIT ( .MILLI., .METRE. ) );
#4607 = EDGE_CURVE ( 'NONE', #4560, #3794, #1303, .T. ) ;
#4608 =( NAMED_UNIT ( * ) PLANE_ANGLE_UNIT ( ) SI_UNIT ( $, .RADIAN. ) );
#4609 = VECTOR ( 'NONE', #3151, 1000.000000000000000 ) ;
#4610 = LINE ( 'NONE', #2425, #1431 ) ;
#4611 = VECTOR ( 'NONE', #2235, 1000.000000000000000 ) ;
#4612 = ADVANCED_FACE ( 'NONE', ( #1371 ), #2046, .F. ) ;
#4613 = CARTESIAN_POINT ( 'NONE',  ( 7.100000000000003197, -13.19999999999999751, 2.625000000000000444 ) ) ;
#4614 = DIRECTION ( 'NONE',  ( -1.862785797453189940E-16, 1.000000000000000000, 0.000000000000000000 ) ) ;
#4615 = LINE ( 'NONE', #3565, #2552 ) ;
#4616 = DIRECTION ( 'NONE',  ( 0.000000000000000000, 0.000000000000000000, -1.000000000000000000 ) ) ;
#4617 = PRESENTATION_LAYER_ASSIGNMENT (  '', '', ( #4243 ) ) ;
#4618 = CARTESIAN_POINT ( 'NONE',  ( 25.80000000000000071, -9.200000000000006395, 0.000000000000000000 ) ) ;
#4619 = ORIENTED_EDGE ( 'NONE', *, *, #572, .F. ) ;
#4620 = MECHANICAL_DESIGN_GEOMETRIC_PRESENTATION_REPRESENTATION (  '', ( #2725 ), #756 ) ;
#4621 = FACE_OUTER_BOUND ( 'NONE', #87, .T. ) ;
#4622 = CARTESIAN_POINT ( 'NONE',  ( 6.900000000000000355, -9.000000000000001776, 11.00000000000000000 ) ) ;
#4623 = PLANE ( 'NONE',  #2477 ) ;
#4624 = COLOUR_RGB ( '',0.9450980392156862475, 0.9215686274509803377, 0.9294117647058823817 ) ;
#4625 = ORIENTED_EDGE ( 'NONE', *, *, #3542, .T. ) ;
#4626 = PLANE ( 'NONE',  #944 ) ;
#4627 = UNCERTAINTY_MEASURE_WITH_UNIT (LENGTH_MEASURE( 1.000000000000000082E-05 ), #3320, 'distance_accuracy_value', 'NONE');
#4628 = SURFACE_SIDE_STYLE ('',( #3182 ) ) ;
#4629 = DIRECTION ( 'NONE',  ( 0.3826834323650898928, -0.9238795325112867385, 0.000000000000000000 ) ) ;
#4630 = CARTESIAN_POINT ( 'NONE',  ( 29.80000000000000426, -0.2071067811865459907, 13.00000000000000178 ) ) ;
#4631 = EDGE_LOOP ( 'NONE', ( #467, #3446, #1429, #1529 ) ) ;
#4632 = ORIENTED_EDGE ( 'NONE', *, *, #631, .F. ) ;
#4633 = FACE_OUTER_BOUND ( 'NONE', #4157, .T. ) ;
#4634 = DIRECTION ( 'NONE',  ( 1.000000000000000000, 0.000000000000000000, -0.000000000000000000 ) ) ;
#4635 = ADVANCED_FACE ( 'NONE', ( #286 ), #373, .T. ) ;
#4636 = FACE_OUTER_BOUND ( 'NONE', #2132, .T. ) ;
#4637 = DIRECTION ( 'NONE',  ( 1.000000000000000000, 0.000000000000000000, 0.000000000000000000 ) ) ;
#4638 = DIRECTION ( 'NONE',  ( 0.3826834323650927794, 0.9238795325112854062, 0.000000000000000000 ) ) ;
#4639 = FACE_BOUND ( 'NONE', #3117, .T. ) ;
#4640 = EDGE_CURVE ( 'NONE', #3749, #3971, #4275, .T. ) ;
#4641 = EDGE_CURVE ( 'NONE', #2850, #1191, #192, .T. ) ;
#4642 =( NAMED_UNIT ( * ) SI_UNIT ( $, .STERADIAN. ) SOLID_ANGLE_UNIT ( ) );
#4643 = ORIENTED_EDGE ( 'NONE', *, *, #1469, .T. ) ;
#4644 = PLANE ( 'NONE',  #3788 ) ;
#4645 = CARTESIAN_POINT ( 'NONE',  ( 24.80000000000000426, -9.500000000000000000, 0.000000000000000000 ) ) ;
#4646 = ORIENTED_EDGE ( 'NONE', *, *, #1271, .F. ) ;
#4647 = PLANE ( 'NONE',  #1111 ) ;
#4648 = FILL_AREA_STYLE_COLOUR ( '', #2095 ) ;
#4649 = DIRECTION ( 'NONE',  ( 0.000000000000000000, 1.000000000000000000, 0.000000000000000000 ) ) ;
#4650 = ORIENTED_EDGE ( 'NONE', *, *, #3805, .T. ) ;
#4651 = ORIENTED_EDGE ( 'NONE', *, *, #758, .F. ) ;
#4652 = ORIENTED_EDGE ( 'NONE', *, *, #1207, .T. ) ;
#4653 = FACE_OUTER_BOUND ( 'NONE', #3003, .T. ) ;
#4654 = CARTESIAN_POINT ( 'NONE',  ( 1.690012582823350093E-15, -9.199999999999999289, 7.750000000000000000 ) ) ;
#4655 = PRESENTATION_STYLE_ASSIGNMENT (( #4580 ) ) ;
#4656 = ORIENTED_EDGE ( 'NONE', *, *, #4112, .T. ) ;
#4657 = DIRECTION ( 'NONE',  ( 0.000000000000000000, -1.000000000000000000, -0.000000000000000000 ) ) ;
#4658 = CARTESIAN_POINT ( 'NONE',  ( 26.89999999999999858, 9.662350555611429928E-16, 2.000000000000000444 ) ) ;
#4659 = PRESENTATION_STYLE_ASSIGNMENT (( #3798 ) ) ;
#4660 = CARTESIAN_POINT ( 'NONE',  ( 1.712368029400078791E-15, -9.199999999999999289, 0.5000000000000000000 ) ) ;
#4661 = ORIENTED_EDGE ( 'NONE', *, *, #2915, .F. ) ;
#4662 = CARTESIAN_POINT ( 'NONE',  ( 6.800000000000010481, -12.47573593128809577, 2.875000000000000888 ) ) ;
#4663 = VERTEX_POINT ( 'NONE', #3160 ) ;
#4664 = LINE ( 'NONE', #3571, #2301 ) ;
#4665 = ADVANCED_FACE ( 'NONE', ( #1736 ), #1639, .F. ) ;
#4666 = DIRECTION ( 'NONE',  ( -8.173824779033239993E-33, -1.522608470925407750E-48, 1.000000000000000000 ) ) ;
#4667 = DIRECTION ( 'NONE',  ( 0.000000000000000000, 0.000000000000000000, 1.000000000000000000 ) ) ;
#4668 = CIRCLE ( 'NONE', #2322, 1.600000000000000755 ) ;
#4669 = VERTEX_POINT ( 'NONE', #3827 ) ;
#4670 = UNCERTAINTY_MEASURE_WITH_UNIT (LENGTH_MEASURE( 1.000000000000000082E-05 ), #625, 'distance_accuracy_value', 'NONE');
#4671 = ADVANCED_FACE ( 'NONE', ( #239 ), #2445, .T. ) ;
#4672 = LINE ( 'NONE', #3530, #1266 ) ;
#4673 = CARTESIAN_POINT ( 'NONE',  ( 10.40000000000000213, -9.000000000000001776, 3.500000000000000000 ) ) ;
#4674 = VECTOR ( 'NONE', #1632, 1000.000000000000000 ) ;
#4675 =( NAMED_UNIT ( * ) SI_UNIT ( $, .STERADIAN. ) SOLID_ANGLE_UNIT ( ) );
#4676 = ORIENTED_EDGE ( 'NONE', *, *, #2284, .T. ) ;
#4677 = ORIENTED_EDGE ( 'NONE', *, *, #1502, .F. ) ;
#4678 = VECTOR ( 'NONE', #1754, 1000.000000000000000 ) ;
#4679 = VERTEX_POINT ( 'NONE', #4252 ) ;
#4680 = LINE ( 'NONE', #3262, #2930 ) ;
#4681 = VECTOR ( 'NONE', #2212, 1000.000000000000000 ) ;
#4682 = VECTOR ( 'NONE', #451, 1000.000000000000000 ) ;
#4683 = VECTOR ( 'NONE', #18, 1000.000000000000000 ) ;
#4684 = PLANE ( 'NONE',  #4471 ) ;
#4685 = LINE ( 'NONE', #1426, #3989 ) ;
#4686 = DIRECTION ( 'NONE',  ( 0.000000000000000000, 0.000000000000000000, 1.000000000000000000 ) ) ;
#4687 = VERTEX_POINT ( 'NONE', #3185 ) ;
#4688 = COLOUR_RGB ( '',0.9450980392156862475, 0.9215686274509803377, 0.9294117647058823817 ) ;
#4689 = ORIENTED_EDGE ( 'NONE', *, *, #1324, .F. ) ;
#4690 = DIRECTION ( 'NONE',  ( -3.552334763092440048E-17, 1.000000000000000000, 0.000000000000000000 ) ) ;
#4691 = COLOUR_RGB ( '',0.9450980392156862475, 0.9215686274509803377, 0.9294117647058823817 ) ;
#4692 = DIRECTION ( 'NONE',  ( -1.000000000000000000, -6.167905692361979821E-17, 0.000000000000000000 ) ) ;
#4693 = LINE ( 'NONE', #2815, #2397 ) ;
#4694 = AXIS2_PLACEMENT_3D ( 'NONE', #2128, #2810, #3546 ) ;
#4695 = EDGE_CURVE ( 'NONE', #526, #4492, #1665, .T. ) ;
#4696 = EDGE_LOOP ( 'NONE', ( #1633, #1415, #3323, #39 ) ) ;
#4697 = SURFACE_STYLE_USAGE ( .BOTH. , #3554 ) ;
ENDSEC;
END-ISO-10303-21;
