ISO-10303-21;
HEADER;
FILE_DESCRIPTION (( 'STEP AP214' ),
    '1' );
FILE_NAME ('05E0E0A5-BE59-4E02-ADCF-D7FBAB04A41E.STEP',
    '2024-05-10T09:15:59',
    ( '' ),
    ( '' ),
    'SwSTEP 2.0',
    'SolidWorks 2022',
    '' );
FILE_SCHEMA (( 'AUTOMOTIVE_DESIGN' ));
ENDSEC;

DATA;
#1 = DIRECTION ( 'NONE',  ( 1.000000000000000000, 0.0000000000000000000, 0.0000000000000000000 ) ) ;
#2 = FILL_AREA_STYLE ('',( #809 ) ) ;
#3 = ORIENTED_EDGE ( 'NONE', *, *, #1250, .F. ) ;
#4 = CARTESIAN_POINT ( 'NONE',  ( 27.99999999999999289, 13.20000000000000284, 10.09999999999999964 ) ) ;
#5 = ADVANCED_FACE ( 'NONE', ( #1533 ), #2709, .F. ) ;
#6 = FACE_OUTER_BOUND ( 'NONE', #284, .T. ) ;
#7 = FACE_OUTER_BOUND ( 'NONE', #1987, .T. ) ;
#8 = EDGE_CURVE ( 'NONE', #651, #1838, #3448, .T. ) ;
#9 = LINE ( 'NONE', #2842, #1050 ) ;
#10 = ORIENTED_EDGE ( 'NONE', *, *, #1890, .F. ) ;
#11 = SURFACE_STYLE_USAGE ( .BOTH. , #2361 ) ;
#12 = ORIENTED_EDGE ( 'NONE', *, *, #684, .T. ) ;
#13 = CLOSED_SHELL ( 'NONE', ( #1474, #4290, #3084, #2643, #595, #3134 ) ) ;
#14 = CARTESIAN_POINT ( 'NONE',  ( 7.999999999999994671, 5.687617954022318617E-16, 9.750000000000000000 ) ) ;
#15 =( LENGTH_UNIT ( ) NAMED_UNIT ( * ) SI_UNIT ( .MILLI., .METRE. ) );
#16 = VECTOR ( 'NONE', #3358, 1000.000000000000227 ) ;
#17 = CARTESIAN_POINT ( 'NONE',  ( 2.199999999999992628, 4.000000000000000000, 10.74999999999999822 ) ) ;
#18 = CARTESIAN_POINT ( 'NONE',  ( 27.79999999999999005, 4.000000000000002665, 2.450000000000005063 ) ) ;
#19 = ORIENTED_EDGE ( 'NONE', *, *, #1117, .T. ) ;
#20 =( LENGTH_UNIT ( ) NAMED_UNIT ( * ) SI_UNIT ( .MILLI., .METRE. ) );
#21 = ORIENTED_EDGE ( 'NONE', *, *, #124, .F. ) ;
#22 = DIRECTION ( 'NONE',  ( 0.0000000000000000000, -0.0000000000000000000, 1.000000000000000000 ) ) ;
#23 = CARTESIAN_POINT ( 'NONE',  ( 26.99999999999999289, 13.20000000000000284, 3.100000000000003197 ) ) ;
#24 = ORIENTED_EDGE ( 'NONE', *, *, #327, .F. ) ;
#25 = FACE_OUTER_BOUND ( 'NONE', #4118, .T. ) ;
#26 = PRESENTATION_STYLE_ASSIGNMENT (( #813 ) ) ;
#27 = STYLED_ITEM ( 'NONE', ( #2349 ), #1084 ) ;
#28 = DIRECTION ( 'NONE',  ( -0.0000000000000000000, -1.000000000000000000, -0.0000000000000000000 ) ) ;
#29 = EDGE_CURVE ( 'NONE', #4727, #1708, #3662, .T. ) ;
#30 = MECHANICAL_DESIGN_GEOMETRIC_PRESENTATION_REPRESENTATION (  '', ( #2149 ), #709 ) ;
#31 = EDGE_CURVE ( 'NONE', #2751, #2925, #374, .T. ) ;
#32 = FILL_AREA_STYLE_COLOUR ( '', #551 ) ;
#33 = CARTESIAN_POINT ( 'NONE',  ( 7.799999999999992717, 4.000000000000000888, 9.950000000000002842 ) ) ;
#34 = ORIENTED_EDGE ( 'NONE', *, *, #1536, .F. ) ;
#35 = CARTESIAN_POINT ( 'NONE',  ( 6.999999999999991118, 9.199999999999999289, 2.600000000000003197 ) ) ;
#36 = VECTOR ( 'NONE', #3916, 1000.000000000000000 ) ;
#37 = EDGE_CURVE ( 'NONE', #4521, #1407, #758, .T. ) ;
#38 = CARTESIAN_POINT ( 'NONE',  ( 27.19999999999999574, 0.2000000000000016487, 9.950000000000002842 ) ) ;
#39 = ORIENTED_EDGE ( 'NONE', *, *, #4849, .T. ) ;
#40 = CARTESIAN_POINT ( 'NONE',  ( 2.199999999999991740, 4.000000000000000000, 3.250000000000002220 ) ) ;
#42 = AXIS2_PLACEMENT_3D ( 'NONE', #952, #502, #3646 ) ;
#41 = DIRECTION ( 'NONE',  ( -0.7071067811865536790, 0.7071067811865414665, 0.0000000000000000000 ) ) ;
#43 =( LENGTH_UNIT ( ) NAMED_UNIT ( * ) SI_UNIT ( .MILLI., .METRE. ) );
#44 = EDGE_LOOP ( 'NONE', ( #3065, #3689, #2113, #4300 ) ) ;
#45 = PLANE ( 'NONE',  #217 ) ;
#46 = VERTEX_POINT ( 'NONE', #3550 ) ;
#47 = PRESENTATION_LAYER_ASSIGNMENT (  '', '', ( #4676 ) ) ;
#48 = PRESENTATION_STYLE_ASSIGNMENT (( #4183 ) ) ;
#49 = DIRECTION ( 'NONE',  ( 1.156482317317871725E-16, -1.000000000000000000, -0.0000000000000000000 ) ) ;
#50 = ORIENTED_EDGE ( 'NONE', *, *, #2579, .T. ) ;
#51 = CARTESIAN_POINT ( 'NONE',  ( 12.99999999999999112, 13.20000000000000107, 3.100000000000003197 ) ) ;
#53 = COLOUR_RGB ( '',0.7529411764705882248, 0.7529411764705882248, 1.000000000000000000 ) ;
#52 = FILL_AREA_STYLE_COLOUR ( '', #1683 ) ;
#54 = VECTOR ( 'NONE', #2659, 1000.000000000000000 ) ;
#55 = LINE ( 'NONE', #3260, #4951 ) ;
#56 = LINE ( 'NONE', #375, #3470 ) ;
#57 = CARTESIAN_POINT ( 'NONE',  ( 2.999999999999992006, 13.19999999999999929, 10.09999999999999964 ) ) ;
#58 = ORIENTED_EDGE ( 'NONE', *, *, #37, .F. ) ;
#59 = EDGE_CURVE ( 'NONE', #2460, #227, #818, .T. ) ;
#60 = AXIS2_PLACEMENT_3D ( 'NONE', #4637, #5028, #241 ) ;
#61 = EDGE_CURVE ( 'NONE', #1110, #2839, #55, .T. ) ;
#62 = ORIENTED_EDGE ( 'NONE', *, *, #3377, .F. ) ;
#63 = FACE_OUTER_BOUND ( 'NONE', #2179, .T. ) ;
#64 = AXIS2_PLACEMENT_3D ( 'NONE', #544, #3696, #2440 ) ;
#65 = LINE ( 'NONE', #1694, #4580 ) ;
#66 = CARTESIAN_POINT ( 'NONE',  ( 19.99999999999999645, 0.0000000000000000000, 6.599999999999999645 ) ) ;
#67 =( NAMED_UNIT ( * ) PLANE_ANGLE_UNIT ( ) SI_UNIT ( $, .RADIAN. ) );
#68 = CARTESIAN_POINT ( 'NONE',  ( 12.19999999999999218, 0.1999999999999999278, 2.450000000000005063 ) ) ;
#69 = EDGE_CURVE ( 'NONE', #396, #5062, #9, .T. ) ;
#70 = PRESENTATION_STYLE_ASSIGNMENT (( #3678 ) ) ;
#71 = ORIENTED_EDGE ( 'NONE', *, *, #1669, .T. ) ;
#72 = LINE ( 'NONE', #4947, #1933 ) ;
#73 = DIRECTION ( 'NONE',  ( 0.0000000000000000000, 0.0000000000000000000, -1.000000000000000000 ) ) ;
#74 = PLANE ( 'NONE',  #1222 ) ;
#75 = DIRECTION ( 'NONE',  ( 0.0000000000000000000, 0.7071067811865414665, 0.7071067811865536790 ) ) ;
#76 = EDGE_LOOP ( 'NONE', ( #4158, #3753, #2858, #2479 ) ) ;
#77 = FACE_OUTER_BOUND ( 'NONE', #2383, .T. ) ;
#78 = UNCERTAINTY_MEASURE_WITH_UNIT (LENGTH_MEASURE( 1.000000000000000082E-05 ), #889, 'distance_accuracy_value', 'NONE');
#79 = SURFACE_SIDE_STYLE ('',( #901 ) ) ;
#80 = CARTESIAN_POINT ( 'NONE',  ( 2.466666666666661012, 0.4666666666666632879, 2.983333333333331616 ) ) ;
#81 = ORIENTED_EDGE ( 'NONE', *, *, #1863, .F. ) ;
#82 = DIRECTION ( 'NONE',  ( 1.000000000000000000, 0.0000000000000000000, 0.0000000000000000000 ) ) ;
#83 = UNCERTAINTY_MEASURE_WITH_UNIT (LENGTH_MEASURE( 1.000000000000000082E-05 ), #2557, 'distance_accuracy_value', 'NONE');
#84 = ORIENTED_EDGE ( 'NONE', *, *, #4182, .F. ) ;
#85 =( NAMED_UNIT ( * ) PLANE_ANGLE_UNIT ( ) SI_UNIT ( $, .RADIAN. ) );
#86 = LINE ( 'NONE', #1670, #3562 ) ;
#87 = ADVANCED_FACE ( 'NONE', ( #4839 ), #3197, .F. ) ;
#88 = DIRECTION ( 'NONE',  ( -0.0000000000000000000, -1.000000000000000000, -0.0000000000000000000 ) ) ;
#89 = EDGE_CURVE ( 'NONE', #2925, #1859, #1301, .T. ) ;
#90 = EDGE_CURVE ( 'NONE', #965, #4943, #429, .T. ) ;
#91 = VERTEX_POINT ( 'NONE', #1276 ) ;
#92 = LINE ( 'NONE', #550, #584 ) ;
#93 = LINE ( 'NONE', #3251, #4253 ) ;
#94 =( GEOMETRIC_REPRESENTATION_CONTEXT ( 3 ) GLOBAL_UNCERTAINTY_ASSIGNED_CONTEXT ( ( #3719 ) ) GLOBAL_UNIT_ASSIGNED_CONTEXT ( ( #4935, #1379, #1015 ) ) REPRESENTATION_CONTEXT ( 'NONE', 'WORKASPACE' ) );
#95 = CYLINDRICAL_SURFACE ( 'NONE', #3226, 1.000000000000000888 ) ;
#96 = CARTESIAN_POINT ( 'NONE',  ( 27.53333333333332789, 0.4666666666666651198, 10.48333333333332895 ) ) ;
#97 = PRESENTATION_LAYER_ASSIGNMENT (  '', '', ( #1637 ) ) ;
#98 = SURFACE_STYLE_USAGE ( .BOTH. , #3386 ) ;
#99 = ORIENTED_EDGE ( 'NONE', *, *, #890, .T. ) ;
#100 = CARTESIAN_POINT ( 'NONE',  ( 27.99999999999999289, 9.200000000000002842, 10.09999999999999964 ) ) ;
#101 = VERTEX_POINT ( 'NONE', #869 ) ;
#102 = AXIS2_PLACEMENT_3D ( 'NONE', #4700, #3088, #4651 ) ;
#103 = DIRECTION ( 'NONE',  ( 0.0000000000000000000, 0.0000000000000000000, 1.000000000000000000 ) ) ;
#104 = PLANE ( 'NONE',  #5106 ) ;
#105 = LINE ( 'NONE', #4534, #2145 ) ;
#106 = VECTOR ( 'NONE', #1277, 1000.000000000000000 ) ;
#107 = VERTEX_POINT ( 'NONE', #3961 ) ;
#108 = AXIS2_PLACEMENT_3D ( 'NONE', #266, #1892, #698 ) ;
#109 = ORIENTED_EDGE ( 'NONE', *, *, #3435, .F. ) ;
#110 = CARTESIAN_POINT ( 'NONE',  ( 14.99999999999999822, 4.400000000000002132, 5.350000000000000533 ) ) ;
#111 = LINE ( 'NONE', #3240, #3826 ) ;
#112 = VECTOR ( 'NONE', #4184, 1000.000000000000000 ) ;
#113 = LINE ( 'NONE', #1750, #3417 ) ;
#114 = LINE ( 'NONE', #545, #4599 ) ;
#115 = ORIENTED_EDGE ( 'NONE', *, *, #3990, .T. ) ;
#116 = VECTOR ( 'NONE', #2388, 1000.000000000000000 ) ;
#117 =( LENGTH_UNIT ( ) NAMED_UNIT ( * ) SI_UNIT ( .MILLI., .METRE. ) );
#118 = FACE_OUTER_BOUND ( 'NONE', #465, .T. ) ;
#119 = ORIENTED_EDGE ( 'NONE', *, *, #5082, .T. ) ;
#120 = SURFACE_STYLE_FILL_AREA ( #2884 ) ;
#121 = PRESENTATION_LAYER_ASSIGNMENT (  '', '', ( #2898 ) ) ;
#122 = ORIENTED_EDGE ( 'NONE', *, *, #3767, .T. ) ;
#123 = CARTESIAN_POINT ( 'NONE',  ( 2.999999999999992006, 13.19999999999999929, 10.59999999999999964 ) ) ;
#124 = EDGE_CURVE ( 'NONE', #2473, #1441, #350, .T. ) ;
#125 = EDGE_CURVE ( 'NONE', #2064, #2473, #784, .T. ) ;
#126 = SURFACE_STYLE_FILL_AREA ( #3733 ) ;
#127 = MECHANICAL_DESIGN_GEOMETRIC_PRESENTATION_REPRESENTATION (  '', ( #914 ), #559 ) ;
#128 = DIRECTION ( 'NONE',  ( 1.000000000000000000, 0.0000000000000000000, -0.0000000000000000000 ) ) ;
#129 = ORIENTED_EDGE ( 'NONE', *, *, #3377, .T. ) ;
#130 = DIRECTION ( 'NONE',  ( 0.0000000000000000000, 0.7071067811865398012, 0.7071067811865552333 ) ) ;
#131 =( LENGTH_UNIT ( ) NAMED_UNIT ( * ) SI_UNIT ( .MILLI., .METRE. ) );
#132 = FACE_OUTER_BOUND ( 'NONE', #2436, .T. ) ;
#133 = ORIENTED_EDGE ( 'NONE', *, *, #1011, .T. ) ;
#134 = VECTOR ( 'NONE', #2195, 1000.000000000000000 ) ;
#135 = VECTOR ( 'NONE', #1440, 1000.000000000000000 ) ;
#136 = UNCERTAINTY_MEASURE_WITH_UNIT (LENGTH_MEASURE( 1.000000000000000082E-05 ), #15, 'distance_accuracy_value', 'NONE');
#137 = ADVANCED_FACE ( 'NONE', ( #1194 ), #2762, .F. ) ;
#138 = SURFACE_SIDE_STYLE ('',( #2175 ) ) ;
#139 = DIRECTION ( 'NONE',  ( 1.000000000000000000, 0.0000000000000000000, -0.0000000000000000000 ) ) ;
#140 = VECTOR ( 'NONE', #1721, 1000.000000000000000 ) ;
#141 = AXIS2_PLACEMENT_3D ( 'NONE', #2701, #5173, #2342 ) ;
#142 = SURFACE_SIDE_STYLE ('',( #851 ) ) ;
#143 = UNCERTAINTY_MEASURE_WITH_UNIT (LENGTH_MEASURE( 1.000000000000000082E-05 ), #2522, 'distance_accuracy_value', 'NONE');
#144 = PRESENTATION_LAYER_ASSIGNMENT (  '', '', ( #2417 ) ) ;
#145 = EDGE_LOOP ( 'NONE', ( #3686, #183, #1124, #5081 ) ) ;
#146 = CARTESIAN_POINT ( 'NONE',  ( 27.79999999999999361, 4.000000000000002665, 9.950000000000002842 ) ) ;
#147 = CARTESIAN_POINT ( 'NONE',  ( 7.466666666666661456, 0.4666666666666638430, 2.983333333333331616 ) ) ;
#148 = DIRECTION ( 'NONE',  ( 1.000000000000000000, 0.0000000000000000000, -0.0000000000000000000 ) ) ;
#149 = DIRECTION ( 'NONE',  ( -1.000000000000000000, -1.156482317317871725E-16, 0.0000000000000000000 ) ) ;
#150 = CARTESIAN_POINT ( 'NONE',  ( 8.904913843347606464E-16, 4.400000000000000355, 5.350000000000000533 ) ) ;
#151 = LINE ( 'NONE', #2469, #1927 ) ;
#152 = ORIENTED_EDGE ( 'NONE', *, *, #1975, .F. ) ;
#153 =( GEOMETRIC_REPRESENTATION_CONTEXT ( 3 ) GLOBAL_UNCERTAINTY_ASSIGNED_CONTEXT ( ( #4455 ) ) GLOBAL_UNIT_ASSIGNED_CONTEXT ( ( #4452, #1160, #3958 ) ) REPRESENTATION_CONTEXT ( 'NONE', 'WORKASPACE' ) );
#154 = CARTESIAN_POINT ( 'NONE',  ( 2.799999999999991829, 4.000000000000000000, 2.450000000000005063 ) ) ;
#155 = ORIENTED_EDGE ( 'NONE', *, *, #1292, .T. ) ;
#156 = VECTOR ( 'NONE', #4335, 1000.000000000000227 ) ;
#157 = DIRECTION ( 'NONE',  ( -1.000000000000000000, -1.156482317317871725E-16, 0.0000000000000000000 ) ) ;
#158 = FACE_OUTER_BOUND ( 'NONE', #2537, .T. ) ;
#159 = SURFACE_SIDE_STYLE ('',( #2167 ) ) ;
#160 = VERTEX_POINT ( 'NONE', #2539 ) ;
#161 = DIRECTION ( 'NONE',  ( 0.0000000000000000000, 0.7071067811865552333, -0.7071067811865398012 ) ) ;
#162 = SURFACE_SIDE_STYLE ('',( #3764 ) ) ;
#163 = SURFACE_STYLE_USAGE ( .BOTH. , #4499 ) ;
#164 = ADVANCED_FACE ( 'NONE', ( #485 ), #104, .T. ) ;
#165 = EDGE_LOOP ( 'NONE', ( #1063, #195, #3064, #1179 ) ) ;
#166 = FILL_AREA_STYLE ('',( #2148 ) ) ;
#167 =( NAMED_UNIT ( * ) SI_UNIT ( $, .STERADIAN. ) SOLID_ANGLE_UNIT ( ) );
#168 = EDGE_CURVE ( 'NONE', #191, #3999, #2118, .T. ) ;
#169 = EDGE_CURVE ( 'NONE', #2903, #5069, #4980, .T. ) ;
#170 = ORIENTED_EDGE ( 'NONE', *, *, #3343, .T. ) ;
#171 = ORIENTED_EDGE ( 'NONE', *, *, #4120, .T. ) ;
#172 =( NAMED_UNIT ( * ) PLANE_ANGLE_UNIT ( ) SI_UNIT ( $, .RADIAN. ) );
#173 =( NAMED_UNIT ( * ) PLANE_ANGLE_UNIT ( ) SI_UNIT ( $, .RADIAN. ) );
#174 = LINE ( 'NONE', #1411, #916 ) ;
#175 = DIRECTION ( 'NONE',  ( 0.0000000000000000000, 0.0000000000000000000, -1.000000000000000000 ) ) ;
#176 = ORIENTED_EDGE ( 'NONE', *, *, #1112, .F. ) ;
#177 = LINE ( 'NONE', #2285, #2716 ) ;
#178 = FACE_BOUND ( 'NONE', #3165, .T. ) ;
#179 = SURFACE_STYLE_USAGE ( .BOTH. , #1517 ) ;
#180 = FACE_OUTER_BOUND ( 'NONE', #3434, .T. ) ;
#181 = DIRECTION ( 'NONE',  ( 0.0000000000000000000, 1.000000000000000000, 0.0000000000000000000 ) ) ;
#182 =( NAMED_UNIT ( * ) PLANE_ANGLE_UNIT ( ) SI_UNIT ( $, .RADIAN. ) );
#183 = ORIENTED_EDGE ( 'NONE', *, *, #3603, .F. ) ;
#184 = MECHANICAL_DESIGN_GEOMETRIC_PRESENTATION_REPRESENTATION (  '', ( #3366 ), #3800 ) ;
#185 = CARTESIAN_POINT ( 'NONE',  ( 27.79999999999999361, 4.000000000000002665, 9.950000000000002842 ) ) ;
#186 = DIRECTION ( 'NONE',  ( -0.0000000000000000000, -1.000000000000000000, -0.0000000000000000000 ) ) ;
#187 = ORIENTED_EDGE ( 'NONE', *, *, #659, .T. ) ;
#188 = LINE ( 'NONE', #1813, #3326 ) ;
#189 = VECTOR ( 'NONE', #4126, 1000.000000000000000 ) ;
#190 = CARTESIAN_POINT ( 'NONE',  ( 2.799999999999991829, 4.000000000000000000, 2.450000000000005063 ) ) ;
#191 = VERTEX_POINT ( 'NONE', #2565 ) ;
#192 =( NAMED_UNIT ( * ) SI_UNIT ( $, .STERADIAN. ) SOLID_ANGLE_UNIT ( ) );
#193 = EDGE_CURVE ( 'NONE', #4526, #3693, #3794, .T. ) ;
#194 = UNCERTAINTY_MEASURE_WITH_UNIT (LENGTH_MEASURE( 1.000000000000000082E-05 ), #3699, 'distance_accuracy_value', 'NONE');
#195 = ORIENTED_EDGE ( 'NONE', *, *, #4147, .F. ) ;
#196 = PRESENTATION_LAYER_ASSIGNMENT (  '', '', ( #2467 ) ) ;
#197 = ADVANCED_FACE ( 'NONE', ( #3289 ), #4193, .F. ) ;
#198 = DIRECTION ( 'NONE',  ( -1.000000000000000000, -1.156482317317871725E-16, 0.0000000000000000000 ) ) ;
#199 = FACE_OUTER_BOUND ( 'NONE', #145, .T. ) ;
#200 = DIRECTION ( 'NONE',  ( 0.0000000000000000000, 0.0000000000000000000, -1.000000000000000000 ) ) ;
#201 = LINE ( 'NONE', #3450, #135 ) ;
#202 = EDGE_LOOP ( 'NONE', ( #4621, #3969, #2780, #2214 ) ) ;
#203 = ADVANCED_FACE ( 'NONE', ( #596 ), #1814, .F. ) ;
#204 = VECTOR ( 'NONE', #1682, 1000.000000000000000 ) ;
#205 = CARTESIAN_POINT ( 'NONE',  ( 2.533333333333322557, 0.4666666666666632879, 2.983333333333331616 ) ) ;
#206 = DIRECTION ( 'NONE',  ( 0.0000000000000000000, -0.0000000000000000000, 1.000000000000000000 ) ) ;
#207 = SURFACE_SIDE_STYLE ('',( #282 ) ) ;
#208 = AXIS2_PLACEMENT_3D ( 'NONE', #2422, #2185, #4569 ) ;
#209 = DIRECTION ( 'NONE',  ( -0.0000000000000000000, -0.0000000000000000000, -1.000000000000000000 ) ) ;
#210 = VERTEX_POINT ( 'NONE', #293 ) ;
#211 = COLOUR_RGB ( '',0.7529411764705882248, 0.7529411764705882248, 0.7529411764705882248 ) ;
#212 = DIRECTION ( 'NONE',  ( 0.7071067811865414665, 0.7071067811865536790, -0.0000000000000000000 ) ) ;
#213 = ORIENTED_EDGE ( 'NONE', *, *, #2098, .F. ) ;
#214 = CARTESIAN_POINT ( 'NONE',  ( 1.000000000000000888, 0.0000000000000000000, 12.19999999999999929 ) ) ;
#215 = ORIENTED_EDGE ( 'NONE', *, *, #3832, .F. ) ;
#216 = VECTOR ( 'NONE', #1782, 1000.000000000000000 ) ;
#217 = AXIS2_PLACEMENT_3D ( 'NONE', #688, #2287, #281 ) ;
#219 = AXIS2_PLACEMENT_3D ( 'NONE', #3351, #4940, #1387 ) ;
#218 = LINE ( 'NONE', #1842, #3335 ) ;
#220 = ORIENTED_EDGE ( 'NONE', *, *, #2258, .T. ) ;
#221 = DIRECTION ( 'NONE',  ( 0.0000000000000000000, 0.0000000000000000000, 1.000000000000000000 ) ) ;
#222 = ORIENTED_EDGE ( 'NONE', *, *, #3805, .F. ) ;
#223 = SURFACE_STYLE_FILL_AREA ( #1408 ) ;
#224 = EDGE_CURVE ( 'NONE', #5069, #965, #3851, .T. ) ;
#225 =( LENGTH_UNIT ( ) NAMED_UNIT ( * ) SI_UNIT ( .MILLI., .METRE. ) );
#226 = EDGE_CURVE ( 'NONE', #1348, #2715, #3034, .T. ) ;
#227 = VERTEX_POINT ( 'NONE', #3876 ) ;
#228 = VECTOR ( 'NONE', #2054, 1000.000000000000000 ) ;
#229 = CARTESIAN_POINT ( 'NONE',  ( 11.99999999999998934, 1.137523590804463723E-15, 13.19999999999999929 ) ) ;
#230 = ADVANCED_FACE ( 'NONE', ( #3932 ), #5046, .F. ) ;
#231 = DIRECTION ( 'NONE',  ( 0.0000000000000000000, 0.0000000000000000000, -1.000000000000000000 ) ) ;
#232 = EDGE_CURVE ( 'NONE', #107, #5069, #1476, .T. ) ;
#233 = VERTEX_POINT ( 'NONE', #723 ) ;
#234 = LINE ( 'NONE', #1028, #2495 ) ;
#235 = FILL_AREA_STYLE ('',( #1466 ) ) ;
#236 = ORIENTED_EDGE ( 'NONE', *, *, #2107, .F. ) ;
#237 = SURFACE_STYLE_FILL_AREA ( #3264 ) ;
#238 = VECTOR ( 'NONE', #1335, 1000.000000000000000 ) ;
#239 =( LENGTH_UNIT ( ) NAMED_UNIT ( * ) SI_UNIT ( .MILLI., .METRE. ) );
#240 = FILL_AREA_STYLE ('',( #1456 ) ) ;
#241 = DIRECTION ( 'NONE',  ( 1.000000000000000000, 0.0000000000000000000, -0.0000000000000000000 ) ) ;
#242 = ORIENTED_EDGE ( 'NONE', *, *, #2988, .F. ) ;
#243 = FILL_AREA_STYLE ('',( #3855 ) ) ;
#244 = UNCERTAINTY_MEASURE_WITH_UNIT (LENGTH_MEASURE( 1.000000000000000082E-05 ), #4071, 'distance_accuracy_value', 'NONE');
#245 = EDGE_LOOP ( 'NONE', ( #3818, #730, #1295, #2786 ) ) ;
#246 =( NAMED_UNIT ( * ) SI_UNIT ( $, .STERADIAN. ) SOLID_ANGLE_UNIT ( ) );
#247 = PLANE ( 'NONE',  #1832 ) ;
#248 = DIRECTION ( 'NONE',  ( 1.000000000000000000, -0.0000000000000000000, -0.0000000000000000000 ) ) ;
#249 = ORIENTED_EDGE ( 'NONE', *, *, #941, .F. ) ;
#250 = ADVANCED_FACE ( 'NONE', ( #3425 ), #2250, .F. ) ;
#251 = DIRECTION ( 'NONE',  ( 1.156482317317871725E-16, -1.000000000000000000, -0.0000000000000000000 ) ) ;
#252 = CARTESIAN_POINT ( 'NONE',  ( 12.19999999999999218, 4.000000000000000888, 9.950000000000002842 ) ) ;
#253 = DIRECTION ( 'NONE',  ( 0.0000000000000000000, 0.0000000000000000000, -1.000000000000000000 ) ) ;
#254 = ORIENTED_EDGE ( 'NONE', *, *, #4936, .T. ) ;
#255 = DIRECTION ( 'NONE',  ( -0.5773502691896282846, 0.5773502691896182926, 0.5773502691896308381 ) ) ;
#256 = EDGE_CURVE ( 'NONE', #3999, #227, #808, .T. ) ;
#257 = DIRECTION ( 'NONE',  ( 0.0000000000000000000, -0.7071067811865398012, 0.7071067811865552333 ) ) ;
#258 = EDGE_CURVE ( 'NONE', #1110, #233, #344, .T. ) ;
#259 =( LENGTH_UNIT ( ) NAMED_UNIT ( * ) SI_UNIT ( .MILLI., .METRE. ) );
#260 = ORIENTED_EDGE ( 'NONE', *, *, #2694, .T. ) ;
#261 =( NAMED_UNIT ( * ) SI_UNIT ( $, .STERADIAN. ) SOLID_ANGLE_UNIT ( ) );
#262 = ORIENTED_EDGE ( 'NONE', *, *, #3305, .F. ) ;
#263 = CARTESIAN_POINT ( 'NONE',  ( 1.000000000000000888, 0.0000000000000000000, 13.19999999999999929 ) ) ;
#264 =( LENGTH_UNIT ( ) NAMED_UNIT ( * ) SI_UNIT ( .MILLI., .METRE. ) );
#265 = CARTESIAN_POINT ( 'NONE',  ( 2.799999999999991829, 0.1999999999999987899, 2.450000000000005063 ) ) ;
#266 = CARTESIAN_POINT ( 'NONE',  ( 30.50000000000000000, 0.0000000000000000000, 13.19999999999999929 ) ) ;
#267 = FACE_OUTER_BOUND ( 'NONE', #2093, .T. ) ;
#268 = CARTESIAN_POINT ( 'NONE',  ( 12.53333333333332256, 0.4666666666666644536, 2.983333333333331616 ) ) ;
#269 = VERTEX_POINT ( 'NONE', #863 ) ;
#270 = EDGE_LOOP ( 'NONE', ( #3360, #3781, #976, #236 ) ) ;
#271 =( NAMED_UNIT ( * ) SI_UNIT ( $, .STERADIAN. ) SOLID_ANGLE_UNIT ( ) );
#272 = AXIS2_PLACEMENT_3D ( 'NONE', #4233, #635, #257 ) ;
#273 = ORIENTED_EDGE ( 'NONE', *, *, #4408, .T. ) ;
#274 =( NAMED_UNIT ( * ) SI_UNIT ( $, .STERADIAN. ) SOLID_ANGLE_UNIT ( ) );
#275 = DIRECTION ( 'NONE',  ( -1.000000000000000000, 0.0000000000000000000, 0.0000000000000000000 ) ) ;
#276 = STYLED_ITEM ( 'NONE', ( #943 ), #737 ) ;
#277 = EDGE_LOOP ( 'NONE', ( #701, #757, #4986, #4314 ) ) ;
#278 = PLANE ( 'NONE',  #547 ) ;
#279 =( GEOMETRIC_REPRESENTATION_CONTEXT ( 3 ) GLOBAL_UNCERTAINTY_ASSIGNED_CONTEXT ( ( #2979 ) ) GLOBAL_UNIT_ASSIGNED_CONTEXT ( ( #1608, #1210, #2806 ) ) REPRESENTATION_CONTEXT ( 'NONE', 'WORKASPACE' ) );
#280 =( NAMED_UNIT ( * ) SI_UNIT ( $, .STERADIAN. ) SOLID_ANGLE_UNIT ( ) );
#281 = DIRECTION ( 'NONE',  ( -0.0000000000000000000, 0.0000000000000000000, -1.000000000000000000 ) ) ;
#282 = SURFACE_STYLE_FILL_AREA ( #4230 ) ;
#283 = COLOUR_RGB ( '',0.7529411764705882248, 0.7529411764705882248, 0.7529411764705882248 ) ;
#284 = EDGE_LOOP ( 'NONE', ( #2689, #4468, #926, #370 ) ) ;
#285 = DIRECTION ( 'NONE',  ( -1.000000000000000000, -1.156482317317871478E-16, 0.0000000000000000000 ) ) ;
#286 = ORIENTED_EDGE ( 'NONE', *, *, #3836, .F. ) ;
#287 = FACE_OUTER_BOUND ( 'NONE', #1134, .T. ) ;
#288 = DIRECTION ( 'NONE',  ( 0.0000000000000000000, 0.0000000000000000000, 1.000000000000000000 ) ) ;
#289 = VECTOR ( 'NONE', #1026, 1000.000000000000000 ) ;
#290 =( LENGTH_UNIT ( ) NAMED_UNIT ( * ) SI_UNIT ( .MILLI., .METRE. ) );
#291 = ADVANCED_FACE ( 'NONE', ( #447 ), #3624, .F. ) ;
#292 = SURFACE_SIDE_STYLE ('',( #5073 ) ) ;
#293 = CARTESIAN_POINT ( 'NONE',  ( 7.999999999999992895, 9.199999999999999289, 10.59999999999999964 ) ) ;
#294 = VECTOR ( 'NONE', #4029, 1000.000000000000000 ) ;
#295 = CARTESIAN_POINT ( 'NONE',  ( 0.0000000000000000000, 0.0000000000000000000, 9.750000000000000000 ) ) ;
#296 = DIRECTION ( 'NONE',  ( -0.5773502691896282846, -0.5773502691896182926, -0.5773502691896308381 ) ) ;
#297 = ORIENTED_EDGE ( 'NONE', *, *, #3936, .F. ) ;
#298 = PRESENTATION_LAYER_ASSIGNMENT (  '', '', ( #381 ) ) ;
#299 = VECTOR ( 'NONE', #3324, 1000.000000000000000 ) ;
#300 = EDGE_CURVE ( 'NONE', #1389, #4790, #397, .T. ) ;
#301 = VERTEX_POINT ( 'NONE', #23 ) ;
#302 = PRESENTATION_STYLE_ASSIGNMENT (( #1945 ) ) ;
#303 = VECTOR ( 'NONE', #1712, 1000.000000000000227 ) ;
#304 = VECTOR ( 'NONE', #953, 1000.000000000000000 ) ;
#305 = ORIENTED_EDGE ( 'NONE', *, *, #4574, .T. ) ;
#306 = CARTESIAN_POINT ( 'NONE',  ( 6.999999999999992006, 13.19999999999999929, 10.09999999999999964 ) ) ;
#307 =( GEOMETRIC_REPRESENTATION_CONTEXT ( 3 ) GLOBAL_UNCERTAINTY_ASSIGNED_CONTEXT ( ( #3339 ) ) GLOBAL_UNIT_ASSIGNED_CONTEXT ( ( #2850, #67, #520 ) ) REPRESENTATION_CONTEXT ( 'NONE', 'WORKASPACE' ) );
#308 = ORIENTED_EDGE ( 'NONE', *, *, #1145, .T. ) ;
#309 = CYLINDRICAL_SURFACE ( 'NONE', #3051, 1.000000000000000000 ) ;
#310 = FACE_OUTER_BOUND ( 'NONE', #1098, .T. ) ;
#311 = AXIS2_PLACEMENT_3D ( 'NONE', #792, #1590, #2385 ) ;
#312 = PLANE ( 'NONE',  #443 ) ;
#313 = DIRECTION ( 'NONE',  ( 1.156482317317871725E-16, -1.000000000000000000, -0.0000000000000000000 ) ) ;
#314 = EDGE_LOOP ( 'NONE', ( #1812, #2975, #2534, #129 ) ) ;
#315 = SURFACE_STYLE_FILL_AREA ( #1572 ) ;
#316 = ORIENTED_EDGE ( 'NONE', *, *, #3170, .T. ) ;
#318 = CIRCLE ( 'NONE', #4181, 1.000000000000000000 ) ;
#317 = DIRECTION ( 'NONE',  ( -1.000000000000000000, 0.0000000000000000000, 0.0000000000000000000 ) ) ;
#319 =( NAMED_UNIT ( * ) PLANE_ANGLE_UNIT ( ) SI_UNIT ( $, .RADIAN. ) );
#320 = DIRECTION ( 'NONE',  ( 1.156482317317871725E-16, -1.000000000000000000, 0.0000000000000000000 ) ) ;
#321 = CIRCLE ( 'NONE', #2339, 2.749999999999998224 ) ;
#322 = CARTESIAN_POINT ( 'NONE',  ( 1.000000000000000444, 0.0000000000000000000, 13.19999999999999929 ) ) ;
#323 = ADVANCED_FACE ( 'NONE', ( #2430 ), #1959, .F. ) ;
#324 = PLANE ( 'NONE',  #385 ) ;
#325 = LINE ( 'NONE', #3119, #1181 ) ;
#326 = ORIENTED_EDGE ( 'NONE', *, *, #2265, .T. ) ;
#327 = EDGE_CURVE ( 'NONE', #3949, #3431, #1267, .T. ) ;
#328 = EDGE_LOOP ( 'NONE', ( #475, #3548, #4833, #3510 ) ) ;
#329 = FILL_AREA_STYLE_COLOUR ( '', #1481 ) ;
#330 = PRESENTATION_LAYER_ASSIGNMENT (  '', '', ( #2518 ) ) ;
#331 = EDGE_CURVE ( 'NONE', #3155, #1881, #4392, .T. ) ;
#332 = CARTESIAN_POINT ( 'NONE',  ( 7.199999999999992184, 4.000000000000000888, 2.450000000000005063 ) ) ;
#333 = VERTEX_POINT ( 'NONE', #4032 ) ;
#334 = DIRECTION ( 'NONE',  ( 0.0000000000000000000, 0.7071067811865398012, 0.7071067811865552333 ) ) ;
#335 = CARTESIAN_POINT ( 'NONE',  ( 7.799999999999992717, 4.000000000000000888, 10.74999999999999822 ) ) ;
#336 = FILL_AREA_STYLE ('',( #435 ) ) ;
#337 = CARTESIAN_POINT ( 'NONE',  ( 19.99999999999999645, 13.20000000000000284, 8.200000000000002842 ) ) ;
#338 =( LENGTH_UNIT ( ) NAMED_UNIT ( * ) SI_UNIT ( .MILLI., .METRE. ) );
#339 = VERTEX_POINT ( 'NONE', #776 ) ;
#340 = CARTESIAN_POINT ( 'NONE',  ( 27.19999999999999574, 4.000000000000002665, 10.74999999999999822 ) ) ;
#341 = DIRECTION ( 'NONE',  ( -0.0000000000000000000, -0.0000000000000000000, 1.000000000000000000 ) ) ;
#342 = CARTESIAN_POINT ( 'NONE',  ( 11.99999999999999112, 13.20000000000000107, 10.59999999999999964 ) ) ;
#343 = SURFACE_STYLE_USAGE ( .BOTH. , #292 ) ;
#344 = LINE ( 'NONE', #3145, #4794 ) ;
#345 = CARTESIAN_POINT ( 'NONE',  ( 7.199999999999993072, 0.1999999999999993727, 9.950000000000002842 ) ) ;
#346 = CARTESIAN_POINT ( 'NONE',  ( 2.799999999999993161, 4.000000000000000000, 9.950000000000002842 ) ) ;
#347 = LINE ( 'NONE', #3607, #1431 ) ;
#348 = ORIENTED_EDGE ( 'NONE', *, *, #973, .T. ) ;
#349 = UNCERTAINTY_MEASURE_WITH_UNIT (LENGTH_MEASURE( 1.000000000000000082E-05 ), #1966, 'distance_accuracy_value', 'NONE');
#350 = LINE ( 'NONE', #1586, #3713 ) ;
#351 = DIRECTION ( 'NONE',  ( 0.0000000000000000000, -0.0000000000000000000, 1.000000000000000000 ) ) ;
#352 = ADVANCED_FACE ( 'NONE', ( #2836 ), #1549, .F. ) ;
#353 = EDGE_CURVE ( 'NONE', #1346, #2026, #1985, .T. ) ;
#354 = VERTEX_POINT ( 'NONE', #1627 ) ;
#355 = VECTOR ( 'NONE', #1891, 1000.000000000000000 ) ;
#356 = LINE ( 'NONE', #3209, #1908 ) ;
#357 = EDGE_CURVE ( 'NONE', #4492, #1666, #5111, .T. ) ;
#358 = AXIS2_PLACEMENT_3D ( 'NONE', #1283, #2308, #2848 ) ;
#359 = PRESENTATION_STYLE_ASSIGNMENT (( #1568 ) ) ;
#360 = EDGE_CURVE ( 'NONE', #3598, #1280, #2733, .T. ) ;
#361 = VECTOR ( 'NONE', #4787, 1000.000000000000000 ) ;
#362 = DIRECTION ( 'NONE',  ( 0.0000000000000000000, 0.0000000000000000000, 1.000000000000000000 ) ) ;
#363 = LINE ( 'NONE', #5150, #1259 ) ;
#364 = FILL_AREA_STYLE_COLOUR ( '', #1363 ) ;
#365 = CARTESIAN_POINT ( 'NONE',  ( 1.999999999999991340, 9.199999999999999289, 2.600000000000003197 ) ) ;
#366 = VERTEX_POINT ( 'NONE', #1654 ) ;
#367 = CARTESIAN_POINT ( 'NONE',  ( 27.79999999999999005, 0.2000000000000016487, 3.250000000000002220 ) ) ;
#368 = DIRECTION ( 'NONE',  ( -0.7071067811865536790, -0.7071067811865414665, 0.0000000000000000000 ) ) ;
#369 = LINE ( 'NONE', #955, #991 ) ;
#370 = ORIENTED_EDGE ( 'NONE', *, *, #4938, .F. ) ;
#371 = STYLED_ITEM ( 'NONE', ( #743 ), #1361 ) ;
#372 = FACE_OUTER_BOUND ( 'NONE', #1262, .T. ) ;
#373 = ORIENTED_EDGE ( 'NONE', *, *, #1628, .F. ) ;
#374 = LINE ( 'NONE', #4012, #2541 ) ;
#375 = CARTESIAN_POINT ( 'NONE',  ( 8.904913843347606464E-16, 4.400000000000000355, 5.350000000000000533 ) ) ;
#376 =( NAMED_UNIT ( * ) PLANE_ANGLE_UNIT ( ) SI_UNIT ( $, .RADIAN. ) );
#377 = ORIENTED_EDGE ( 'NONE', *, *, #4250, .T. ) ;
#378 = DIRECTION ( 'NONE',  ( -1.000000000000000000, 0.0000000000000000000, 0.0000000000000000000 ) ) ;
#379 = LINE ( 'NONE', #1223, #1268 ) ;
#380 = VERTEX_POINT ( 'NONE', #3171 ) ;
#381 = STYLED_ITEM ( 'NONE', ( #4810 ), #3274 ) ;
#382 = VECTOR ( 'NONE', #275, 1000.000000000000000 ) ;
#383 = DIRECTION ( 'NONE',  ( 0.0000000000000000000, 1.000000000000000000, 0.0000000000000000000 ) ) ;
#384 = EDGE_CURVE ( 'NONE', #4878, #5167, #1186, .T. ) ;
#385 = AXIS2_PLACEMENT_3D ( 'NONE', #4931, #4055, #1376 ) ;
#386 = PLANE ( 'NONE',  #4274 ) ;
#387 = EDGE_CURVE ( 'NONE', #2133, #4483, #3220, .T. ) ;
#388 = STYLED_ITEM ( 'NONE', ( #3822 ), #3892 ) ;
#389 =( GEOMETRIC_REPRESENTATION_CONTEXT ( 3 ) GLOBAL_UNCERTAINTY_ASSIGNED_CONTEXT ( ( #1942 ) ) GLOBAL_UNIT_ASSIGNED_CONTEXT ( ( #338, #3517, #1177 ) ) REPRESENTATION_CONTEXT ( 'NONE', 'WORKASPACE' ) );
#390 = CARTESIAN_POINT ( 'NONE',  ( 12.99999999999999112, 13.20000000000000107, 2.600000000000003197 ) ) ;
#391 = EDGE_CURVE ( 'NONE', #3581, #2299, #2166, .T. ) ;
#392 = LINE ( 'NONE', #3113, #1087 ) ;
#393 = ORIENTED_EDGE ( 'NONE', *, *, #2670, .F. ) ;
#394 = DIRECTION ( 'NONE',  ( 1.156482317317871725E-16, -1.000000000000000000, -0.0000000000000000000 ) ) ;
#395 = DIRECTION ( 'NONE',  ( 1.000000000000000000, 0.0000000000000000000, -0.0000000000000000000 ) ) ;
#396 = VERTEX_POINT ( 'NONE', #1373 ) ;
#397 = LINE ( 'NONE', #4425, #978 ) ;
#398 = AXIS2_PLACEMENT_3D ( 'NONE', #1289, #1175, #41 ) ;
#399 = ORIENTED_EDGE ( 'NONE', *, *, #2290, .F. ) ;
#400 = ORIENTED_EDGE ( 'NONE', *, *, #1285, .T. ) ;
#401 = UNCERTAINTY_MEASURE_WITH_UNIT (LENGTH_MEASURE( 1.000000000000000082E-05 ), #131, 'distance_accuracy_value', 'NONE');
#402 = VECTOR ( 'NONE', #3071, 1000.000000000000000 ) ;
#403 = PLANE ( 'NONE',  #2224 ) ;
#404 = AXIS2_PLACEMENT_3D ( 'NONE', #4522, #4549, #886 ) ;
#405 = ORIENTED_EDGE ( 'NONE', *, *, #5146, .T. ) ;
#406 = CARTESIAN_POINT ( 'NONE',  ( 7.199999999999993072, 4.000000000000000888, 9.950000000000002842 ) ) ;
#407 = ORIENTED_EDGE ( 'NONE', *, *, #1661, .F. ) ;
#408 = DIRECTION ( 'NONE',  ( -0.0000000000000000000, -0.0000000000000000000, 1.000000000000000000 ) ) ;
#409 = PLANE ( 'NONE',  #4167 ) ;
#410 = FILL_AREA_STYLE ('',( #1569 ) ) ;
#411 = FILL_AREA_STYLE ('',( #3644 ) ) ;
#412 = DIRECTION ( 'NONE',  ( 0.0000000000000000000, 0.0000000000000000000, 1.000000000000000000 ) ) ;
#413 = VERTEX_POINT ( 'NONE', #2920 ) ;
#414 = FACE_OUTER_BOUND ( 'NONE', #771, .T. ) ;
#415 = LINE ( 'NONE', #1547, #724 ) ;
#416 = VERTEX_POINT ( 'NONE', #3280 ) ;
#417 = SURFACE_STYLE_USAGE ( .BOTH. , #775 ) ;
#418 = ADVANCED_FACE ( 'NONE', ( #158 ), #74, .F. ) ;
#419 = CARTESIAN_POINT ( 'NONE',  ( 27.79999999999999361, 0.2000000000000016487, 10.74999999999999822 ) ) ;
#420 = EDGE_CURVE ( 'NONE', #3999, #2668, #892, .T. ) ;
#421 = DIRECTION ( 'NONE',  ( 2.081668171172166620E-14, 0.0000000000000000000, 1.000000000000000000 ) ) ;
#422 = DIRECTION ( 'NONE',  ( 0.0000000000000000000, -1.000000000000000000, 0.0000000000000000000 ) ) ;
#423 = EDGE_LOOP ( 'NONE', ( #670, #546, #4558, #629 ) ) ;
#424 = SURFACE_SIDE_STYLE ('',( #4427 ) ) ;
#425 = CARTESIAN_POINT ( 'NONE',  ( 25.00000000000000000, 2.843808977011159604E-15, 3.450000000000005063 ) ) ;
#426 = CARTESIAN_POINT ( 'NONE',  ( 2.999999999999991562, 9.199999999999999289, 3.100000000000003197 ) ) ;
#427 = SURFACE_STYLE_FILL_AREA ( #4036 ) ;
#428 = EDGE_CURVE ( 'NONE', #5107, #1871, #4524, .T. ) ;
#429 = LINE ( 'NONE', #3632, #2697 ) ;
#430 = DIRECTION ( 'NONE',  ( 1.156482317317871725E-16, -1.000000000000000000, -0.0000000000000000000 ) ) ;
#431 = ORIENTED_EDGE ( 'NONE', *, *, #1178, .T. ) ;
#432 = DIRECTION ( 'NONE',  ( 1.000000000000000000, 0.0000000000000000000, 0.0000000000000000000 ) ) ;
#433 = LINE ( 'NONE', #4090, #2908 ) ;
#434 = ORIENTED_EDGE ( 'NONE', *, *, #3901, .F. ) ;
#435 = FILL_AREA_STYLE_COLOUR ( '', #2961 ) ;
#436 = VECTOR ( 'NONE', #1993, 1000.000000000000000 ) ;
#437 = FACE_OUTER_BOUND ( 'NONE', #277, .T. ) ;
#438 = DIRECTION ( 'NONE',  ( -0.5773502691896290617, 0.5773502691896190697, 0.5773502691896290617 ) ) ;
#439 = CARTESIAN_POINT ( 'NONE',  ( 27.79999999999999361, 4.000000000000002665, 10.74999999999999822 ) ) ;
#440 = STYLED_ITEM ( 'NONE', ( #2614 ), #230 ) ;
#441 = CLOSED_SHELL ( 'NONE', ( #1361, #4375, #230, #5148, #3133, #590 ) ) ;
#442 = FACE_OUTER_BOUND ( 'NONE', #1801, .T. ) ;
#443 = AXIS2_PLACEMENT_3D ( 'NONE', #1934, #3515, #4041 ) ;
#444 = EDGE_LOOP ( 'NONE', ( #2216, #4064, #3250, #2906 ) ) ;
#445 = ORIENTED_EDGE ( 'NONE', *, *, #1917, .T. ) ;
#446 = SURFACE_STYLE_USAGE ( .BOTH. , #5123 ) ;
#447 = FACE_OUTER_BOUND ( 'NONE', #3506, .T. ) ;
#448 = EDGE_CURVE ( 'NONE', #4460, #3480, #586, .T. ) ;
#449 = VERTEX_POINT ( 'NONE', #954 ) ;
#450 = CARTESIAN_POINT ( 'NONE',  ( 7.799999999999991829, 0.1999999999999993727, 2.450000000000005063 ) ) ;
#451 = CARTESIAN_POINT ( 'NONE',  ( 25.00000000000000000, 9.200000000000002842, 5.350000000000000533 ) ) ;
#452 = MECHANICAL_DESIGN_GEOMETRIC_PRESENTATION_REPRESENTATION (  '', ( #3464 ), #4400 ) ;
#453 = EDGE_CURVE ( 'NONE', #1389, #603, #1007, .T. ) ;
#454 = DIRECTION ( 'NONE',  ( 1.000000000000000000, -0.0000000000000000000, -0.0000000000000000000 ) ) ;
#455 = DIRECTION ( 'NONE',  ( -0.5773502691896282846, -0.5773502691896182926, 0.5773502691896308381 ) ) ;
#456 = UNCERTAINTY_MEASURE_WITH_UNIT (LENGTH_MEASURE( 1.000000000000000082E-05 ), #264, 'distance_accuracy_value', 'NONE');
#457 = PRESENTATION_STYLE_ASSIGNMENT (( #1688 ) ) ;
#458 = AXIS2_PLACEMENT_3D ( 'NONE', #4270, #3018, #1121 ) ;
#459 = SURFACE_SIDE_STYLE ('',( #4457 ) ) ;
#460 = EDGE_CURVE ( 'NONE', #449, #2508, #4876, .T. ) ;
#461 = ORIENTED_EDGE ( 'NONE', *, *, #3077, .F. ) ;
#462 = FILL_AREA_STYLE_COLOUR ( '', #3135 ) ;
#463 = DIRECTION ( 'NONE',  ( 0.0000000000000000000, 0.0000000000000000000, 1.000000000000000000 ) ) ;
#464 = CARTESIAN_POINT ( 'NONE',  ( 11.99999999999998757, -1.084202172485504434E-16, 9.749999999999998224 ) ) ;
#465 = EDGE_LOOP ( 'NONE', ( #2031, #3869, #3451, #861 ) ) ;
#466 = CARTESIAN_POINT ( 'NONE',  ( 30.50000000000000000, 0.0000000000000000000, 13.19999999999999929 ) ) ;
#467 = LINE ( 'NONE', #1962, #2067 ) ;
#468 = CARTESIAN_POINT ( 'NONE',  ( 7.999999999999991118, 13.19999999999999929, 10.59999999999999964 ) ) ;
#469 =( LENGTH_UNIT ( ) NAMED_UNIT ( * ) SI_UNIT ( .MILLI., .METRE. ) );
#470 = VECTOR ( 'NONE', #4395, 1000.000000000000000 ) ;
#472 = AXIS2_PLACEMENT_3D ( 'NONE', #703, #2332, #1137 ) ;
#471 =( NAMED_UNIT ( * ) SI_UNIT ( $, .STERADIAN. ) SOLID_ANGLE_UNIT ( ) );
#473 = VECTOR ( 'NONE', #1811, 1000.000000000000227 ) ;
#474 = VECTOR ( 'NONE', #1213, 1000.000000000000000 ) ;
#475 = ORIENTED_EDGE ( 'NONE', *, *, #2196, .T. ) ;
#476 = ORIENTED_EDGE ( 'NONE', *, *, #2039, .T. ) ;
#477 = MECHANICAL_DESIGN_GEOMETRIC_PRESENTATION_REPRESENTATION (  '', ( #2820 ), #3068 ) ;
#478 = DIRECTION ( 'NONE',  ( 1.000000000000000000, 0.0000000000000000000, -0.0000000000000000000 ) ) ;
#479 = ORIENTED_EDGE ( 'NONE', *, *, #3406, .T. ) ;
#480 = FACE_OUTER_BOUND ( 'NONE', #3884, .T. ) ;
#482 = CIRCLE ( 'NONE', #2819, 1.000000000000000000 ) ;
#481 = LINE ( 'NONE', #4528, #4842 ) ;
#483 = FILL_AREA_STYLE ('',( #898 ) ) ;
#484 = LINE ( 'NONE', #2897, #2915 ) ;
#485 = FACE_OUTER_BOUND ( 'NONE', #4186, .T. ) ;
#486 = VECTOR ( 'NONE', #88, 1000.000000000000000 ) ;
#487 = ADVANCED_FACE ( 'NONE', ( #2111 ), #2506, .F. ) ;
#488 = FILL_AREA_STYLE_COLOUR ( '', #2052 ) ;
#489 = ORIENTED_EDGE ( 'NONE', *, *, #3246, .T. ) ;
#490 = MECHANICAL_DESIGN_GEOMETRIC_PRESENTATION_REPRESENTATION (  '', ( #3677 ), #153 ) ;
#491 = EDGE_CURVE ( 'NONE', #1847, #101, #4493, .T. ) ;
#492 = SURFACE_SIDE_STYLE ('',( #4436 ) ) ;
#493 = ORIENTED_EDGE ( 'NONE', *, *, #2587, .T. ) ;
#494 = EDGE_CURVE ( 'NONE', #3396, #1684, #3705, .T. ) ;
#495 = LINE ( 'NONE', #2523, #552 ) ;
#496 = LINE ( 'NONE', #2130, #3653 ) ;
#497 = CARTESIAN_POINT ( 'NONE',  ( 7.799999999999992717, 4.000000000000000888, 10.74999999999999822 ) ) ;
#498 = CARTESIAN_POINT ( 'NONE',  ( 11.99999999999999112, 13.20000000000000107, 10.59999999999999964 ) ) ;
#499 =( NAMED_UNIT ( * ) PLANE_ANGLE_UNIT ( ) SI_UNIT ( $, .RADIAN. ) );
#500 = ORIENTED_EDGE ( 'NONE', *, *, #4911, .F. ) ;
#501 = DIRECTION ( 'NONE',  ( 1.000000000000000000, 0.0000000000000000000, 0.0000000000000000000 ) ) ;
#502 = DIRECTION ( 'NONE',  ( 0.0000000000000000000, -1.000000000000000000, 0.0000000000000000000 ) ) ;
#503 = FACE_OUTER_BOUND ( 'NONE', #1603, .T. ) ;
#504 = DIRECTION ( 'NONE',  ( 0.0000000000000000000, 0.0000000000000000000, -1.000000000000000000 ) ) ;
#505 = DIRECTION ( 'NONE',  ( -1.000000000000000000, 0.0000000000000000000, 0.0000000000000000000 ) ) ;
#506 = ORIENTED_EDGE ( 'NONE', *, *, #1030, .F. ) ;
#507 = DIRECTION ( 'NONE',  ( -1.000000000000000000, 0.0000000000000000000, 0.0000000000000000000 ) ) ;
#508 = CARTESIAN_POINT ( 'NONE',  ( 7.199999999999993072, 4.000000000000000888, 10.74999999999999822 ) ) ;
#509 = ORIENTED_EDGE ( 'NONE', *, *, #4147, .T. ) ;
#510 = CARTESIAN_POINT ( 'NONE',  ( 11.99999999999999112, 13.20000000000000107, 10.09999999999999964 ) ) ;
#511 = CARTESIAN_POINT ( 'NONE',  ( 2.999999999999992006, 13.19999999999999929, 10.59999999999999964 ) ) ;
#512 = UNCERTAINTY_MEASURE_WITH_UNIT (LENGTH_MEASURE( 1.000000000000000082E-05 ), #3233, 'distance_accuracy_value', 'NONE');
#513 = LINE ( 'NONE', #80, #1234 ) ;
#514 =( NAMED_UNIT ( * ) PLANE_ANGLE_UNIT ( ) SI_UNIT ( $, .RADIAN. ) );
#515 = UNCERTAINTY_MEASURE_WITH_UNIT (LENGTH_MEASURE( 1.000000000000000082E-05 ), #2198, 'distance_accuracy_value', 'NONE');
#516 = ORIENTED_EDGE ( 'NONE', *, *, #1391, .T. ) ;
#517 = CARTESIAN_POINT ( 'NONE',  ( 14.99999999999999822, 4.400000000000002132, 5.350000000000000533 ) ) ;
#518 = ADVANCED_FACE ( 'NONE', ( #3309 ), #3684, .F. ) ;
#519 = ADVANCED_FACE ( 'NONE', ( #3436 ), #5041, .F. ) ;
#520 =( NAMED_UNIT ( * ) SI_UNIT ( $, .STERADIAN. ) SOLID_ANGLE_UNIT ( ) );
#521 = LINE ( 'NONE', #4870, #2254 ) ;
#522 = ORIENTED_EDGE ( 'NONE', *, *, #29, .T. ) ;
#523 = FACE_OUTER_BOUND ( 'NONE', #2563, .T. ) ;
#524 = EDGE_CURVE ( 'NONE', #3480, #210, #3489, .T. ) ;
#525 = LINE ( 'NONE', #154, #3413 ) ;
#526 = ORIENTED_EDGE ( 'NONE', *, *, #4992, .T. ) ;
#527 = DIRECTION ( 'NONE',  ( 0.0000000000000000000, 0.0000000000000000000, -1.000000000000000000 ) ) ;
#528 = ADVANCED_FACE ( 'NONE', ( #4972 ), #3785, .T. ) ;
#529 = CARTESIAN_POINT ( 'NONE',  ( 2.199999999999992628, 0.1999999999999987899, 9.950000000000002842 ) ) ;
#530 = FILL_AREA_STYLE_COLOUR ( '', #4306 ) ;
#531 = LINE ( 'NONE', #4551, #4405 ) ;
#532 = ORIENTED_EDGE ( 'NONE', *, *, #2667, .F. ) ;
#533 =( NAMED_UNIT ( * ) SI_UNIT ( $, .STERADIAN. ) SOLID_ANGLE_UNIT ( ) );
#534 = FACE_OUTER_BOUND ( 'NONE', #1914, .T. ) ;
#535 = DIRECTION ( 'NONE',  ( 0.0000000000000000000, 0.0000000000000000000, -1.000000000000000000 ) ) ;
#536 = VERTEX_POINT ( 'NONE', #1099 ) ;
#537 = CARTESIAN_POINT ( 'NONE',  ( 7.799999999999991829, 4.000000000000000888, 3.250000000000002220 ) ) ;
#538 = COLOUR_RGB ( '',0.7529411764705882248, 0.7529411764705882248, 1.000000000000000000 ) ;
#539 = CARTESIAN_POINT ( 'NONE',  ( 12.19999999999999218, 4.000000000000000888, 9.950000000000002842 ) ) ;
#540 = CARTESIAN_POINT ( 'NONE',  ( 12.79999999999999183, 4.000000000000000888, 2.450000000000005063 ) ) ;
#541 =( GEOMETRIC_REPRESENTATION_CONTEXT ( 3 ) GLOBAL_UNCERTAINTY_ASSIGNED_CONTEXT ( ( #4248 ) ) GLOBAL_UNIT_ASSIGNED_CONTEXT ( ( #2814, #2381, #3690 ) ) REPRESENTATION_CONTEXT ( 'NONE', 'WORKASPACE' ) );
#542 = VERTEX_POINT ( 'NONE', #1421 ) ;
#543 = LINE ( 'NONE', #2127, #1912 ) ;
#544 = CARTESIAN_POINT ( 'NONE',  ( 27.79999999999999005, 0.2000000000000016487, 2.450000000000005063 ) ) ;
#545 = CARTESIAN_POINT ( 'NONE',  ( 12.39999999999999503, 0.3999999999999981348, 2.650000000000007905 ) ) ;
#546 = ORIENTED_EDGE ( 'NONE', *, *, #4992, .F. ) ;
#547 = AXIS2_PLACEMENT_3D ( 'NONE', #3483, #2261, #4674 ) ;
#548 = CARTESIAN_POINT ( 'NONE',  ( 2.999999999999992450, 9.199999999999999289, 10.59999999999999964 ) ) ;
#549 = VERTEX_POINT ( 'NONE', #2627 ) ;
#550 = CARTESIAN_POINT ( 'NONE',  ( 25.00000000000000000, 2.843808977011159604E-15, 10.94999999999999929 ) ) ;
#551 = COLOUR_RGB ( '',0.7529411764705882248, 0.7529411764705882248, 1.000000000000000000 ) ;
#552 = VECTOR ( 'NONE', #4939, 1000.000000000000000 ) ;
#553 = ORIENTED_EDGE ( 'NONE', *, *, #1088, .F. ) ;
#554 = DIRECTION ( 'NONE',  ( 0.0000000000000000000, 0.0000000000000000000, 1.000000000000000000 ) ) ;
#555 = DIRECTION ( 'NONE',  ( -0.7071067811865414665, 0.7071067811865536790, 0.0000000000000000000 ) ) ;
#556 = EDGE_CURVE ( 'NONE', #2591, #1331, #2782, .T. ) ;
#557 = DIRECTION ( 'NONE',  ( 0.0000000000000000000, 0.0000000000000000000, 1.000000000000000000 ) ) ;
#558 =( GEOMETRIC_REPRESENTATION_CONTEXT ( 3 ) GLOBAL_UNCERTAINTY_ASSIGNED_CONTEXT ( ( #3712 ) ) GLOBAL_UNIT_ASSIGNED_CONTEXT ( ( #4371, #815, #1658 ) ) REPRESENTATION_CONTEXT ( 'NONE', 'WORKASPACE' ) );
#559 =( GEOMETRIC_REPRESENTATION_CONTEXT ( 3 ) GLOBAL_UNCERTAINTY_ASSIGNED_CONTEXT ( ( #3026 ) ) GLOBAL_UNIT_ASSIGNED_CONTEXT ( ( #290, #2346, #2373 ) ) REPRESENTATION_CONTEXT ( 'NONE', 'WORKASPACE' ) );
#560 = ADVANCED_FACE ( 'NONE', ( #1031 ), #4626, .F. ) ;
#561 = FACE_OUTER_BOUND ( 'NONE', #165, .T. ) ;
#562 = ORIENTED_EDGE ( 'NONE', *, *, #2359, .F. ) ;
#563 = CARTESIAN_POINT ( 'NONE',  ( 12.19999999999999218, 0.1999999999999999278, 2.450000000000005063 ) ) ;
#564 = PRESENTATION_STYLE_ASSIGNMENT (( #163 ) ) ;
#565 = EDGE_LOOP ( 'NONE', ( #705, #115, #3049, #1083, #3964, #21, #2395, #4701 ) ) ;
#566 = CARTESIAN_POINT ( 'NONE',  ( 27.79999999999999005, 0.2000000000000016487, 2.450000000000005063 ) ) ;
#567 =( GEOMETRIC_REPRESENTATION_CONTEXT ( 3 ) GLOBAL_UNCERTAINTY_ASSIGNED_CONTEXT ( ( #959 ) ) GLOBAL_UNIT_ASSIGNED_CONTEXT ( ( #1497, #1868, #2635 ) ) REPRESENTATION_CONTEXT ( 'NONE', 'WORKASPACE' ) );
#568 = MECHANICAL_DESIGN_GEOMETRIC_PRESENTATION_REPRESENTATION (  '', ( #4831 ), #4588 ) ;
#569 = DIRECTION ( 'NONE',  ( 1.000000000000000000, 0.0000000000000000000, 0.0000000000000000000 ) ) ;
#570 = CARTESIAN_POINT ( 'NONE',  ( 10.00000000000000000, 1.137523590804463723E-15, 10.94999999999999929 ) ) ;
#571 = PRESENTATION_LAYER_ASSIGNMENT (  '', '', ( #2663 ) ) ;
#572 = AXIS2_PLACEMENT_3D ( 'NONE', #3679, #2109, #3330 ) ;
#573 = ORIENTED_EDGE ( 'NONE', *, *, #4348, .F. ) ;
#574 =( NAMED_UNIT ( * ) SI_UNIT ( $, .STERADIAN. ) SOLID_ANGLE_UNIT ( ) );
#575 = VECTOR ( 'NONE', #3016, 1000.000000000000227 ) ;
#576 = DIRECTION ( 'NONE',  ( -0.0000000000000000000, 0.0000000000000000000, -1.000000000000000000 ) ) ;
#577 = FACE_OUTER_BOUND ( 'NONE', #3779, .T. ) ;
#578 =( NAMED_UNIT ( * ) PLANE_ANGLE_UNIT ( ) SI_UNIT ( $, .RADIAN. ) );
#579 = ORIENTED_EDGE ( 'NONE', *, *, #391, .T. ) ;
#580 = STYLED_ITEM ( 'NONE', ( #859 ), #4871 ) ;
#581 = DIRECTION ( 'NONE',  ( 1.000000000000000000, 1.156482317317871725E-16, 0.0000000000000000000 ) ) ;
#582 = DIRECTION ( 'NONE',  ( 0.0000000000000000000, 1.000000000000000000, 0.0000000000000000000 ) ) ;
#584 = VECTOR ( 'NONE', #1784, 1000.000000000000000 ) ;
#583 =( NAMED_UNIT ( * ) PLANE_ANGLE_UNIT ( ) SI_UNIT ( $, .RADIAN. ) );
#585 = ORIENTED_EDGE ( 'NONE', *, *, #1855, .F. ) ;
#586 = LINE ( 'NONE', #1706, #2955 ) ;
#587 =( LENGTH_UNIT ( ) NAMED_UNIT ( * ) SI_UNIT ( .MILLI., .METRE. ) );
#588 = ORIENTED_EDGE ( 'NONE', *, *, #2423, .T. ) ;
#589 = PRESENTATION_STYLE_ASSIGNMENT (( #1883 ) ) ;
#590 = ADVANCED_FACE ( 'NONE', ( #2240 ), #3867, .F. ) ;
#591 = FILL_AREA_STYLE_COLOUR ( '', #2597 ) ;
#592 = DIRECTION ( 'NONE',  ( -1.000000000000000000, 0.0000000000000000000, 0.0000000000000000000 ) ) ;
#593 = EDGE_LOOP ( 'NONE', ( #3738, #2630, #3239, #2172 ) ) ;
#594 = DIRECTION ( 'NONE',  ( 0.0000000000000000000, 0.0000000000000000000, 1.000000000000000000 ) ) ;
#595 = ADVANCED_FACE ( 'NONE', ( #63 ), #3639, .T. ) ;
#596 = FACE_OUTER_BOUND ( 'NONE', #2521, .T. ) ;
#597 = PLANE ( 'NONE',  #2710 ) ;
#598 = ORIENTED_EDGE ( 'NONE', *, *, #59, .T. ) ;
#599 = EDGE_CURVE ( 'NONE', #3187, #4019, #4484, .T. ) ;
#600 = PRESENTATION_STYLE_ASSIGNMENT (( #1897 ) ) ;
#601 = ORIENTED_EDGE ( 'NONE', *, *, #4321, .T. ) ;
#602 = FACE_OUTER_BOUND ( 'NONE', #4582, .T. ) ;
#603 = VERTEX_POINT ( 'NONE', #4461 ) ;
#604 = CARTESIAN_POINT ( 'NONE',  ( 25.00000000000000000, 4.200000000000002842, 0.0000000000000000000 ) ) ;
#605 = CARTESIAN_POINT ( 'NONE',  ( 27.19999999999999574, 4.000000000000002665, 9.950000000000002842 ) ) ;
#606 = ORIENTED_EDGE ( 'NONE', *, *, #4699, .T. ) ;
#607 = SURFACE_SIDE_STYLE ('',( #1120 ) ) ;
#608 = FILL_AREA_STYLE ('',( #3063 ) ) ;
#609 = ORIENTED_EDGE ( 'NONE', *, *, #782, .F. ) ;
#610 = VECTOR ( 'NONE', #2869, 1000.000000000000000 ) ;
#611 = DIRECTION ( 'NONE',  ( -0.5773502691896290617, -0.5773502691896190697, 0.5773502691896290617 ) ) ;
#612 = ORIENTED_EDGE ( 'NONE', *, *, #2587, .F. ) ;
#613 = DIRECTION ( 'NONE',  ( 1.000000000000000000, 0.0000000000000000000, 0.0000000000000000000 ) ) ;
#614 = EDGE_LOOP ( 'NONE', ( #3606, #4946, #1729, #2874, #573 ) ) ;
#615 = LINE ( 'NONE', #3424, #3839 ) ;
#616 = VECTOR ( 'NONE', #4103, 1000.000000000000000 ) ;
#617 = ADVANCED_FACE ( 'NONE', ( #876 ), #312, .F. ) ;
#618 =( NAMED_UNIT ( * ) SI_UNIT ( $, .STERADIAN. ) SOLID_ANGLE_UNIT ( ) );
#619 =( NAMED_UNIT ( * ) PLANE_ANGLE_UNIT ( ) SI_UNIT ( $, .RADIAN. ) );
#620 = EDGE_CURVE ( 'NONE', #1555, #4887, #5093, .T. ) ;
#621 =( GEOMETRIC_REPRESENTATION_CONTEXT ( 3 ) GLOBAL_UNCERTAINTY_ASSIGNED_CONTEXT ( ( #83 ) ) GLOBAL_UNIT_ASSIGNED_CONTEXT ( ( #2557, #2860, #4074 ) ) REPRESENTATION_CONTEXT ( 'NONE', 'WORKASPACE' ) );
#622 = VERTEX_POINT ( 'NONE', #742 ) ;
#623 = UNCERTAINTY_MEASURE_WITH_UNIT (LENGTH_MEASURE( 1.000000000000000082E-05 ), #2574, 'distance_accuracy_value', 'NONE');
#624 = ORIENTED_EDGE ( 'NONE', *, *, #226, .F. ) ;
#625 = MECHANICAL_DESIGN_GEOMETRIC_PRESENTATION_REPRESENTATION (  '', ( #2467 ), #4649 ) ;
#626 = EDGE_CURVE ( 'NONE', #2883, #3082, #909, .T. ) ;
#627 = PLANE ( 'NONE',  #2491 ) ;
#628 = COLOUR_RGB ( '',0.7529411764705882248, 0.7529411764705882248, 0.7529411764705882248 ) ;
#629 = ORIENTED_EDGE ( 'NONE', *, *, #3773, .T. ) ;
#630 = CARTESIAN_POINT ( 'NONE',  ( 12.99999999999999112, 9.200000000000001066, 3.100000000000003197 ) ) ;
#631 = CARTESIAN_POINT ( 'NONE',  ( 26.99999999999998934, 3.523657060577889411E-16, 9.749999999999998224 ) ) ;
#632 = ORIENTED_EDGE ( 'NONE', *, *, #1212, .T. ) ;
#634 = VECTOR ( 'NONE', #2580, 1000.000000000000227 ) ;
#633 = FILL_AREA_STYLE_COLOUR ( '', #3586 ) ;
#635 = DIRECTION ( 'NONE',  ( 0.0000000000000000000, 0.7071067811865552333, 0.7071067811865398012 ) ) ;
#636 = CARTESIAN_POINT ( 'NONE',  ( 12.99999999999999467, 1.137523590804463723E-15, 13.19999999999999929 ) ) ;
#637 = VERTEX_POINT ( 'NONE', #2464 ) ;
#638 = STYLED_ITEM ( 'NONE', ( #3620 ), #2227 ) ;
#639 = DIRECTION ( 'NONE',  ( 0.0000000000000000000, 0.0000000000000000000, -1.000000000000000000 ) ) ;
#640 = ORIENTED_EDGE ( 'NONE', *, *, #1795, .T. ) ;
#641 =( LENGTH_UNIT ( ) NAMED_UNIT ( * ) SI_UNIT ( .MILLI., .METRE. ) );
#642 = FACE_OUTER_BOUND ( 'NONE', #2584, .T. ) ;
#643 = VECTOR ( 'NONE', #3262, 1000.000000000000000 ) ;
#644 = VECTOR ( 'NONE', #3332, 1000.000000000000000 ) ;
#645 = SURFACE_STYLE_FILL_AREA ( #3316 ) ;
#646 = VECTOR ( 'NONE', #1496, 1000.000000000000000 ) ;
#647 =( GEOMETRIC_REPRESENTATION_CONTEXT ( 3 ) GLOBAL_UNCERTAINTY_ASSIGNED_CONTEXT ( ( #4504 ) ) GLOBAL_UNIT_ASSIGNED_CONTEXT ( ( #2865, #2143, #2453 ) ) REPRESENTATION_CONTEXT ( 'NONE', 'WORKASPACE' ) );
#648 = ORIENTED_EDGE ( 'NONE', *, *, #2162, .T. ) ;
#649 = DIRECTION ( 'NONE',  ( 1.000000000000000000, 0.0000000000000000000, 0.0000000000000000000 ) ) ;
#650 = EDGE_CURVE ( 'NONE', #4492, #3368, #4065, .T. ) ;
#651 = VERTEX_POINT ( 'NONE', #4817 ) ;
#652 = STYLED_ITEM ( 'NONE', ( #1287 ), #4056 ) ;
#653 = MANIFOLD_SOLID_BREP ( 'LPattern1[2]', #3795 ) ;
#654 = MECHANICAL_DESIGN_GEOMETRIC_PRESENTATION_REPRESENTATION (  '', ( #2410 ), #923 ) ;
#655 = PLANE ( 'NONE',  #3456 ) ;
#656 = EDGE_CURVE ( 'NONE', #3711, #1554, #3400, .T. ) ;
#657 = DIRECTION ( 'NONE',  ( -0.0000000000000000000, -1.000000000000000000, -0.0000000000000000000 ) ) ;
#658 = FACE_OUTER_BOUND ( 'NONE', #76, .T. ) ;
#659 = EDGE_CURVE ( 'NONE', #4102, #3480, #4722, .T. ) ;
#660 = VERTEX_POINT ( 'NONE', #2954 ) ;
#661 = AXIS2_PLACEMENT_3D ( 'NONE', #332, #2413, #764 ) ;
#662 = CARTESIAN_POINT ( 'NONE',  ( 15.00000000000000000, 9.200000000000001066, 0.0000000000000000000 ) ) ;
#663 =( NAMED_UNIT ( * ) SI_UNIT ( $, .STERADIAN. ) SOLID_ANGLE_UNIT ( ) );
#664 = EDGE_LOOP ( 'NONE', ( #4713, #4689, #1940, #3282 ) ) ;
#665 = FILL_AREA_STYLE_COLOUR ( '', #922 ) ;
#666 = VECTOR ( 'NONE', #3569, 1000.000000000000000 ) ;
#667 =( LENGTH_UNIT ( ) NAMED_UNIT ( * ) SI_UNIT ( .MILLI., .METRE. ) );
#668 = SURFACE_STYLE_USAGE ( .BOTH. , #2657 ) ;
#669 = MECHANICAL_DESIGN_GEOMETRIC_PRESENTATION_REPRESENTATION (  '', ( #3005 ), #4845 ) ;
#670 = ORIENTED_EDGE ( 'NONE', *, *, #3901, .T. ) ;
#671 = ORIENTED_EDGE ( 'NONE', *, *, #4500, .T. ) ;
#672 = DIRECTION ( 'NONE',  ( 1.156482317317871725E-16, -1.000000000000000000, -0.0000000000000000000 ) ) ;
#673 = DIRECTION ( 'NONE',  ( 1.000000000000000000, -0.0000000000000000000, -0.0000000000000000000 ) ) ;
#674 =( LENGTH_UNIT ( ) NAMED_UNIT ( * ) SI_UNIT ( .MILLI., .METRE. ) );
#675 = SURFACE_STYLE_USAGE ( .BOTH. , #4658 ) ;
#676 = SURFACE_SIDE_STYLE ('',( #2638 ) ) ;
#677 = FILL_AREA_STYLE_COLOUR ( '', #2401 ) ;
#678 = CARTESIAN_POINT ( 'NONE',  ( 19.99999999999999645, 3.000000000000000000, 6.599999999999999645 ) ) ;
#679 = ORIENTED_EDGE ( 'NONE', *, *, #61, .F. ) ;
#680 = UNCERTAINTY_MEASURE_WITH_UNIT (LENGTH_MEASURE( 1.000000000000000082E-05 ), #4269, 'distance_accuracy_value', 'NONE');
#681 = ORIENTED_EDGE ( 'NONE', *, *, #2952, .T. ) ;
#682 = CARTESIAN_POINT ( 'NONE',  ( 7.199999999999992184, 4.000000000000000888, 3.250000000000002220 ) ) ;
#683 = EDGE_LOOP ( 'NONE', ( #4865, #4671, #4303, #2013 ) ) ;
#684 = EDGE_CURVE ( 'NONE', #2883, #536, #4539, .T. ) ;
#685 = LINE ( 'NONE', #1444, #2398 ) ;
#686 = EDGE_CURVE ( 'NONE', #5167, #413, #1747, .T. ) ;
#687 = LINE ( 'NONE', #2264, #1278 ) ;
#688 = CARTESIAN_POINT ( 'NONE',  ( 25.00000000000000000, 9.200000000000004619, 13.19999999999999929 ) ) ;
#689 = VERTEX_POINT ( 'NONE', #4619 ) ;
#690 = SURFACE_STYLE_USAGE ( .BOTH. , #3109 ) ;
#691 = EDGE_CURVE ( 'NONE', #4557, #1122, #5011, .T. ) ;
#692 = SURFACE_SIDE_STYLE ('',( #2677 ) ) ;
#693 = DIRECTION ( 'NONE',  ( -1.000000000000000000, -1.156482317317871725E-16, 0.0000000000000000000 ) ) ;
#694 = ORIENTED_EDGE ( 'NONE', *, *, #1508, .T. ) ;
#695 = EDGE_CURVE ( 'NONE', #2299, #2963, #4559, .T. ) ;
#696 = DIRECTION ( 'NONE',  ( 0.0000000000000000000, 0.0000000000000000000, -1.000000000000000000 ) ) ;
#697 = ORIENTED_EDGE ( 'NONE', *, *, #5108, .F. ) ;
#698 = DIRECTION ( 'NONE',  ( 0.0000000000000000000, 0.0000000000000000000, 1.000000000000000000 ) ) ;
#699 = ORIENTED_EDGE ( 'NONE', *, *, #2096, .T. ) ;
#700 = VECTOR ( 'NONE', #3094, 1000.000000000000000 ) ;
#701 = ORIENTED_EDGE ( 'NONE', *, *, #2700, .T. ) ;
#702 = DIRECTION ( 'NONE',  ( 0.0000000000000000000, 0.0000000000000000000, 1.000000000000000000 ) ) ;
#703 = CARTESIAN_POINT ( 'NONE',  ( 27.79999999999999005, 4.000000000000002665, 3.250000000000002220 ) ) ;
#704 =( GEOMETRIC_REPRESENTATION_CONTEXT ( 3 ) GLOBAL_UNCERTAINTY_ASSIGNED_CONTEXT ( ( #143 ) ) GLOBAL_UNIT_ASSIGNED_CONTEXT ( ( #2522, #2330, #271 ) ) REPRESENTATION_CONTEXT ( 'NONE', 'WORKASPACE' ) );
#705 = ORIENTED_EDGE ( 'NONE', *, *, #3941, .F. ) ;
#706 = CARTESIAN_POINT ( 'NONE',  ( 19.99999999999999645, 0.0000000000000000000, 3.850000000000001865 ) ) ;
#707 = MANIFOLD_SOLID_BREP ( 'Fillet1', #3621 ) ;
#708 = VECTOR ( 'NONE', #49, 1000.000000000000000 ) ;
#709 =( GEOMETRIC_REPRESENTATION_CONTEXT ( 3 ) GLOBAL_UNCERTAINTY_ASSIGNED_CONTEXT ( ( #2203 ) ) GLOBAL_UNIT_ASSIGNED_CONTEXT ( ( #1072, #5042, #1032 ) ) REPRESENTATION_CONTEXT ( 'NONE', 'WORKASPACE' ) );
#710 = EDGE_CURVE ( 'NONE', #2019, #3808, #3007, .T. ) ;
#711 = CARTESIAN_POINT ( 'NONE',  ( 2.999999999999991118, 13.19999999999999929, 3.100000000000003197 ) ) ;
#712 = ORIENTED_EDGE ( 'NONE', *, *, #387, .F. ) ;
#713 = FACE_OUTER_BOUND ( 'NONE', #4930, .T. ) ;
#714 = EDGE_LOOP ( 'NONE', ( #1020, #5008, #297, #10 ) ) ;
#715 = DIRECTION ( 'NONE',  ( 0.0000000000000000000, -1.000000000000000000, 0.0000000000000000000 ) ) ;
#716 = SURFACE_STYLE_FILL_AREA ( #1126 ) ;
#717 = VECTOR ( 'NONE', #4648, 1000.000000000000000 ) ;
#718 = ORIENTED_EDGE ( 'NONE', *, *, #620, .T. ) ;
#719 = CARTESIAN_POINT ( 'NONE',  ( 27.79999999999999361, 4.000000000000002665, 10.74999999999999822 ) ) ;
#720 = EDGE_CURVE ( 'NONE', #4091, #947, #1041, .T. ) ;
#721 = SURFACE_STYLE_USAGE ( .BOTH. , #3093 ) ;
#722 = EDGE_CURVE ( 'NONE', #1187, #622, #2231, .T. ) ;
#723 = CARTESIAN_POINT ( 'NONE',  ( 7.799999999999992717, 0.1999999999999993727, 9.950000000000002842 ) ) ;
#724 = VECTOR ( 'NONE', #2752, 1000.000000000000000 ) ;
#725 = DIRECTION ( 'NONE',  ( 1.156482317317871725E-16, -1.000000000000000000, 0.0000000000000000000 ) ) ;
#726 = LINE ( 'NONE', #2687, #4329 ) ;
#727 = ORIENTED_EDGE ( 'NONE', *, *, #3990, .F. ) ;
#728 = VECTOR ( 'NONE', #3650, 1000.000000000000000 ) ;
#729 = UNCERTAINTY_MEASURE_WITH_UNIT (LENGTH_MEASURE( 1.000000000000000082E-05 ), #2951, 'distance_accuracy_value', 'NONE');
#730 = ORIENTED_EDGE ( 'NONE', *, *, #785, .F. ) ;
#731 = PRESENTATION_LAYER_ASSIGNMENT (  '', '', ( #1671 ) ) ;
#733 = VECTOR ( 'NONE', #3817, 1000.000000000000000 ) ;
#732 = FACE_OUTER_BOUND ( 'NONE', #837, .T. ) ;
#734 = ORIENTED_EDGE ( 'NONE', *, *, #4964, .T. ) ;
#735 = DIRECTION ( 'NONE',  ( 0.0000000000000000000, 0.0000000000000000000, 1.000000000000000000 ) ) ;
#736 = PRESENTATION_LAYER_ASSIGNMENT (  '', '', ( #1514 ) ) ;
#737 = MANIFOLD_SOLID_BREP ( 'LPattern1[4]', #441 ) ;
#738 = PRESENTATION_LAYER_ASSIGNMENT (  '', '', ( #1417 ) ) ;
#739 = CARTESIAN_POINT ( 'NONE',  ( 2.799999999999991829, 0.1999999999999987899, 2.450000000000005063 ) ) ;
#740 = ORIENTED_EDGE ( 'NONE', *, *, #4084, .T. ) ;
#741 = STYLED_ITEM ( 'NONE', ( #2441 ), #4355 ) ;
#742 = CARTESIAN_POINT ( 'NONE',  ( 27.79999999999999005, 0.2000000000000016487, 2.450000000000005063 ) ) ;
#743 = PRESENTATION_STYLE_ASSIGNMENT (( #2030 ) ) ;
#744 = DIRECTION ( 'NONE',  ( 0.0000000000000000000, 1.000000000000000000, 0.0000000000000000000 ) ) ;
#746 = PRESENTATION_LAYER_ASSIGNMENT (  '', '', ( #3079 ) ) ;
#745 = DIRECTION ( 'NONE',  ( 0.0000000000000000000, -0.0000000000000000000, 1.000000000000000000 ) ) ;
#747 = SURFACE_STYLE_USAGE ( .BOTH. , #2771 ) ;
#748 = ORIENTED_EDGE ( 'NONE', *, *, #2851, .T. ) ;
#749 = DIRECTION ( 'NONE',  ( 0.0000000000000000000, 0.0000000000000000000, 1.000000000000000000 ) ) ;
#750 = VECTOR ( 'NONE', #878, 1000.000000000000000 ) ;
#751 =( LENGTH_UNIT ( ) NAMED_UNIT ( * ) SI_UNIT ( .MILLI., .METRE. ) );
#752 = EDGE_CURVE ( 'NONE', #4451, #1352, #3830, .T. ) ;
#753 = APPLICATION_CONTEXT ( 'automotive_design' ) ;
#754 = DIRECTION ( 'NONE',  ( 1.000000000000000000, 1.156482317317871725E-16, 0.0000000000000000000 ) ) ;
#755 = CARTESIAN_POINT ( 'NONE',  ( 7.199999999999992184, 0.1999999999999993727, 2.450000000000005063 ) ) ;
#756 = EDGE_CURVE ( 'NONE', #4829, #2895, #2741, .T. ) ;
#757 = ORIENTED_EDGE ( 'NONE', *, *, #2613, .F. ) ;
#758 = LINE ( 'NONE', #4037, #4129 ) ;
#759 = FACE_OUTER_BOUND ( 'NONE', #2699, .T. ) ;
#760 = ADVANCED_FACE ( 'NONE', ( #759 ), #655, .T. ) ;
#761 = FACE_BOUND ( 'NONE', #3787, .T. ) ;
#762 = ADVANCED_FACE ( 'NONE', ( #2256 ), #3908, .F. ) ;
#763 = FILL_AREA_STYLE ('',( #4358 ) ) ;
#764 = DIRECTION ( 'NONE',  ( 0.0000000000000000000, 0.0000000000000000000, 1.000000000000000000 ) ) ;
#765 = VERTEX_POINT ( 'NONE', #4667 ) ;
#766 = CARTESIAN_POINT ( 'NONE',  ( 12.19999999999999218, 4.000000000000000888, 2.450000000000005063 ) ) ;
#767 = PRESENTATION_STYLE_ASSIGNMENT (( #1931 ) ) ;
#768 = PLANE ( 'NONE',  #1095 ) ;
#769 = SURFACE_STYLE_FILL_AREA ( #411 ) ;
#770 = DIRECTION ( 'NONE',  ( 0.0000000000000000000, 0.0000000000000000000, -1.000000000000000000 ) ) ;
#771 = EDGE_LOOP ( 'NONE', ( #2890, #1458, #2660, #2280 ) ) ;
#772 = PLANE ( 'NONE',  #4185 ) ;
#773 = PLANE ( 'NONE',  #2238 ) ;
#774 = ORIENTED_EDGE ( 'NONE', *, *, #4440, .F. ) ;
#775 = SURFACE_SIDE_STYLE ('',( #2754 ) ) ;
#776 = CARTESIAN_POINT ( 'NONE',  ( 2.199999999999992628, 0.1999999999999987899, 10.74999999999999822 ) ) ;
#777 = CARTESIAN_POINT ( 'NONE',  ( 1.999999999999990896, 12.69999999999999929, 3.100000000000003197 ) ) ;
#778 = VERTEX_POINT ( 'NONE', #1089 ) ;
#779 = DIRECTION ( 'NONE',  ( -1.000000000000000000, -1.156482317317871725E-16, 0.0000000000000000000 ) ) ;
#780 = PLANE ( 'NONE',  #1022 ) ;
#781 = SURFACE_STYLE_USAGE ( .BOTH. , #1193 ) ;
#782 = EDGE_CURVE ( 'NONE', #1331, #2591, #3894, .T. ) ;
#783 = AXIS2_PLACEMENT_3D ( 'NONE', #4373, #3987, #3393 ) ;
#784 = LINE ( 'NONE', #4765, #436 ) ;
#785 = EDGE_CURVE ( 'NONE', #4790, #1251, #4328, .T. ) ;
#786 =( NAMED_UNIT ( * ) PLANE_ANGLE_UNIT ( ) SI_UNIT ( $, .RADIAN. ) );
#787 = CLOSED_SHELL ( 'NONE', ( #2077, #5025, #2784, #197, #4023, #2590 ) ) ;
#788 = ORIENTED_EDGE ( 'NONE', *, *, #2478, .F. ) ;
#789 = CARTESIAN_POINT ( 'NONE',  ( 7.199999999999993072, 4.000000000000000888, 9.950000000000002842 ) ) ;
#790 =( NAMED_UNIT ( * ) SI_UNIT ( $, .STERADIAN. ) SOLID_ANGLE_UNIT ( ) );
#791 = EDGE_CURVE ( 'NONE', #227, #4973, #1195, .T. ) ;
#792 = CARTESIAN_POINT ( 'NONE',  ( 7.799999999999992717, 4.000000000000000888, 9.950000000000002842 ) ) ;
#793 = ORIENTED_EDGE ( 'NONE', *, *, #1094, .F. ) ;
#794 = COLOUR_RGB ( '',0.7529411764705882248, 0.7529411764705882248, 0.7529411764705882248 ) ;
#795 = EDGE_CURVE ( 'NONE', #1767, #2839, #3585, .T. ) ;
#796 = LINE ( 'NONE', #3591, #1070 ) ;
#797 = LINE ( 'NONE', #2390, #4022 ) ;
#798 = MECHANICAL_DESIGN_GEOMETRIC_PRESENTATION_REPRESENTATION (  '', ( #883 ), #2628 ) ;
#799 = FACE_OUTER_BOUND ( 'NONE', #1896, .T. ) ;
#800 = STYLED_ITEM ( 'NONE', ( #1848 ), #707 ) ;
#801 = DIRECTION ( 'NONE',  ( -0.7071067811865536790, 0.7071067811865414665, 0.0000000000000000000 ) ) ;
#802 = ORIENTED_EDGE ( 'NONE', *, *, #659, .F. ) ;
#803 = LINE ( 'NONE', #2396, #1442 ) ;
#804 = LINE ( 'NONE', #4001, #3222 ) ;
#805 = EDGE_LOOP ( 'NONE', ( #2551, #262, #2672, #155 ) ) ;
#806 =( NAMED_UNIT ( * ) SI_UNIT ( $, .STERADIAN. ) SOLID_ANGLE_UNIT ( ) );
#807 = STYLED_ITEM ( 'NONE', ( #1236 ), #1053 ) ;
#808 = LINE ( 'NONE', #1209, #1469 ) ;
#809 = FILL_AREA_STYLE_COLOUR ( '', #4563 ) ;
#810 = ORIENTED_EDGE ( 'NONE', *, *, #2728, .T. ) ;
#811 = STYLED_ITEM ( 'NONE', ( #2268 ), #1318 ) ;
#812 =( LENGTH_UNIT ( ) NAMED_UNIT ( * ) SI_UNIT ( .MILLI., .METRE. ) );
#813 = SURFACE_STYLE_USAGE ( .BOTH. , #2352 ) ;
#814 = ORIENTED_EDGE ( 'NONE', *, *, #626, .F. ) ;
#815 =( NAMED_UNIT ( * ) PLANE_ANGLE_UNIT ( ) SI_UNIT ( $, .RADIAN. ) );
#816 = PLANE ( 'NONE',  #4679 ) ;
#817 = AXIS2_PLACEMENT_3D ( 'NONE', #3616, #1176, #801 ) ;
#818 = LINE ( 'NONE', #5132, #4470 ) ;
#819 = MANIFOLD_SOLID_BREP ( 'LPattern1[5]', #1127 ) ;
#820 = DIRECTION ( 'NONE',  ( 0.0000000000000000000, -0.0000000000000000000, 1.000000000000000000 ) ) ;
#821 = AXIS2_PLACEMENT_3D ( 'NONE', #3296, #2465, #4846 ) ;
#822 = ORIENTED_EDGE ( 'NONE', *, *, #1449, .F. ) ;
#823 = EDGE_CURVE ( 'NONE', #1416, #908, #4401, .T. ) ;
#824 = PLANE ( 'NONE',  #2090 ) ;
#825 = EDGE_LOOP ( 'NONE', ( #2212, #4316, #4589, #3910, #4656 ) ) ;
#826 = STYLED_ITEM ( 'NONE', ( #564 ), #3415 ) ;
#827 = LINE ( 'NONE', #4819, #3394 ) ;
#828 = ADVANCED_FACE ( 'NONE', ( #2409 ), #403, .T. ) ;
#829 = AXIS2_PLACEMENT_3D ( 'NONE', #214, #4209, #288 ) ;
#830 = COLOUR_RGB ( '',0.7529411764705882248, 0.7529411764705882248, 0.7529411764705882248 ) ;
#831 = EDGE_CURVE ( 'NONE', #1122, #3598, #56, .T. ) ;
#832 = DIRECTION ( 'NONE',  ( -0.0000000000000000000, 1.000000000000000000, -0.0000000000000000000 ) ) ;
#833 =( GEOMETRIC_REPRESENTATION_CONTEXT ( 3 ) GLOBAL_UNCERTAINTY_ASSIGNED_CONTEXT ( ( #78 ) ) GLOBAL_UNIT_ASSIGNED_CONTEXT ( ( #889, #3730, #3304 ) ) REPRESENTATION_CONTEXT ( 'NONE', 'WORKASPACE' ) );
#834 = VECTOR ( 'NONE', #3567, 1000.000000000000000 ) ;
#835 = CARTESIAN_POINT ( 'NONE',  ( 19.99999999999999645, 4.200000000000000178, 4.999999999999997335 ) ) ;
#836 = CARTESIAN_POINT ( 'NONE',  ( 27.19999999999999574, 0.2000000000000016487, 2.450000000000005063 ) ) ;
#837 = EDGE_LOOP ( 'NONE', ( #1144, #133, #1805, #3726 ) ) ;
#838 = CARTESIAN_POINT ( 'NONE',  ( 30.49999999999998579, 4.400000000000003908, 7.849999999999999645 ) ) ;
#839 = ORIENTED_EDGE ( 'NONE', *, *, #1563, .T. ) ;
#840 = DIRECTION ( 'NONE',  ( 1.000000000000000000, 1.156482317317871725E-16, 0.0000000000000000000 ) ) ;
#841 = VECTOR ( 'NONE', #455, 999.9999999999998863 ) ;
#842 = DIRECTION ( 'NONE',  ( 0.0000000000000000000, -0.7071067811865414665, 0.7071067811865536790 ) ) ;
#843 = CARTESIAN_POINT ( 'NONE',  ( 2.499999999999992006, 12.69999999999999929, 2.850000000000003642 ) ) ;
#844 = VECTOR ( 'NONE', #3103, 1000.000000000000000 ) ;
#845 = ORIENTED_EDGE ( 'NONE', *, *, #1604, .T. ) ;
#846 = PLANE ( 'NONE',  #2331 ) ;
#847 = DIRECTION ( 'NONE',  ( -0.5773502691896282846, -0.5773502691896182926, -0.5773502691896308381 ) ) ;
#848 = CARTESIAN_POINT ( 'NONE',  ( 27.79999999999999005, 0.2000000000000016487, 3.250000000000002220 ) ) ;
#849 = VECTOR ( 'NONE', #2585, 1000.000000000000000 ) ;
#850 = ORIENTED_EDGE ( 'NONE', *, *, #2670, .T. ) ;
#851 = SURFACE_STYLE_FILL_AREA ( #4136 ) ;
#852 =( LENGTH_UNIT ( ) NAMED_UNIT ( * ) SI_UNIT ( .MILLI., .METRE. ) );
#853 = EDGE_LOOP ( 'NONE', ( #4224, #4721, #254, #609 ) ) ;
#854 = CARTESIAN_POINT ( 'NONE',  ( 0.0000000000000000000, 9.199999999999999289, 1.000000000000000888 ) ) ;
#855 = SURFACE_SIDE_STYLE ('',( #3163 ) ) ;
#856 = ADVANCED_FACE ( 'NONE', ( #4864 ), #3198, .F. ) ;
#857 = EDGE_CURVE ( 'NONE', #339, #2189, #2843, .T. ) ;
#858 = DIRECTION ( 'NONE',  ( -0.0000000000000000000, -1.000000000000000000, -0.0000000000000000000 ) ) ;
#859 = PRESENTATION_STYLE_ASSIGNMENT (( #1231 ) ) ;
#860 = LINE ( 'NONE', #1207, #3909 ) ;
#861 = ORIENTED_EDGE ( 'NONE', *, *, #2516, .F. ) ;
#862 = DIRECTION ( 'NONE',  ( 1.000000000000000000, 0.0000000000000000000, 0.0000000000000000000 ) ) ;
#863 = CARTESIAN_POINT ( 'NONE',  ( 27.79999999999999005, 4.000000000000002665, 2.450000000000005063 ) ) ;
#864 = ADVANCED_FACE ( 'NONE', ( #2070 ), #4505, .F. ) ;
#865 = FACE_OUTER_BOUND ( 'NONE', #4861, .T. ) ;
#866 = VERTEX_POINT ( 'NONE', #2199 ) ;
#867 = CARTESIAN_POINT ( 'NONE',  ( 12.19999999999999218, 4.000000000000000888, 10.74999999999999822 ) ) ;
#868 =( NAMED_UNIT ( * ) PLANE_ANGLE_UNIT ( ) SI_UNIT ( $, .RADIAN. ) );
#869 = CARTESIAN_POINT ( 'NONE',  ( 2.499999999999992006, 12.69999999999999929, 3.100000000000003642 ) ) ;
#870 = CARTESIAN_POINT ( 'NONE',  ( 2.199999999999992628, 0.1999999999999987899, 9.950000000000002842 ) ) ;
#871 = LINE ( 'NONE', #57, #643 ) ;
#872 = ORIENTED_EDGE ( 'NONE', *, *, #2391, .F. ) ;
#873 = LINE ( 'NONE', #1605, #728 ) ;
#874 = CARTESIAN_POINT ( 'NONE',  ( 27.99999999999999289, 13.20000000000000284, 10.09999999999999964 ) ) ;
#875 = ORIENTED_EDGE ( 'NONE', *, *, #2935, .F. ) ;
#876 = FACE_OUTER_BOUND ( 'NONE', #2766, .T. ) ;
#877 = CARTESIAN_POINT ( 'NONE',  ( 7.799999999999992717, 4.000000000000000888, 10.74999999999999822 ) ) ;
#878 = DIRECTION ( 'NONE',  ( 1.000000000000000000, -0.0000000000000000000, -0.0000000000000000000 ) ) ;
#879 = DIRECTION ( 'NONE',  ( 0.0000000000000000000, 0.0000000000000000000, -1.000000000000000000 ) ) ;
#880 = CARTESIAN_POINT ( 'NONE',  ( 27.79999999999999361, 4.000000000000002665, 9.950000000000002842 ) ) ;
#881 = MECHANICAL_DESIGN_GEOMETRIC_PRESENTATION_REPRESENTATION (  '', ( #1637 ), #5030 ) ;
#882 = LINE ( 'NONE', #4944, #634 ) ;
#883 = STYLED_ITEM ( 'NONE', ( #3035 ), #590 ) ;
#884 = FILL_AREA_STYLE ('',( #4520 ) ) ;
#885 = EDGE_LOOP ( 'NONE', ( #3266, #3707, #2402, #2462, #1426 ) ) ;
#886 = DIRECTION ( 'NONE',  ( 0.0000000000000000000, -0.7071067811865398012, 0.7071067811865552333 ) ) ;
#887 = DIRECTION ( 'NONE',  ( -0.7071067811865536790, 0.7071067811865414665, 0.0000000000000000000 ) ) ;
#888 = ORIENTED_EDGE ( 'NONE', *, *, #3108, .F. ) ;
#889 =( LENGTH_UNIT ( ) NAMED_UNIT ( * ) SI_UNIT ( .MILLI., .METRE. ) );
#890 = EDGE_CURVE ( 'NONE', #4530, #2376, #4614, .T. ) ;
#891 = MECHANICAL_DESIGN_GEOMETRIC_PRESENTATION_REPRESENTATION (  '', ( #4063 ), #5038 ) ;
#892 = LINE ( 'NONE', #1351, #4052 ) ;
#893 = CARTESIAN_POINT ( 'NONE',  ( 27.99999999999999289, 13.20000000000000284, 3.100000000000003197 ) ) ;
#894 = ORIENTED_EDGE ( 'NONE', *, *, #3315, .T. ) ;
#895 = DIRECTION ( 'NONE',  ( 0.0000000000000000000, -0.7071067811865414665, 0.7071067811865536790 ) ) ;
#896 = ADVANCED_FACE ( 'NONE', ( #2928 ), #1360, .F. ) ;
#897 = PLANE ( 'NONE',  #4923 ) ;
#898 = FILL_AREA_STYLE_COLOUR ( '', #3143 ) ;
#899 = VECTOR ( 'NONE', #4062, 1000.000000000000000 ) ;
#900 = EDGE_CURVE ( 'NONE', #2508, #4682, #3796, .T. ) ;
#901 = SURFACE_STYLE_FILL_AREA ( #166 ) ;
#902 = VECTOR ( 'NONE', #2112, 1000.000000000000000 ) ;
#903 = PLANE ( 'NONE',  #4584 ) ;
#904 = ORIENTED_EDGE ( 'NONE', *, *, #4192, .F. ) ;
#905 = PRESENTATION_LAYER_ASSIGNMENT (  '', '', ( #5047 ) ) ;
#906 = CARTESIAN_POINT ( 'NONE',  ( 27.99999999999999645, 2.843808977011159604E-15, 9.750000000000000000 ) ) ;
#907 = UNCERTAINTY_MEASURE_WITH_UNIT (LENGTH_MEASURE( 1.000000000000000082E-05 ), #20, 'distance_accuracy_value', 'NONE');
#908 = VERTEX_POINT ( 'NONE', #2977 ) ;
#909 = LINE ( 'NONE', #3946, #1727 ) ;
#910 = AXIS2_PLACEMENT_3D ( 'NONE', #2446, #1602, #4729 ) ;
#911 = DIRECTION ( 'NONE',  ( 0.0000000000000000000, 0.0000000000000000000, -1.000000000000000000 ) ) ;
#912 = CARTESIAN_POINT ( 'NONE',  ( 7.999999999999991118, 9.199999999999999289, 3.100000000000003197 ) ) ;
#914 = STYLED_ITEM ( 'NONE', ( #1153 ), #2511 ) ;
#913 = LINE ( 'NONE', #497, #486 ) ;
#915 = DIRECTION ( 'NONE',  ( 0.0000000000000000000, 0.0000000000000000000, -1.000000000000000000 ) ) ;
#916 = VECTOR ( 'NONE', #454, 1000.000000000000000 ) ;
#917 = VECTOR ( 'NONE', #4034, 1000.000000000000000 ) ;
#918 = SURFACE_SIDE_STYLE ('',( #3276 ) ) ;
#919 = ORIENTED_EDGE ( 'NONE', *, *, #3763, .T. ) ;
#920 = FACE_BOUND ( 'NONE', #2353, .T. ) ;
#921 = CARTESIAN_POINT ( 'NONE',  ( 29.50000000000000000, 9.200000000000004619, 1.000000000000000888 ) ) ;
#922 = COLOUR_RGB ( '',0.7529411764705882248, 0.7529411764705882248, 0.7529411764705882248 ) ;
#923 =( GEOMETRIC_REPRESENTATION_CONTEXT ( 3 ) GLOBAL_UNCERTAINTY_ASSIGNED_CONTEXT ( ( #5103 ) ) GLOBAL_UNIT_ASSIGNED_CONTEXT ( ( #2169, #1353, #533 ) ) REPRESENTATION_CONTEXT ( 'NONE', 'WORKASPACE' ) );
#924 = CARTESIAN_POINT ( 'NONE',  ( 12.46666666666666146, 0.4666666666666634544, 10.48333333333332895 ) ) ;
#925 = PLANE ( 'NONE',  #3905 ) ;
#926 = ORIENTED_EDGE ( 'NONE', *, *, #4309, .T. ) ;
#927 = DIRECTION ( 'NONE',  ( 1.000000000000000000, -0.0000000000000000000, -0.0000000000000000000 ) ) ;
#929 = VECTOR ( 'NONE', #4843, 1000.000000000000000 ) ;
#928 = DIRECTION ( 'NONE',  ( -0.7071067811865536790, -0.7071067811865414665, 0.0000000000000000000 ) ) ;
#930 = CARTESIAN_POINT ( 'NONE',  ( 25.00000000000000000, 4.200000000000002842, 0.0000000000000000000 ) ) ;
#931 = ORIENTED_EDGE ( 'NONE', *, *, #2134, .T. ) ;
#932 = DIRECTION ( 'NONE',  ( 0.0000000000000000000, 0.0000000000000000000, -1.000000000000000000 ) ) ;
#933 = EDGE_CURVE ( 'NONE', #1507, #4387, #961, .T. ) ;
#934 = DIRECTION ( 'NONE',  ( 1.000000000000000000, 0.0000000000000000000, -0.0000000000000000000 ) ) ;
#935 = AXIS2_PLACEMENT_3D ( 'NONE', #880, #4566, #2913 ) ;
#936 = DIRECTION ( 'NONE',  ( -0.0000000000000000000, -0.0000000000000000000, 1.000000000000000000 ) ) ;
#937 = ADVANCED_FACE ( 'NONE', ( #4586 ), #597, .F. ) ;
#938 = ORIENTED_EDGE ( 'NONE', *, *, #2636, .F. ) ;
#939 = CARTESIAN_POINT ( 'NONE',  ( 27.99999999999999289, 9.200000000000002842, 10.59999999999999964 ) ) ;
#940 = CARTESIAN_POINT ( 'NONE',  ( 2.799999999999993161, 4.000000000000000000, 9.950000000000002842 ) ) ;
#941 = EDGE_CURVE ( 'NONE', #3019, #4526, #3290, .T. ) ;
#942 = ORIENTED_EDGE ( 'NONE', *, *, #4877, .F. ) ;
#943 = PRESENTATION_STYLE_ASSIGNMENT (( #4513 ) ) ;
#944 = EDGE_CURVE ( 'NONE', #4943, #4197, #513, .T. ) ;
#945 = LINE ( 'NONE', #2439, #4072 ) ;
#946 = SURFACE_SIDE_STYLE ('',( #4515 ) ) ;
#947 = VERTEX_POINT ( 'NONE', #1327 ) ;
#948 =( NAMED_UNIT ( * ) SI_UNIT ( $, .STERADIAN. ) SOLID_ANGLE_UNIT ( ) );
#949 = FILL_AREA_STYLE_COLOUR ( '', #4011 ) ;
#950 = EDGE_LOOP ( 'NONE', ( #839, #1452, #793, #3532 ) ) ;
#951 = FILL_AREA_STYLE ('',( #2474 ) ) ;
#952 = CARTESIAN_POINT ( 'NONE',  ( 12.19999999999999218, 4.000000000000000888, 3.250000000000002220 ) ) ;
#953 = DIRECTION ( 'NONE',  ( -0.0000000000000000000, -0.0000000000000000000, -1.000000000000000000 ) ) ;
#954 = CARTESIAN_POINT ( 'NONE',  ( 12.19999999999999218, 0.1999999999999999278, 10.74999999999999822 ) ) ;
#955 = CARTESIAN_POINT ( 'NONE',  ( 0.0000000000000000000, 0.0000000000000000000, 3.450000000000005063 ) ) ;
#956 = ORIENTED_EDGE ( 'NONE', *, *, #4093, .T. ) ;
#957 = ORIENTED_EDGE ( 'NONE', *, *, #3043, .F. ) ;
#958 = DIRECTION ( 'NONE',  ( 1.156482317317871725E-16, -1.000000000000000000, -0.0000000000000000000 ) ) ;
#959 = UNCERTAINTY_MEASURE_WITH_UNIT (LENGTH_MEASURE( 1.000000000000000082E-05 ), #1497, 'distance_accuracy_value', 'NONE');
#960 = DIRECTION ( 'NONE',  ( 0.0000000000000000000, -0.0000000000000000000, 1.000000000000000000 ) ) ;
#961 = LINE ( 'NONE', #2177, #1323 ) ;
#962 = ORIENTED_EDGE ( 'NONE', *, *, #4639, .T. ) ;
#963 = FACE_OUTER_BOUND ( 'NONE', #1824, .T. ) ;
#964 = ADVANCED_FACE ( 'NONE', ( #2517 ), #989, .T. ) ;
#965 = VERTEX_POINT ( 'NONE', #2119 ) ;
#966 = SURFACE_SIDE_STYLE ('',( #2981 ) ) ;
#967 = LINE ( 'NONE', #3640, #4245 ) ;
#968 = ADVANCED_FACE ( 'NONE', ( #3741 ), #4556, .F. ) ;
#969 = PRESENTATION_STYLE_ASSIGNMENT (( #4920 ) ) ;
#970 = DIRECTION ( 'NONE',  ( 0.0000000000000000000, 1.000000000000000000, 0.0000000000000000000 ) ) ;
#971 = CARTESIAN_POINT ( 'NONE',  ( 6.999999999999992006, 9.199999999999999289, 10.09999999999999964 ) ) ;
#972 = CARTESIAN_POINT ( 'NONE',  ( 27.19999999999999574, 0.2000000000000016487, 2.450000000000005063 ) ) ;
#973 = EDGE_CURVE ( 'NONE', #4330, #2252, #105, .T. ) ;
#974 = ORIENTED_EDGE ( 'NONE', *, *, #1944, .F. ) ;
#975 = SURFACE_STYLE_FILL_AREA ( #2529 ) ;
#976 = ORIENTED_EDGE ( 'NONE', *, *, #4906, .F. ) ;
#977 =( NAMED_UNIT ( * ) PLANE_ANGLE_UNIT ( ) SI_UNIT ( $, .RADIAN. ) );
#978 = VECTOR ( 'NONE', #2803, 1000.000000000000000 ) ;
#979 = CARTESIAN_POINT ( 'NONE',  ( 2.499999999999992006, 12.69999999999999929, 2.600000000000003197 ) ) ;
#980 = DIRECTION ( 'NONE',  ( -0.0000000000000000000, -1.000000000000000000, -0.0000000000000000000 ) ) ;
#981 = COLOUR_RGB ( '',0.7529411764705882248, 0.7529411764705882248, 1.000000000000000000 ) ;
#982 = PLANE ( 'NONE',  #1486 ) ;
#983 = ORIENTED_EDGE ( 'NONE', *, *, #3860, .T. ) ;
#984 = LINE ( 'NONE', #3256, #3322 ) ;
#985 = LINE ( 'NONE', #1766, #4163 ) ;
#986 = ORIENTED_EDGE ( 'NONE', *, *, #387, .T. ) ;
#987 = LINE ( 'NONE', #2564, #303 ) ;
#988 = DIRECTION ( 'NONE',  ( -0.0000000000000000000, -1.000000000000000000, -0.0000000000000000000 ) ) ;
#989 = PLANE ( 'NONE',  #2639 ) ;
#990 = AXIS2_PLACEMENT_3D ( 'NONE', #4757, #422, #2756 ) ;
#991 = VECTOR ( 'NONE', #128, 1000.000000000000000 ) ;
#992 = ORIENTED_EDGE ( 'NONE', *, *, #2323, .F. ) ;
#993 = CARTESIAN_POINT ( 'NONE',  ( 27.79999999999999005, 0.2000000000000016487, 2.450000000000005063 ) ) ;
#994 = FILL_AREA_STYLE_COLOUR ( '', #211 ) ;
#995 = AXIS2_PLACEMENT_3D ( 'NONE', #5087, #3181, #334 ) ;
#996 = DIRECTION ( 'NONE',  ( -1.156482317317871478E-16, 1.000000000000000000, -0.0000000000000000000 ) ) ;
#997 = CARTESIAN_POINT ( 'NONE',  ( 7.799999999999991829, 4.000000000000000888, 3.250000000000002220 ) ) ;
#998 = ORIENTED_EDGE ( 'NONE', *, *, #1185, .T. ) ;
#999 = VECTOR ( 'NONE', #395, 1000.000000000000000 ) ;
#1000 = ADVANCED_FACE ( 'NONE', ( #1130 ), #1529, .F. ) ;
#1001 = EDGE_CURVE ( 'NONE', #2895, #778, #1916, .T. ) ;
#1002 = VERTEX_POINT ( 'NONE', #5027 ) ;
#1003 = SURFACE_STYLE_USAGE ( .BOTH. , #2530 ) ;
#1004 = VECTOR ( 'NONE', #4201, 1000.000000000000000 ) ;
#1005 = DIRECTION ( 'NONE',  ( -0.0000000000000000000, 1.000000000000000000, -0.0000000000000000000 ) ) ;
#1006 = COLOUR_RGB ( '',0.7529411764705882248, 0.7529411764705882248, 0.7529411764705882248 ) ;
#1007 = LINE ( 'NONE', #1398, #189 ) ;
#1008 = VECTOR ( 'NONE', #3313, 1000.000000000000000 ) ;
#1009 = VECTOR ( 'NONE', #255, 999.9999999999998863 ) ;
#1010 = EDGE_LOOP ( 'NONE', ( #4811, #122, #4695, #3006 ) ) ;
#1011 = EDGE_CURVE ( 'NONE', #4943, #2903, #3117, .T. ) ;
#1012 = FILL_AREA_STYLE_COLOUR ( '', #4988 ) ;
#1013 = ORIENTED_EDGE ( 'NONE', *, *, #4050, .T. ) ;
#1014 = VECTOR ( 'NONE', #4834, 1000.000000000000000 ) ;
#1015 =( NAMED_UNIT ( * ) SI_UNIT ( $, .STERADIAN. ) SOLID_ANGLE_UNIT ( ) );
#1016 = AXIS2_PLACEMENT_3D ( 'NONE', #2333, #3587, #2024 ) ;
#1017 = VERTEX_POINT ( 'NONE', #5076 ) ;
#1018 = SURFACE_SIDE_STYLE ('',( #3881 ) ) ;
#1019 = AXIS2_PLACEMENT_3D ( 'NONE', #3594, #2005, #2340 ) ;
#1020 = ORIENTED_EDGE ( 'NONE', *, *, #2932, .T. ) ;
#1021 = SURFACE_SIDE_STYLE ('',( #223 ) ) ;
#1022 = AXIS2_PLACEMENT_3D ( 'NONE', #2378, #1989, #1240 ) ;
#1023 = CARTESIAN_POINT ( 'NONE',  ( 25.00000000000000000, 4.400000000000003908, 5.350000000000000533 ) ) ;
#1024 = ORIENTED_EDGE ( 'NONE', *, *, #4634, .T. ) ;
#1025 = PRESENTATION_LAYER_ASSIGNMENT (  '', '', ( #3005 ) ) ;
#1026 = DIRECTION ( 'NONE',  ( 1.000000000000000000, -0.0000000000000000000, -0.0000000000000000000 ) ) ;
#1027 = FACE_OUTER_BOUND ( 'NONE', #1485, .T. ) ;
#1028 = CARTESIAN_POINT ( 'NONE',  ( 0.0000000000000000000, 0.0000000000000000000, 10.94999999999999929 ) ) ;
#1029 = EDGE_CURVE ( 'NONE', #1441, #1618, #4660, .T. ) ;
#1030 = EDGE_CURVE ( 'NONE', #4778, #1489, #4276, .T. ) ;
#1031 = FACE_OUTER_BOUND ( 'NONE', #4169, .T. ) ;
#1032 =( NAMED_UNIT ( * ) SI_UNIT ( $, .STERADIAN. ) SOLID_ANGLE_UNIT ( ) );
#1033 = VERTEX_POINT ( 'NONE', #322 ) ;
#1034 =( NAMED_UNIT ( * ) SI_UNIT ( $, .STERADIAN. ) SOLID_ANGLE_UNIT ( ) );
#1035 = EDGE_LOOP ( 'NONE', ( #4575, #2207, #4510, #2953 ) ) ;
#1036 = ADVANCED_FACE ( 'NONE', ( #2734 ), #3877, .F. ) ;
#1037 = SURFACE_STYLE_USAGE ( .BOTH. , #3003 ) ;
#1038 = FACE_OUTER_BOUND ( 'NONE', #1638, .T. ) ;
#1039 = ORIENTED_EDGE ( 'NONE', *, *, #4180, .T. ) ;
#1040 = EDGE_LOOP ( 'NONE', ( #4652, #2301, #1921, #1237 ) ) ;
#1041 = LINE ( 'NONE', #2620, #1317 ) ;
#1042 = DIRECTION ( 'NONE',  ( -1.000000000000000000, 0.0000000000000000000, 0.0000000000000000000 ) ) ;
#1043 = ORIENTED_EDGE ( 'NONE', *, *, #4474, .F. ) ;
#1044 = CARTESIAN_POINT ( 'NONE',  ( 12.79999999999999361, 4.000000000000000888, 10.74999999999999822 ) ) ;
#1045 = DIRECTION ( 'NONE',  ( 0.0000000000000000000, 0.0000000000000000000, 1.000000000000000000 ) ) ;
#1046 = CARTESIAN_POINT ( 'NONE',  ( 15.00000000000000000, 4.200000000000001066, 13.19999999999999929 ) ) ;
#1047 = CARTESIAN_POINT ( 'NONE',  ( 2.199999999999991740, 0.1999999999999987899, 2.450000000000005063 ) ) ;
#1048 = DIRECTION ( 'NONE',  ( -0.5773502691896282846, 0.5773502691896182926, 0.5773502691896308381 ) ) ;
#1049 = EDGE_LOOP ( 'NONE', ( #176, #1113, #2046, #5056 ) ) ;
#1050 = VECTOR ( 'NONE', #3583, 1000.000000000000000 ) ;
#1051 = VERTEX_POINT ( 'NONE', #1501 ) ;
#1052 = CARTESIAN_POINT ( 'NONE',  ( 12.79999999999999361, 0.1999999999999999278, 9.950000000000002842 ) ) ;
#1053 = ADVANCED_FACE ( 'NONE', ( #2297 ), #3903, .T. ) ;
#1054 = DIRECTION ( 'NONE',  ( -0.0000000000000000000, -0.0000000000000000000, 1.000000000000000000 ) ) ;
#1055 = EDGE_CURVE ( 'NONE', #333, #1948, #3147, .T. ) ;
#1056 = CARTESIAN_POINT ( 'NONE',  ( 12.99999999999999289, 13.20000000000000107, 10.09999999999999964 ) ) ;
#1057 = VECTOR ( 'NONE', #3672, 1000.000000000000000 ) ;
#1058 = ADVANCED_FACE ( 'NONE', ( #865 ), #3172, .F. ) ;
#1059 = ORIENTED_EDGE ( 'NONE', *, *, #1563, .F. ) ;
#1060 =( LENGTH_UNIT ( ) NAMED_UNIT ( * ) SI_UNIT ( .MILLI., .METRE. ) );
#1061 = PLANE ( 'NONE',  #4256 ) ;
#1062 = AXIS2_PLACEMENT_3D ( 'NONE', #1550, #4686, #725 ) ;
#1063 = ORIENTED_EDGE ( 'NONE', *, *, #1704, .T. ) ;
#1064 = CARTESIAN_POINT ( 'NONE',  ( 2.799999999999991829, 4.000000000000000000, 2.450000000000005063 ) ) ;
#1065 = DIRECTION ( 'NONE',  ( 0.0000000000000000000, 0.0000000000000000000, -1.000000000000000000 ) ) ;
#1066 = PLANE ( 'NONE',  #3940 ) ;
#1067 = ORIENTED_EDGE ( 'NONE', *, *, #4309, .F. ) ;
#1068 = PLANE ( 'NONE',  #2581 ) ;
#1070 = VECTOR ( 'NONE', #3533, 1000.000000000000000 ) ;
#1069 = FILL_AREA_STYLE ('',( #633 ) ) ;
#1071 = CARTESIAN_POINT ( 'NONE',  ( 2.499999999999992006, 13.19999999999999929, 2.850000000000003642 ) ) ;
#1072 =( LENGTH_UNIT ( ) NAMED_UNIT ( * ) SI_UNIT ( .MILLI., .METRE. ) );
#1073 = VERTEX_POINT ( 'NONE', #2775 ) ;
#1074 = VECTOR ( 'NONE', #4119, 1000.000000000000000 ) ;
#1075 = CARTESIAN_POINT ( 'NONE',  ( 2.999999999999992006, 13.19999999999999929, 10.09999999999999964 ) ) ;
#1076 = EDGE_LOOP ( 'NONE', ( #2691, #3428, #1928, #4759 ) ) ;
#1077 = COLOUR_RGB ( '',0.7529411764705882248, 0.7529411764705882248, 0.7529411764705882248 ) ;
#1078 = VECTOR ( 'NONE', #2690, 1000.000000000000000 ) ;
#1079 = CARTESIAN_POINT ( 'NONE',  ( 30.50000000000000000, 9.200000000000004619, 13.19999999999999929 ) ) ;
#1080 = SURFACE_STYLE_USAGE ( .BOTH. , #5077 ) ;
#1082 = AXIS2_PLACEMENT_3D ( 'NONE', #3372, #657, #4222 ) ;
#1081 = FACE_OUTER_BOUND ( 'NONE', #3502, .T. ) ;
#1083 = ORIENTED_EDGE ( 'NONE', *, *, #4665, .T. ) ;
#1084 = ADVANCED_FACE ( 'NONE', ( #2451 ), #4832, .T. ) ;
#1085 = SURFACE_STYLE_FILL_AREA ( #3027 ) ;
#1086 = PRESENTATION_LAYER_ASSIGNMENT (  '', '', ( #4262 ) ) ;
#1087 = VECTOR ( 'NONE', #4418, 1000.000000000000000 ) ;
#1088 = EDGE_CURVE ( 'NONE', #2428, #269, #2432, .T. ) ;
#1089 = CARTESIAN_POINT ( 'NONE',  ( 1.999999999999990452, 0.0000000000000000000, 9.750000000000000000 ) ) ;
#1090 = CARTESIAN_POINT ( 'NONE',  ( 12.19999999999999218, 4.000000000000000888, 10.74999999999999822 ) ) ;
#1091 = VECTOR ( 'NONE', #649, 1000.000000000000000 ) ;
#1092 = CARTESIAN_POINT ( 'NONE',  ( 0.0000000000000000000, 9.199999999999999289, 12.19999999999999929 ) ) ;
#1093 = ORIENTED_EDGE ( 'NONE', *, *, #2610, .F. ) ;
#1094 = EDGE_CURVE ( 'NONE', #4790, #4168, #4366, .T. ) ;
#1095 = AXIS2_PLACEMENT_3D ( 'NONE', #3534, #1620, #3561 ) ;
#1096 = DIRECTION ( 'NONE',  ( -1.000000000000000000, 0.0000000000000000000, 0.0000000000000000000 ) ) ;
#1097 = FILL_AREA_STYLE_COLOUR ( '', #4191 ) ;
#1098 = EDGE_LOOP ( 'NONE', ( #1357, #1183, #4099, #4354 ) ) ;
#1099 = CARTESIAN_POINT ( 'NONE',  ( 27.79999999999999361, 0.2000000000000016487, 9.950000000000002842 ) ) ;
#1100 = ORIENTED_EDGE ( 'NONE', *, *, #2174, .F. ) ;
#1101 = DIRECTION ( 'NONE',  ( -1.156482317317871478E-16, 1.000000000000000000, -0.0000000000000000000 ) ) ;
#1102 = ORIENTED_EDGE ( 'NONE', *, *, #2988, .T. ) ;
#1103 = ORIENTED_EDGE ( 'NONE', *, *, #1669, .F. ) ;
#1104 = DIRECTION ( 'NONE',  ( 1.734723475976807094E-16, -1.000000000000000000, 0.0000000000000000000 ) ) ;
#1105 =( NAMED_UNIT ( * ) PLANE_ANGLE_UNIT ( ) SI_UNIT ( $, .RADIAN. ) );
#1106 =( NAMED_UNIT ( * ) PLANE_ANGLE_UNIT ( ) SI_UNIT ( $, .RADIAN. ) );
#1107 = DIRECTION ( 'NONE',  ( -0.0000000000000000000, -1.000000000000000000, -0.0000000000000000000 ) ) ;
#1108 = ORIENTED_EDGE ( 'NONE', *, *, #4716, .T. ) ;
#1109 = UNCERTAINTY_MEASURE_WITH_UNIT (LENGTH_MEASURE( 1.000000000000000082E-05 ), #667, 'distance_accuracy_value', 'NONE');
#1110 = VERTEX_POINT ( 'NONE', #345 ) ;
#1111 = DIRECTION ( 'NONE',  ( 0.0000000000000000000, 1.000000000000000000, 0.0000000000000000000 ) ) ;
#1112 = EDGE_CURVE ( 'NONE', #333, #1847, #1961, .T. ) ;
#1113 = ORIENTED_EDGE ( 'NONE', *, *, #1055, .T. ) ;
#1114 = CARTESIAN_POINT ( 'NONE',  ( 29.50000000000000000, 9.200000000000004619, 0.0000000000000000000 ) ) ;
#1115 = FILL_AREA_STYLE ('',( #4021 ) ) ;
#1116 = DIRECTION ( 'NONE',  ( 0.0000000000000000000, 0.0000000000000000000, 1.000000000000000000 ) ) ;
#1117 = EDGE_CURVE ( 'NONE', #4197, #3886, #369, .T. ) ;
#1118 = VERTEX_POINT ( 'NONE', #893 ) ;
#1119 = SURFACE_STYLE_USAGE ( .BOTH. , #5018 ) ;
#1120 = SURFACE_STYLE_FILL_AREA ( #2698 ) ;
#1121 = DIRECTION ( 'NONE',  ( 0.0000000000000000000, -0.0000000000000000000, 1.000000000000000000 ) ) ;
#1122 = VERTEX_POINT ( 'NONE', #3786 ) ;
#1123 = DIRECTION ( 'NONE',  ( -0.5773502691896282846, -0.5773502691896182926, 0.5773502691896308381 ) ) ;
#1124 = ORIENTED_EDGE ( 'NONE', *, *, #3023, .F. ) ;
#1125 = PRESENTATION_STYLE_ASSIGNMENT (( #3092 ) ) ;
#1126 = FILL_AREA_STYLE ('',( #1453 ) ) ;
#1127 = CLOSED_SHELL ( 'NONE', ( #5019, #250, #1000, #4312, #828, #3663 ) ) ;
#1128 = CARTESIAN_POINT ( 'NONE',  ( 12.79999999999999361, 4.000000000000000888, 9.950000000000002842 ) ) ;
#1129 = CARTESIAN_POINT ( 'NONE',  ( 2.799999999999991829, 4.000000000000000000, 2.450000000000005063 ) ) ;
#1130 = FACE_OUTER_BOUND ( 'NONE', #2679, .T. ) ;
#1131 = SURFACE_STYLE_USAGE ( .BOTH. , #3776 ) ;
#1132 = DIRECTION ( 'NONE',  ( -0.0000000000000000000, -0.0000000000000000000, -1.000000000000000000 ) ) ;
#1133 = ORIENTED_EDGE ( 'NONE', *, *, #3501, .F. ) ;
#1134 = EDGE_LOOP ( 'NONE', ( #4370, #1537, #2234, #3942 ) ) ;
#1135 = CARTESIAN_POINT ( 'NONE',  ( 1.999999999999991784, 13.19999999999999929, 10.09999999999999964 ) ) ;
#1136 = ORIENTED_EDGE ( 'NONE', *, *, #1571, .F. ) ;
#1137 = DIRECTION ( 'NONE',  ( 1.000000000000000000, 0.0000000000000000000, -0.0000000000000000000 ) ) ;
#1138 = CARTESIAN_POINT ( 'NONE',  ( 12.99999999999999112, 9.200000000000001066, 3.100000000000003197 ) ) ;
#1139 = VECTOR ( 'NONE', #4356, 1000.000000000000000 ) ;
#1140 = ORIENTED_EDGE ( 'NONE', *, *, #782, .T. ) ;
#1141 = CARTESIAN_POINT ( 'NONE',  ( 12.79999999999999183, 4.000000000000000888, 3.250000000000002220 ) ) ;
#1142 = VECTOR ( 'NONE', #936, 1000.000000000000000 ) ;
#1143 = CARTESIAN_POINT ( 'NONE',  ( 2.533333333333324777, 0.4666666666666623442, 10.48333333333332895 ) ) ;
#1144 = ORIENTED_EDGE ( 'NONE', *, *, #2610, .T. ) ;
#1145 = EDGE_CURVE ( 'NONE', #2189, #4727, #4903, .T. ) ;
#1146 = PRESENTATION_LAYER_ASSIGNMENT (  '', '', ( #2713 ) ) ;
#1147 = DIRECTION ( 'NONE',  ( 0.0000000000000000000, -0.0000000000000000000, 1.000000000000000000 ) ) ;
#1148 = EDGE_CURVE ( 'NONE', #4973, #449, #2507, .T. ) ;
#1149 = DIRECTION ( 'NONE',  ( 1.000000000000000000, 0.0000000000000000000, -0.0000000000000000000 ) ) ;
#1150 = CARTESIAN_POINT ( 'NONE',  ( 12.99999999999999112, 13.20000000000000107, 3.100000000000003197 ) ) ;
#1151 =( GEOMETRIC_REPRESENTATION_CONTEXT ( 3 ) GLOBAL_UNCERTAINTY_ASSIGNED_CONTEXT ( ( #3882 ) ) GLOBAL_UNIT_ASSIGNED_CONTEXT ( ( #117, #2552, #3755 ) ) REPRESENTATION_CONTEXT ( 'NONE', 'WORKASPACE' ) );
#1152 = DIRECTION ( 'NONE',  ( 0.0000000000000000000, -0.0000000000000000000, 1.000000000000000000 ) ) ;
#1153 = PRESENTATION_STYLE_ASSIGNMENT (( #721 ) ) ;
#1154 = APPLICATION_PROTOCOL_DEFINITION ( 'draft international standard', 'automotive_design', 1998, #753 ) ;
#1155 = DIRECTION ( 'NONE',  ( -0.7071067811865414665, 0.7071067811865536790, 0.0000000000000000000 ) ) ;
#1156 = MECHANICAL_DESIGN_GEOMETRIC_PRESENTATION_REPRESENTATION (  '', ( #2573 ), #3132 ) ;
#1157 = EDGE_CURVE ( 'NONE', #3082, #1684, #1787, .T. ) ;
#1158 =( LENGTH_UNIT ( ) NAMED_UNIT ( * ) SI_UNIT ( .MILLI., .METRE. ) );
#1159 = DIRECTION ( 'NONE',  ( 0.0000000000000000000, -0.0000000000000000000, 1.000000000000000000 ) ) ;
#1160 =( NAMED_UNIT ( * ) PLANE_ANGLE_UNIT ( ) SI_UNIT ( $, .RADIAN. ) );
#1161 = ORIENTED_EDGE ( 'NONE', *, *, #1735, .T. ) ;
#1162 = AXIS2_PLACEMENT_3D ( 'NONE', #3032, #582, #206 ) ;
#1163 = STYLED_ITEM ( 'NONE', ( #1730 ), #2317 ) ;
#1164 = UNCERTAINTY_MEASURE_WITH_UNIT (LENGTH_MEASURE( 1.000000000000000082E-05 ), #2429, 'distance_accuracy_value', 'NONE');
#1165 = ORIENTED_EDGE ( 'NONE', *, *, #3022, .F. ) ;
#1166 = PRESENTATION_LAYER_ASSIGNMENT (  '', '', ( #4746 ) ) ;
#1167 = PRESENTATION_LAYER_ASSIGNMENT (  '', '', ( #2492 ) ) ;
#1168 =( LENGTH_UNIT ( ) NAMED_UNIT ( * ) SI_UNIT ( .MILLI., .METRE. ) );
#1169 = VECTOR ( 'NONE', #1314, 1000.000000000000000 ) ;
#1171 = COLOUR_RGB ( '',0.7529411764705882248, 0.7529411764705882248, 0.7529411764705882248 ) ;
#1170 = CARTESIAN_POINT ( 'NONE',  ( 6.999999999999990230, 13.19999999999999929, 2.600000000000003197 ) ) ;
#1172 = ORIENTED_EDGE ( 'NONE', *, *, #2423, .F. ) ;
#1173 = CARTESIAN_POINT ( 'NONE',  ( 6.999999999999990230, 13.19999999999999929, 3.100000000000003197 ) ) ;
#1174 = STYLED_ITEM ( 'NONE', ( #1686 ), #4277 ) ;
#1175 = DIRECTION ( 'NONE',  ( 0.7071067811865414665, 0.7071067811865536790, -0.0000000000000000000 ) ) ;
#1176 = DIRECTION ( 'NONE',  ( 0.7071067811865414665, 0.7071067811865536790, -0.0000000000000000000 ) ) ;
#1177 =( NAMED_UNIT ( * ) SI_UNIT ( $, .STERADIAN. ) SOLID_ANGLE_UNIT ( ) );
#1178 = EDGE_CURVE ( 'NONE', #3477, #1002, #3685, .T. ) ;
#1179 = ORIENTED_EDGE ( 'NONE', *, *, #4404, .T. ) ;
#1181 = VECTOR ( 'NONE', #1870, 1000.000000000000000 ) ;
#1180 = LINE ( 'NONE', #3166, #3590 ) ;
#1182 = DIRECTION ( 'NONE',  ( 1.000000000000000000, -0.0000000000000000000, -0.0000000000000000000 ) ) ;
#1183 = ORIENTED_EDGE ( 'NONE', *, *, #1412, .F. ) ;
#1184 = FILL_AREA_STYLE ('',( #3952 ) ) ;
#1185 = EDGE_CURVE ( 'NONE', #4249, #4273, #1707, .T. ) ;
#1186 = LINE ( 'NONE', #3954, #2126 ) ;
#1187 = VERTEX_POINT ( 'NONE', #4104 ) ;
#1188 = LINE ( 'NONE', #4784, #1506 ) ;
#1189 = EDGE_CURVE ( 'NONE', #2681, #3137, #2192, .T. ) ;
#1190 = EDGE_LOOP ( 'NONE', ( #3762, #4393, #788, #2411 ) ) ;
#1191 = PRODUCT_DEFINITION_FORMATION_WITH_SPECIFIED_SOURCE ( 'ANY', '', #2357, .NOT_KNOWN. ) ;
#1192 = ADVANCED_FACE ( 'NONE', ( #561 ), #4076, .F. ) ;
#1193 = SURFACE_SIDE_STYLE ('',( #2406 ) ) ;
#1194 = FACE_OUTER_BOUND ( 'NONE', #3252, .T. ) ;
#1195 = LINE ( 'NONE', #3610, #106 ) ;
#1196 = FACE_BOUND ( 'NONE', #1943, .T. ) ;
#1197 = ORIENTED_EDGE ( 'NONE', *, *, #1290, .F. ) ;
#1198 = DIRECTION ( 'NONE',  ( 0.0000000000000000000, 0.0000000000000000000, -1.000000000000000000 ) ) ;
#1199 = ORIENTED_EDGE ( 'NONE', *, *, #69, .T. ) ;
#1200 = LINE ( 'NONE', #5170, #2065 ) ;
#1201 =( NAMED_UNIT ( * ) PLANE_ANGLE_UNIT ( ) SI_UNIT ( $, .RADIAN. ) );
#1202 =( NAMED_UNIT ( * ) SI_UNIT ( $, .STERADIAN. ) SOLID_ANGLE_UNIT ( ) );
#1203 = FACE_OUTER_BOUND ( 'NONE', #4904, .T. ) ;
#1204 = DIRECTION ( 'NONE',  ( -0.0000000000000000000, -0.0000000000000000000, -1.000000000000000000 ) ) ;
#1205 = ORIENTED_EDGE ( 'NONE', *, *, #448, .T. ) ;
#1206 = DIRECTION ( 'NONE',  ( 0.0000000000000000000, 0.0000000000000000000, 1.000000000000000000 ) ) ;
#1207 = CARTESIAN_POINT ( 'NONE',  ( 19.99999999999999645, 13.20000000000000284, 4.999999999999998224 ) ) ;
#1208 = ORIENTED_EDGE ( 'NONE', *, *, #1768, .T. ) ;
#1209 = CARTESIAN_POINT ( 'NONE',  ( 12.79999999999999361, 0.1999999999999999278, 9.950000000000002842 ) ) ;
#1210 =( NAMED_UNIT ( * ) PLANE_ANGLE_UNIT ( ) SI_UNIT ( $, .RADIAN. ) );
#1211 = ORIENTED_EDGE ( 'NONE', *, *, #4961, .T. ) ;
#1212 = EDGE_CURVE ( 'NONE', #2133, #4279, #531, .T. ) ;
#1213 = DIRECTION ( 'NONE',  ( -1.000000000000000000, -1.156482317317871725E-16, 0.0000000000000000000 ) ) ;
#1214 = CARTESIAN_POINT ( 'NONE',  ( 7.199999999999992184, 0.1999999999999993727, 3.250000000000002220 ) ) ;
#1215 = DIRECTION ( 'NONE',  ( 0.0000000000000000000, 0.0000000000000000000, 1.000000000000000000 ) ) ;
#1216 = UNCERTAINTY_MEASURE_WITH_UNIT (LENGTH_MEASURE( 1.000000000000000082E-05 ), #4231, 'distance_accuracy_value', 'NONE');
#1217 = AXIS2_PLACEMENT_3D ( 'NONE', #2457, #4807, #4863 ) ;
#1218 = ADVANCED_FACE ( 'NONE', ( #2946 ), #982, .F. ) ;
#1219 =( LENGTH_UNIT ( ) NAMED_UNIT ( * ) SI_UNIT ( .MILLI., .METRE. ) );
#1220 = PRESENTATION_STYLE_ASSIGNMENT (( #4085 ) ) ;
#1221 = ADVANCED_FACE ( 'NONE', ( #2921 ), #925, .F. ) ;
#1222 = AXIS2_PLACEMENT_3D ( 'NONE', #4901, #1319, #1734 ) ;
#1223 = CARTESIAN_POINT ( 'NONE',  ( 25.00000000000000000, 9.200000000000004619, 13.19999999999999929 ) ) ;
#1224 = ORIENTED_EDGE ( 'NONE', *, *, #4718, .F. ) ;
#1225 = CARTESIAN_POINT ( 'NONE',  ( 1.000000000000000000, 0.0000000000000000000, 1.000000000000000888 ) ) ;
#1226 = VECTOR ( 'NONE', #5057, 1000.000000000000000 ) ;
#1227 =( GEOMETRIC_REPRESENTATION_CONTEXT ( 3 ) GLOBAL_UNCERTAINTY_ASSIGNED_CONTEXT ( ( #2300 ) ) GLOBAL_UNIT_ASSIGNED_CONTEXT ( ( #751, #2686, #1840 ) ) REPRESENTATION_CONTEXT ( 'NONE', 'WORKASPACE' ) );
#1228 = FACE_OUTER_BOUND ( 'NONE', #2152, .T. ) ;
#1229 = DIRECTION ( 'NONE',  ( 0.0000000000000000000, 0.0000000000000000000, 1.000000000000000000 ) ) ;
#1230 = ORIENTED_EDGE ( 'NONE', *, *, #4699, .F. ) ;
#1231 = SURFACE_STYLE_USAGE ( .BOTH. , #4420 ) ;
#1232 = ORIENTED_EDGE ( 'NONE', *, *, #5080, .T. ) ;
#1233 = CARTESIAN_POINT ( 'NONE',  ( 19.99999999999999645, 3.000000000000000000, 9.349999999999997868 ) ) ;
#1234 = VECTOR ( 'NONE', #4884, 999.9999999999998863 ) ;
#1235 = CARTESIAN_POINT ( 'NONE',  ( 8.904913843347606464E-16, 4.400000000000000355, 7.849999999999999645 ) ) ;
#1236 = PRESENTATION_STYLE_ASSIGNMENT (( #5125 ) ) ;
#1237 = ORIENTED_EDGE ( 'NONE', *, *, #90, .F. ) ;
#1238 =( GEOMETRIC_REPRESENTATION_CONTEXT ( 3 ) GLOBAL_UNCERTAINTY_ASSIGNED_CONTEXT ( ( #3074 ) ) GLOBAL_UNIT_ASSIGNED_CONTEXT ( ( #43, #2770, #2723 ) ) REPRESENTATION_CONTEXT ( 'NONE', 'WORKASPACE' ) );
#1239 = CARTESIAN_POINT ( 'NONE',  ( 7.799999999999991829, 4.000000000000000888, 2.450000000000005063 ) ) ;
#1240 = DIRECTION ( 'NONE',  ( 1.000000000000000000, 1.156482317317871478E-16, 0.0000000000000000000 ) ) ;
#1241 = LINE ( 'NONE', #2779, #470 ) ;
#1242 = AXIS2_PLACEMENT_3D ( 'NONE', #766, #2364, #2416 ) ;
#1243 = CARTESIAN_POINT ( 'NONE',  ( 1.000000000000000000, 9.199999999999999289, 1.000000000000000888 ) ) ;
#1244 = CARTESIAN_POINT ( 'NONE',  ( 27.99999999999999289, 13.20000000000000284, 10.59999999999999964 ) ) ;
#1245 = VECTOR ( 'NONE', #2512, 1000.000000000000000 ) ;
#1246 = VECTOR ( 'NONE', #2050, 1000.000000000000000 ) ;
#1247 = VERTEX_POINT ( 'NONE', #1909 ) ;
#1248 = EDGE_CURVE ( 'NONE', #4571, #4937, #2291, .T. ) ;
#1249 = LINE ( 'NONE', #4304, #4431 ) ;
#1250 = EDGE_CURVE ( 'NONE', #778, #3928, #4608, .T. ) ;
#1251 = VERTEX_POINT ( 'NONE', #1467 ) ;
#1252 = AXIS2_PLACEMENT_3D ( 'NONE', #1513, #3080, #3582 ) ;
#1253 = SURFACE_STYLE_FILL_AREA ( #2722 ) ;
#1254 = CARTESIAN_POINT ( 'NONE',  ( 2.499999999999992006, 12.69999999999999929, 2.850000000000003642 ) ) ;
#1255 = LINE ( 'NONE', #3325, #238 ) ;
#1256 = STYLED_ITEM ( 'NONE', ( #2034 ), #3962 ) ;
#1257 = MECHANICAL_DESIGN_GEOMETRIC_PRESENTATION_REPRESENTATION (  '', ( #1668 ), #2319 ) ;
#1258 = EDGE_CURVE ( 'NONE', #4481, #2688, #2607, .T. ) ;
#1259 = VECTOR ( 'NONE', #1599, 1000.000000000000000 ) ;
#1260 = DIRECTION ( 'NONE',  ( -1.156482317317871725E-16, 1.000000000000000000, 0.0000000000000000000 ) ) ;
#1261 = DIRECTION ( 'NONE',  ( 1.156482317317871725E-16, -1.000000000000000000, 0.0000000000000000000 ) ) ;
#1262 = EDGE_LOOP ( 'NONE', ( #2099, #4217, #3173, #273 ) ) ;
#1263 =( LENGTH_UNIT ( ) NAMED_UNIT ( * ) SI_UNIT ( .MILLI., .METRE. ) );
#1264 = SURFACE_STYLE_FILL_AREA ( #4828 ) ;
#1265 = ORIENTED_EDGE ( 'NONE', *, *, #4849, .F. ) ;
#1266 = CARTESIAN_POINT ( 'NONE',  ( 19.99999999999999645, 3.000000000000000000, 8.200000000000002842 ) ) ;
#1267 = LINE ( 'NONE', #2062, #2459 ) ;
#1268 = VECTOR ( 'NONE', #3588, 1000.000000000000000 ) ;
#1269 = VERTEX_POINT ( 'NONE', #2309 ) ;
#1270 =( NAMED_UNIT ( * ) SI_UNIT ( $, .STERADIAN. ) SOLID_ANGLE_UNIT ( ) );
#1271 = DIRECTION ( 'NONE',  ( 0.0000000000000000000, 0.7071067811865536790, -0.7071067811865414665 ) ) ;
#1272 = DIRECTION ( 'NONE',  ( -0.0000000000000000000, -1.000000000000000000, -0.0000000000000000000 ) ) ;
#1273 = DIRECTION ( 'NONE',  ( -0.0000000000000000000, -1.000000000000000000, -0.0000000000000000000 ) ) ;
#1274 = UNCERTAINTY_MEASURE_WITH_UNIT (LENGTH_MEASURE( 1.000000000000000082E-05 ), #469, 'distance_accuracy_value', 'NONE');
#1275 =( GEOMETRIC_REPRESENTATION_CONTEXT ( 3 ) GLOBAL_UNCERTAINTY_ASSIGNED_CONTEXT ( ( #3549 ) ) GLOBAL_UNIT_ASSIGNED_CONTEXT ( ( #1263, #2831, #4777 ) ) REPRESENTATION_CONTEXT ( 'NONE', 'WORKASPACE' ) );
#1276 = CARTESIAN_POINT ( 'NONE',  ( 12.99999999999999112, 13.20000000000000107, 3.100000000000003197 ) ) ;
#1277 = DIRECTION ( 'NONE',  ( 0.0000000000000000000, 0.0000000000000000000, 1.000000000000000000 ) ) ;
#1278 = VECTOR ( 'NONE', #3484, 1000.000000000000000 ) ;
#1279 = DIRECTION ( 'NONE',  ( 0.0000000000000000000, 1.000000000000000000, 0.0000000000000000000 ) ) ;
#1280 = VERTEX_POINT ( 'NONE', #4206 ) ;
#1281 = CARTESIAN_POINT ( 'NONE',  ( 12.99999999999999289, 13.20000000000000107, 10.09999999999999964 ) ) ;
#1282 = ORIENTED_EDGE ( 'NONE', *, *, #2418, .T. ) ;
#1283 = CARTESIAN_POINT ( 'NONE',  ( 26.99999999999999289, 13.20000000000000284, 10.09999999999999964 ) ) ;
#1284 = DIRECTION ( 'NONE',  ( -0.5773502691896282846, -0.5773502691896182926, 0.5773502691896308381 ) ) ;
#1285 = EDGE_CURVE ( 'NONE', #1407, #2727, #3492, .T. ) ;
#1286 =( NAMED_UNIT ( * ) SI_UNIT ( $, .STERADIAN. ) SOLID_ANGLE_UNIT ( ) );
#1287 = PRESENTATION_STYLE_ASSIGNMENT (( #2912 ) ) ;
#1288 = DIRECTION ( 'NONE',  ( -1.156482317317871478E-16, 1.000000000000000000, -0.0000000000000000000 ) ) ;
#1289 = CARTESIAN_POINT ( 'NONE',  ( 27.79999999999999361, 0.2000000000000016487, 9.950000000000002842 ) ) ;
#1290 = EDGE_CURVE ( 'NONE', #3556, #1017, #2242, .T. ) ;
#1291 = CARTESIAN_POINT ( 'NONE',  ( 26.99999999999999289, 9.200000000000002842, 3.100000000000003197 ) ) ;
#1292 = EDGE_CURVE ( 'NONE', #4291, #4367, #1833, .T. ) ;
#1293 = FACE_OUTER_BOUND ( 'NONE', #4625, .T. ) ;
#1294 = EDGE_LOOP ( 'NONE', ( #39, #500, #1956, #3984 ) ) ;
#1295 = ORIENTED_EDGE ( 'NONE', *, *, #300, .F. ) ;
#1296 = ORIENTED_EDGE ( 'NONE', *, *, #1820, .T. ) ;
#1297 = PLANE ( 'NONE',  #1755 ) ;
#1298 = FILL_AREA_STYLE ('',( #591 ) ) ;
#1299 = DIRECTION ( 'NONE',  ( -1.000000000000000000, 0.0000000000000000000, -0.0000000000000000000 ) ) ;
#1300 = LINE ( 'NONE', #1358, #841 ) ;
#1301 = LINE ( 'NONE', #2356, #2455 ) ;
#1302 = ORIENTED_EDGE ( 'NONE', *, *, #3793, .F. ) ;
#1303 = EDGE_LOOP ( 'NONE', ( #476, #4517, #4917, #1383 ) ) ;
#1304 = SURFACE_STYLE_FILL_AREA ( #336 ) ;
#1305 = STYLED_ITEM ( 'NONE', ( #3364 ), #197 ) ;
#1306 = CARTESIAN_POINT ( 'NONE',  ( 11.99999999999998757, -2.168404344971008868E-16, 2.250000000000000444 ) ) ;
#1307 = SURFACE_STYLE_FILL_AREA ( #4541 ) ;
#1308 = LINE ( 'NONE', #2878, #3743 ) ;
#1309 = DIRECTION ( 'NONE',  ( -0.0000000000000000000, 1.000000000000000000, -0.0000000000000000000 ) ) ;
#1310 = MECHANICAL_DESIGN_GEOMETRIC_PRESENTATION_REPRESENTATION (  '', ( #3975 ), #621 ) ;
#1311 = LINE ( 'NONE', #4489, #2232 ) ;
#1312 = ORIENTED_EDGE ( 'NONE', *, *, #2478, .T. ) ;
#1313 = FILL_AREA_STYLE_COLOUR ( '', #3402 ) ;
#1314 = DIRECTION ( 'NONE',  ( -0.0000000000000000000, -1.000000000000000000, -0.0000000000000000000 ) ) ;
#1315 = EDGE_CURVE ( 'NONE', #3345, #2751, #3868, .T. ) ;
#1316 = LINE ( 'NONE', #2504, #304 ) ;
#1317 = VECTOR ( 'NONE', #4960, 1000.000000000000000 ) ;
#1318 = ADVANCED_FACE ( 'NONE', ( #5000 ), #5094, .T. ) ;
#1319 = DIRECTION ( 'NONE',  ( 0.0000000000000000000, 0.0000000000000000000, 1.000000000000000000 ) ) ;
#1320 = DIRECTION ( 'NONE',  ( -0.0000000000000000000, -0.0000000000000000000, 1.000000000000000000 ) ) ;
#1321 = ORIENTED_EDGE ( 'NONE', *, *, #1798, .T. ) ;
#1322 = FILL_AREA_STYLE ('',( #2948 ) ) ;
#1323 = VECTOR ( 'NONE', #1770, 1000.000000000000000 ) ;
#1324 = SURFACE_STYLE_USAGE ( .BOTH. , #3288 ) ;
#1325 = EDGE_CURVE ( 'NONE', #542, #5069, #4313, .T. ) ;
#1326 =( GEOMETRIC_REPRESENTATION_CONTEXT ( 3 ) GLOBAL_UNCERTAINTY_ASSIGNED_CONTEXT ( ( #4196 ) ) GLOBAL_UNIT_ASSIGNED_CONTEXT ( ( #3254, #4860, #3191 ) ) REPRESENTATION_CONTEXT ( 'NONE', 'WORKASPACE' ) );
#1327 = CARTESIAN_POINT ( 'NONE',  ( 7.199999999999992184, 4.000000000000000888, 2.450000000000005063 ) ) ;
#1328 = VERTEX_POINT ( 'NONE', #3111 ) ;
#1329 = COLOUR_RGB ( '',0.7529411764705882248, 0.7529411764705882248, 0.7529411764705882248 ) ;
#1330 = FACE_OUTER_BOUND ( 'NONE', #2598, .T. ) ;
#1331 = VERTEX_POINT ( 'NONE', #4750 ) ;
#1332 = SURFACE_STYLE_USAGE ( .BOTH. , #1693 ) ;
#1333 = VECTOR ( 'NONE', #2336, 1000.000000000000227 ) ;
#1334 = LINE ( 'NONE', #4514, #1246 ) ;
#1335 = DIRECTION ( 'NONE',  ( 1.000000000000000000, -0.0000000000000000000, -0.0000000000000000000 ) ) ;
#1336 = FACE_OUTER_BOUND ( 'NONE', #4271, .T. ) ;
#1337 = CARTESIAN_POINT ( 'NONE',  ( 6.999999999999992006, 13.19999999999999929, 10.09999999999999964 ) ) ;
#1338 = DIRECTION ( 'NONE',  ( 0.0000000000000000000, -0.0000000000000000000, 1.000000000000000000 ) ) ;
#1339 = VECTOR ( 'NONE', #2040, 1000.000000000000000 ) ;
#1341 = AXIS2_PLACEMENT_3D ( 'NONE', #3414, #1974, #5144 ) ;
#1340 = PLANE ( 'NONE',  #3156 ) ;
#1342 = ORIENTED_EDGE ( 'NONE', *, *, #4906, .T. ) ;
#1343 = LINE ( 'NONE', #1781, #2646 ) ;
#1344 = CIRCLE ( 'NONE', #2576, 1.600000000000000755 ) ;
#1345 =( GEOMETRIC_REPRESENTATION_CONTEXT ( 3 ) GLOBAL_UNCERTAINTY_ASSIGNED_CONTEXT ( ( #1532 ) ) GLOBAL_UNIT_ASSIGNED_CONTEXT ( ( #3182, #5091, #2338 ) ) REPRESENTATION_CONTEXT ( 'NONE', 'WORKASPACE' ) );
#1346 = VERTEX_POINT ( 'NONE', #390 ) ;
#1347 = LINE ( 'NONE', #4855, #2260 ) ;
#1348 = VERTEX_POINT ( 'NONE', #835 ) ;
#1349 = VECTOR ( 'NONE', #4238, 1000.000000000000000 ) ;
#1350 = VECTOR ( 'NONE', #3183, 1000.000000000000000 ) ;
#1351 = CARTESIAN_POINT ( 'NONE',  ( 12.39999999999999503, 0.3999999999999988565, 10.15000000000000391 ) ) ;
#1352 = VERTEX_POINT ( 'NONE', #3538 ) ;
#1353 =( NAMED_UNIT ( * ) PLANE_ANGLE_UNIT ( ) SI_UNIT ( $, .RADIAN. ) );
#1354 = VECTOR ( 'NONE', #4813, 1000.000000000000000 ) ;
#1355 = LINE ( 'NONE', #4161, #1245 ) ;
#1356 = EDGE_CURVE ( 'NONE', #2715, #3925, #4724, .T. ) ;
#1357 = ORIENTED_EDGE ( 'NONE', *, *, #448, .F. ) ;
#1358 = CARTESIAN_POINT ( 'NONE',  ( 12.46666666666666146, 0.4666666666666644536, 2.983333333333331616 ) ) ;
#1359 = AXIS2_PLACEMENT_3D ( 'NONE', #1535, #4770, #1198 ) ;
#1360 = PLANE ( 'NONE',  #3813 ) ;
#1361 = ADVANCED_FACE ( 'NONE', ( #442 ), #2828, .F. ) ;
#1362 = ADVANCED_FACE ( 'NONE', ( #1203 ), #3947, .F. ) ;
#1363 = COLOUR_RGB ( '',0.7529411764705882248, 0.7529411764705882248, 0.7529411764705882248 ) ;
#1364 = DIRECTION ( 'NONE',  ( 1.000000000000000000, 0.0000000000000000000, -0.0000000000000000000 ) ) ;
#1365 = EDGE_LOOP ( 'NONE', ( #2559, #1797, #697, #694 ) ) ;
#1366 = VECTOR ( 'NONE', #3138, 1000.000000000000000 ) ;
#1367 = CARTESIAN_POINT ( 'NONE',  ( 12.19999999999999218, 0.1999999999999999278, 3.250000000000002220 ) ) ;
#1368 = ORIENTED_EDGE ( 'NONE', *, *, #1148, .F. ) ;
#1369 = CARTESIAN_POINT ( 'NONE',  ( 26.99999999999999289, 13.20000000000000284, 10.59999999999999964 ) ) ;
#1370 = VERTEX_POINT ( 'NONE', #2393 ) ;
#1371 = FACE_OUTER_BOUND ( 'NONE', #2738, .T. ) ;
#1372 = FACE_OUTER_BOUND ( 'NONE', #4128, .T. ) ;
#1373 = CARTESIAN_POINT ( 'NONE',  ( 25.00000000000000000, 4.200000000000002842, 13.19999999999999929 ) ) ;
#1374 = DIRECTION ( 'NONE',  ( 0.0000000000000000000, 0.0000000000000000000, 1.000000000000000000 ) ) ;
#1375 = ORIENTED_EDGE ( 'NONE', *, *, #4182, .T. ) ;
#1376 = DIRECTION ( 'NONE',  ( 1.156482317317871725E-16, -1.000000000000000000, 0.0000000000000000000 ) ) ;
#1377 = CARTESIAN_POINT ( 'NONE',  ( 6.999999999999991118, 9.199999999999999289, 2.600000000000003197 ) ) ;
#1378 = ORIENTED_EDGE ( 'NONE', *, *, #4538, .T. ) ;
#1379 =( NAMED_UNIT ( * ) PLANE_ANGLE_UNIT ( ) SI_UNIT ( $, .RADIAN. ) );
#1380 = ORIENTED_EDGE ( 'NONE', *, *, #4533, .T. ) ;
#1381 = EDGE_CURVE ( 'NONE', #3906, #1073, #1598, .T. ) ;
#1382 = UNCERTAINTY_MEASURE_WITH_UNIT (LENGTH_MEASURE( 1.000000000000000082E-05 ), #4251, 'distance_accuracy_value', 'NONE');
#1383 = ORIENTED_EDGE ( 'NONE', *, *, #5026, .T. ) ;
#1384 = EDGE_CURVE ( 'NONE', #2801, #3345, #4775, .T. ) ;
#1385 = DIRECTION ( 'NONE',  ( -1.000000000000000000, 0.0000000000000000000, 0.0000000000000000000 ) ) ;
#1386 = PLANE ( 'NONE',  #3397 ) ;
#1387 = DIRECTION ( 'NONE',  ( 0.0000000000000000000, -0.0000000000000000000, 1.000000000000000000 ) ) ;
#1388 = DIRECTION ( 'NONE',  ( 1.156482317317871725E-16, -1.000000000000000000, 0.0000000000000000000 ) ) ;
#1389 = VERTEX_POINT ( 'NONE', #4044 ) ;
#1390 = MECHANICAL_DESIGN_GEOMETRIC_PRESENTATION_REPRESENTATION (  '', ( #2374 ), #1960 ) ;
#1391 = EDGE_CURVE ( 'NONE', #765, #1609, #4385, .T. ) ;
#1392 = FACE_BOUND ( 'NONE', #2644, .T. ) ;
#1393 = ORIENTED_EDGE ( 'NONE', *, *, #2731, .T. ) ;
#1394 = CARTESIAN_POINT ( 'NONE',  ( 2.199999999999991740, 4.000000000000000000, 2.450000000000005063 ) ) ;
#1395 = VECTOR ( 'NONE', #2589, 1000.000000000000227 ) ;
#1397 = CLOSED_SHELL ( 'NONE', ( #2042, #2861, #3962, #5, #760, #1479 ) ) ;
#1396 = DIRECTION ( 'NONE',  ( -0.0000000000000000000, 1.000000000000000000, -0.0000000000000000000 ) ) ;
#1398 = CARTESIAN_POINT ( 'NONE',  ( 26.99999999999999289, 13.20000000000000284, 10.59999999999999964 ) ) ;
#1399 =( NAMED_UNIT ( * ) SI_UNIT ( $, .STERADIAN. ) SOLID_ANGLE_UNIT ( ) );
#1400 = EDGE_LOOP ( 'NONE', ( #1780, #2116, #222, #3257 ) ) ;
#1401 = CARTESIAN_POINT ( 'NONE',  ( 2.799999999999993161, 0.1999999999999987899, 9.950000000000002842 ) ) ;
#1402 = ORIENTED_EDGE ( 'NONE', *, *, #2006, .F. ) ;
#1403 = FILL_AREA_STYLE ('',( #3341 ) ) ;
#1404 = DIRECTION ( 'NONE',  ( 0.0000000000000000000, -0.0000000000000000000, -1.000000000000000000 ) ) ;
#1405 =( GEOMETRIC_REPRESENTATION_CONTEXT ( 3 ) GLOBAL_UNCERTAINTY_ASSIGNED_CONTEXT ( ( #4617 ) ) GLOBAL_UNIT_ASSIGNED_CONTEXT ( ( #3770, #619, #167 ) ) REPRESENTATION_CONTEXT ( 'NONE', 'WORKASPACE' ) );
#1406 = VECTOR ( 'NONE', #5021, 1000.000000000000000 ) ;
#1407 = VERTEX_POINT ( 'NONE', #17 ) ;
#1408 = FILL_AREA_STYLE ('',( #3369 ) ) ;
#1409 = CARTESIAN_POINT ( 'NONE',  ( 1.999999999999991784, 13.19999999999999929, 10.59999999999999964 ) ) ;
#1410 = ADVANCED_FACE ( 'NONE', ( #1228 ), #1647, .T. ) ;
#1411 = CARTESIAN_POINT ( 'NONE',  ( 27.99999999999999289, 13.20000000000000284, 3.100000000000003197 ) ) ;
#1412 = EDGE_CURVE ( 'NONE', #1756, #4460, #1570, .T. ) ;
#1413 = DIRECTION ( 'NONE',  ( 0.0000000000000000000, -0.0000000000000000000, -1.000000000000000000 ) ) ;
#1414 = EDGE_LOOP ( 'NONE', ( #4730, #4771, #1872, #3772 ) ) ;
#1415 = LINE ( 'NONE', #3512, #4326 ) ;
#1416 = VERTEX_POINT ( 'NONE', #1978 ) ;
#1417 = STYLED_ITEM ( 'NONE', ( #4570 ), #3134 ) ;
#1418 = AXIS2_PLACEMENT_3D ( 'NONE', #4644, #4285, #4941 ) ;
#1419 = EDGE_CURVE ( 'NONE', #366, #603, #3997, .T. ) ;
#1420 = DIRECTION ( 'NONE',  ( 0.0000000000000000000, -1.000000000000000000, 0.0000000000000000000 ) ) ;
#1421 = CARTESIAN_POINT ( 'NONE',  ( 2.999999999999993783, 0.0000000000000000000, 2.250000000000001776 ) ) ;
#1422 = PRESENTATION_LAYER_ASSIGNMENT (  '', '', ( #2729 ) ) ;
#1423 = VECTOR ( 'NONE', #4198, 1000.000000000000000 ) ;
#1424 = ORIENTED_EDGE ( 'NONE', *, *, #2516, .T. ) ;
#1425 = CARTESIAN_POINT ( 'NONE',  ( 2.999999999999995115, 0.0000000000000000000, 9.750000000000000000 ) ) ;
#1426 = ORIENTED_EDGE ( 'NONE', *, *, #4050, .F. ) ;
#1427 = LINE ( 'NONE', #4434, #4669 ) ;
#1428 = AXIS2_PLACEMENT_3D ( 'NONE', #5072, #4212, #2684 ) ;
#1429 = AXIS2_PLACEMENT_3D ( 'NONE', #1622, #744, #4797 ) ;
#1430 = FILL_AREA_STYLE ('',( #1742 ) ) ;
#1431 = VECTOR ( 'NONE', #5160, 1000.000000000000000 ) ;
#1432 = ORIENTED_EDGE ( 'NONE', *, *, #3432, .T. ) ;
#1433 =( LENGTH_UNIT ( ) NAMED_UNIT ( * ) SI_UNIT ( .MILLI., .METRE. ) );
#1434 = UNCERTAINTY_MEASURE_WITH_UNIT (LENGTH_MEASURE( 1.000000000000000082E-05 ), #1060, 'distance_accuracy_value', 'NONE');
#1435 = VECTOR ( 'NONE', #4145, 1000.000000000000000 ) ;
#1436 = ORIENTED_EDGE ( 'NONE', *, *, #3473, .F. ) ;
#1437 = AXIS2_PLACEMENT_3D ( 'NONE', #5070, #3819, #5006 ) ;
#1438 = PLANE ( 'NONE',  #219 ) ;
#1439 = DIRECTION ( 'NONE',  ( 0.0000000000000000000, 0.0000000000000000000, -1.000000000000000000 ) ) ;
#1440 = DIRECTION ( 'NONE',  ( -1.000000000000000000, 0.0000000000000000000, 0.0000000000000000000 ) ) ;
#1441 = VERTEX_POINT ( 'NONE', #4824 ) ;
#1442 = VECTOR ( 'NONE', #3519, 1000.000000000000000 ) ;
#1443 = ADVANCED_FACE ( 'NONE', ( #4416 ), #2056, .F. ) ;
#1444 = CARTESIAN_POINT ( 'NONE',  ( 6.999999999999990230, 5.687617954022318617E-16, 13.19999999999999929 ) ) ;
#1445 = VECTOR ( 'NONE', #438, 1000.000000000000227 ) ;
#1446 = ORIENTED_EDGE ( 'NONE', *, *, #4496, .F. ) ;
#1447 = CARTESIAN_POINT ( 'NONE',  ( 2.999999999999992006, 13.19999999999999929, 10.59999999999999964 ) ) ;
#1448 = EDGE_CURVE ( 'NONE', #1073, #4367, #2853, .T. ) ;
#1449 = EDGE_CURVE ( 'NONE', #339, #3928, #882, .T. ) ;
#1450 = EDGE_LOOP ( 'NONE', ( #4858, #2139, #1093, #3516 ) ) ;
#1451 = CARTESIAN_POINT ( 'NONE',  ( 6.999999999999988454, -1.355252715606880543E-16, 2.250000000000000888 ) ) ;
#1452 = ORIENTED_EDGE ( 'NONE', *, *, #3773, .F. ) ;
#1453 = FILL_AREA_STYLE_COLOUR ( '', #3658 ) ;
#1454 = ORIENTED_EDGE ( 'NONE', *, *, #695, .F. ) ;
#1455 = LINE ( 'NONE', #2274, #1349 ) ;
#1456 = FILL_AREA_STYLE_COLOUR ( '', #2970 ) ;
#1457 = DIRECTION ( 'NONE',  ( -1.156482317317871478E-16, 1.000000000000000000, -0.0000000000000000000 ) ) ;
#1458 = ORIENTED_EDGE ( 'NONE', *, *, #1704, .F. ) ;
#1459 = EDGE_LOOP ( 'NONE', ( #3381, #1224, #4933, #3874 ) ) ;
#1460 = FILL_AREA_STYLE_COLOUR ( '', #2298 ) ;
#1461 = ORIENTED_EDGE ( 'NONE', *, *, #3432, .F. ) ;
#1462 = DIRECTION ( 'NONE',  ( 0.0000000000000000000, 0.0000000000000000000, -1.000000000000000000 ) ) ;
#1463 = LINE ( 'NONE', #2583, #3652 ) ;
#1464 = PRESENTATION_STYLE_ASSIGNMENT (( #1877 ) ) ;
#1465 = CARTESIAN_POINT ( 'NONE',  ( 27.19999999999999574, 0.2000000000000016487, 9.950000000000002842 ) ) ;
#1466 = FILL_AREA_STYLE_COLOUR ( '', #3889 ) ;
#1467 = CARTESIAN_POINT ( 'NONE',  ( 27.99999999999999289, 9.200000000000002842, 10.59999999999999964 ) ) ;
#1468 = ORIENTED_EDGE ( 'NONE', *, *, #3634, .T. ) ;
#1469 = VECTOR ( 'NONE', #2036, 1000.000000000000000 ) ;
#1470 = CARTESIAN_POINT ( 'NONE',  ( 1.999999999999990896, 13.19999999999999929, 3.100000000000003197 ) ) ;
#1471 = EDGE_CURVE ( 'NONE', #3363, #3581, #1343, .T. ) ;
#1472 = ORIENTED_EDGE ( 'NONE', *, *, #4670, .T. ) ;
#1473 = LINE ( 'NONE', #263, #4438 ) ;
#1474 = ADVANCED_FACE ( 'NONE', ( #523 ), #2471, .F. ) ;
#1475 = MECHANICAL_DESIGN_GEOMETRIC_PRESENTATION_REPRESENTATION (  '', ( #3716 ), #1882 ) ;
#1476 = LINE ( 'NONE', #1129, #700 ) ;
#1477 = DIRECTION ( 'NONE',  ( -1.000000000000000000, 0.0000000000000000000, 0.0000000000000000000 ) ) ;
#1478 = ORIENTED_EDGE ( 'NONE', *, *, #1879, .T. ) ;
#1479 = ADVANCED_FACE ( 'NONE', ( #2940 ), #4546, .F. ) ;
#1480 = ORIENTED_EDGE ( 'NONE', *, *, #1356, .T. ) ;
#1481 = COLOUR_RGB ( '',0.7529411764705882248, 0.7529411764705882248, 0.7529411764705882248 ) ;
#1482 = DIRECTION ( 'NONE',  ( 1.000000000000000000, 0.0000000000000000000, -0.0000000000000000000 ) ) ;
#1483 = DIRECTION ( 'NONE',  ( -0.0000000000000000000, -0.0000000000000000000, -1.000000000000000000 ) ) ;
#1484 = STYLED_ITEM ( 'NONE', ( #3824 ), #1036 ) ;
#1485 = EDGE_LOOP ( 'NONE', ( #699, #4715, #1878, #601 ) ) ;
#1486 = AXIS2_PLACEMENT_3D ( 'NONE', #3310, #2558, #75 ) ;
#1487 = CARTESIAN_POINT ( 'NONE',  ( 2.799999999999991829, 0.1999999999999987899, 3.250000000000002220 ) ) ;
#1488 = FACE_BOUND ( 'NONE', #2513, .T. ) ;
#1489 = VERTEX_POINT ( 'NONE', #1291 ) ;
#1490 = VECTOR ( 'NONE', #3129, 1000.000000000000000 ) ;
#1491 = DIRECTION ( 'NONE',  ( -0.7071067811865536790, -0.7071067811865414665, 0.0000000000000000000 ) ) ;
#1492 = ORIENTED_EDGE ( 'NONE', *, *, #900, .F. ) ;
#1493 = SURFACE_SIDE_STYLE ('',( #2244 ) ) ;
#1494 = ORIENTED_EDGE ( 'NONE', *, *, #2096, .F. ) ;
#1495 = LINE ( 'NONE', #2272, #4685 ) ;
#1496 = DIRECTION ( 'NONE',  ( -0.0000000000000000000, -0.0000000000000000000, -1.000000000000000000 ) ) ;
#1497 =( LENGTH_UNIT ( ) NAMED_UNIT ( * ) SI_UNIT ( .MILLI., .METRE. ) );
#1498 = VECTOR ( 'NONE', #1042, 1000.000000000000000 ) ;
#1499 =( GEOMETRIC_REPRESENTATION_CONTEXT ( 3 ) GLOBAL_UNCERTAINTY_ASSIGNED_CONTEXT ( ( #907 ) ) GLOBAL_UNIT_ASSIGNED_CONTEXT ( ( #20, #1958, #1624 ) ) REPRESENTATION_CONTEXT ( 'NONE', 'WORKASPACE' ) );
#1500 = SURFACE_STYLE_FILL_AREA ( #2685 ) ;
#1501 = CARTESIAN_POINT ( 'NONE',  ( 12.99999999999999289, 9.200000000000001066, 10.09999999999999964 ) ) ;
#1502 = FILL_AREA_STYLE ('',( #677 ) ) ;
#1503 = EDGE_CURVE ( 'NONE', #660, #1051, #1311, .T. ) ;
#1505 = VECTOR ( 'NONE', #4284, 1000.000000000000000 ) ;
#1504 = CARTESIAN_POINT ( 'NONE',  ( 0.0000000000000000000, 0.0000000000000000000, 13.19999999999999929 ) ) ;
#1506 = VECTOR ( 'NONE', #2735, 1000.000000000000227 ) ;
#1507 = VERTEX_POINT ( 'NONE', #2499 ) ;
#1508 = EDGE_CURVE ( 'NONE', #2243, #1577, #4098, .T. ) ;
#1509 = EDGE_LOOP ( 'NONE', ( #5104, #242, #109, #4403 ) ) ;
#1510 = PRESENTATION_LAYER_ASSIGNMENT (  '', '', ( #652 ) ) ;
#1511 = AXIS2_PLACEMENT_3D ( 'NONE', #2882, #2472, #1261 ) ;
#1512 = EDGE_CURVE ( 'NONE', #2668, #2508, #1875, .T. ) ;
#1513 = CARTESIAN_POINT ( 'NONE',  ( 12.79999999999999361, 0.1999999999999999278, 10.74999999999999822 ) ) ;
#1514 = STYLED_ITEM ( 'NONE', ( #5055 ), #4247 ) ;
#1515 = ORIENTED_EDGE ( 'NONE', *, *, #4630, .F. ) ;
#1516 = PLANE ( 'NONE',  #3312 ) ;
#1517 = SURFACE_SIDE_STYLE ('',( #1906 ) ) ;
#1518 = ORIENTED_EDGE ( 'NONE', *, *, #1381, .F. ) ;
#1519 = CARTESIAN_POINT ( 'NONE',  ( 12.79999999999999183, 0.1999999999999999278, 2.450000000000005063 ) ) ;
#1520 = AXIS2_PLACEMENT_3D ( 'NONE', #3441, #3495, #3848 ) ;
#1521 = SURFACE_STYLE_USAGE ( .BOTH. , #607 ) ;
#1522 = SURFACE_STYLE_FILL_AREA ( #608 ) ;
#1523 =( GEOMETRIC_REPRESENTATION_CONTEXT ( 3 ) GLOBAL_UNCERTAINTY_ASSIGNED_CONTEXT ( ( #4134 ) ) GLOBAL_UNIT_ASSIGNED_CONTEXT ( ( #5143, #1201, #5088 ) ) REPRESENTATION_CONTEXT ( 'NONE', 'WORKASPACE' ) );
#1524 = ORIENTED_EDGE ( 'NONE', *, *, #823, .T. ) ;
#1525 = CARTESIAN_POINT ( 'NONE',  ( 2.999999999999992006, 13.19999999999999929, 10.59999999999999964 ) ) ;
#1526 = DIRECTION ( 'NONE',  ( 0.0000000000000000000, 0.7071067811865536790, -0.7071067811865414665 ) ) ;
#1527 =( GEOMETRIC_REPRESENTATION_CONTEXT ( 3 ) GLOBAL_UNCERTAINTY_ASSIGNED_CONTEXT ( ( #1687 ) ) GLOBAL_UNIT_ASSIGNED_CONTEXT ( ( #3724, #3641, #1286 ) ) REPRESENTATION_CONTEXT ( 'NONE', 'WORKASPACE' ) );
#1528 = CARTESIAN_POINT ( 'NONE',  ( 7.999999999999991118, 13.19999999999999929, 3.100000000000003197 ) ) ;
#1529 = PLANE ( 'NONE',  #1062 ) ;
#1530 = LINE ( 'NONE', #3096, #2307 ) ;
#1531 = ORIENTED_EDGE ( 'NONE', *, *, #791, .T. ) ;
#1532 = UNCERTAINTY_MEASURE_WITH_UNIT (LENGTH_MEASURE( 1.000000000000000082E-05 ), #3182, 'distance_accuracy_value', 'NONE');
#1533 = FACE_OUTER_BOUND ( 'NONE', #4138, .T. ) ;
#1534 = FILL_AREA_STYLE ('',( #329 ) ) ;
#1535 = CARTESIAN_POINT ( 'NONE',  ( 19.99999999999999645, 3.000000000000000000, 6.599999999999999645 ) ) ;
#1536 = EDGE_CURVE ( 'NONE', #3396, #2681, #3888, .T. ) ;
#1537 = ORIENTED_EDGE ( 'NONE', *, *, #4148, .F. ) ;
#1538 = DIRECTION ( 'NONE',  ( 0.0000000000000000000, 0.0000000000000000000, -1.000000000000000000 ) ) ;
#1539 = ORIENTED_EDGE ( 'NONE', *, *, #4938, .T. ) ;
#1540 = PRESENTATION_STYLE_ASSIGNMENT (( #1119 ) ) ;
#1541 = ADVANCED_FACE ( 'NONE', ( #4622 ), #1516, .F. ) ;
#1542 = DIRECTION ( 'NONE',  ( 0.0000000000000000000, 0.0000000000000000000, 1.000000000000000000 ) ) ;
#1543 = CARTESIAN_POINT ( 'NONE',  ( 2.799999999999991829, 0.1999999999999987899, 2.450000000000005063 ) ) ;
#1544 = LINE ( 'NONE', #4342, #2737 ) ;
#1545 = ORIENTED_EDGE ( 'NONE', *, *, #2201, .T. ) ;
#1546 = CARTESIAN_POINT ( 'NONE',  ( 2.799999999999991829, 4.000000000000000000, 3.250000000000002220 ) ) ;
#1547 = CARTESIAN_POINT ( 'NONE',  ( 25.00000000000000000, 9.200000000000004619, 13.19999999999999929 ) ) ;
#1548 = FACE_OUTER_BOUND ( 'NONE', #1509, .T. ) ;
#1549 = PLANE ( 'NONE',  #3887 ) ;
#1550 = CARTESIAN_POINT ( 'NONE',  ( 12.99999999999999112, 13.20000000000000107, 3.100000000000003197 ) ) ;
#1551 = PRESENTATION_STYLE_ASSIGNMENT (( #1131 ) ) ;
#1552 = FACE_OUTER_BOUND ( 'NONE', #2973, .T. ) ;
#1553 = DIRECTION ( 'NONE',  ( 1.000000000000000000, -0.0000000000000000000, -0.0000000000000000000 ) ) ;
#1554 = VERTEX_POINT ( 'NONE', #604 ) ;
#1555 = VERTEX_POINT ( 'NONE', #3085 ) ;
#1556 =( NAMED_UNIT ( * ) SI_UNIT ( $, .STERADIAN. ) SOLID_ANGLE_UNIT ( ) );
#1557 = VECTOR ( 'NONE', #3429, 1000.000000000000000 ) ;
#1558 = EDGE_LOOP ( 'NONE', ( #1296, #3913, #4705, #4866 ) ) ;
#1559 = LINE ( 'NONE', #4769, #4268 ) ;
#1560 = CARTESIAN_POINT ( 'NONE',  ( 6.999999999999992006, 13.19999999999999929, 10.09999999999999964 ) ) ;
#1561 = VECTOR ( 'NONE', #1385, 1000.000000000000000 ) ;
#1562 = EDGE_LOOP ( 'NONE', ( #4631, #727, #373, #562 ) ) ;
#1563 = EDGE_CURVE ( 'NONE', #1251, #3419, #177, .T. ) ;
#1564 = CARTESIAN_POINT ( 'NONE',  ( 24.99999999999998579, 4.400000000000003908, 7.849999999999999645 ) ) ;
#1565 = PRESENTATION_LAYER_ASSIGNMENT (  '', '', ( #4482 ) ) ;
#1566 = EDGE_CURVE ( 'NONE', #3774, #4598, #2237, .T. ) ;
#1567 = CARTESIAN_POINT ( 'NONE',  ( 1.999999999999991784, 13.19999999999999929, 10.09999999999999964 ) ) ;
#1568 = SURFACE_STYLE_USAGE ( .BOTH. , #207 ) ;
#1569 = FILL_AREA_STYLE_COLOUR ( '', #4015 ) ;
#1570 = LINE ( 'NONE', #4361, #2305 ) ;
#1571 = EDGE_CURVE ( 'NONE', #2595, #651, #5037, .T. ) ;
#1572 = FILL_AREA_STYLE ('',( #4315 ) ) ;
#1573 = ORIENTED_EDGE ( 'NONE', *, *, #3046, .T. ) ;
#1574 = SURFACE_STYLE_FILL_AREA ( #5151 ) ;
#1575 = DIRECTION ( 'NONE',  ( 1.156482317317871725E-16, -1.000000000000000000, -0.0000000000000000000 ) ) ;
#1576 = AXIS2_PLACEMENT_3D ( 'NONE', #3355, #4873, #4852 ) ;
#1577 = VERTEX_POINT ( 'NONE', #4261 ) ;
#1578 = PLANE ( 'NONE',  #3231 ) ;
#1579 =( NAMED_UNIT ( * ) SI_UNIT ( $, .STERADIAN. ) SOLID_ANGLE_UNIT ( ) );
#1580 = VECTOR ( 'NONE', #2493, 1000.000000000000000 ) ;
#1581 = FILL_AREA_STYLE ('',( #2862 ) ) ;
#1582 = CARTESIAN_POINT ( 'NONE',  ( 19.99999999999999645, 4.200000000000000178, 8.200000000000002842 ) ) ;
#1583 = FILL_AREA_STYLE ('',( #52 ) ) ;
#1584 = ORIENTED_EDGE ( 'NONE', *, *, #1735, .F. ) ;
#1585 = UNCERTAINTY_MEASURE_WITH_UNIT (LENGTH_MEASURE( 1.000000000000000082E-05 ), #1168, 'distance_accuracy_value', 'NONE');
#1586 = CARTESIAN_POINT ( 'NONE',  ( 30.50000000000000000, 4.400000000000003908, 5.350000000000000533 ) ) ;
#1587 = COLOUR_RGB ( '',0.7529411764705882248, 0.7529411764705882248, 1.000000000000000000 ) ;
#1588 = VECTOR ( 'NONE', #4645, 1000.000000000000000 ) ;
#1589 = VECTOR ( 'NONE', #2802, 1000.000000000000000 ) ;
#1590 = DIRECTION ( 'NONE',  ( 1.000000000000000000, 0.0000000000000000000, 0.0000000000000000000 ) ) ;
#1591 = EDGE_LOOP ( 'NONE', ( #260, #4711, #679, #84 ) ) ;
#1592 = CARTESIAN_POINT ( 'NONE',  ( 26.99999999999999289, 13.20000000000000284, 10.09999999999999964 ) ) ;
#1593 = PRESENTATION_LAYER_ASSIGNMENT (  '', '', ( #2740 ) ) ;
#1594 = DIRECTION ( 'NONE',  ( -0.7071067811865414665, 0.7071067811865536790, 0.0000000000000000000 ) ) ;
#1595 = FILL_AREA_STYLE_COLOUR ( '', #2666 ) ;
#1596 = VECTOR ( 'NONE', #4942, 1000.000000000000000 ) ;
#1597 = ADVANCED_FACE ( 'NONE', ( #1854 ), #2989, .F. ) ;
#1598 = LINE ( 'NONE', #5172, #4576 ) ;
#1599 = DIRECTION ( 'NONE',  ( -0.0000000000000000000, -0.0000000000000000000, -1.000000000000000000 ) ) ;
#1600 = ORIENTED_EDGE ( 'NONE', *, *, #2851, .F. ) ;
#1601 = VECTOR ( 'NONE', #4160, 1000.000000000000000 ) ;
#1602 = DIRECTION ( 'NONE',  ( 0.0000000000000000000, 0.7071067811865536790, -0.7071067811865414665 ) ) ;
#1603 = EDGE_LOOP ( 'NONE', ( #3791, #3, #3802, #2987 ) ) ;
#1604 = EDGE_CURVE ( 'NONE', #107, #4471, #3809, .T. ) ;
#1605 = CARTESIAN_POINT ( 'NONE',  ( 12.79999999999999361, 4.000000000000000888, 10.74999999999999822 ) ) ;
#1606 = ADVANCED_FACE ( 'NONE', ( #4696 ), #278, .F. ) ;
#1607 = DIRECTION ( 'NONE',  ( -1.156482317317871478E-16, 1.000000000000000000, -0.0000000000000000000 ) ) ;
#1608 =( LENGTH_UNIT ( ) NAMED_UNIT ( * ) SI_UNIT ( .MILLI., .METRE. ) );
#1609 = VERTEX_POINT ( 'NONE', #3452 ) ;
#1610 = FILL_AREA_STYLE ('',( #5159 ) ) ;
#1611 = ORIENTED_EDGE ( 'NONE', *, *, #1536, .T. ) ;
#1612 =( LENGTH_UNIT ( ) NAMED_UNIT ( * ) SI_UNIT ( .MILLI., .METRE. ) );
#1613 = DIRECTION ( 'NONE',  ( 0.0000000000000000000, 0.0000000000000000000, 1.000000000000000000 ) ) ;
#1614 = DIRECTION ( 'NONE',  ( -7.703719777548947791E-32, 0.0000000000000000000, 1.000000000000000000 ) ) ;
#1615 = SURFACE_STYLE_USAGE ( .BOTH. , #4402 ) ;
#1616 = ORIENTED_EDGE ( 'NONE', *, *, #256, .T. ) ;
#1617 = CARTESIAN_POINT ( 'NONE',  ( 2.199999999999991740, 4.000000000000000000, 2.450000000000005063 ) ) ;
#1618 = VERTEX_POINT ( 'NONE', #2603 ) ;
#1619 = DIRECTION ( 'NONE',  ( 1.000000000000000000, -0.0000000000000000000, -0.0000000000000000000 ) ) ;
#1620 = DIRECTION ( 'NONE',  ( -0.7071067811865414665, 0.7071067811865536790, 0.0000000000000000000 ) ) ;
#1621 = DIRECTION ( 'NONE',  ( -1.000000000000000000, 0.0000000000000000000, 0.0000000000000000000 ) ) ;
#1622 = CARTESIAN_POINT ( 'NONE',  ( 1.999999999999990896, 13.19999999999999929, 2.600000000000003197 ) ) ;
#1623 = EDGE_LOOP ( 'NONE', ( #3218, #624, #2528, #1836 ) ) ;
#1624 =( NAMED_UNIT ( * ) SI_UNIT ( $, .STERADIAN. ) SOLID_ANGLE_UNIT ( ) );
#1625 = VERTEX_POINT ( 'NONE', #1114 ) ;
#1626 = DIRECTION ( 'NONE',  ( -0.5773502691896290617, -0.5773502691896190697, -0.5773502691896290617 ) ) ;
#1627 = CARTESIAN_POINT ( 'NONE',  ( 2.999999999999991562, 9.199999999999999289, 3.100000000000003197 ) ) ;
#1628 = EDGE_CURVE ( 'NONE', #4195, #689, #3476, .T. ) ;
#1629 = ORIENTED_EDGE ( 'NONE', *, *, #3238, .T. ) ;
#1630 = LINE ( 'NONE', #4804, #1919 ) ;
#1631 = PLANE ( 'NONE',  #2072 ) ;
#1632 = EDGE_CURVE ( 'NONE', #3886, #965, #4288, .T. ) ;
#1633 = SURFACE_SIDE_STYLE ('',( #3630 ) ) ;
#1634 = FILL_AREA_STYLE ('',( #4430 ) ) ;
#1635 = DIRECTION ( 'NONE',  ( -0.0000000000000000000, -1.000000000000000000, -0.0000000000000000000 ) ) ;
#1636 = CARTESIAN_POINT ( 'NONE',  ( 11.99999999999999112, 13.20000000000000107, 2.600000000000003197 ) ) ;
#1637 = STYLED_ITEM ( 'NONE', ( #3001 ), #203 ) ;
#1638 = EDGE_LOOP ( 'NONE', ( #4612, #4666, #2302, #1197 ) ) ;
#1639 = LINE ( 'NONE', #3203, #1354 ) ;
#1640 = CARTESIAN_POINT ( 'NONE',  ( 1.000000000000000888, 9.199999999999999289, 12.19999999999999929 ) ) ;
#1641 = ORIENTED_EDGE ( 'NONE', *, *, #3626, .T. ) ;
#1642 = DIRECTION ( 'NONE',  ( -0.0000000000000000000, -1.000000000000000000, -0.0000000000000000000 ) ) ;
#1643 = DIRECTION ( 'NONE',  ( 0.0000000000000000000, -1.000000000000000000, 0.0000000000000000000 ) ) ;
#1644 = FACE_OUTER_BOUND ( 'NONE', #1365, .T. ) ;
#1645 = VECTOR ( 'NONE', #430, 1000.000000000000000 ) ;
#1646 = FACE_OUTER_BOUND ( 'NONE', #1558, .T. ) ;
#1647 = CYLINDRICAL_SURFACE ( 'NONE', #4737, 1.000000000000000000 ) ;
#1648 = FACE_OUTER_BOUND ( 'NONE', #444, .T. ) ;
#1649 = ORIENTED_EDGE ( 'NONE', *, *, #933, .T. ) ;
#1650 = CARTESIAN_POINT ( 'NONE',  ( 27.19999999999999574, 4.000000000000002665, 2.450000000000005063 ) ) ;
#1651 = CARTESIAN_POINT ( 'NONE',  ( 27.99999999999999289, 9.200000000000002842, 2.600000000000003197 ) ) ;
#1652 = ORIENTED_EDGE ( 'NONE', *, *, #4088, .T. ) ;
#1653 = VECTOR ( 'NONE', #1880, 1000.000000000000000 ) ;
#1654 = CARTESIAN_POINT ( 'NONE',  ( 26.99999999999999289, 9.200000000000002842, 10.09999999999999964 ) ) ;
#1655 = EDGE_LOOP ( 'NONE', ( #3384, #62, #3462, #2999 ) ) ;
#1656 = STYLED_ITEM ( 'NONE', ( #70 ), #1479 ) ;
#1657 = LINE ( 'NONE', #930, #3317 ) ;
#1658 =( NAMED_UNIT ( * ) SI_UNIT ( $, .STERADIAN. ) SOLID_ANGLE_UNIT ( ) );
#1659 = CIRCLE ( 'NONE', #821, 2.749999999999998224 ) ;
#1660 =( NAMED_UNIT ( * ) PLANE_ANGLE_UNIT ( ) SI_UNIT ( $, .RADIAN. ) );
#1661 = EDGE_CURVE ( 'NONE', #4878, #5136, #2208, .T. ) ;
#1662 = AXIS2_PLACEMENT_3D ( 'NONE', #3380, #3013, #2604 ) ;
#1663 = AXIS2_PLACEMENT_3D ( 'NONE', #529, #555, #2163 ) ;
#1664 = VERTEX_POINT ( 'NONE', #706 ) ;
#1665 = LINE ( 'NONE', #4536, #4592 ) ;
#1666 = VERTEX_POINT ( 'NONE', #3433 ) ;
#1667 =( GEOMETRIC_REPRESENTATION_CONTEXT ( 3 ) GLOBAL_UNCERTAINTY_ASSIGNED_CONTEXT ( ( #456 ) ) GLOBAL_UNIT_ASSIGNED_CONTEXT ( ( #264, #2998, #1886 ) ) REPRESENTATION_CONTEXT ( 'NONE', 'WORKASPACE' ) );
#1668 = STYLED_ITEM ( 'NONE', ( #4008 ), #2784 ) ;
#1669 = EDGE_CURVE ( 'NONE', #4530, #3477, #4200, .T. ) ;
#1670 = CARTESIAN_POINT ( 'NONE',  ( 2.999999999999992450, 9.199999999999999289, 10.59999999999999964 ) ) ;
#1671 = STYLED_ITEM ( 'NONE', ( #4542 ), #4023 ) ;
#1672 = DIRECTION ( 'NONE',  ( -1.000000000000000000, 0.0000000000000000000, 0.0000000000000000000 ) ) ;
#1673 = SURFACE_STYLE_USAGE ( .BOTH. , #855 ) ;
#1674 =( GEOMETRIC_REPRESENTATION_CONTEXT ( 3 ) GLOBAL_UNCERTAINTY_ASSIGNED_CONTEXT ( ( #1274 ) ) GLOBAL_UNIT_ASSIGNED_CONTEXT ( ( #469, #2525, #2549 ) ) REPRESENTATION_CONTEXT ( 'NONE', 'WORKASPACE' ) );
#1675 = COLOUR_RGB ( '',0.7529411764705882248, 0.7529411764705882248, 0.7529411764705882248 ) ;
#1676 = FILL_AREA_STYLE ('',( #4466 ) ) ;
#1677 = DIRECTION ( 'NONE',  ( 0.0000000000000000000, 1.000000000000000000, 0.0000000000000000000 ) ) ;
#1678 = ORIENTED_EDGE ( 'NONE', *, *, #656, .F. ) ;
#1679 = CARTESIAN_POINT ( 'NONE',  ( 26.99999999999999289, 13.20000000000000284, 10.09999999999999964 ) ) ;
#1680 = ORIENTED_EDGE ( 'NONE', *, *, #4786, .T. ) ;
#1681 =( GEOMETRIC_REPRESENTATION_CONTEXT ( 3 ) GLOBAL_UNCERTAINTY_ASSIGNED_CONTEXT ( ( #2407 ) ) GLOBAL_UNIT_ASSIGNED_CONTEXT ( ( #4963, #578, #471 ) ) REPRESENTATION_CONTEXT ( 'NONE', 'WORKASPACE' ) );
#1682 = DIRECTION ( 'NONE',  ( 0.0000000000000000000, 0.0000000000000000000, -1.000000000000000000 ) ) ;
#1683 = COLOUR_RGB ( '',0.7529411764705882248, 0.7529411764705882248, 1.000000000000000000 ) ;
#1684 = VERTEX_POINT ( 'NONE', #1905 ) ;
#1685 = ORIENTED_EDGE ( 'NONE', *, *, #168, .F. ) ;
#1686 = PRESENTATION_STYLE_ASSIGNMENT (( #1324 ) ) ;
#1687 = UNCERTAINTY_MEASURE_WITH_UNIT (LENGTH_MEASURE( 1.000000000000000082E-05 ), #3724, 'distance_accuracy_value', 'NONE');
#1688 = SURFACE_STYLE_USAGE ( .BOTH. , #4061 ) ;
#1689 = FILL_AREA_STYLE_COLOUR ( '', #2706 ) ;
#1690 = ORIENTED_EDGE ( 'NONE', *, *, #391, .F. ) ;
#1691 = CARTESIAN_POINT ( 'NONE',  ( 1.000000000000000888, 0.0000000000000000000, 12.19999999999999929 ) ) ;
#1692 = ORIENTED_EDGE ( 'NONE', *, *, #1817, .F. ) ;
#1693 = SURFACE_SIDE_STYLE ('',( #1304 ) ) ;
#1694 = CARTESIAN_POINT ( 'NONE',  ( 30.50000000000000000, 9.200000000000002842, 5.350000000000000533 ) ) ;
#1695 = EDGE_CURVE ( 'NONE', #2839, #3363, #685, .T. ) ;
#1696 = FILL_AREA_STYLE_COLOUR ( '', #2748 ) ;
#1697 = ADVANCED_FACE ( 'NONE', ( #3056 ), #3378, .F. ) ;
#1698 = FACE_OUTER_BOUND ( 'NONE', #2142, .T. ) ;
#1699 = CARTESIAN_POINT ( 'NONE',  ( 19.99999999999999645, 3.000000000000000000, 3.850000000000001865 ) ) ;
#1700 = DIRECTION ( 'NONE',  ( 1.000000000000000000, -0.0000000000000000000, -0.0000000000000000000 ) ) ;
#1701 = EDGE_LOOP ( 'NONE', ( #4984, #81, #50, #4409 ) ) ;
#1702 = DIRECTION ( 'NONE',  ( -0.0000000000000000000, 1.000000000000000000, -0.0000000000000000000 ) ) ;
#1703 = CARTESIAN_POINT ( 'NONE',  ( 12.79999999999999361, 0.1999999999999999278, 9.950000000000002842 ) ) ;
#1704 = EDGE_CURVE ( 'NONE', #1051, #1773, #1415, .T. ) ;
#1705 = ORIENTED_EDGE ( 'NONE', *, *, #5146, .F. ) ;
#1706 = CARTESIAN_POINT ( 'NONE',  ( 6.999999999999992006, 9.199999999999999289, 10.59999999999999964 ) ) ;
#1707 = LINE ( 'NONE', #4495, #902 ) ;
#1708 = VERTEX_POINT ( 'NONE', #4772 ) ;
#1709 = PLANE ( 'NONE',  #3144 ) ;
#1710 = LINE ( 'NONE', #4107, #3852 ) ;
#1711 = SURFACE_STYLE_FILL_AREA ( #483 ) ;
#1712 = DIRECTION ( 'NONE',  ( -0.5773502691896290617, 0.5773502691896190697, -0.5773502691896290617 ) ) ;
#1713 = DIRECTION ( 'NONE',  ( 0.0000000000000000000, 1.000000000000000000, 0.0000000000000000000 ) ) ;
#1714 = CARTESIAN_POINT ( 'NONE',  ( 7.799999999999992717, 4.000000000000000888, 10.74999999999999822 ) ) ;
#1715 = ORIENTED_EDGE ( 'NONE', *, *, #1157, .F. ) ;
#1716 = CARTESIAN_POINT ( 'NONE',  ( 1.999999999999992228, 9.199999999999999289, 10.59999999999999964 ) ) ;
#1717 = ORIENTED_EDGE ( 'NONE', *, *, #656, .T. ) ;
#1718 = PRESENTATION_STYLE_ASSIGNMENT (( #1332 ) ) ;
#1719 = DIRECTION ( 'NONE',  ( -1.000000000000000000, 0.0000000000000000000, 0.0000000000000000000 ) ) ;
#1720 = LINE ( 'NONE', #1777, #1445 ) ;
#1721 = DIRECTION ( 'NONE',  ( -0.0000000000000000000, -1.000000000000000000, -0.0000000000000000000 ) ) ;
#1722 = CARTESIAN_POINT ( 'NONE',  ( 27.79999999999999361, 0.2000000000000016487, 9.950000000000002842 ) ) ;
#1723 = AXIS2_PLACEMENT_3D ( 'NONE', #4449, #4733, #4350 ) ;
#1724 = ADVANCED_FACE ( 'NONE', ( #1950 ), #2746, .F. ) ;
#1725 = EDGE_CURVE ( 'NONE', #4483, #4091, #2003, .T. ) ;
#1726 = DIRECTION ( 'NONE',  ( 1.000000000000000000, 0.0000000000000000000, -0.0000000000000000000 ) ) ;
#1727 = VECTOR ( 'NONE', #1542, 1000.000000000000000 ) ;
#1728 = CARTESIAN_POINT ( 'NONE',  ( 27.99999999999999645, 2.843808977011159604E-15, 3.450000000000005063 ) ) ;
#1729 = ORIENTED_EDGE ( 'NONE', *, *, #3465, .T. ) ;
#1730 = PRESENTATION_STYLE_ASSIGNMENT (( #4550 ) ) ;
#1731 = ORIENTED_EDGE ( 'NONE', *, *, #823, .F. ) ;
#1732 = EDGE_CURVE ( 'NONE', #3581, #1767, #796, .T. ) ;
#1733 = MECHANICAL_DESIGN_GEOMETRIC_PRESENTATION_REPRESENTATION (  '', ( #3298 ), #541 ) ;
#1734 = DIRECTION ( 'NONE',  ( 1.000000000000000000, 0.0000000000000000000, -0.0000000000000000000 ) ) ;
#1735 = EDGE_CURVE ( 'NONE', #4896, #1328, #4360, .T. ) ;
#1736 = ORIENTED_EDGE ( 'NONE', *, *, #1508, .F. ) ;
#1737 = LINE ( 'NONE', #3338, #3221 ) ;
#1738 = ORIENTED_EDGE ( 'NONE', *, *, #831, .F. ) ;
#1739 = FACE_OUTER_BOUND ( 'NONE', #245, .T. ) ;
#1740 = UNCERTAINTY_MEASURE_WITH_UNIT (LENGTH_MEASURE( 1.000000000000000082E-05 ), #3454, 'distance_accuracy_value', 'NONE');
#1741 = FILL_AREA_STYLE_COLOUR ( '', #4791 ) ;
#1742 = FILL_AREA_STYLE_COLOUR ( '', #3385 ) ;
#1743 = ORIENTED_EDGE ( 'NONE', *, *, #1094, .T. ) ;
#1744 = VECTOR ( 'NONE', #2650, 1000.000000000000000 ) ;
#1745 = DIRECTION ( 'NONE',  ( 0.0000000000000000000, 0.0000000000000000000, 1.000000000000000000 ) ) ;
#1746 = ORIENTED_EDGE ( 'NONE', *, *, #31, .F. ) ;
#1747 = LINE ( 'NONE', #2180, #5115 ) ;
#1748 = MECHANICAL_DESIGN_GEOMETRIC_PRESENTATION_REPRESENTATION (  '', ( #638 ), #1499 ) ;
#1749 = DIRECTION ( 'NONE',  ( 0.0000000000000000000, 0.0000000000000000000, -1.000000000000000000 ) ) ;
#1750 = CARTESIAN_POINT ( 'NONE',  ( 12.99999999999999112, 13.20000000000000107, 2.600000000000003197 ) ) ;
#1751 = COLOUR_RGB ( '',0.7529411764705882248, 0.7529411764705882248, 0.7529411764705882248 ) ;
#1752 = AXIS2_PLACEMENT_3D ( 'NONE', #1691, #4812, #594 ) ;
#1753 = EDGE_LOOP ( 'NONE', ( #4211, #810, #1641, #2344, #4567 ) ) ;
#1754 = MECHANICAL_DESIGN_GEOMETRIC_PRESENTATION_REPRESENTATION (  '', ( #2729 ), #2155 ) ;
#1755 = AXIS2_PLACEMENT_3D ( 'NONE', #4498, #4905, #895 ) ;
#1756 = VERTEX_POINT ( 'NONE', #2767 ) ;
#1757 = DIRECTION ( 'NONE',  ( 1.000000000000000000, 1.156482317317872218E-16, -0.0000000000000000000 ) ) ;
#1758 = ORIENTED_EDGE ( 'NONE', *, *, #2102, .F. ) ;
#1759 = ADVANCED_FACE ( 'NONE', ( #4792 ), #4020, .F. ) ;
#1760 =( GEOMETRIC_REPRESENTATION_CONTEXT ( 3 ) GLOBAL_UNCERTAINTY_ASSIGNED_CONTEXT ( ( #1164 ) ) GLOBAL_UNIT_ASSIGNED_CONTEXT ( ( #2429, #2060, #806 ) ) REPRESENTATION_CONTEXT ( 'NONE', 'WORKASPACE' ) );
#1761 = SURFACE_SIDE_STYLE ('',( #126 ) ) ;
#1762 = VERTEX_POINT ( 'NONE', #4334 ) ;
#1763 = DIRECTION ( 'NONE',  ( -1.000000000000000000, 0.0000000000000000000, 0.0000000000000000000 ) ) ;
#1764 = EDGE_CURVE ( 'NONE', #2830, #101, #4069, .T. ) ;
#1765 =( GEOMETRIC_REPRESENTATION_CONTEXT ( 3 ) GLOBAL_UNCERTAINTY_ASSIGNED_CONTEXT ( ( #3228 ) ) GLOBAL_UNIT_ASSIGNED_CONTEXT ( ( #1612, #868, #3660 ) ) REPRESENTATION_CONTEXT ( 'NONE', 'WORKASPACE' ) );
#1766 = CARTESIAN_POINT ( 'NONE',  ( 7.799999999999991829, 0.1999999999999993727, 2.450000000000005063 ) ) ;
#1767 = VERTEX_POINT ( 'NONE', #14 ) ;
#1768 = EDGE_CURVE ( 'NONE', #1002, #5136, #1200, .T. ) ;
#1769 = VECTOR ( 'NONE', #3126, 1000.000000000000000 ) ;
#1770 = DIRECTION ( 'NONE',  ( 1.000000000000000000, 0.0000000000000000000, 0.0000000000000000000 ) ) ;
#1771 = AXIS2_PLACEMENT_3D ( 'NONE', #563, #4130, #928 ) ;
#1772 = SURFACE_STYLE_USAGE ( .BOTH. , #142 ) ;
#1773 = VERTEX_POINT ( 'NONE', #3971 ) ;
#1774 =( NAMED_UNIT ( * ) SI_UNIT ( $, .STERADIAN. ) SOLID_ANGLE_UNIT ( ) );
#1775 = VECTOR ( 'NONE', #2103, 1000.000000000000000 ) ;
#1776 = CARTESIAN_POINT ( 'NONE',  ( 19.99999999999999645, 3.000000000000000000, 6.599999999999999645 ) ) ;
#1777 = CARTESIAN_POINT ( 'NONE',  ( 12.79999999999999361, 0.1999999999999999278, 9.950000000000002842 ) ) ;
#1778 = CARTESIAN_POINT ( 'NONE',  ( 7.199999999999992184, 4.000000000000000888, 3.250000000000002220 ) ) ;
#1779 = DIRECTION ( 'NONE',  ( 0.0000000000000000000, -1.000000000000000000, 0.0000000000000000000 ) ) ;
#1780 = ORIENTED_EDGE ( 'NONE', *, *, #232, .T. ) ;
#1781 = CARTESIAN_POINT ( 'NONE',  ( 5.000000000000000000, 5.687617954022318617E-16, 10.94999999999999929 ) ) ;
#1782 = DIRECTION ( 'NONE',  ( 0.0000000000000000000, 0.0000000000000000000, 1.000000000000000000 ) ) ;
#1783 = ORIENTED_EDGE ( 'NONE', *, *, #168, .T. ) ;
#1784 = DIRECTION ( 'NONE',  ( 1.000000000000000000, 0.0000000000000000000, -0.0000000000000000000 ) ) ;
#1785 = CARTESIAN_POINT ( 'NONE',  ( 0.0000000000000000000, 9.199999999999999289, 12.19999999999999929 ) ) ;
#1786 = DIRECTION ( 'NONE',  ( -0.5773502691896290617, -0.5773502691896190697, 0.5773502691896290617 ) ) ;
#1787 = LINE ( 'NONE', #2141, #1901 ) ;
#1788 = ORIENTED_EDGE ( 'NONE', *, *, #2196, .F. ) ;
#1789 = CARTESIAN_POINT ( 'NONE',  ( 19.99999999999999645, 0.0000000000000000000, 9.349999999999997868 ) ) ;
#1790 = ORIENTED_EDGE ( 'NONE', *, *, #8, .F. ) ;
#1791 = UNCERTAINTY_MEASURE_WITH_UNIT (LENGTH_MEASURE( 1.000000000000000082E-05 ), #4602, 'distance_accuracy_value', 'NONE');
#1792 = ADVANCED_FACE ( 'NONE', ( #4382 ), #309, .T. ) ;
#1793 =( NAMED_UNIT ( * ) SI_UNIT ( $, .STERADIAN. ) SOLID_ANGLE_UNIT ( ) );
#1794 = DIRECTION ( 'NONE',  ( 0.0000000000000000000, 0.0000000000000000000, -1.000000000000000000 ) ) ;
#1795 = EDGE_CURVE ( 'NONE', #449, #3999, #2792, .T. ) ;
#1796 = ORIENTED_EDGE ( 'NONE', *, *, #3602, .F. ) ;
#1797 = ORIENTED_EDGE ( 'NONE', *, *, #1917, .F. ) ;
#1798 = EDGE_CURVE ( 'NONE', #4557, #1762, #356, .T. ) ;
#1799 = DIRECTION ( 'NONE',  ( -0.5773502691896282846, 0.5773502691896182926, -0.5773502691896308381 ) ) ;
#1800 = DIRECTION ( 'NONE',  ( -1.000000000000000000, 0.0000000000000000000, -0.0000000000000000000 ) ) ;
#1801 = EDGE_LOOP ( 'NONE', ( #431, #585, #1970, #71 ) ) ;
#1802 = PRESENTATION_LAYER_ASSIGNMENT (  '', '', ( #2374 ) ) ;
#1803 = DIRECTION ( 'NONE',  ( 1.000000000000000000, 0.0000000000000000000, -0.0000000000000000000 ) ) ;
#1804 = CARTESIAN_POINT ( 'NONE',  ( 12.99999999999999645, 1.137523590804463723E-15, 13.19999999999999929 ) ) ;
#1805 = ORIENTED_EDGE ( 'NONE', *, *, #4900, .F. ) ;
#1806 = FILL_AREA_STYLE_COLOUR ( '', #4100 ) ;
#1807 = DIRECTION ( 'NONE',  ( -0.7071067811865414665, 0.7071067811865536790, 0.0000000000000000000 ) ) ;
#1808 = MECHANICAL_DESIGN_GEOMETRIC_PRESENTATION_REPRESENTATION (  '', ( #2875 ), #1889 ) ;
#1809 = ORIENTED_EDGE ( 'NONE', *, *, #686, .T. ) ;
#1810 =( LENGTH_UNIT ( ) NAMED_UNIT ( * ) SI_UNIT ( .MILLI., .METRE. ) );
#1811 = DIRECTION ( 'NONE',  ( -0.5773502691896290617, 0.5773502691896190697, 0.5773502691896290617 ) ) ;
#1812 = ORIENTED_EDGE ( 'NONE', *, *, #1512, .T. ) ;
#1813 = CARTESIAN_POINT ( 'NONE',  ( 26.99999999999999289, 13.20000000000000284, 3.100000000000003197 ) ) ;
#1814 = PLANE ( 'NONE',  #2544 ) ;
#1815 = DIRECTION ( 'NONE',  ( -0.0000000000000000000, -0.0000000000000000000, -1.000000000000000000 ) ) ;
#1816 = LINE ( 'NONE', #3801, #1091 ) ;
#1817 = EDGE_CURVE ( 'NONE', #4162, #4102, #827, .T. ) ;
#1818 = ORIENTED_EDGE ( 'NONE', *, *, #599, .T. ) ;
#1819 = AXIS2_PLACEMENT_3D ( 'NONE', #3992, #383, #5112 ) ;
#1820 = EDGE_CURVE ( 'NONE', #101, #2830, #4410, .T. ) ;
#1821 = FACE_OUTER_BOUND ( 'NONE', #3097, .T. ) ;
#1822 = CARTESIAN_POINT ( 'NONE',  ( 7.799999999999991829, 4.000000000000000888, 2.450000000000005063 ) ) ;
#1823 = EDGE_CURVE ( 'NONE', #3556, #3155, #4744, .T. ) ;
#1824 = EDGE_LOOP ( 'NONE', ( #506, #152, #5059, #1705 ) ) ;
#1825 = VECTOR ( 'NONE', #296, 999.9999999999998863 ) ;
#1826 = DIRECTION ( 'NONE',  ( 0.0000000000000000000, -0.7071067811865398012, 0.7071067811865552333 ) ) ;
#1827 = LINE ( 'NONE', #3057, #5140 ) ;
#1828 = CARTESIAN_POINT ( 'NONE',  ( 11.99999999999999112, 13.20000000000000107, 3.100000000000003197 ) ) ;
#1829 = DIRECTION ( 'NONE',  ( -0.0000000000000000000, -1.000000000000000000, -0.0000000000000000000 ) ) ;
#1830 = AXIS2_PLACEMENT_3D ( 'NONE', #4463, #4121, #879 ) ;
#1831 =( LENGTH_UNIT ( ) NAMED_UNIT ( * ) SI_UNIT ( .MILLI., .METRE. ) );
#1832 = AXIS2_PLACEMENT_3D ( 'NONE', #1873, #576, #3449 ) ;
#1833 = LINE ( 'NONE', #3457, #3124 ) ;
#1834 = VERTEX_POINT ( 'NONE', #3105 ) ;
#1835 =( NAMED_UNIT ( * ) PLANE_ANGLE_UNIT ( ) SI_UNIT ( $, .RADIAN. ) );
#1836 = ORIENTED_EDGE ( 'NONE', *, *, #3275, .T. ) ;
#1837 = CARTESIAN_POINT ( 'NONE',  ( 1.999999999999991340, 9.199999999999999289, 3.100000000000003197 ) ) ;
#1838 = VERTEX_POINT ( 'NONE', #854 ) ;
#1839 = MECHANICAL_DESIGN_GEOMETRIC_PRESENTATION_REPRESENTATION (  '', ( #388 ), #567 ) ;
#1840 =( NAMED_UNIT ( * ) SI_UNIT ( $, .STERADIAN. ) SOLID_ANGLE_UNIT ( ) );
#1841 = PRESENTATION_LAYER_ASSIGNMENT (  '', '', ( #1174 ) ) ;
#1842 = CARTESIAN_POINT ( 'NONE',  ( 15.00000000000000000, 4.200000000000001066, 13.19999999999999929 ) ) ;
#1843 = VERTEX_POINT ( 'NONE', #1592 ) ;
#1844 = FACE_OUTER_BOUND ( 'NONE', #5023, .T. ) ;
#1845 = UNCERTAINTY_MEASURE_WITH_UNIT (LENGTH_MEASURE( 1.000000000000000082E-05 ), #1158, 'distance_accuracy_value', 'NONE');
#1846 = STYLED_ITEM ( 'NONE', ( #3131 ), #4375 ) ;
#1847 = VERTEX_POINT ( 'NONE', #1930 ) ;
#1848 = PRESENTATION_STYLE_ASSIGNMENT (( #4220 ) ) ;
#1849 = AXIS2_PLACEMENT_3D ( 'NONE', #1617, #4740, #2788 ) ;
#1850 = CARTESIAN_POINT ( 'NONE',  ( 8.904913843347606464E-16, 4.400000000000000355, 7.849999999999999645 ) ) ;
#1851 = VERTEX_POINT ( 'NONE', #4717 ) ;
#1852 = VECTOR ( 'NONE', #1702, 1000.000000000000000 ) ;
#1853 = EDGE_CURVE ( 'NONE', #2189, #778, #1971, .T. ) ;
#1854 = FACE_OUTER_BOUND ( 'NONE', #1035, .T. ) ;
#1855 = EDGE_CURVE ( 'NONE', #2376, #1002, #3943, .T. ) ;
#1856 = DIRECTION ( 'NONE',  ( -1.000000000000000000, 0.0000000000000000000, 0.0000000000000000000 ) ) ;
#1858 =( NAMED_UNIT ( * ) SI_UNIT ( $, .STERADIAN. ) SOLID_ANGLE_UNIT ( ) );
#1857 = AXIS2_PLACEMENT_3D ( 'NONE', #2732, #749, #3521 ) ;
#1859 = VERTEX_POINT ( 'NONE', #3161 ) ;
#1860 = CARTESIAN_POINT ( 'NONE',  ( 30.50000000000000000, 0.0000000000000000000, 13.19999999999999929 ) ) ;
#1861 = DIRECTION ( 'NONE',  ( 0.0000000000000000000, 0.0000000000000000000, -1.000000000000000000 ) ) ;
#1862 = ORIENTED_EDGE ( 'NONE', *, *, #1157, .T. ) ;
#1863 = EDGE_CURVE ( 'NONE', #2688, #1884, #543, .T. ) ;
#1864 = LINE ( 'NONE', #2680, #2249 ) ;
#1865 = VERTEX_POINT ( 'NONE', #4066 ) ;
#1866 = CARTESIAN_POINT ( 'NONE',  ( 2.999999999999995115, 0.0000000000000000000, 10.94999999999999929 ) ) ;
#1867 = DIRECTION ( 'NONE',  ( 0.0000000000000000000, 0.7071067811865414665, 0.7071067811865536790 ) ) ;
#1868 =( NAMED_UNIT ( * ) PLANE_ANGLE_UNIT ( ) SI_UNIT ( $, .RADIAN. ) );
#1869 = SURFACE_SIDE_STYLE ('',( #2661 ) ) ;
#1870 = DIRECTION ( 'NONE',  ( 0.0000000000000000000, 0.0000000000000000000, -1.000000000000000000 ) ) ;
#1871 = VERTEX_POINT ( 'NONE', #2101 ) ;
#1872 = ORIENTED_EDGE ( 'NONE', *, *, #2355, .F. ) ;
#1873 = CARTESIAN_POINT ( 'NONE',  ( 30.50000000000000000, 4.400000000000003908, 5.350000000000000533 ) ) ;
#1874 = ORIENTED_EDGE ( 'NONE', *, *, #5051, .F. ) ;
#1875 = LINE ( 'NONE', #229, #717 ) ;
#1876 = DIRECTION ( 'NONE',  ( 1.000000000000000000, 0.0000000000000000000, -0.0000000000000000000 ) ) ;
#1877 = SURFACE_STYLE_USAGE ( .BOTH. , #3382 ) ;
#1878 = ORIENTED_EDGE ( 'NONE', *, *, #626, .T. ) ;
#1879 = EDGE_CURVE ( 'NONE', #4683, #3556, #945, .T. ) ;
#1880 = DIRECTION ( 'NONE',  ( -1.000000000000000000, 0.0000000000000000000, 0.0000000000000000000 ) ) ;
#1881 = VERTEX_POINT ( 'NONE', #1367 ) ;
#1882 =( GEOMETRIC_REPRESENTATION_CONTEXT ( 3 ) GLOBAL_UNCERTAINTY_ASSIGNED_CONTEXT ( ( #4137 ) ) GLOBAL_UNIT_ASSIGNED_CONTEXT ( ( #4051, #5099, #1579 ) ) REPRESENTATION_CONTEXT ( 'NONE', 'WORKASPACE' ) );
#1883 = SURFACE_STYLE_USAGE ( .BOTH. , #1493 ) ;
#1884 = VERTEX_POINT ( 'NONE', #1306 ) ;
#1885 =( LENGTH_UNIT ( ) NAMED_UNIT ( * ) SI_UNIT ( .MILLI., .METRE. ) );
#1886 =( NAMED_UNIT ( * ) SI_UNIT ( $, .STERADIAN. ) SOLID_ANGLE_UNIT ( ) );
#1887 = CARTESIAN_POINT ( 'NONE',  ( 2.999999999999993783, 0.0000000000000000000, 3.450000000000005063 ) ) ;
#1888 = EDGE_CURVE ( 'NONE', #1441, #3348, #65, .T. ) ;
#1889 =( GEOMETRIC_REPRESENTATION_CONTEXT ( 3 ) GLOBAL_UNCERTAINTY_ASSIGNED_CONTEXT ( ( #3398 ) ) GLOBAL_UNIT_ASSIGNED_CONTEXT ( ( #4092, #85, #3323 ) ) REPRESENTATION_CONTEXT ( 'NONE', 'WORKASPACE' ) );
#1890 = EDGE_CURVE ( 'NONE', #5096, #4019, #4462, .T. ) ;
#1891 = DIRECTION ( 'NONE',  ( 0.0000000000000000000, 0.0000000000000000000, 1.000000000000000000 ) ) ;
#1892 = DIRECTION ( 'NONE',  ( -1.000000000000000000, 0.0000000000000000000, 0.0000000000000000000 ) ) ;
#1893 = DIRECTION ( 'NONE',  ( -0.0000000000000000000, -0.0000000000000000000, -1.000000000000000000 ) ) ;
#1894 = DIRECTION ( 'NONE',  ( -0.5773502691896282846, 0.5773502691896182926, -0.5773502691896308381 ) ) ;
#1895 = MECHANICAL_DESIGN_GEOMETRIC_PRESENTATION_REPRESENTATION (  '', ( #800 ), #2785 ) ;
#1896 = EDGE_LOOP ( 'NONE', ( #4114, #3054, #1067, #34 ) ) ;
#1897 = SURFACE_STYLE_USAGE ( .BOTH. , #1018 ) ;
#1898 = ORIENTED_EDGE ( 'NONE', *, *, #710, .T. ) ;
#1899 = MECHANICAL_DESIGN_GEOMETRIC_PRESENTATION_REPRESENTATION (  '', ( #807 ), #279 ) ;
#1900 = FACE_OUTER_BOUND ( 'NONE', #1414, .T. ) ;
#1901 = VECTOR ( 'NONE', #3281, 1000.000000000000000 ) ;
#1902 = EDGE_LOOP ( 'NONE', ( #348, #5161, #845, #2543 ) ) ;
#1903 = APPLICATION_CONTEXT ( 'automotive_design' ) ;
#1904 = VECTOR ( 'NONE', #2375, 1000.000000000000000 ) ;
#1905 = CARTESIAN_POINT ( 'NONE',  ( 27.79999999999999361, 0.2000000000000016487, 10.74999999999999822 ) ) ;
#1906 = SURFACE_STYLE_FILL_AREA ( #3811 ) ;
#1907 = CARTESIAN_POINT ( 'NONE',  ( 1.000000000000000000, 0.0000000000000000000, 1.000000000000000888 ) ) ;
#1908 = VECTOR ( 'NONE', #735, 1000.000000000000000 ) ;
#1909 = CARTESIAN_POINT ( 'NONE',  ( 0.0000000000000000000, 0.0000000000000000000, 12.19999999999999929 ) ) ;
#1910 = VECTOR ( 'NONE', #186, 1000.000000000000000 ) ;
#1911 = ORIENTED_EDGE ( 'NONE', *, *, #5051, .T. ) ;
#1912 = VECTOR ( 'NONE', #3350, 1000.000000000000000 ) ;
#1913 = LINE ( 'NONE', #3494, #3151 ) ;
#1914 = EDGE_LOOP ( 'NONE', ( #377, #4709, #774, #875 ) ) ;
#1915 = VECTOR ( 'NONE', #3792, 1000.000000000000000 ) ;
#1916 = LINE ( 'NONE', #295, #3637 ) ;
#1917 = EDGE_CURVE ( 'NONE', #4446, #660, #495, .T. ) ;
#1918 = DIRECTION ( 'NONE',  ( -1.000000000000000000, 0.0000000000000000000, 0.0000000000000000000 ) ) ;
#1919 = VECTOR ( 'NONE', #3174, 1000.000000000000000 ) ;
#1920 = ADVANCED_FACE ( 'NONE', ( #437 ), #1386, .F. ) ;
#1921 = ORIENTED_EDGE ( 'NONE', *, *, #944, .F. ) ;
#1922 = ORIENTED_EDGE ( 'NONE', *, *, #2262, .F. ) ;
#1923 =( GEOMETRIC_REPRESENTATION_CONTEXT ( 3 ) GLOBAL_UNCERTAINTY_ASSIGNED_CONTEXT ( ( #729 ) ) GLOBAL_UNIT_ASSIGNED_CONTEXT ( ( #2951, #4616, #192 ) ) REPRESENTATION_CONTEXT ( 'NONE', 'WORKASPACE' ) );
#1924 = CARTESIAN_POINT ( 'NONE',  ( 12.79999999999999183, 0.1999999999999999278, 2.450000000000005063 ) ) ;
#1925 = EDGE_CURVE ( 'NONE', #269, #622, #1334, .T. ) ;
#1926 = ORIENTED_EDGE ( 'NONE', *, *, #2824, .T. ) ;
#1927 = VECTOR ( 'NONE', #2960, 1000.000000000000000 ) ;
#1928 = ORIENTED_EDGE ( 'NONE', *, *, #420, .F. ) ;
#1929 = VECTOR ( 'NONE', #1894, 999.9999999999998863 ) ;
#1930 = CARTESIAN_POINT ( 'NONE',  ( 1.999999999999990452, 12.69999999999999929, 3.100000000000003197 ) ) ;
#1931 = SURFACE_STYLE_USAGE ( .BOTH. , #2695 ) ;
#1932 = ORIENTED_EDGE ( 'NONE', *, *, #1145, .F. ) ;
#1933 = VECTOR ( 'NONE', #2856, 1000.000000000000000 ) ;
#1934 = CARTESIAN_POINT ( 'NONE',  ( 2.799999999999993161, 4.000000000000000000, 9.950000000000002842 ) ) ;
#1935 = AXIS2_PLACEMENT_3D ( 'NONE', #838, #1206, #1149 ) ;
#1936 = VERTEX_POINT ( 'NONE', #4560 ) ;
#1937 = DIRECTION ( 'NONE',  ( -0.0000000000000000000, -1.000000000000000000, -0.0000000000000000000 ) ) ;
#1938 = CARTESIAN_POINT ( 'NONE',  ( 10.00000000000000000, 1.137523590804463723E-15, 3.450000000000005063 ) ) ;
#1939 = SURFACE_STYLE_USAGE ( .BOTH. , #424 ) ;
#1940 = ORIENTED_EDGE ( 'NONE', *, *, #1212, .F. ) ;
#1941 = EDGE_CURVE ( 'NONE', #4557, #4922, #3748, .T. ) ;
#1942 = UNCERTAINTY_MEASURE_WITH_UNIT (LENGTH_MEASURE( 1.000000000000000082E-05 ), #338, 'distance_accuracy_value', 'NONE');
#1943 = EDGE_LOOP ( 'NONE', ( #2753, #2075, #3568, #4647 ) ) ;
#1944 = EDGE_CURVE ( 'NONE', #1247, #549, #4540, .T. ) ;
#1945 = SURFACE_STYLE_USAGE ( .BOTH. , #5105 ) ;
#1946 =( NAMED_UNIT ( * ) PLANE_ANGLE_UNIT ( ) SI_UNIT ( $, .RADIAN. ) );
#1947 = CARTESIAN_POINT ( 'NONE',  ( 2.799999999999993161, 4.000000000000000000, 10.74999999999999822 ) ) ;
#1948 = VERTEX_POINT ( 'NONE', #2078 ) ;
#1949 = EDGE_CURVE ( 'NONE', #3829, #2243, #2936, .T. ) ;
#1950 = FACE_OUTER_BOUND ( 'NONE', #1701, .T. ) ;
#1951 = PLANE ( 'NONE',  #5001 ) ;
#1952 = DIRECTION ( 'NONE',  ( 1.156482317317871725E-16, -1.000000000000000000, -0.0000000000000000000 ) ) ;
#1953 =( NAMED_UNIT ( * ) SI_UNIT ( $, .STERADIAN. ) SOLID_ANGLE_UNIT ( ) );
#1954 = CARTESIAN_POINT ( 'NONE',  ( 7.799999999999991829, 0.1999999999999993727, 3.250000000000002220 ) ) ;
#1955 = LINE ( 'NONE', #3540, #1350 ) ;
#1956 = ORIENTED_EDGE ( 'NONE', *, *, #4059, .F. ) ;
#1957 = PLANE ( 'NONE',  #1935 ) ;
#1958 =( NAMED_UNIT ( * ) PLANE_ANGLE_UNIT ( ) SI_UNIT ( $, .RADIAN. ) );
#1959 = PLANE ( 'NONE',  #1723 ) ;
#1960 =( GEOMETRIC_REPRESENTATION_CONTEXT ( 3 ) GLOBAL_UNCERTAINTY_ASSIGNED_CONTEXT ( ( #2665 ) ) GLOBAL_UNIT_ASSIGNED_CONTEXT ( ( #1219, #1660, #2023 ) ) REPRESENTATION_CONTEXT ( 'NONE', 'WORKASPACE' ) );
#1961 = LINE ( 'NONE', #777, #1904 ) ;
#1962 = CARTESIAN_POINT ( 'NONE',  ( 7.199999999999993072, 4.000000000000000888, 9.950000000000002842 ) ) ;
#1963 = ORIENTED_EDGE ( 'NONE', *, *, #4059, .T. ) ;
#1964 = CARTESIAN_POINT ( 'NONE',  ( 2.999999999999991118, 13.19999999999999929, 2.600000000000003197 ) ) ;
#1965 = EDGE_CURVE ( 'NONE', #947, #2751, #4094, .T. ) ;
#1966 =( LENGTH_UNIT ( ) NAMED_UNIT ( * ) SI_UNIT ( .MILLI., .METRE. ) );
#1967 = PRESENTATION_STYLE_ASSIGNMENT (( #4714 ) ) ;
#1968 = CARTESIAN_POINT ( 'NONE',  ( 26.99999999999998579, -8.944667923005411581E-16, 2.249999999999998224 ) ) ;
#1969 = MECHANICAL_DESIGN_GEOMETRIC_PRESENTATION_REPRESENTATION (  '', ( #3633 ), #3810 ) ;
#1970 = ORIENTED_EDGE ( 'NONE', *, *, #890, .F. ) ;
#1971 = LINE ( 'NONE', #2717, #1333 ) ;
#1972 = EDGE_CURVE ( 'NONE', #4367, #4249, #86, .T. ) ;
#1973 = PRESENTATION_LAYER_ASSIGNMENT (  '', '', ( #1484 ) ) ;
#1974 = DIRECTION ( 'NONE',  ( 0.0000000000000000000, -0.0000000000000000000, 1.000000000000000000 ) ) ;
#1975 = EDGE_CURVE ( 'NONE', #2184, #4778, #967, .T. ) ;
#1976 = FILL_AREA_STYLE ('',( #1595 ) ) ;
#1977 =( GEOMETRIC_REPRESENTATION_CONTEXT ( 3 ) GLOBAL_UNCERTAINTY_ASSIGNED_CONTEXT ( ( #2253 ) ) GLOBAL_UNIT_ASSIGNED_CONTEXT ( ( #259, #4627, #4681 ) ) REPRESENTATION_CONTEXT ( 'NONE', 'WORKASPACE' ) );
#1978 = CARTESIAN_POINT ( 'NONE',  ( 27.99999999999999289, 13.20000000000000284, 2.600000000000003197 ) ) ;
#1979 = PRESENTATION_STYLE_ASSIGNMENT (( #4386 ) ) ;
#1980 = EDGE_LOOP ( 'NONE', ( #1862, #1424, #2137, #4153 ) ) ;
#1981 = LINE ( 'NONE', #2919, #644 ) ;
#1982 = AXIS2_PLACEMENT_3D ( 'NONE', #1044, #2674, #1803 ) ;
#1983 = EDGE_LOOP ( 'NONE', ( #2433, #2586, #3720, #2310 ) ) ;
#1984 = CARTESIAN_POINT ( 'NONE',  ( 27.39999999999999858, 0.4000000000000005773, 10.15000000000000391 ) ) ;
#1985 = LINE ( 'NONE', #4756, #4384 ) ;
#1986 = CARTESIAN_POINT ( 'NONE',  ( 2.499999999999992006, 12.69999999999999929, 2.850000000000003642 ) ) ;
#1987 = EDGE_LOOP ( 'NONE', ( #1172, #2863, #4976, #3127, #1136, #532, #4234, #1678 ) ) ;
#1988 = DIRECTION ( 'NONE',  ( -1.000000000000000000, 0.0000000000000000000, -0.0000000000000000000 ) ) ;
#1989 = DIRECTION ( 'NONE',  ( 1.156482317317871478E-16, -1.000000000000000000, 0.0000000000000000000 ) ) ;
#1990 = ORIENTED_EDGE ( 'NONE', *, *, #1661, .T. ) ;
#1991 = AXIS2_PLACEMENT_3D ( 'NONE', #4152, #2502, #4856 ) ;
#1992 = UNCERTAINTY_MEASURE_WITH_UNIT (LENGTH_MEASURE( 1.000000000000000082E-05 ), #2553, 'distance_accuracy_value', 'NONE');
#1993 = DIRECTION ( 'NONE',  ( 5.551115123125785858E-15, -0.0000000000000000000, -1.000000000000000000 ) ) ;
#1994 = VECTOR ( 'NONE', #996, 1000.000000000000000 ) ;
#1995 = STYLED_ITEM ( 'NONE', ( #1967 ), #2643 ) ;
#1996 = DIRECTION ( 'NONE',  ( 0.0000000000000000000, 0.0000000000000000000, -1.000000000000000000 ) ) ;
#1997 = ORIENTED_EDGE ( 'NONE', *, *, #1890, .T. ) ;
#1998 = PLANE ( 'NONE',  #1016 ) ;
#1999 = COLOUR_RGB ( '',0.7529411764705882248, 0.7529411764705882248, 0.7529411764705882248 ) ;
#2001 = VECTOR ( 'NONE', #1101, 1000.000000000000000 ) ;
#2000 = CARTESIAN_POINT ( 'NONE',  ( 2.999999999999991562, 9.199999999999999289, 2.600000000000003197 ) ) ;
#2002 = ORIENTED_EDGE ( 'NONE', *, *, #1975, .T. ) ;
#2003 = LINE ( 'NONE', #5142, #4894 ) ;
#2004 = MECHANICAL_DESIGN_GEOMETRIC_PRESENTATION_REPRESENTATION (  '', ( #2417 ), #3584 ) ;
#2005 = DIRECTION ( 'NONE',  ( 0.0000000000000000000, 0.0000000000000000000, 1.000000000000000000 ) ) ;
#2006 = EDGE_CURVE ( 'NONE', #1664, #3431, #1659, .T. ) ;
#2007 = VECTOR ( 'NONE', #2362, 1000.000000000000000 ) ;
#2008 = EDGE_CURVE ( 'NONE', #765, #3959, #111, .T. ) ;
#2009 = CARTESIAN_POINT ( 'NONE',  ( 26.99999999999999289, 9.200000000000002842, 10.59999999999999964 ) ) ;
#2010 = PLANE ( 'NONE',  #141 ) ;
#2011 = ORIENTED_EDGE ( 'NONE', *, *, #720, .T. ) ;
#2012 = CARTESIAN_POINT ( 'NONE',  ( 14.99999999999999822, 9.200000000000001066, 5.350000000000000533 ) ) ;
#2013 = ORIENTED_EDGE ( 'NONE', *, *, #4286, .T. ) ;
#2014 = FACE_OUTER_BOUND ( 'NONE', #4132, .T. ) ;
#2015 = CARTESIAN_POINT ( 'NONE',  ( 12.79999999999999183, 0.1999999999999999278, 3.250000000000002220 ) ) ;
#2016 = STYLED_ITEM ( 'NONE', ( #2138 ), #4999 ) ;
#2017 = EDGE_CURVE ( 'NONE', #3345, #1859, #4141, .T. ) ;
#2018 = SURFACE_STYLE_FILL_AREA ( #1581 ) ;
#2019 = VERTEX_POINT ( 'NONE', #4889 ) ;
#2020 = SURFACE_STYLE_FILL_AREA ( #1610 ) ;
#2021 = ORIENTED_EDGE ( 'NONE', *, *, #3403, .F. ) ;
#2022 = PLANE ( 'NONE',  #3485 ) ;
#2023 =( NAMED_UNIT ( * ) SI_UNIT ( $, .STERADIAN. ) SOLID_ANGLE_UNIT ( ) );
#2024 = DIRECTION ( 'NONE',  ( 0.0000000000000000000, 0.0000000000000000000, -1.000000000000000000 ) ) ;
#2025 = CARTESIAN_POINT ( 'NONE',  ( 7.199999999999992184, 4.000000000000000888, 3.250000000000002220 ) ) ;
#2026 = VERTEX_POINT ( 'NONE', #2909 ) ;
#2027 = DIRECTION ( 'NONE',  ( -1.000000000000000000, 0.0000000000000000000, 0.0000000000000000000 ) ) ;
#2028 = DIRECTION ( 'NONE',  ( -0.0000000000000000000, -1.000000000000000000, -0.0000000000000000000 ) ) ;
#2029 = SURFACE_STYLE_USAGE ( .BOTH. , #2749 ) ;
#2030 = SURFACE_STYLE_USAGE ( .BOTH. , #2366 ) ;
#2031 = ORIENTED_EDGE ( 'NONE', *, *, #494, .F. ) ;
#2032 = CARTESIAN_POINT ( 'NONE',  ( 11.99999999999999112, 9.200000000000001066, 3.100000000000003197 ) ) ;
#2033 = ORIENTED_EDGE ( 'NONE', *, *, #756, .T. ) ;
#2034 = PRESENTATION_STYLE_ASSIGNMENT (( #417 ) ) ;
#2035 = EDGE_CURVE ( 'NONE', #3949, #4458, #4664, .T. ) ;
#2036 = DIRECTION ( 'NONE',  ( 1.000000000000000000, 0.0000000000000000000, 0.0000000000000000000 ) ) ;
#2037 = VERTEX_POINT ( 'NONE', #877 ) ;
#2038 = LINE ( 'NONE', #4, #1014 ) ;
#2039 = EDGE_CURVE ( 'NONE', #637, #4571, #467, .T. ) ;
#2040 = DIRECTION ( 'NONE',  ( 0.0000000000000000000, 0.0000000000000000000, -1.000000000000000000 ) ) ;
#2041 = FILL_AREA_STYLE ('',( #4081 ) ) ;
#2042 = ADVANCED_FACE ( 'NONE', ( #3500 ), #4322, .F. ) ;
#2043 = VECTOR ( 'NONE', #2783, 1000.000000000000000 ) ;
#2044 = DIRECTION ( 'NONE',  ( 1.000000000000000000, 0.0000000000000000000, 0.0000000000000000000 ) ) ;
#2045 = SURFACE_STYLE_USAGE ( .BOTH. , #4038 ) ;
#2046 = ORIENTED_EDGE ( 'NONE', *, *, #3557, .T. ) ;
#2047 = DIRECTION ( 'NONE',  ( -0.0000000000000000000, -0.0000000000000000000, 1.000000000000000000 ) ) ;
#2048 = EDGE_LOOP ( 'NONE', ( #2447, #3329, #1746, #3263 ) ) ;
#2049 =( GEOMETRIC_REPRESENTATION_CONTEXT ( 3 ) GLOBAL_UNCERTAINTY_ASSIGNED_CONTEXT ( ( #3347 ) ) GLOBAL_UNIT_ASSIGNED_CONTEXT ( ( #4888, #3267, #1953 ) ) REPRESENTATION_CONTEXT ( 'NONE', 'WORKASPACE' ) );
#2050 = DIRECTION ( 'NONE',  ( -0.0000000000000000000, -1.000000000000000000, -0.0000000000000000000 ) ) ;
#2051 = DIRECTION ( 'NONE',  ( 0.0000000000000000000, 0.0000000000000000000, 1.000000000000000000 ) ) ;
#2052 = COLOUR_RGB ( '',0.7529411764705882248, 0.7529411764705882248, 0.7529411764705882248 ) ;
#2053 = DIRECTION ( 'NONE',  ( 0.0000000000000000000, -0.0000000000000000000, 1.000000000000000000 ) ) ;
#2054 = DIRECTION ( 'NONE',  ( -1.000000000000000000, 0.0000000000000000000, 0.0000000000000000000 ) ) ;
#2055 = VECTOR ( 'NONE', #4981, 1000.000000000000000 ) ;
#2056 = PLANE ( 'NONE',  #208 ) ;
#2057 = ORIENTED_EDGE ( 'NONE', *, *, #2017, .F. ) ;
#2058 = PLANE ( 'NONE',  #42 ) ;
#2059 = ORIENTED_EDGE ( 'NONE', *, *, #5003, .T. ) ;
#2060 =( NAMED_UNIT ( * ) PLANE_ANGLE_UNIT ( ) SI_UNIT ( $, .RADIAN. ) );
#2061 = PRESENTATION_LAYER_ASSIGNMENT (  '', '', ( #811 ) ) ;
#2062 = CARTESIAN_POINT ( 'NONE',  ( 19.99999999999999645, 3.000000000000000000, 9.349999999999997868 ) ) ;
#2063 = DIRECTION ( 'NONE',  ( 1.000000000000000000, -0.0000000000000000000, -0.0000000000000000000 ) ) ;
#2064 = VERTEX_POINT ( 'NONE', #4352 ) ;
#2065 = VECTOR ( 'NONE', #1619, 1000.000000000000000 ) ;
#2066 = CARTESIAN_POINT ( 'NONE',  ( 7.799999999999991829, 0.1999999999999993727, 3.250000000000002220 ) ) ;
#2067 = VECTOR ( 'NONE', #1893, 1000.000000000000000 ) ;
#2068 = EDGE_CURVE ( 'NONE', #3099, #3959, #726, .T. ) ;
#2069 = DIRECTION ( 'NONE',  ( -1.156482317317871478E-16, 1.000000000000000000, -0.0000000000000000000 ) ) ;
#2070 = FACE_OUTER_BOUND ( 'NONE', #2444, .T. ) ;
#2071 = EDGE_CURVE ( 'NONE', #1118, #1416, #1530, .T. ) ;
#2072 = AXIS2_PLACEMENT_3D ( 'NONE', #4785, #1271, #2840 ) ;
#2073 = ORIENTED_EDGE ( 'NONE', *, *, #491, .T. ) ;
#2074 = SURFACE_STYLE_USAGE ( .BOTH. , #492 ) ;
#2075 = ORIENTED_EDGE ( 'NONE', *, *, #4718, .T. ) ;
#2076 = AXIS2_PLACEMENT_3D ( 'NONE', #3692, #1745, #1364 ) ;
#2077 = ADVANCED_FACE ( 'NONE', ( #267 ), #5100, .F. ) ;
#2078 = CARTESIAN_POINT ( 'NONE',  ( 1.999999999999991340, 9.199999999999999289, 2.600000000000003197 ) ) ;
#2079 = FACE_OUTER_BOUND ( 'NONE', #2519, .T. ) ;
#2080 = VECTOR ( 'NONE', #4706, 1000.000000000000000 ) ;
#2081 = VECTOR ( 'NONE', #858, 1000.000000000000000 ) ;
#2082 = FACE_OUTER_BOUND ( 'NONE', #4283, .T. ) ;
#2083 = AXIS2_PLACEMENT_3D ( 'NONE', #3751, #149, #1388 ) ;
#2084 = SURFACE_STYLE_USAGE ( .BOTH. , #2916 ) ;
#2085 = LINE ( 'NONE', #3645, #1852 ) ;
#2086 = FACE_OUTER_BOUND ( 'NONE', #4677, .T. ) ;
#2087 = EDGE_LOOP ( 'NONE', ( #1545, #734, #1611, #2399 ) ) ;
#2088 = MECHANICAL_DESIGN_GEOMETRIC_PRESENTATION_REPRESENTATION (  '', ( #3241 ), #3760 ) ;
#2089 = DIRECTION ( 'NONE',  ( -0.0000000000000000000, -1.000000000000000000, -0.0000000000000000000 ) ) ;
#2090 = AXIS2_PLACEMENT_3D ( 'NONE', #2025, #2714, #3613 ) ;
#2091 = ORIENTED_EDGE ( 'NONE', *, *, #2035, .T. ) ;
#2092 = CARTESIAN_POINT ( 'NONE',  ( 2.199999999999992628, 4.000000000000000000, 9.950000000000002842 ) ) ;
#2093 = EDGE_LOOP ( 'NONE', ( #1205, #802, #1692, #5102 ) ) ;
#2094 = UNCERTAINTY_MEASURE_WITH_UNIT (LENGTH_MEASURE( 1.000000000000000082E-05 ), #225, 'distance_accuracy_value', 'NONE');
#2095 = PRESENTATION_STYLE_ASSIGNMENT (( #4883 ) ) ;
#2096 = EDGE_CURVE ( 'NONE', #3691, #3187, #5126, .T. ) ;
#2097 = UNCERTAINTY_MEASURE_WITH_UNIT (LENGTH_MEASURE( 1.000000000000000082E-05 ), #587, 'distance_accuracy_value', 'NONE');
#2098 = EDGE_CURVE ( 'NONE', #2903, #2568, #3878, .T. ) ;
#2099 = ORIENTED_EDGE ( 'NONE', *, *, #3196, .T. ) ;
#2100 = PRESENTATION_STYLE_ASSIGNMENT (( #2822 ) ) ;
#2101 = CARTESIAN_POINT ( 'NONE',  ( 7.999999999999991118, 13.19999999999999929, 10.09999999999999964 ) ) ;
#2102 = EDGE_CURVE ( 'NONE', #2376, #4878, #2427, .T. ) ;
#2103 = DIRECTION ( 'NONE',  ( 1.156482317317871725E-16, -1.000000000000000000, -0.0000000000000000000 ) ) ;
#2104 = DIRECTION ( 'NONE',  ( -0.5773502691896282846, 0.5773502691896182926, -0.5773502691896308381 ) ) ;
#2105 = SURFACE_SIDE_STYLE ('',( #4464 ) ) ;
#2106 = LINE ( 'NONE', #1722, #5157 ) ;
#2107 = EDGE_CURVE ( 'NONE', #1609, #2428, #804, .T. ) ;
#2108 = PRESENTATION_STYLE_ASSIGNMENT (( #2084 ) ) ;
#2109 = DIRECTION ( 'NONE',  ( 0.0000000000000000000, 0.7071067811865536790, 0.7071067811865414665 ) ) ;
#2110 = ORIENTED_EDGE ( 'NONE', *, *, #224, .F. ) ;
#2111 = FACE_OUTER_BOUND ( 'NONE', #3816, .T. ) ;
#2112 = DIRECTION ( 'NONE',  ( -1.000000000000000000, 0.0000000000000000000, 0.0000000000000000000 ) ) ;
#2113 = ORIENTED_EDGE ( 'NONE', *, *, #4535, .F. ) ;
#2114 = SURFACE_SIDE_STYLE ('',( #2535 ) ) ;
#2115 = FACE_OUTER_BOUND ( 'NONE', #2269, .T. ) ;
#2116 = ORIENTED_EDGE ( 'NONE', *, *, #224, .T. ) ;
#2117 = DIRECTION ( 'NONE',  ( 1.156482317317871725E-16, -1.000000000000000000, -0.0000000000000000000 ) ) ;
#2118 = LINE ( 'NONE', #539, #3186 ) ;
#2119 = CARTESIAN_POINT ( 'NONE',  ( 2.799999999999991829, 0.1999999999999987899, 3.250000000000002220 ) ) ;
#2120 = ORIENTED_EDGE ( 'NONE', *, *, #1011, .F. ) ;
#2121 = PRESENTATION_LAYER_ASSIGNMENT (  '', '', ( #1305 ) ) ;
#2122 = CARTESIAN_POINT ( 'NONE',  ( 1.999999999999989564, 0.0000000000000000000, 3.450000000000005063 ) ) ;
#2123 = PRESENTATION_STYLE_ASSIGNMENT (( #2074 ) ) ;
#2124 = ORIENTED_EDGE ( 'NONE', *, *, #1250, .T. ) ;
#2125 = DIRECTION ( 'NONE',  ( 1.156482317317871725E-16, -1.000000000000000000, -0.0000000000000000000 ) ) ;
#2126 = VECTOR ( 'NONE', #3545, 1000.000000000000000 ) ;
#2127 = CARTESIAN_POINT ( 'NONE',  ( 10.00000000000000000, 1.137523590804463723E-15, 2.250000000000001776 ) ) ;
#2128 = EDGE_CURVE ( 'NONE', #1348, #416, #860, .T. ) ;
#2129 = LINE ( 'NONE', #4067, #2181 ) ;
#2130 = CARTESIAN_POINT ( 'NONE',  ( 7.533333333333322557, 0.4666666666666638430, 2.983333333333331616 ) ) ;
#2131 = PLANE ( 'NONE',  #2083 ) ;
#2132 = CARTESIAN_POINT ( 'NONE',  ( 30.50000000000000000, 0.0000000000000000000, 12.19999999999999929 ) ) ;
#2133 = VERTEX_POINT ( 'NONE', #4421 ) ;
#2134 = EDGE_CURVE ( 'NONE', #5136, #413, #2799, .T. ) ;
#2135 = ADVANCED_FACE ( 'NONE', ( #3115 ), #4046, .F. ) ;
#2136 = FILL_AREA_STYLE_COLOUR ( '', #1171 ) ;
#2137 = ORIENTED_EDGE ( 'NONE', *, *, #4847, .F. ) ;
#2138 = PRESENTATION_STYLE_ASSIGNMENT (( #1003 ) ) ;
#2139 = ORIENTED_EDGE ( 'NONE', *, *, #90, .T. ) ;
#2140 = COLOUR_RGB ( '',0.7529411764705882248, 0.7529411764705882248, 0.7529411764705882248 ) ;
#2141 = CARTESIAN_POINT ( 'NONE',  ( 27.79999999999999361, 4.000000000000002665, 10.74999999999999822 ) ) ;
#2142 = EDGE_LOOP ( 'NONE', ( #5169, #4476, #3571, #445 ) ) ;
#2143 =( NAMED_UNIT ( * ) PLANE_ANGLE_UNIT ( ) SI_UNIT ( $, .RADIAN. ) );
#2144 =( LENGTH_UNIT ( ) NAMED_UNIT ( * ) SI_UNIT ( .MILLI., .METRE. ) );
#2145 = VECTOR ( 'NONE', #1815, 1000.000000000000000 ) ;
#2146 = ORIENTED_EDGE ( 'NONE', *, *, #2258, .F. ) ;
#2147 = DIRECTION ( 'NONE',  ( -0.0000000000000000000, -1.000000000000000000, -0.0000000000000000000 ) ) ;
#2148 = FILL_AREA_STYLE_COLOUR ( '', #3535 ) ;
#2149 = STYLED_ITEM ( 'NONE', ( #4578 ), #1221 ) ;
#2150 = EDGE_LOOP ( 'NONE', ( #479, #3589, #4512, #2219 ) ) ;
#2151 = AXIS2_PLACEMENT_3D ( 'NONE', #1369, #581, #2881 ) ;
#2152 = EDGE_LOOP ( 'NONE', ( #2654, #2158, #2570, #4548 ) ) ;
#2153 = PLANE ( 'NONE',  #64 ) ;
#2154 = LINE ( 'NONE', #150, #3746 ) ;
#2155 =( GEOMETRIC_REPRESENTATION_CONTEXT ( 3 ) GLOBAL_UNCERTAINTY_ASSIGNED_CONTEXT ( ( #2094 ) ) GLOBAL_UNIT_ASSIGNED_CONTEXT ( ( #225, #2282, #274 ) ) REPRESENTATION_CONTEXT ( 'NONE', 'WORKASPACE' ) );
#2157 = CIRCLE ( 'NONE', #3831, 1.000000000000000000 ) ;
#2156 = CARTESIAN_POINT ( 'NONE',  ( 7.999999999999991118, 13.19999999999999929, 10.59999999999999964 ) ) ;
#2158 = ORIENTED_EDGE ( 'NONE', *, *, #4753, .F. ) ;
#2159 = ORIENTED_EDGE ( 'NONE', *, *, #2006, .T. ) ;
#2160 = PLANE ( 'NONE',  #404 ) ;
#2161 = ORIENTED_EDGE ( 'NONE', *, *, #2667, .T. ) ;
#2162 = EDGE_CURVE ( 'NONE', #1851, #4481, #2833, .T. ) ;
#2163 = DIRECTION ( 'NONE',  ( -0.7071067811865536790, -0.7071067811865414665, 0.0000000000000000000 ) ) ;
#2164 = MECHANICAL_DESIGN_GEOMETRIC_PRESENTATION_REPRESENTATION (  '', ( #4749 ), #4075 ) ;
#2165 = EDGE_CURVE ( 'NONE', #91, #1346, #3951, .T. ) ;
#2166 = LINE ( 'NONE', #2532, #16 ) ;
#2167 = SURFACE_STYLE_FILL_AREA ( #4525 ) ;
#2168 = ORIENTED_EDGE ( 'NONE', *, *, #3529, .T. ) ;
#2169 =( LENGTH_UNIT ( ) NAMED_UNIT ( * ) SI_UNIT ( .MILLI., .METRE. ) );
#2170 = CARTESIAN_POINT ( 'NONE',  ( 26.99999999999999289, 9.200000000000002842, 2.600000000000003197 ) ) ;
#2171 = CARTESIAN_POINT ( 'NONE',  ( 12.99999999999999645, 1.137523590804463723E-15, 9.750000000000000000 ) ) ;
#2172 = ORIENTED_EDGE ( 'NONE', *, *, #1248, .F. ) ;
#2173 = CARTESIAN_POINT ( 'NONE',  ( 12.19999999999999218, 4.000000000000000888, 10.74999999999999822 ) ) ;
#2174 = EDGE_CURVE ( 'NONE', #3977, #1328, #415, .T. ) ;
#2175 = SURFACE_STYLE_FILL_AREA ( #1403 ) ;
#2176 = PRESENTATION_LAYER_ASSIGNMENT (  '', '', ( #3504 ) ) ;
#2177 = CARTESIAN_POINT ( 'NONE',  ( 0.0000000000000000000, 0.0000000000000000000, 0.0000000000000000000 ) ) ;
#2178 = VECTOR ( 'NONE', #1477, 1000.000000000000000 ) ;
#2179 = EDGE_LOOP ( 'NONE', ( #3898, #4397, #1743, #1393 ) ) ;
#2180 = CARTESIAN_POINT ( 'NONE',  ( 7.999999999999991118, 13.19999999999999929, 2.600000000000003197 ) ) ;
#2181 = VECTOR ( 'NONE', #3675, 1000.000000000000000 ) ;
#2182 = SURFACE_STYLE_FILL_AREA ( #1502 ) ;
#2183 = SURFACE_SIDE_STYLE ('',( #3052 ) ) ;
#2184 = VERTEX_POINT ( 'NONE', #1651 ) ;
#2185 = DIRECTION ( 'NONE',  ( -0.7071067811865414665, 0.7071067811865536790, 0.0000000000000000000 ) ) ;
#2186 = PLANE ( 'NONE',  #4821 ) ;
#2187 = ORIENTED_EDGE ( 'NONE', *, *, #1448, .T. ) ;
#2188 = PLANE ( 'NONE',  #3162 ) ;
#2189 = VERTEX_POINT ( 'NONE', #2726 ) ;
#2190 = CARTESIAN_POINT ( 'NONE',  ( 7.199999999999993072, 4.000000000000000888, 9.950000000000002842 ) ) ;
#2191 = FACE_OUTER_BOUND ( 'NONE', #1562, .T. ) ;
#2192 = LINE ( 'NONE', #3334, #2303 ) ;
#2193 = VERTEX_POINT ( 'NONE', #3216 ) ;
#2194 = DIRECTION ( 'NONE',  ( 1.000000000000000000, 1.156482317317871725E-16, 0.0000000000000000000 ) ) ;
#2195 = DIRECTION ( 'NONE',  ( 1.156482317317871725E-16, -1.000000000000000000, -0.0000000000000000000 ) ) ;
#2196 = EDGE_CURVE ( 'NONE', #3224, #3774, #2397, .T. ) ;
#2197 = ORIENTED_EDGE ( 'NONE', *, *, #1566, .T. ) ;
#2198 =( LENGTH_UNIT ( ) NAMED_UNIT ( * ) SI_UNIT ( .MILLI., .METRE. ) );
#2199 = CARTESIAN_POINT ( 'NONE',  ( 7.999999999999992895, 5.687617954022318617E-16, 2.250000000000001776 ) ) ;
#2200 = EDGE_CURVE ( 'NONE', #2933, #354, #3185, .T. ) ;
#2201 = EDGE_CURVE ( 'NONE', #3137, #4281, #3139, .T. ) ;
#2202 = EDGE_LOOP ( 'NONE', ( #1690, #2967, #3460, #1454 ) ) ;
#2203 = UNCERTAINTY_MEASURE_WITH_UNIT (LENGTH_MEASURE( 1.000000000000000082E-05 ), #1072, 'distance_accuracy_value', 'NONE');
#2204 = EDGE_LOOP ( 'NONE', ( #99, #4057, #2255, #1432 ) ) ;
#2205 = DIRECTION ( 'NONE',  ( 1.000000000000000000, 0.0000000000000000000, 0.0000000000000000000 ) ) ;
#2206 = PLANE ( 'NONE',  #1418 ) ;
#2207 = ORIENTED_EDGE ( 'NONE', *, *, #1148, .T. ) ;
#2208 = LINE ( 'NONE', #3410, #3643 ) ;
#2209 = CARTESIAN_POINT ( 'NONE',  ( 11.99999999999999112, 9.200000000000001066, 2.600000000000003197 ) ) ;
#2210 = DIRECTION ( 'NONE',  ( 1.000000000000000000, 1.734723475976807094E-16, 0.0000000000000000000 ) ) ;
#2211 = COLOUR_RGB ( '',0.7529411764705882248, 0.7529411764705882248, 0.7529411764705882248 ) ;
#2212 = ORIENTED_EDGE ( 'NONE', *, *, #1571, .T. ) ;
#2213 = PRESENTATION_STYLE_ASSIGNMENT (( #690 ) ) ;
#2214 = ORIENTED_EDGE ( 'NONE', *, *, #4216, .F. ) ;
#2215 = LINE ( 'NONE', #4295, #3237 ) ;
#2216 = ORIENTED_EDGE ( 'NONE', *, *, #691, .T. ) ;
#2217 = PLANE ( 'NONE',  #1437 ) ;
#2218 = CARTESIAN_POINT ( 'NONE',  ( 12.79999999999999183, 4.000000000000000888, 3.250000000000002220 ) ) ;
#2219 = ORIENTED_EDGE ( 'NONE', *, *, #3043, .T. ) ;
#2220 = LINE ( 'NONE', #1128, #2080 ) ;
#2221 = AXIS2_PLACEMENT_3D ( 'NONE', #3078, #1111, #702 ) ;
#2222 =( LENGTH_UNIT ( ) NAMED_UNIT ( * ) SI_UNIT ( .MILLI., .METRE. ) );
#2223 = CARTESIAN_POINT ( 'NONE',  ( 6.999999999999990230, 13.19999999999999929, 3.100000000000003197 ) ) ;
#2224 = AXIS2_PLACEMENT_3D ( 'NONE', #1636, #3230, #820 ) ;
#2225 = ORIENTED_EDGE ( 'NONE', *, *, #226, .T. ) ;
#2226 =( NAMED_UNIT ( * ) PLANE_ANGLE_UNIT ( ) SI_UNIT ( $, .RADIAN. ) );
#2227 = ADVANCED_FACE ( 'NONE', ( #4346 ), #773, .F. ) ;
#2228 = COLOUR_RGB ( '',0.7529411764705882248, 0.7529411764705882248, 0.7529411764705882248 ) ;
#2229 = ORIENTED_EDGE ( 'NONE', *, *, #1029, .T. ) ;
#2230 = EDGE_CURVE ( 'NONE', #1865, #2452, #1981, .T. ) ;
#2231 = LINE ( 'NONE', #993, #2965 ) ;
#2232 = VECTOR ( 'NONE', #915, 1000.000000000000000 ) ;
#2233 = LINE ( 'NONE', #5033, #3225 ) ;
#2234 = ORIENTED_EDGE ( 'NONE', *, *, #1325, .T. ) ;
#2235 = VECTOR ( 'NONE', #2545, 1000.000000000000000 ) ;
#2236 = ADVANCED_FACE ( 'NONE', ( #2086 ), #2058, .T. ) ;
#2237 = LINE ( 'NONE', #630, #289 ) ;
#2238 = AXIS2_PLACEMENT_3D ( 'NONE', #365, #2370, #3979 ) ;
#2239 = ORIENTED_EDGE ( 'NONE', *, *, #3529, .F. ) ;
#2240 = FACE_OUTER_BOUND ( 'NONE', #2980, .T. ) ;
#2241 = STYLED_ITEM ( 'NONE', ( #4398 ), #3704 ) ;
#2242 = LINE ( 'NONE', #3438, #1653 ) ;
#2243 = VERTEX_POINT ( 'NONE', #2475 ) ;
#2244 = SURFACE_STYLE_FILL_AREA ( #3388 ) ;
#2245 = ORIENTED_EDGE ( 'NONE', *, *, #4117, .T. ) ;
#2246 = PLANE ( 'NONE',  #1520 ) ;
#2247 = CARTESIAN_POINT ( 'NONE',  ( 26.99999999999999289, 13.20000000000000284, 3.100000000000003197 ) ) ;
#2248 = PLANE ( 'NONE',  #3579 ) ;
#2249 = VECTOR ( 'NONE', #611, 1000.000000000000227 ) ;
#2250 = PLANE ( 'NONE',  #4555 ) ;
#2251 = DIRECTION ( 'NONE',  ( -1.000000000000000000, 0.0000000000000000000, 0.0000000000000000000 ) ) ;
#2252 = VERTEX_POINT ( 'NONE', #1394 ) ;
#2253 = UNCERTAINTY_MEASURE_WITH_UNIT (LENGTH_MEASURE( 1.000000000000000082E-05 ), #259, 'distance_accuracy_value', 'NONE');
#2254 = VECTOR ( 'NONE', #1309, 1000.000000000000000 ) ;
#2255 = ORIENTED_EDGE ( 'NONE', *, *, #384, .T. ) ;
#2256 = FACE_OUTER_BOUND ( 'NONE', #614, .T. ) ;
#2257 = DIRECTION ( 'NONE',  ( 0.0000000000000000000, -0.0000000000000000000, -1.000000000000000000 ) ) ;
#2258 = EDGE_CURVE ( 'NONE', #3925, #416, #2725, .T. ) ;
#2259 = ORIENTED_EDGE ( 'NONE', *, *, #2386, .F. ) ;
#2260 = VECTOR ( 'NONE', #527, 1000.000000000000000 ) ;
#2261 = DIRECTION ( 'NONE',  ( 0.7071067811865414665, 0.7071067811865536790, -0.0000000000000000000 ) ) ;
#2262 = EDGE_CURVE ( 'NONE', #1407, #339, #2857, .T. ) ;
#2263 = LINE ( 'NONE', #3863, #4742 ) ;
#2264 = CARTESIAN_POINT ( 'NONE',  ( 2.999999999999991118, 12.69999999999999929, 3.100000000000003197 ) ) ;
#2265 = EDGE_CURVE ( 'NONE', #1618, #1625, #2157, .T. ) ;
#2266 =( NAMED_UNIT ( * ) PLANE_ANGLE_UNIT ( ) SI_UNIT ( $, .RADIAN. ) );
#2267 = DIRECTION ( 'NONE',  ( 1.000000000000000000, 0.0000000000000000000, -0.0000000000000000000 ) ) ;
#2268 = PRESENTATION_STYLE_ASSIGNMENT (( #668 ) ) ;
#2269 = EDGE_LOOP ( 'NONE', ( #3091, #3076, #1629, #516 ) ) ;
#2270 = CARTESIAN_POINT ( 'NONE',  ( 7.199999999999993072, 0.1999999999999993727, 10.74999999999999822 ) ) ;
#2271 = ORIENTED_EDGE ( 'NONE', *, *, #3343, .F. ) ;
#2272 = CARTESIAN_POINT ( 'NONE',  ( 2.999999999999991118, 13.19999999999999929, 2.600000000000003197 ) ) ;
#2273 =( NAMED_UNIT ( * ) SI_UNIT ( $, .STERADIAN. ) SOLID_ANGLE_UNIT ( ) );
#2274 = CARTESIAN_POINT ( 'NONE',  ( 12.19999999999999218, 4.000000000000000888, 2.450000000000005063 ) ) ;
#2275 = PRESENTATION_STYLE_ASSIGNMENT (( #675 ) ) ;
#2276 = DIRECTION ( 'NONE',  ( -0.0000000000000000000, -0.0000000000000000000, -1.000000000000000000 ) ) ;
#2277 = DIRECTION ( 'NONE',  ( 0.0000000000000000000, 0.0000000000000000000, -1.000000000000000000 ) ) ;
#2278 = VERTEX_POINT ( 'NONE', #1785 ) ;
#2279 = CARTESIAN_POINT ( 'NONE',  ( 2.799999999999991829, 4.000000000000000000, 3.250000000000002220 ) ) ;
#2280 = ORIENTED_EDGE ( 'NONE', *, *, #3269, .F. ) ;
#2281 =( NAMED_UNIT ( * ) PLANE_ANGLE_UNIT ( ) SI_UNIT ( $, .RADIAN. ) );
#2282 =( NAMED_UNIT ( * ) PLANE_ANGLE_UNIT ( ) SI_UNIT ( $, .RADIAN. ) );
#2283 = DIRECTION ( 'NONE',  ( 0.0000000000000000000, 0.0000000000000000000, -1.000000000000000000 ) ) ;
#2284 = EDGE_LOOP ( 'NONE', ( #2608, #2110, #3122, #3214 ) ) ;
#2285 = CARTESIAN_POINT ( 'NONE',  ( 27.99999999999999289, 9.200000000000002842, 10.59999999999999964 ) ) ;
#2286 =( NAMED_UNIT ( * ) SI_UNIT ( $, .STERADIAN. ) SOLID_ANGLE_UNIT ( ) );
#2287 = DIRECTION ( 'NONE',  ( 1.000000000000000000, 0.0000000000000000000, -0.0000000000000000000 ) ) ;
#2288 = EDGE_LOOP ( 'NONE', ( #4089, #1140 ) ) ;
#2289 = ADVANCED_FACE ( 'NONE', ( #4469 ), #2968, .F. ) ;
#2290 = EDGE_CURVE ( 'NONE', #3598, #1762, #93, .T. ) ;
#2291 = LINE ( 'NONE', #3815, #2476 ) ;
#2292 = EDGE_LOOP ( 'NONE', ( #3089, #4545, #286, #1161 ) ) ;
#2293 = VECTOR ( 'NONE', #3982, 1000.000000000000000 ) ;
#2294 = FACE_OUTER_BOUND ( 'NONE', #4448, .T. ) ;
#2295 = ORIENTED_EDGE ( 'NONE', *, *, #1258, .F. ) ;
#2296 = AXIS2_PLACEMENT_3D ( 'NONE', #1047, #1807, #1491 ) ;
#2297 = FACE_OUTER_BOUND ( 'NONE', #3680, .T. ) ;
#2298 = COLOUR_RGB ( '',0.7529411764705882248, 0.7529411764705882248, 1.000000000000000000 ) ;
#2299 = VERTEX_POINT ( 'NONE', #3278 ) ;
#2300 = UNCERTAINTY_MEASURE_WITH_UNIT (LENGTH_MEASURE( 1.000000000000000082E-05 ), #751, 'distance_accuracy_value', 'NONE');
#2301 = ORIENTED_EDGE ( 'NONE', *, *, #1117, .F. ) ;
#2302 = ORIENTED_EDGE ( 'NONE', *, *, #4533, .F. ) ;
#2303 = VECTOR ( 'NONE', #2889, 1000.000000000000000 ) ;
#2304 = ORIENTED_EDGE ( 'NONE', *, *, #360, .T. ) ;
#2305 = VECTOR ( 'NONE', #2796, 1000.000000000000000 ) ;
#2306 = CARTESIAN_POINT ( 'NONE',  ( 27.99999999999999645, 2.843808977011159604E-15, 13.19999999999999929 ) ) ;
#2307 = VECTOR ( 'NONE', #5049, 1000.000000000000000 ) ;
#2308 = DIRECTION ( 'NONE',  ( 0.0000000000000000000, 1.000000000000000000, 0.0000000000000000000 ) ) ;
#2309 = CARTESIAN_POINT ( 'NONE',  ( 2.999999999999991562, 12.69999999999999929, 2.600000000000003197 ) ) ;
#2310 = ORIENTED_EDGE ( 'NONE', *, *, #795, .T. ) ;
#2311 = PRESENTATION_LAYER_ASSIGNMENT (  '', '', ( #3915 ) ) ;
#2312 = DIRECTION ( 'NONE',  ( -1.000000000000000000, 0.0000000000000000000, -0.0000000000000000000 ) ) ;
#2313 = ADVANCED_FACE ( 'NONE', ( #1372 ), #4101, .F. ) ;
#2314 = ORIENTED_EDGE ( 'NONE', *, *, #2962, .F. ) ;
#2315 = SURFACE_STYLE_USAGE ( .BOTH. , #2702 ) ;
#2316 = SURFACE_SIDE_STYLE ('',( #5045 ) ) ;
#2317 = ADVANCED_FACE ( 'NONE', ( #3703 ), #45, .F. ) ;
#2318 = PRESENTATION_LAYER_ASSIGNMENT (  '', '', ( #4587 ) ) ;
#2319 =( GEOMETRIC_REPRESENTATION_CONTEXT ( 3 ) GLOBAL_UNCERTAINTY_ASSIGNED_CONTEXT ( ( #5163 ) ) GLOBAL_UNIT_ASSIGNED_CONTEXT ( ( #812, #3148, #1270 ) ) REPRESENTATION_CONTEXT ( 'NONE', 'WORKASPACE' ) );
#2320 =( NAMED_UNIT ( * ) PLANE_ANGLE_UNIT ( ) SI_UNIT ( $, .RADIAN. ) );
#2321 =( NAMED_UNIT ( * ) PLANE_ANGLE_UNIT ( ) SI_UNIT ( $, .RADIAN. ) );
#2322 = PRESENTATION_STYLE_ASSIGNMENT (( #3095 ) ) ;
#2323 = EDGE_CURVE ( 'NONE', #549, #1507, #4585, .T. ) ;
#2325 = VECTOR ( 'NONE', #2468, 1000.000000000000000 ) ;
#2324 = DIRECTION ( 'NONE',  ( 1.000000000000000000, 0.0000000000000000000, 0.0000000000000000000 ) ) ;
#2326 = ORIENTED_EDGE ( 'NONE', *, *, #3465, .F. ) ;
#2327 = ADVANCED_FACE ( 'NONE', ( #180 ), #3383, .F. ) ;
#2328 = VERTEX_POINT ( 'NONE', #2419 ) ;
#2329 = PRESENTATION_LAYER_ASSIGNMENT (  '', '', ( #4596 ) ) ;
#2330 =( NAMED_UNIT ( * ) PLANE_ANGLE_UNIT ( ) SI_UNIT ( $, .RADIAN. ) );
#2331 = AXIS2_PLACEMENT_3D ( 'NONE', #3891, #3087, #3060 ) ;
#2332 = DIRECTION ( 'NONE',  ( 0.0000000000000000000, -0.0000000000000000000, 1.000000000000000000 ) ) ;
#2333 = CARTESIAN_POINT ( 'NONE',  ( 27.79999999999999005, 4.000000000000002665, 2.450000000000005063 ) ) ;
#2334 = ORIENTED_EDGE ( 'NONE', *, *, #4814, .T. ) ;
#2335 = MECHANICAL_DESIGN_GEOMETRIC_PRESENTATION_REPRESENTATION (  '', ( #580 ), #1275 ) ;
#2336 = DIRECTION ( 'NONE',  ( -0.5773502691896290617, -0.5773502691896190697, -0.5773502691896290617 ) ) ;
#2337 = LINE ( 'NONE', #2747, #4441 ) ;
#2338 =( NAMED_UNIT ( * ) SI_UNIT ( $, .STERADIAN. ) SOLID_ANGLE_UNIT ( ) );
#2339 = AXIS2_PLACEMENT_3D ( 'NONE', #66, #4142, #2937 ) ;
#2340 = DIRECTION ( 'NONE',  ( 1.000000000000000000, 0.0000000000000000000, -0.0000000000000000000 ) ) ;
#2341 = MECHANICAL_DESIGN_GEOMETRIC_PRESENTATION_REPRESENTATION (  '', ( #3771 ), #3513 ) ;
#2342 = DIRECTION ( 'NONE',  ( -1.000000000000000000, 0.0000000000000000000, -0.0000000000000000000 ) ) ;
#2343 = CARTESIAN_POINT ( 'NONE',  ( 12.99999999999999112, 13.20000000000000107, 3.100000000000003197 ) ) ;
#2344 = ORIENTED_EDGE ( 'NONE', *, *, #2200, .F. ) ;
#2345 = LINE ( 'NONE', #4752, #1589 ) ;
#2346 =( NAMED_UNIT ( * ) PLANE_ANGLE_UNIT ( ) SI_UNIT ( $, .RADIAN. ) );
#2347 = APPLICATION_PROTOCOL_DEFINITION ( 'draft international standard', 'automotive_design', 1998, #1903 ) ;
#2348 = DIRECTION ( 'NONE',  ( 0.0000000000000000000, 0.7071067811865536790, 0.7071067811865414665 ) ) ;
#2349 = PRESENTATION_STYLE_ASSIGNMENT (( #3223 ) ) ;
#2350 = ADVANCED_FACE ( 'NONE', ( #2696 ), #409, .F. ) ;
#2351 = FILL_AREA_STYLE_COLOUR ( '', #4258 ) ;
#2352 = SURFACE_SIDE_STYLE ('',( #3149 ) ) ;
#2353 = EDGE_LOOP ( 'NONE', ( #2225, #2600 ) ) ;
#2354 = FILL_AREA_STYLE_COLOUR ( '', #3930 ) ;
#2355 = EDGE_CURVE ( 'NONE', #1609, #1370, #4773, .T. ) ;
#2356 = CARTESIAN_POINT ( 'NONE',  ( 6.999999999999989342, 5.687617954022318617E-16, 13.19999999999999929 ) ) ;
#2357 = PRODUCT ( '05E0E0A5-BE59-4E02-ADCF-D7FBAB04A41E', '05E0E0A5-BE59-4E02-ADCF-D7FBAB04A41E', '', ( #4732 ) ) ;
#2358 = CARTESIAN_POINT ( 'NONE',  ( 2.999999999999995115, 0.0000000000000000000, 13.19999999999999929 ) ) ;
#2359 = EDGE_CURVE ( 'NONE', #1666, #4195, #3592, .T. ) ;
#2360 = FACE_BOUND ( 'NONE', #2087, .T. ) ;
#2361 = SURFACE_SIDE_STYLE ('',( #3125 ) ) ;
#2362 = DIRECTION ( 'NONE',  ( -0.0000000000000000000, -0.0000000000000000000, 1.000000000000000000 ) ) ;
#2363 = ORIENTED_EDGE ( 'NONE', *, *, #2391, .T. ) ;
#2364 = DIRECTION ( 'NONE',  ( -1.000000000000000000, 0.0000000000000000000, 0.0000000000000000000 ) ) ;
#2365 = CARTESIAN_POINT ( 'NONE',  ( 12.99999999999999289, 13.20000000000000107, 10.59999999999999964 ) ) ;
#2366 = SURFACE_SIDE_STYLE ('',( #769 ) ) ;
#2367 = LINE ( 'NONE', #3976, #2414 ) ;
#2368 = ORIENTED_EDGE ( 'NONE', *, *, #1888, .F. ) ;
#2369 = DIRECTION ( 'NONE',  ( 0.0000000000000000000, -0.0000000000000000000, -1.000000000000000000 ) ) ;
#2370 = DIRECTION ( 'NONE',  ( 0.0000000000000000000, 1.000000000000000000, 0.0000000000000000000 ) ) ;
#2371 = ORIENTED_EDGE ( 'NONE', *, *, #5176, .F. ) ;
#2372 = FACE_OUTER_BOUND ( 'NONE', #4332, .T. ) ;
#2373 =( NAMED_UNIT ( * ) SI_UNIT ( $, .STERADIAN. ) SOLID_ANGLE_UNIT ( ) );
#2374 = STYLED_ITEM ( 'NONE', ( #457 ), #5 ) ;
#2375 = DIRECTION ( 'NONE',  ( 0.0000000000000000000, 0.0000000000000000000, 1.000000000000000000 ) ) ;
#2376 = VERTEX_POINT ( 'NONE', #3271 ) ;
#2377 = PLANE ( 'NONE',  #2656 ) ;
#2378 = CARTESIAN_POINT ( 'NONE',  ( 15.00000000000000000, 9.200000000000001066, 13.19999999999999929 ) ) ;
#2379 = PRESENTATION_LAYER_ASSIGNMENT (  '', '', ( #3975 ) ) ;
#2380 = DIRECTION ( 'NONE',  ( -1.156482317317871478E-16, 1.000000000000000000, -0.0000000000000000000 ) ) ;
#2381 =( NAMED_UNIT ( * ) PLANE_ANGLE_UNIT ( ) SI_UNIT ( $, .RADIAN. ) );
#2382 = CARTESIAN_POINT ( 'NONE',  ( 0.0000000000000000000, 0.0000000000000000000, 13.19999999999999929 ) ) ;
#2383 = EDGE_LOOP ( 'NONE', ( #2187, #3856, #5078, #4030 ) ) ;
#2384 = ADVANCED_FACE ( 'NONE', ( #1336 ), #4869, .F. ) ;
#2385 = DIRECTION ( 'NONE',  ( 0.0000000000000000000, 0.0000000000000000000, -1.000000000000000000 ) ) ;
#2386 = EDGE_CURVE ( 'NONE', #2193, #2801, #496, .T. ) ;
#2387 = ORIENTED_EDGE ( 'NONE', *, *, #1285, .F. ) ;
#2388 = DIRECTION ( 'NONE',  ( -1.156482317317871478E-16, 1.000000000000000000, -0.0000000000000000000 ) ) ;
#2389 = VECTOR ( 'NONE', #1054, 1000.000000000000000 ) ;
#2390 = CARTESIAN_POINT ( 'NONE',  ( 7.799999999999992717, 0.1999999999999993727, 9.950000000000002842 ) ) ;
#2391 = EDGE_CURVE ( 'NONE', #2933, #1269, #1308, .T. ) ;
#2392 = AXIS2_PLACEMENT_3D ( 'NONE', #4341, #5149, #1260 ) ;
#2393 = CARTESIAN_POINT ( 'NONE',  ( 27.19999999999999574, 0.2000000000000016487, 3.250000000000002220 ) ) ;
#2394 = FACE_OUTER_BOUND ( 'NONE', #593, .T. ) ;
#2395 = ORIENTED_EDGE ( 'NONE', *, *, #125, .F. ) ;
#2396 = CARTESIAN_POINT ( 'NONE',  ( 2.199999999999991740, 4.000000000000000000, 2.450000000000005063 ) ) ;
#2397 = LINE ( 'NONE', #2032, #3314 ) ;
#2398 = VECTOR ( 'NONE', #3031, 1000.000000000000000 ) ;
#2399 = ORIENTED_EDGE ( 'NONE', *, *, #1189, .T. ) ;
#2400 = CARTESIAN_POINT ( 'NONE',  ( 11.99999999999999112, 13.20000000000000107, 10.09999999999999964 ) ) ;
#2401 = COLOUR_RGB ( '',0.7529411764705882248, 0.7529411764705882248, 0.7529411764705882248 ) ;
#2402 = ORIENTED_EDGE ( 'NONE', *, *, #2896, .F. ) ;
#2403 = DIRECTION ( 'NONE',  ( 0.0000000000000000000, 1.000000000000000000, 0.0000000000000000000 ) ) ;
#2404 = DIRECTION ( 'NONE',  ( 0.0000000000000000000, 0.0000000000000000000, -1.000000000000000000 ) ) ;
#2405 = VECTOR ( 'NONE', #3000, 1000.000000000000000 ) ;
#2406 = SURFACE_STYLE_FILL_AREA ( #3098 ) ;
#2407 = UNCERTAINTY_MEASURE_WITH_UNIT (LENGTH_MEASURE( 1.000000000000000082E-05 ), #4963, 'distance_accuracy_value', 'NONE');
#2408 = DIRECTION ( 'NONE',  ( -0.5773502691896290617, -0.5773502691896190697, -0.5773502691896290617 ) ) ;
#2409 = FACE_OUTER_BOUND ( 'NONE', #3202, .T. ) ;
#2410 = STYLED_ITEM ( 'NONE', ( #3709 ), #2861 ) ;
#2411 = ORIENTED_EDGE ( 'NONE', *, *, #4814, .F. ) ;
#2412 = VECTOR ( 'NONE', #3649, 1000.000000000000000 ) ;
#2414 = VECTOR ( 'NONE', #1123, 999.9999999999998863 ) ;
#2413 = DIRECTION ( 'NONE',  ( -1.000000000000000000, 0.0000000000000000000, 0.0000000000000000000 ) ) ;
#2415 = EDGE_LOOP ( 'NONE', ( #2197, #942, #4244, #4305 ) ) ;
#2416 = DIRECTION ( 'NONE',  ( 0.0000000000000000000, 0.0000000000000000000, 1.000000000000000000 ) ) ;
#2417 = STYLED_ITEM ( 'NONE', ( #4406 ), #4113 ) ;
#2418 = EDGE_CURVE ( 'NONE', #947, #2133, #3373, .T. ) ;
#2419 = CARTESIAN_POINT ( 'NONE',  ( 25.00000000000000000, 4.400000000000003908, 5.350000000000000533 ) ) ;
#2420 = FACE_OUTER_BOUND ( 'NONE', #714, .T. ) ;
#2421 = ADVANCED_FACE ( 'NONE', ( #577 ), #2206, .F. ) ;
#2422 = CARTESIAN_POINT ( 'NONE',  ( 7.199999999999993072, 0.1999999999999993727, 9.950000000000002842 ) ) ;
#2423 = EDGE_CURVE ( 'NONE', #1625, #3711, #3405, .T. ) ;
#2424 = CARTESIAN_POINT ( 'NONE',  ( 27.79999999999999361, 4.000000000000002665, 10.74999999999999822 ) ) ;
#2425 = EDGE_LOOP ( 'NONE', ( #4908, #4266, #4552, #1932 ) ) ;
#2426 = LINE ( 'NONE', #1650, #4280 ) ;
#2427 = LINE ( 'NONE', #4447, #3055 ) ;
#2428 = VERTEX_POINT ( 'NONE', #3009 ) ;
#2429 =( LENGTH_UNIT ( ) NAMED_UNIT ( * ) SI_UNIT ( .MILLI., .METRE. ) );
#2430 = FACE_OUTER_BOUND ( 'NONE', #4344, .T. ) ;
#2431 =( GEOMETRIC_REPRESENTATION_CONTEXT ( 3 ) GLOBAL_UNCERTAINTY_ASSIGNED_CONTEXT ( ( #3609 ) ) GLOBAL_UNIT_ASSIGNED_CONTEXT ( ( #4572, #5065, #280 ) ) REPRESENTATION_CONTEXT ( 'NONE', 'WORKASPACE' ) );
#2432 = LINE ( 'NONE', #4053, #3390 ) ;
#2433 = ORIENTED_EDGE ( 'NONE', *, *, #1695, .T. ) ;
#2434 = FACE_OUTER_BOUND ( 'NONE', #664, .T. ) ;
#2435 = CARTESIAN_POINT ( 'NONE',  ( 2.799999999999993161, 0.1999999999999987899, 9.950000000000002842 ) ) ;
#2436 = EDGE_LOOP ( 'NONE', ( #405, #3880, #5005, #2947 ) ) ;
#2437 = DIRECTION ( 'NONE',  ( -1.000000000000000000, 0.0000000000000000000, 0.0000000000000000000 ) ) ;
#2438 = ORIENTED_EDGE ( 'NONE', *, *, #524, .T. ) ;
#2439 = CARTESIAN_POINT ( 'NONE',  ( 12.79999999999999183, 4.000000000000000888, 2.450000000000005063 ) ) ;
#2440 = DIRECTION ( 'NONE',  ( 0.0000000000000000000, 0.7071067811865398012, 0.7071067811865552333 ) ) ;
#2441 = PRESENTATION_STYLE_ASSIGNMENT (( #1673 ) ) ;
#2442 = DIRECTION ( 'NONE',  ( 1.156482317317871725E-16, -1.000000000000000000, -0.0000000000000000000 ) ) ;
#2443 = CARTESIAN_POINT ( 'NONE',  ( 12.79999999999999183, 4.000000000000000888, 2.450000000000005063 ) ) ;
#2444 = EDGE_LOOP ( 'NONE', ( #3618, #3152, #2844, #3528 ) ) ;
#2445 = CARTESIAN_POINT ( 'NONE',  ( 11.99999999999999112, 13.20000000000000107, 3.100000000000003197 ) ) ;
#2446 = CARTESIAN_POINT ( 'NONE',  ( 7.799999999999992717, 0.1999999999999993727, 9.950000000000002842 ) ) ;
#2447 = ORIENTED_EDGE ( 'NONE', *, *, #2017, .T. ) ;
#2448 = CARTESIAN_POINT ( 'NONE',  ( 27.99999999999999289, 9.200000000000002842, 10.09999999999999964 ) ) ;
#2449 = ADVANCED_FACE ( 'NONE', ( #1900 ), #3100, .F. ) ;
#2450 = EDGE_CURVE ( 'NONE', #5085, #3906, #4016, .T. ) ;
#2451 = FACE_OUTER_BOUND ( 'NONE', #853, .T. ) ;
#2452 = VERTEX_POINT ( 'NONE', #3479 ) ;
#2453 =( NAMED_UNIT ( * ) SI_UNIT ( $, .STERADIAN. ) SOLID_ANGLE_UNIT ( ) );
#2454 = UNCERTAINTY_MEASURE_WITH_UNIT (LENGTH_MEASURE( 1.000000000000000082E-05 ), #1885, 'distance_accuracy_value', 'NONE');
#2455 = VECTOR ( 'NONE', #2813, 1000.000000000000000 ) ;
#2456 = EDGE_CURVE ( 'NONE', #4571, #1110, #4768, .T. ) ;
#2457 = CARTESIAN_POINT ( 'NONE',  ( 7.799999999999991829, 4.000000000000000888, 2.450000000000005063 ) ) ;
#2458 = SURFACE_STYLE_FILL_AREA ( #3553 ) ;
#2459 = VECTOR ( 'NONE', #2773, 1000.000000000000000 ) ;
#2460 = VERTEX_POINT ( 'NONE', #3911 ) ;
#2461 = CARTESIAN_POINT ( 'NONE',  ( 12.79999999999999183, 0.1999999999999999278, 2.450000000000005063 ) ) ;
#2462 = ORIENTED_EDGE ( 'NONE', *, *, #2230, .T. ) ;
#2463 = VECTOR ( 'NONE', #2125, 1000.000000000000000 ) ;
#2464 = CARTESIAN_POINT ( 'NONE',  ( 7.199999999999993072, 4.000000000000000888, 10.74999999999999822 ) ) ;
#2465 = DIRECTION ( 'NONE',  ( 0.0000000000000000000, -1.000000000000000000, 0.0000000000000000000 ) ) ;
#2466 = PLANE ( 'NONE',  #4194 ) ;
#2467 = STYLED_ITEM ( 'NONE', ( #4432 ), #828 ) ;
#2468 = DIRECTION ( 'NONE',  ( 1.000000000000000000, 1.156482317317872218E-16, -0.0000000000000000000 ) ) ;
#2469 = CARTESIAN_POINT ( 'NONE',  ( 12.99999999999999289, 13.20000000000000107, 10.09999999999999964 ) ) ;
#2470 = VECTOR ( 'NONE', #3933, 1000.000000000000000 ) ;
#2471 = PLANE ( 'NONE',  #2151 ) ;
#2472 = DIRECTION ( 'NONE',  ( -1.000000000000000000, -1.156482317317871725E-16, 0.0000000000000000000 ) ) ;
#2473 = VERTEX_POINT ( 'NONE', #2818 ) ;
#2474 = FILL_AREA_STYLE_COLOUR ( '', #3340 ) ;
#2475 = CARTESIAN_POINT ( 'NONE',  ( 11.99999999999999112, 13.20000000000000107, 10.59999999999999964 ) ) ;
#2476 = VECTOR ( 'NONE', #3895, 1000.000000000000000 ) ;
#2477 = CARTESIAN_POINT ( 'NONE',  ( 6.999999999999991118, 9.199999999999999289, 3.100000000000003197 ) ) ;
#2478 = EDGE_CURVE ( 'NONE', #1033, #1247, #3998, .T. ) ;
#2479 = ORIENTED_EDGE ( 'NONE', *, *, #720, .F. ) ;
#2480 = CARTESIAN_POINT ( 'NONE',  ( 6.999999999999990230, 0.0000000000000000000, 9.750000000000000000 ) ) ;
#2481 = CARTESIAN_POINT ( 'NONE',  ( 30.50000000000000000, 9.200000000000004619, 13.19999999999999929 ) ) ;
#2482 = LINE ( 'NONE', #4932, #3914 ) ;
#2483 = EDGE_CURVE ( 'NONE', #2751, #4279, #1427, .T. ) ;
#2484 = CARTESIAN_POINT ( 'NONE',  ( 7.799999999999991829, 0.1999999999999993727, 2.450000000000005063 ) ) ;
#2485 = SURFACE_STYLE_FILL_AREA ( #2870 ) ;
#2486 = VECTOR ( 'NONE', #5039, 1000.000000000000000 ) ;
#2487 = AXIS2_PLACEMENT_3D ( 'NONE', #3682, #4573, #73 ) ;
#2488 = EDGE_CURVE ( 'NONE', #4937, #233, #3392, .T. ) ;
#2489 = ORIENTED_EDGE ( 'NONE', *, *, #4210, .F. ) ;
#2490 = ORIENTED_EDGE ( 'NONE', *, *, #944, .T. ) ;
#2491 = AXIS2_PLACEMENT_3D ( 'NONE', #3008, #2205, #4643 ) ;
#2492 = STYLED_ITEM ( 'NONE', ( #4106 ), #2787 ) ;
#2493 = DIRECTION ( 'NONE',  ( -1.156482317317871478E-16, 1.000000000000000000, -0.0000000000000000000 ) ) ;
#2494 = CARTESIAN_POINT ( 'NONE',  ( 27.99999999999999289, 9.200000000000002842, 3.100000000000003197 ) ) ;
#2495 = VECTOR ( 'NONE', #4997, 1000.000000000000000 ) ;
#2496 = VECTOR ( 'NONE', #285, 1000.000000000000000 ) ;
#2497 = DIRECTION ( 'NONE',  ( -0.7071067811865536790, -0.7071067811865414665, 0.0000000000000000000 ) ) ;
#2498 =( GEOMETRIC_REPRESENTATION_CONTEXT ( 3 ) GLOBAL_UNCERTAINTY_ASSIGNED_CONTEXT ( ( #4763 ) ) GLOBAL_UNIT_ASSIGNED_CONTEXT ( ( #4532, #4060, #4204 ) ) REPRESENTATION_CONTEXT ( 'NONE', 'WORKASPACE' ) );
#2499 = CARTESIAN_POINT ( 'NONE',  ( 0.9999999999999995559, 0.0000000000000000000, 0.0000000000000000000 ) ) ;
#2500 = SURFACE_STYLE_USAGE ( .BOTH. , #2941 ) ;
#2501 = SURFACE_STYLE_FILL_AREA ( #951 ) ;
#2502 = DIRECTION ( 'NONE',  ( 0.0000000000000000000, -0.0000000000000000000, 1.000000000000000000 ) ) ;
#2503 = ORIENTED_EDGE ( 'NONE', *, *, #4117, .F. ) ;
#2504 = CARTESIAN_POINT ( 'NONE',  ( 15.00000000000000000, 9.200000000000001066, 13.19999999999999929 ) ) ;
#2505 = VECTOR ( 'NONE', #4893, 1000.000000000000000 ) ;
#2506 = CYLINDRICAL_SURFACE ( 'NONE', #3112, 2.749999999999998224 ) ;
#2507 = LINE ( 'NONE', #4127, #4486 ) ;
#2508 = VERTEX_POINT ( 'NONE', #2845 ) ;
#2509 = CARTESIAN_POINT ( 'NONE',  ( 2.799999999999993161, 0.1999999999999987899, 10.74999999999999822 ) ) ;
#2510 = FACE_OUTER_BOUND ( 'NONE', #4054, .T. ) ;
#2511 = MANIFOLD_SOLID_BREP ( 'LPattern1[6]', #4047 ) ;
#2512 = DIRECTION ( 'NONE',  ( -1.000000000000000000, 0.0000000000000000000, 0.0000000000000000000 ) ) ;
#2513 = EDGE_LOOP ( 'NONE', ( #1402, #4177 ) ) ;
#2514 = DIRECTION ( 'NONE',  ( 1.156482317317871725E-16, -1.000000000000000000, -0.0000000000000000000 ) ) ;
#2515 = UNCERTAINTY_MEASURE_WITH_UNIT (LENGTH_MEASURE( 1.000000000000000082E-05 ), #1810, 'distance_accuracy_value', 'NONE');
#2516 = EDGE_CURVE ( 'NONE', #1684, #5096, #3142, .T. ) ;
#2517 = FACE_OUTER_BOUND ( 'NONE', #1902, .T. ) ;
#2518 = STYLED_ITEM ( 'NONE', ( #969 ), #5148 ) ;
#2519 = EDGE_LOOP ( 'NONE', ( #3487, #1103, #1461, #1809 ) ) ;
#2520 = EDGE_CURVE ( 'NONE', #2019, #4973, #873, .T. ) ;
#2521 = EDGE_LOOP ( 'NONE', ( #974, #1652, #1468, #5130, #1738, #4741, #1573, #1211 ) ) ;
#2522 =( LENGTH_UNIT ( ) NAMED_UNIT ( * ) SI_UNIT ( .MILLI., .METRE. ) );
#2523 = CARTESIAN_POINT ( 'NONE',  ( 12.99999999999999289, 13.20000000000000107, 10.59999999999999964 ) ) ;
#2524 = CARTESIAN_POINT ( 'NONE',  ( 12.19999999999999218, 4.000000000000000888, 2.450000000000005063 ) ) ;
#2525 =( NAMED_UNIT ( * ) PLANE_ANGLE_UNIT ( ) SI_UNIT ( $, .RADIAN. ) );
#2526 = CARTESIAN_POINT ( 'NONE',  ( 15.00000000000000000, 9.200000000000001066, 0.0000000000000000000 ) ) ;
#2527 = PLANE ( 'NONE',  #3849 ) ;
#2528 = ORIENTED_EDGE ( 'NONE', *, *, #2128, .T. ) ;
#2529 = FILL_AREA_STYLE ('',( #949 ) ) ;
#2530 = SURFACE_SIDE_STYLE ('',( #2501 ) ) ;
#2531 = CARTESIAN_POINT ( 'NONE',  ( 2.199999999999992628, 4.000000000000000000, 10.74999999999999822 ) ) ;
#2532 = CARTESIAN_POINT ( 'NONE',  ( 7.533333333333325221, 0.4666666666666628438, 10.48333333333332895 ) ) ;
#2533 = CARTESIAN_POINT ( 'NONE',  ( 2.799999999999993161, 0.1999999999999987899, 9.950000000000002842 ) ) ;
#2534 = ORIENTED_EDGE ( 'NONE', *, *, #3235, .T. ) ;
#2535 = SURFACE_STYLE_FILL_AREA ( #1322 ) ;
#2536 = CARTESIAN_POINT ( 'NONE',  ( 27.99999999999999289, 13.20000000000000284, 3.100000000000003197 ) ) ;
#2537 = EDGE_LOOP ( 'NONE', ( #1013, #3717, #399, #2304 ) ) ;
#2538 = DIRECTION ( 'NONE',  ( -0.0000000000000000000, -1.000000000000000000, -0.0000000000000000000 ) ) ;
#2539 = CARTESIAN_POINT ( 'NONE',  ( 2.999999999999992006, 13.19999999999999929, 10.09999999999999964 ) ) ;
#2540 = CARTESIAN_POINT ( 'NONE',  ( 2.999999999999991118, 13.19999999999999929, 3.100000000000003197 ) ) ;
#2541 = VECTOR ( 'NONE', #847, 999.9999999999998863 ) ;
#2542 = CARTESIAN_POINT ( 'NONE',  ( 7.199999999999993072, 0.1999999999999993727, 9.950000000000002842 ) ) ;
#2543 = ORIENTED_EDGE ( 'NONE', *, *, #4934, .T. ) ;
#2544 = AXIS2_PLACEMENT_3D ( 'NONE', #4213, #3902, #4320 ) ;
#2545 = DIRECTION ( 'NONE',  ( -0.0000000000000000000, -0.0000000000000000000, -1.000000000000000000 ) ) ;
#2546 = ADVANCED_FACE ( 'NONE', ( #2191 ), #95, .T. ) ;
#2547 =( NAMED_UNIT ( * ) PLANE_ANGLE_UNIT ( ) SI_UNIT ( $, .RADIAN. ) );
#2548 = EDGE_CURVE ( 'NONE', #4922, #2595, #1316, .T. ) ;
#2549 =( NAMED_UNIT ( * ) SI_UNIT ( $, .STERADIAN. ) SOLID_ANGLE_UNIT ( ) );
#2550 = LINE ( 'NONE', #2156, #1435 ) ;
#2551 = ORIENTED_EDGE ( 'NONE', *, *, #1972, .T. ) ;
#2552 =( NAMED_UNIT ( * ) PLANE_ANGLE_UNIT ( ) SI_UNIT ( $, .RADIAN. ) );
#2553 =( LENGTH_UNIT ( ) NAMED_UNIT ( * ) SI_UNIT ( .MILLI., .METRE. ) );
#2554 = ORIENTED_EDGE ( 'NONE', *, *, #2165, .F. ) ;
#2555 = ADVANCED_FACE ( 'NONE', ( #503 ), #3306, .F. ) ;
#2556 = PLANE ( 'NONE',  #3067 ) ;
#2557 =( LENGTH_UNIT ( ) NAMED_UNIT ( * ) SI_UNIT ( .MILLI., .METRE. ) );
#2558 = DIRECTION ( 'NONE',  ( 0.0000000000000000000, 0.7071067811865536790, -0.7071067811865414665 ) ) ;
#2559 = ORIENTED_EDGE ( 'NONE', *, *, #3269, .T. ) ;
#2560 = SURFACE_STYLE_USAGE ( .BOTH. , #2114 ) ;
#2561 = PLANE ( 'NONE',  #4252 ) ;
#2562 = MECHANICAL_DESIGN_GEOMETRIC_PRESENTATION_REPRESENTATION (  '', ( #27 ), #1326 ) ;
#2563 = EDGE_LOOP ( 'NONE', ( #2758, #2821, #1043, #526 ) ) ;
#2564 = CARTESIAN_POINT ( 'NONE',  ( 12.53333333333332433, 0.4666666666666634544, 10.48333333333332895 ) ) ;
#2565 = CARTESIAN_POINT ( 'NONE',  ( 12.19999999999999218, 4.000000000000000888, 9.950000000000002842 ) ) ;
#2566 = VECTOR ( 'NONE', #4601, 1000.000000000000000 ) ;
#2567 = PRESENTATION_STYLE_ASSIGNMENT (( #1037 ) ) ;
#2568 = VERTEX_POINT ( 'NONE', #3759 ) ;
#2569 = UNCERTAINTY_MEASURE_WITH_UNIT (LENGTH_MEASURE( 1.000000000000000082E-05 ), #239, 'distance_accuracy_value', 'NONE');
#2570 = ORIENTED_EDGE ( 'NONE', *, *, #2265, .F. ) ;
#2571 = FILL_AREA_STYLE ('',( #1460 ) ) ;
#2572 = VECTOR ( 'NONE', #231, 1000.000000000000000 ) ;
#2573 = STYLED_ITEM ( 'NONE', ( #1551 ), #2077 ) ;
#2574 =( LENGTH_UNIT ( ) NAMED_UNIT ( * ) SI_UNIT ( .MILLI., .METRE. ) );
#2575 = CARTESIAN_POINT ( 'NONE',  ( 26.99999999999998934, 2.843808977011159604E-15, 3.450000000000005063 ) ) ;
#2576 = AXIS2_PLACEMENT_3D ( 'NONE', #4275, #4632, #613 ) ;
#2577 = AXIS2_PLACEMENT_3D ( 'NONE', #1703, #3729, #887 ) ;
#2578 = ORIENTED_EDGE ( 'NONE', *, *, #599, .F. ) ;
#2579 = EDGE_CURVE ( 'NONE', #2688, #1352, #3890, .T. ) ;
#2580 = DIRECTION ( 'NONE',  ( -0.5773502691896290617, -0.5773502691896190697, 0.5773502691896290617 ) ) ;
#2581 = AXIS2_PLACEMENT_3D ( 'NONE', #1337, #970, #2053 ) ;
#2582 = VECTOR ( 'NONE', #4144, 1000.000000000000000 ) ;
#2583 = CARTESIAN_POINT ( 'NONE',  ( 27.99999999999999289, 9.200000000000002842, 3.100000000000003197 ) ) ;
#2584 = EDGE_LOOP ( 'NONE', ( #5036, #1736, #2648, #509 ) ) ;
#2585 = DIRECTION ( 'NONE',  ( 0.0000000000000000000, 1.000000000000000000, 0.0000000000000000000 ) ) ;
#2586 = ORIENTED_EDGE ( 'NONE', *, *, #1471, .T. ) ;
#2587 = EDGE_CURVE ( 'NONE', #5090, #4683, #3059, .T. ) ;
#2588 = MECHANICAL_DESIGN_GEOMETRIC_PRESENTATION_REPRESENTATION (  '', ( #1514 ), #1765 ) ;
#2589 = DIRECTION ( 'NONE',  ( -0.5773502691896290617, 0.5773502691896190697, -0.5773502691896290617 ) ) ;
#2590 = ADVANCED_FACE ( 'NONE', ( #310 ), #4678, .F. ) ;
#2591 = VERTEX_POINT ( 'NONE', #4516 ) ;
#2592 = PLANE ( 'NONE',  #2911 ) ;
#2593 = DIRECTION ( 'NONE',  ( -0.0000000000000000000, -1.000000000000000000, 0.0000000000000000000 ) ) ;
#2594 = CARTESIAN_POINT ( 'NONE',  ( 27.19999999999999574, 4.000000000000002665, 3.250000000000002220 ) ) ;
#2595 = VERTEX_POINT ( 'NONE', #2526 ) ;
#2596 = LINE ( 'NONE', #4190, #3921 ) ;
#2597 = COLOUR_RGB ( '',0.7529411764705882248, 0.7529411764705882248, 1.000000000000000000 ) ;
#2598 = EDGE_LOOP ( 'NONE', ( #3655, #522, #3859, #461 ) ) ;
#2599 = STYLED_ITEM ( 'NONE', ( #767 ), #5048 ) ;
#2600 = ORIENTED_EDGE ( 'NONE', *, *, #3536, .T. ) ;
#2601 = MECHANICAL_DESIGN_GEOMETRIC_PRESENTATION_REPRESENTATION (  '', ( #2518 ), #2930 ) ;
#2602 = ORIENTED_EDGE ( 'NONE', *, *, #4535, .T. ) ;
#2603 = CARTESIAN_POINT ( 'NONE',  ( 30.50000000000000000, 9.200000000000004619, 1.000000000000000888 ) ) ;
#2604 = DIRECTION ( 'NONE',  ( 0.0000000000000000000, -0.0000000000000000000, -1.000000000000000000 ) ) ;
#2605 = FACE_OUTER_BOUND ( 'NONE', #1303, .T. ) ;
#2606 = CARTESIAN_POINT ( 'NONE',  ( 1.999999999999992228, 9.199999999999999289, 10.09999999999999964 ) ) ;
#2607 = LINE ( 'NONE', #636, #3731 ) ;
#2608 = ORIENTED_EDGE ( 'NONE', *, *, #1632, .T. ) ;
#2609 = CARTESIAN_POINT ( 'NONE',  ( 30.49999999999998579, 4.400000000000003908, 7.849999999999999645 ) ) ;
#2610 = EDGE_CURVE ( 'NONE', #4330, #4943, #4543, .T. ) ;
#2611 = FACE_OUTER_BOUND ( 'NONE', #1190, .T. ) ;
#2612 = ORIENTED_EDGE ( 'NONE', *, *, #1178, .F. ) ;
#2613 = EDGE_CURVE ( 'NONE', #1122, #1936, #2154, .T. ) ;
#2614 = PRESENTATION_STYLE_ASSIGNMENT (( #4240 ) ) ;
#2615 = SURFACE_STYLE_FILL_AREA ( #1430 ) ;
#2616 = LINE ( 'NONE', #4243, #2178 ) ;
#2617 = EDGE_CURVE ( 'NONE', #3099, #1187, #3807, .T. ) ;
#2618 = UNCERTAINTY_MEASURE_WITH_UNIT (LENGTH_MEASURE( 1.000000000000000082E-05 ), #2705, 'distance_accuracy_value', 'NONE');
#2619 = EDGE_LOOP ( 'NONE', ( #1208, #407, #1758, #3493 ) ) ;
#2620 = CARTESIAN_POINT ( 'NONE',  ( 7.199999999999992184, 4.000000000000000888, 2.450000000000005063 ) ) ;
#2621 = DIRECTION ( 'NONE',  ( 0.0000000000000000000, -1.000000000000000000, 0.0000000000000000000 ) ) ;
#2622 = ORIENTED_EDGE ( 'NONE', *, *, #3866, .T. ) ;
#2623 = CARTESIAN_POINT ( 'NONE',  ( 6.999999999999990230, 13.19999999999999929, 2.600000000000003197 ) ) ;
#2624 = FACE_OUTER_BOUND ( 'NONE', #4767, .T. ) ;
#2625 = AXIS2_PLACEMENT_3D ( 'NONE', #4707, #1104, #5074 ) ;
#2626 = CARTESIAN_POINT ( 'NONE',  ( 12.19999999999999218, 0.1999999999999999278, 9.950000000000002842 ) ) ;
#2627 = CARTESIAN_POINT ( 'NONE',  ( 0.0000000000000000000, 0.0000000000000000000, 1.000000000000000888 ) ) ;
#2628 =( GEOMETRIC_REPRESENTATION_CONTEXT ( 3 ) GLOBAL_UNCERTAINTY_ASSIGNED_CONTEXT ( ( #680 ) ) GLOBAL_UNIT_ASSIGNED_CONTEXT ( ( #4269, #3893, #5117 ) ) REPRESENTATION_CONTEXT ( 'NONE', 'WORKASPACE' ) );
#2629 = CARTESIAN_POINT ( 'NONE',  ( 2.199999999999992628, 4.000000000000000000, 9.950000000000002842 ) ) ;
#2630 = ORIENTED_EDGE ( 'NONE', *, *, #258, .T. ) ;
#2631 = CARTESIAN_POINT ( 'NONE',  ( 2.799999999999991829, 0.1999999999999987899, 2.450000000000005063 ) ) ;
#2632 = ORIENTED_EDGE ( 'NONE', *, *, #2128, .F. ) ;
#2633 = FILL_AREA_STYLE ('',( #3872 ) ) ;
#2634 = FACE_OUTER_BOUND ( 'NONE', #1623, .T. ) ;
#2635 =( NAMED_UNIT ( * ) SI_UNIT ( $, .STERADIAN. ) SOLID_ANGLE_UNIT ( ) );
#2636 = EDGE_CURVE ( 'NONE', #4195, #3977, #201, .T. ) ;
#2637 =( NAMED_UNIT ( * ) SI_UNIT ( $, .STERADIAN. ) SOLID_ANGLE_UNIT ( ) );
#2638 = SURFACE_STYLE_FILL_AREA ( #240 ) ;
#2639 = AXIS2_PLACEMENT_3D ( 'NONE', #4913, #4112, #1404 ) ;
#2640 = EDGE_CURVE ( 'NONE', #4102, #5107, #3834, .T. ) ;
#2641 = LINE ( 'NONE', #4215, #4097 ) ;
#2642 = COLOUR_RGB ( '',0.7529411764705882248, 0.7529411764705882248, 0.7529411764705882248 ) ;
#2643 = ADVANCED_FACE ( 'NONE', ( #4255 ), #3885, .F. ) ;
#2644 = EDGE_LOOP ( 'NONE', ( #740, #4070, #4762, #19 ) ) ;
#2645 = EDGE_CURVE ( 'NONE', #4273, #1073, #2846, .T. ) ;
#2646 = VECTOR ( 'NONE', #1726, 1000.000000000000000 ) ;
#2647 = CARTESIAN_POINT ( 'NONE',  ( 7.999999999999991118, 9.199999999999999289, 2.600000000000003197 ) ) ;
#2648 = ORIENTED_EDGE ( 'NONE', *, *, #1949, .F. ) ;
#2649 = VECTOR ( 'NONE', #1284, 999.9999999999998863 ) ;
#2650 = DIRECTION ( 'NONE',  ( -1.000000000000000000, -1.156482317317871478E-16, 0.0000000000000000000 ) ) ;
#2651 = LINE ( 'NONE', #1804, #2572 ) ;
#2652 = DIRECTION ( 'NONE',  ( -1.000000000000000000, 0.0000000000000000000, -0.0000000000000000000 ) ) ;
#2653 = VECTOR ( 'NONE', #3243, 1000.000000000000000 ) ;
#2654 = ORIENTED_EDGE ( 'NONE', *, *, #4260, .F. ) ;
#2655 =( NAMED_UNIT ( * ) SI_UNIT ( $, .STERADIAN. ) SOLID_ANGLE_UNIT ( ) );
#2656 = AXIS2_PLACEMENT_3D ( 'NONE', #3935, #779, #4736 ) ;
#2657 = SURFACE_SIDE_STYLE ('',( #1522 ) ) ;
#2658 = ORIENTED_EDGE ( 'NONE', *, *, #3437, .T. ) ;
#2659 = DIRECTION ( 'NONE',  ( -1.000000000000000000, 0.0000000000000000000, 0.0000000000000000000 ) ) ;
#2660 = ORIENTED_EDGE ( 'NONE', *, *, #1503, .F. ) ;
#2661 = SURFACE_STYLE_FILL_AREA ( #4613 ) ;
#2662 = SURFACE_SIDE_STYLE ('',( #3069 ) ) ;
#2663 = STYLED_ITEM ( 'NONE', ( #3346 ), #4205 ) ;
#2664 = EDGE_LOOP ( 'NONE', ( #2438, #2885, #4950, #187 ) ) ;
#2665 = UNCERTAINTY_MEASURE_WITH_UNIT (LENGTH_MEASURE( 1.000000000000000082E-05 ), #1219, 'distance_accuracy_value', 'NONE');
#2666 = COLOUR_RGB ( '',0.7529411764705882248, 0.7529411764705882248, 0.7529411764705882248 ) ;
#2667 = EDGE_CURVE ( 'NONE', #4318, #2595, #433, .T. ) ;
#2668 = VERTEX_POINT ( 'NONE', #464 ) ;
#2669 = ADVANCED_BREP_SHAPE_REPRESENTATION ( '05E0E0A5-BE59-4E02-ADCF-D7FBAB04A41E', ( #4277, #4113, #653, #4205, #737, #819, #2511, #4223, #707, #1857 ), #1527 ) ;
#2670 = EDGE_CURVE ( 'NONE', #866, #2925, #1665, .T. ) ;
#2671 = ADVANCED_FACE ( 'NONE', ( #1330 ), #2872, .F. ) ;
#2672 = ORIENTED_EDGE ( 'NONE', *, *, #4289, .F. ) ;
#2673 = VECTOR ( 'NONE', #4897, 1000.000000000000000 ) ;
#2674 = DIRECTION ( 'NONE',  ( 0.0000000000000000000, -0.0000000000000000000, 1.000000000000000000 ) ) ;
#2675 = EDGE_LOOP ( 'NONE', ( #1380, #4380, #4033, #3907 ) ) ;
#2676 = FACE_OUTER_BOUND ( 'NONE', #1294, .T. ) ;
#2677 = SURFACE_STYLE_FILL_AREA ( #235 ) ;
#2678 = CARTESIAN_POINT ( 'NONE',  ( 1.999999999999990452, 0.0000000000000000000, 13.19999999999999929 ) ) ;
#2679 = EDGE_LOOP ( 'NONE', ( #681, #3294, #2554, #4027 ) ) ;
#2680 = CARTESIAN_POINT ( 'NONE',  ( 27.46666666666666501, 0.4666666666666651198, 10.48333333333332895 ) ) ;
#2681 = VERTEX_POINT ( 'NONE', #906 ) ;
#2682 = DIRECTION ( 'NONE',  ( -0.0000000000000000000, -0.0000000000000000000, -1.000000000000000000 ) ) ;
#2683 = FACE_OUTER_BOUND ( 'NONE', #44, .T. ) ;
#2684 = DIRECTION ( 'NONE',  ( -0.7071067811865536790, 0.7071067811865414665, 0.0000000000000000000 ) ) ;
#2685 = FILL_AREA_STYLE ('',( #3042 ) ) ;
#2686 =( NAMED_UNIT ( * ) PLANE_ANGLE_UNIT ( ) SI_UNIT ( $, .RADIAN. ) );
#2687 = CARTESIAN_POINT ( 'NONE',  ( 27.53333333333332433, 0.4666666666666661190, 2.983333333333331616 ) ) ;
#2688 = VERTEX_POINT ( 'NONE', #2905 ) ;
#2689 = ORIENTED_EDGE ( 'NONE', *, *, #3936, .T. ) ;
#2690 = DIRECTION ( 'NONE',  ( -0.0000000000000000000, -1.000000000000000000, -0.0000000000000000000 ) ) ;
#2691 = ORIENTED_EDGE ( 'NONE', *, *, #460, .T. ) ;
#2692 = ADVANCED_FACE ( 'NONE', ( #963 ), #3636, .F. ) ;
#2693 = CARTESIAN_POINT ( 'NONE',  ( 29.50000000000000000, 9.200000000000004619, 12.19999999999999929 ) ) ;
#2694 = EDGE_CURVE ( 'NONE', #2963, #3363, #1188, .T. ) ;
#2695 = SURFACE_SIDE_STYLE ('',( #3130 ) ) ;
#2696 = FACE_OUTER_BOUND ( 'NONE', #2048, .T. ) ;
#2697 = VECTOR ( 'NONE', #4456, 1000.000000000000000 ) ;
#2698 = FILL_AREA_STYLE ('',( #3061 ) ) ;
#2699 = EDGE_LOOP ( 'NONE', ( #3475, #1378, #3072, #3387 ) ) ;
#2700 = EDGE_CURVE ( 'NONE', #4922, #1936, #3957, .T. ) ;
#2701 = CARTESIAN_POINT ( 'NONE',  ( 7.799999999999992717, 4.000000000000000888, 9.950000000000002842 ) ) ;
#2702 = SURFACE_SIDE_STYLE ('',( #716 ) ) ;
#2703 = FACE_OUTER_BOUND ( 'NONE', #1980, .T. ) ;
#2704 = AXIS2_PLACEMENT_3D ( 'NONE', #1071, #181, #2994 ) ;
#2705 =( LENGTH_UNIT ( ) NAMED_UNIT ( * ) SI_UNIT ( .MILLI., .METRE. ) );
#2706 = COLOUR_RGB ( '',0.7529411764705882248, 0.7529411764705882248, 1.000000000000000000 ) ;
#2707 = ORIENTED_EDGE ( 'NONE', *, *, #1764, .F. ) ;
#2708 = UNCERTAINTY_MEASURE_WITH_UNIT (LENGTH_MEASURE( 1.000000000000000082E-05 ), #3555, 'distance_accuracy_value', 'NONE');
#2709 = PLANE ( 'NONE',  #4302 ) ;
#2710 = AXIS2_PLACEMENT_3D ( 'NONE', #2540, #4135, #3365 ) ;
#2711 = DIRECTION ( 'NONE',  ( 0.0000000000000000000, 0.0000000000000000000, 1.000000000000000000 ) ) ;
#2712 = EDGE_LOOP ( 'NONE', ( #4673, #1492, #3114, #1368 ) ) ;
#2713 = STYLED_ITEM ( 'NONE', ( #3359 ), #1192 ) ;
#2714 = DIRECTION ( 'NONE',  ( 0.0000000000000000000, -1.000000000000000000, 0.0000000000000000000 ) ) ;
#2715 = VERTEX_POINT ( 'NONE', #1582 ) ;
#2716 = VECTOR ( 'NONE', #5014, 1000.000000000000000 ) ;
#2717 = CARTESIAN_POINT ( 'NONE',  ( 2.399999999999995026, 0.3999999999999977462, 10.15000000000000391 ) ) ;
#2718 = CARTESIAN_POINT ( 'NONE',  ( 15.00000000000000000, 4.200000000000001066, 13.19999999999999929 ) ) ;
#2719 = EDGE_LOOP ( 'NONE', ( #957, #3439, #5031, #1584, #956, #4590, #2168, #1717 ) ) ;
#2720 = FILL_AREA_STYLE ('',( #665 ) ) ;
#2721 = VECTOR ( 'NONE', #3599, 1000.000000000000000 ) ;
#2722 = FILL_AREA_STYLE ('',( #3537 ) ) ;
#2723 =( NAMED_UNIT ( * ) SI_UNIT ( $, .STERADIAN. ) SOLID_ANGLE_UNIT ( ) );
#2724 =( GEOMETRIC_REPRESENTATION_CONTEXT ( 3 ) GLOBAL_UNCERTAINTY_ASSIGNED_CONTEXT ( ( #512 ) ) GLOBAL_UNIT_ASSIGNED_CONTEXT ( ( #3233, #376, #4013 ) ) REPRESENTATION_CONTEXT ( 'NONE', 'WORKASPACE' ) );
#2725 = CIRCLE ( 'NONE', #2487, 1.600000000000001643 ) ;
#2726 = CARTESIAN_POINT ( 'NONE',  ( 2.199999999999992628, 0.1999999999999987899, 9.950000000000002842 ) ) ;
#2727 = VERTEX_POINT ( 'NONE', #4353 ) ;
#2728 = EDGE_CURVE ( 'NONE', #1847, #1834, #1630, .T. ) ;
#2729 = STYLED_ITEM ( 'NONE', ( #3404 ), #3663 ) ;
#2730 = PRESENTATION_LAYER_ASSIGNMENT (  '', '', ( #2410 ) ) ;
#2731 = EDGE_CURVE ( 'NONE', #4168, #1843, #2038, .T. ) ;
#2732 = CARTESIAN_POINT ( 'NONE',  ( 0.0000000000000000000, 0.0000000000000000000, 0.0000000000000000000 ) ) ;
#2733 = LINE ( 'NONE', #1235, #3190 ) ;
#2734 = FACE_OUTER_BOUND ( 'NONE', #565, .T. ) ;
#2735 = DIRECTION ( 'NONE',  ( -0.5773502691896290617, -0.5773502691896190697, 0.5773502691896290617 ) ) ;
#2736 = PRESENTATION_LAYER_ASSIGNMENT (  '', '', ( #1256 ) ) ;
#2737 = VECTOR ( 'NONE', #1204, 1000.000000000000000 ) ;
#2738 = EDGE_LOOP ( 'NONE', ( #2259, #4798, #2057, #5002 ) ) ;
#2739 = VERTEX_POINT ( 'NONE', #346 ) ;
#2740 = STYLED_ITEM ( 'NONE', ( #600 ), #4223 ) ;
#2741 = LINE ( 'NONE', #2358, #1226 ) ;
#2742 = CARTESIAN_POINT ( 'NONE',  ( 12.79999999999999183, 0.1999999999999999278, 3.250000000000002220 ) ) ;
#2743 = PRESENTATION_LAYER_ASSIGNMENT (  '', '', ( #1846 ) ) ;
#2744 = ORIENTED_EDGE ( 'NONE', *, *, #4509, .T. ) ;
#2745 = AXIS2_PLACEMENT_3D ( 'NONE', #678, #1107, #2277 ) ;
#2746 = PLANE ( 'NONE',  #995 ) ;
#2747 = CARTESIAN_POINT ( 'NONE',  ( 11.99999999999998934, 1.137523590804463723E-15, 13.19999999999999929 ) ) ;
#2748 = COLOUR_RGB ( '',0.7529411764705882248, 0.7529411764705882248, 0.7529411764705882248 ) ;
#2749 = SURFACE_SIDE_STYLE ('',( #5171 ) ) ;
#2750 = CARTESIAN_POINT ( 'NONE',  ( 29.50000000000000000, 0.0000000000000000000, 1.000000000000000888 ) ) ;
#2751 = VERTEX_POINT ( 'NONE', #755 ) ;
#2752 = DIRECTION ( 'NONE',  ( -0.0000000000000000000, -0.0000000000000000000, -1.000000000000000000 ) ) ;
#2753 = ORIENTED_EDGE ( 'NONE', *, *, #193, .T. ) ;
#2754 = SURFACE_STYLE_FILL_AREA ( #1184 ) ;
#2755 = CARTESIAN_POINT ( 'NONE',  ( 7.799999999999991829, 4.000000000000000888, 2.450000000000005063 ) ) ;
#2756 = DIRECTION ( 'NONE',  ( 0.0000000000000000000, -0.0000000000000000000, -1.000000000000000000 ) ) ;
#2757 = ADVANCED_FACE ( 'NONE', ( #1552 ), #2777, .F. ) ;
#2758 = ORIENTED_EDGE ( 'NONE', *, *, #1419, .T. ) ;
#2759 = EDGE_CURVE ( 'NONE', #4887, #3774, #4369, .T. ) ;
#2760 = ORIENTED_EDGE ( 'NONE', *, *, #4748, .F. ) ;
#2761 = UNCERTAINTY_MEASURE_WITH_UNIT (LENGTH_MEASURE( 1.000000000000000082E-05 ), #1433, 'distance_accuracy_value', 'NONE');
#2762 = PLANE ( 'NONE',  #783 ) ;
#2763 = ADVANCED_FACE ( 'NONE', ( #2434 ), #3985, .F. ) ;
#2764 = ORIENTED_EDGE ( 'NONE', *, *, #3734, .T. ) ;
#2765 = CARTESIAN_POINT ( 'NONE',  ( 26.99999999999999289, 13.20000000000000284, 3.100000000000003197 ) ) ;
#2766 = EDGE_LOOP ( 'NONE', ( #2245, #308, #2772, #1515 ) ) ;
#2767 = CARTESIAN_POINT ( 'NONE',  ( 7.999999999999992895, 9.199999999999999289, 10.09999999999999964 ) ) ;
#2768 = CARTESIAN_POINT ( 'NONE',  ( 27.19999999999999574, 4.000000000000002665, 3.250000000000002220 ) ) ;
#2769 = FACE_OUTER_BOUND ( 'NONE', #2619, .T. ) ;
#2770 =( NAMED_UNIT ( * ) PLANE_ANGLE_UNIT ( ) SI_UNIT ( $, .RADIAN. ) );
#2771 = SURFACE_SIDE_STYLE ('',( #1264 ) ) ;
#2772 = ORIENTED_EDGE ( 'NONE', *, *, #3732, .F. ) ;
#2773 = DIRECTION ( 'NONE',  ( -0.0000000000000000000, -1.000000000000000000, -0.0000000000000000000 ) ) ;
#2774 = VECTOR ( 'NONE', #557, 1000.000000000000000 ) ;
#2775 = CARTESIAN_POINT ( 'NONE',  ( 1.999999999999992228, 9.199999999999999289, 10.59999999999999964 ) ) ;
#2776 = ORIENTED_EDGE ( 'NONE', *, *, #2134, .F. ) ;
#2777 = PLANE ( 'NONE',  #4424 ) ;
#2778 = FACE_OUTER_BOUND ( 'NONE', #885, .T. ) ;
#2779 = CARTESIAN_POINT ( 'NONE',  ( 10.00000000000000000, 1.137523590804463723E-15, 9.750000000000000000 ) ) ;
#2780 = ORIENTED_EDGE ( 'NONE', *, *, #722, .T. ) ;
#2781 = CARTESIAN_POINT ( 'NONE',  ( 2.799999999999993161, 4.000000000000000000, 10.74999999999999822 ) ) ;
#2782 = CIRCLE ( 'NONE', #2704, 0.2500000000000002220 ) ;
#2783 = DIRECTION ( 'NONE',  ( 0.0000000000000000000, 0.0000000000000000000, 1.000000000000000000 ) ) ;
#2784 = ADVANCED_FACE ( 'NONE', ( #25 ), #2377, .F. ) ;
#2785 =( GEOMETRIC_REPRESENTATION_CONTEXT ( 3 ) GLOBAL_UNCERTAINTY_ASSIGNED_CONTEXT ( ( #2873 ) ) GLOBAL_UNIT_ASSIGNED_CONTEXT ( ( #4593, #172, #1774 ) ) REPRESENTATION_CONTEXT ( 'NONE', 'WORKASPACE' ) );
#2786 = ORIENTED_EDGE ( 'NONE', *, *, #453, .T. ) ;
#2787 = ADVANCED_FACE ( 'NONE', ( #372 ), #324, .F. ) ;
#2788 = DIRECTION ( 'NONE',  ( 0.0000000000000000000, 0.0000000000000000000, 1.000000000000000000 ) ) ;
#2789 = VECTOR ( 'NONE', #3261, 1000.000000000000000 ) ;
#2790 = EDGE_LOOP ( 'NONE', ( #4073, #2073, #2707, #5029 ) ) ;
#2791 = ADVANCED_FACE ( 'NONE', ( #4553 ), #2892, .F. ) ;
#2792 = LINE ( 'NONE', #4411, #1490 ) ;
#2793 = LINE ( 'NONE', #335, #3593 ) ;
#2794 = DIRECTION ( 'NONE',  ( -0.7071067811865536790, -0.7071067811865414665, 0.0000000000000000000 ) ) ;
#2795 = VECTOR ( 'NONE', #209, 1000.000000000000000 ) ;
#2796 = DIRECTION ( 'NONE',  ( -1.000000000000000000, 0.0000000000000000000, 0.0000000000000000000 ) ) ;
#2797 = SURFACE_SIDE_STYLE ('',( #315 ) ) ;
#2798 = CARTESIAN_POINT ( 'NONE',  ( 11.99999999999999289, 9.200000000000001066, 10.09999999999999964 ) ) ;
#2799 = LINE ( 'NONE', #5098, #294 ) ;
#2800 = MECHANICAL_DESIGN_GEOMETRIC_PRESENTATION_REPRESENTATION (  '', ( #1656 ), #1151 ) ;
#2801 = VERTEX_POINT ( 'NONE', #2066 ) ;
#2802 = DIRECTION ( 'NONE',  ( 0.0000000000000000000, 0.0000000000000000000, -1.000000000000000000 ) ) ;
#2803 = DIRECTION ( 'NONE',  ( 1.000000000000000000, -0.0000000000000000000, -0.0000000000000000000 ) ) ;
#2804 =( GEOMETRIC_REPRESENTATION_CONTEXT ( 3 ) GLOBAL_UNCERTAINTY_ASSIGNED_CONTEXT ( ( #3986 ) ) GLOBAL_UNIT_ASSIGNED_CONTEXT ( ( #2144, #4907, #3790 ) ) REPRESENTATION_CONTEXT ( 'NONE', 'WORKASPACE' ) );
#2805 = AXIS2_PLACEMENT_3D ( 'NONE', #1254, #2823, #4439 ) ;
#2806 =( NAMED_UNIT ( * ) SI_UNIT ( $, .STERADIAN. ) SOLID_ANGLE_UNIT ( ) );
#2807 = ORIENTED_EDGE ( 'NONE', *, *, #4479, .F. ) ;
#2808 = SURFACE_SIDE_STYLE ('',( #2020 ) ) ;
#2809 = CARTESIAN_POINT ( 'NONE',  ( 27.99999999999999645, 2.843808977011159604E-15, 10.94999999999999929 ) ) ;
#2810 = DIRECTION ( 'NONE',  ( 1.000000000000000000, 0.0000000000000000000, -0.0000000000000000000 ) ) ;
#2811 = LINE ( 'NONE', #511, #3754 ) ;
#2812 = UNCERTAINTY_MEASURE_WITH_UNIT (LENGTH_MEASURE( 1.000000000000000082E-05 ), #674, 'distance_accuracy_value', 'NONE');
#2813 = DIRECTION ( 'NONE',  ( 0.0000000000000000000, 0.0000000000000000000, 1.000000000000000000 ) ) ;
#2814 =( LENGTH_UNIT ( ) NAMED_UNIT ( * ) SI_UNIT ( .MILLI., .METRE. ) );
#2815 = AXIS2_PLACEMENT_3D ( 'NONE', #4779, #862, #5175 ) ;
#2816 = AXIS2_PLACEMENT_3D ( 'NONE', #971, #3272, #1338 ) ;
#2817 = ORIENTED_EDGE ( 'NONE', *, *, #1925, .F. ) ;
#2818 = CARTESIAN_POINT ( 'NONE',  ( 30.50000000000000000, 4.400000000000003908, 5.350000000000000533 ) ) ;
#2819 = AXIS2_PLACEMENT_3D ( 'NONE', #4838, #1273, #103 ) ;
#2820 = STYLED_ITEM ( 'NONE', ( #4445 ), #3084 ) ;
#2821 = ORIENTED_EDGE ( 'NONE', *, *, #453, .F. ) ;
#2822 = SURFACE_STYLE_USAGE ( .BOTH. , #4339 ) ;
#2823 = DIRECTION ( 'NONE',  ( 0.0000000000000000000, 1.000000000000000000, 0.0000000000000000000 ) ) ;
#2824 = EDGE_CURVE ( 'NONE', #4887, #91, #4477, .T. ) ;
#2825 = ADVANCED_FACE ( 'NONE', ( #3656 ), #1297, .F. ) ;
#2826 = CYLINDRICAL_SURFACE ( 'NONE', #3075, 0.2500000000000002220 ) ;
#2827 = VECTOR ( 'NONE', #3642, 1000.000000000000000 ) ;
#2828 = PLANE ( 'NONE',  #2392 ) ;
#2829 =( LENGTH_UNIT ( ) NAMED_UNIT ( * ) SI_UNIT ( .MILLI., .METRE. ) );
#2830 = VERTEX_POINT ( 'NONE', #3337 ) ;
#2832 = VECTOR ( 'NONE', #5129, 1000.000000000000000 ) ;
#2831 =( NAMED_UNIT ( * ) PLANE_ANGLE_UNIT ( ) SI_UNIT ( $, .RADIAN. ) );
#2833 = LINE ( 'NONE', #1938, #999 ) ;
#2834 = EDGE_CURVE ( 'NONE', #1187, #4526, #984, .T. ) ;
#2835 = ORIENTED_EDGE ( 'NONE', *, *, #2039, .F. ) ;
#2836 = FACE_OUTER_BOUND ( 'NONE', #1076, .T. ) ;
#2837 = VECTOR ( 'NONE', #394, 1000.000000000000000 ) ;
#2838 = SURFACE_SIDE_STYLE ('',( #5156 ) ) ;
#2839 = VERTEX_POINT ( 'NONE', #2480 ) ;
#2840 = DIRECTION ( 'NONE',  ( 0.0000000000000000000, 0.7071067811865414665, 0.7071067811865536790 ) ) ;
#2841 = PLANE ( 'NONE',  #1252 ) ;
#2842 = CARTESIAN_POINT ( 'NONE',  ( 25.00000000000000000, 4.200000000000002842, 13.19999999999999929 ) ) ;
#2843 = LINE ( 'NONE', #870, #899 ) ;
#2844 = ORIENTED_EDGE ( 'NONE', *, *, #3437, .F. ) ;
#2845 = CARTESIAN_POINT ( 'NONE',  ( 11.99999999999998934, 1.137523590804463723E-15, 10.94999999999999929 ) ) ;
#2846 = LINE ( 'NONE', #1716, #3062 ) ;
#2847 = VERTEX_POINT ( 'NONE', #4079 ) ;
#2848 = DIRECTION ( 'NONE',  ( 0.0000000000000000000, -0.0000000000000000000, 1.000000000000000000 ) ) ;
#2849 = DIRECTION ( 'NONE',  ( 0.0000000000000000000, -1.000000000000000000, 0.0000000000000000000 ) ) ;
#2850 =( LENGTH_UNIT ( ) NAMED_UNIT ( * ) SI_UNIT ( .MILLI., .METRE. ) );
#2851 = EDGE_CURVE ( 'NONE', #1708, #339, #4527, .T. ) ;
#2852 = ADVANCED_FACE ( 'NONE', ( #480 ), #1709, .F. ) ;
#2853 = LINE ( 'NONE', #548, #2976 ) ;
#2854 = PLANE ( 'NONE',  #572 ) ;
#2855 = EDGE_LOOP ( 'NONE', ( #931, #3518, #4898, #1990 ) ) ;
#2856 = DIRECTION ( 'NONE',  ( 0.0000000000000000000, -1.000000000000000000, 0.0000000000000000000 ) ) ;
#2857 = LINE ( 'NONE', #2531, #3565 ) ;
#2858 = ORIENTED_EDGE ( 'NONE', *, *, #1965, .F. ) ;
#2859 = DIRECTION ( 'NONE',  ( 0.0000000000000000000, -1.000000000000000000, 0.0000000000000000000 ) ) ;
#2860 =( NAMED_UNIT ( * ) PLANE_ANGLE_UNIT ( ) SI_UNIT ( $, .RADIAN. ) );
#2861 = ADVANCED_FACE ( 'NONE', ( #77 ), #4879, .F. ) ;
#2862 = FILL_AREA_STYLE_COLOUR ( '', #3044 ) ;
#2863 = ORIENTED_EDGE ( 'NONE', *, *, #4753, .T. ) ;
#2864 = CLOSED_SHELL ( 'NONE', ( #4355, #2893, #937, #1221, #762, #2227, #1318, #1053, #1084, #3015 ) ) ;
#2865 =( LENGTH_UNIT ( ) NAMED_UNIT ( * ) SI_UNIT ( .MILLI., .METRE. ) );
#2866 = FACE_OUTER_BOUND ( 'NONE', #825, .T. ) ;
#2867 = UNCERTAINTY_MEASURE_WITH_UNIT (LENGTH_MEASURE( 1.000000000000000082E-05 ), #1831, 'distance_accuracy_value', 'NONE');
#2868 = VECTOR ( 'NONE', #569, 1000.000000000000000 ) ;
#2869 = DIRECTION ( 'NONE',  ( 0.0000000000000000000, 0.0000000000000000000, 1.000000000000000000 ) ) ;
#2870 = FILL_AREA_STYLE ('',( #488 ) ) ;
#2871 = LINE ( 'NONE', #2461, #4916 ) ;
#2872 = PLANE ( 'NONE',  #5061 ) ;
#2873 = UNCERTAINTY_MEASURE_WITH_UNIT (LENGTH_MEASURE( 1.000000000000000082E-05 ), #4593, 'distance_accuracy_value', 'NONE');
#2874 = ORIENTED_EDGE ( 'NONE', *, *, #1055, .F. ) ;
#2875 = STYLED_ITEM ( 'NONE', ( #2100 ), #653 ) ;
#2876 = DIRECTION ( 'NONE',  ( -1.000000000000000000, 0.0000000000000000000, -0.0000000000000000000 ) ) ;
#2877 = CARTESIAN_POINT ( 'NONE',  ( 7.999999999999991118, 13.19999999999999929, 2.600000000000003197 ) ) ;
#2878 = CARTESIAN_POINT ( 'NONE',  ( 2.999999999999991118, 12.69999999999999929, 3.100000000000003197 ) ) ;
#2879 = CARTESIAN_POINT ( 'NONE',  ( 12.99999999999999467, 1.137523590804463723E-15, 3.450000000000005063 ) ) ;
#2880 = VECTOR ( 'NONE', #3342, 999.9999999999998863 ) ;
#2881 = DIRECTION ( 'NONE',  ( -1.156482317317871725E-16, 1.000000000000000000, 0.0000000000000000000 ) ) ;
#2882 = CARTESIAN_POINT ( 'NONE',  ( 27.99999999999999289, 13.20000000000000284, 10.59999999999999964 ) ) ;
#2883 = VERTEX_POINT ( 'NONE', #185 ) ;
#2884 = FILL_AREA_STYLE ('',( #1313 ) ) ;
#2885 = ORIENTED_EDGE ( 'NONE', *, *, #4472, .F. ) ;
#2886 = MECHANICAL_DESIGN_GEOMETRIC_PRESENTATION_REPRESENTATION (  '', ( #2713 ), #4156 ) ;
#2887 = ADVANCED_FACE ( 'NONE', ( #3090 ), #4272, .F. ) ;
#2888 = CARTESIAN_POINT ( 'NONE',  ( 19.99999999999999645, 3.000000000000000000, 6.599999999999999645 ) ) ;
#2889 = DIRECTION ( 'NONE',  ( -1.000000000000000000, 0.0000000000000000000, 0.0000000000000000000 ) ) ;
#2890 = ORIENTED_EDGE ( 'NONE', *, *, #3459, .F. ) ;
#2891 = VECTOR ( 'NONE', #3596, 1000.000000000000000 ) ;
#2892 = PLANE ( 'NONE',  #4005 ) ;
#2893 = ADVANCED_FACE ( 'NONE', ( #3020 ), #2592, .F. ) ;
#2894 = PLANE ( 'NONE',  #3481 ) ;
#2895 = VERTEX_POINT ( 'NONE', #1425 ) ;
#2896 = EDGE_CURVE ( 'NONE', #1865, #380, #2997, .T. ) ;
#2897 = CARTESIAN_POINT ( 'NONE',  ( 7.999999999999991118, 13.19999999999999929, 10.09999999999999964 ) ) ;
#2898 = STYLED_ITEM ( 'NONE', ( #3371 ), #2042 ) ;
#2899 = CARTESIAN_POINT ( 'NONE',  ( 7.999999999999991118, 13.19999999999999929, 10.09999999999999964 ) ) ;
#2900 = CARTESIAN_POINT ( 'NONE',  ( 27.39999999999999503, 0.3999999999999998002, 2.650000000000007905 ) ) ;
#2901 = AXIS2_PLACEMENT_3D ( 'NONE', #3201, #3989, #1996 ) ;
#2902 = MECHANICAL_DESIGN_GEOMETRIC_PRESENTATION_REPRESENTATION (  '', ( #1163 ), #5141 ) ;
#2903 = VERTEX_POINT ( 'NONE', #4235 ) ;
#2904 = LINE ( 'NONE', #2542, #929 ) ;
#2905 = CARTESIAN_POINT ( 'NONE',  ( 12.99999999999999467, 1.137523590804463723E-15, 2.250000000000001776 ) ) ;
#2906 = ORIENTED_EDGE ( 'NONE', *, *, #1798, .F. ) ;
#2907 = MECHANICAL_DESIGN_GEOMETRIC_PRESENTATION_REPRESENTATION (  '', ( #4746 ), #1667 ) ;
#2908 = VECTOR ( 'NONE', #2931, 1000.000000000000000 ) ;
#2909 = CARTESIAN_POINT ( 'NONE',  ( 12.99999999999999112, 9.200000000000001066, 2.600000000000003197 ) ) ;
#2910 = COLOUR_RGB ( '',0.7529411764705882248, 0.7529411764705882248, 0.7529411764705882248 ) ;
#2911 = AXIS2_PLACEMENT_3D ( 'NONE', #1470, #2194, #4975 ) ;
#2912 = SURFACE_STYLE_USAGE ( .BOTH. , #946 ) ;
#2913 = DIRECTION ( 'NONE',  ( -1.000000000000000000, 0.0000000000000000000, -0.0000000000000000000 ) ) ;
#2914 = ORIENTED_EDGE ( 'NONE', *, *, #5017, .T. ) ;
#2915 = VECTOR ( 'NONE', #2117, 1000.000000000000000 ) ;
#2916 = SURFACE_SIDE_STYLE ('',( #4924 ) ) ;
#2917 = CARTESIAN_POINT ( 'NONE',  ( 6.999999999999990230, 13.19999999999999929, 2.600000000000003197 ) ) ;
#2918 = PLANE ( 'NONE',  #3768 ) ;
#2919 = CARTESIAN_POINT ( 'NONE',  ( 15.00000000000000000, 9.200000000000001066, 13.19999999999999929 ) ) ;
#2920 = CARTESIAN_POINT ( 'NONE',  ( 7.999999999999991118, 9.199999999999999289, 2.600000000000003197 ) ) ;
#2921 = FACE_OUTER_BOUND ( 'NONE', #5013, .T. ) ;
#2922 =( GEOMETRIC_REPRESENTATION_CONTEXT ( 3 ) GLOBAL_UNCERTAINTY_ASSIGNED_CONTEXT ( ( #2454 ) ) GLOBAL_UNIT_ASSIGNED_CONTEXT ( ( #1885, #4703, #1034 ) ) REPRESENTATION_CONTEXT ( 'NONE', 'WORKASPACE' ) );
#2923 = ORIENTED_EDGE ( 'NONE', *, *, #4024, .F. ) ;
#2924 = LINE ( 'NONE', #4862, #1601 ) ;
#2925 = VERTEX_POINT ( 'NONE', #1451 ) ;
#2926 = LINE ( 'NONE', #4977, #3490 ) ;
#2927 = SURFACE_STYLE_FILL_AREA ( #1634 ) ;
#2928 = FACE_OUTER_BOUND ( 'NONE', #3648, .T. ) ;
#2929 = EDGE_CURVE ( 'NONE', #2064, #2847, #4611, .T. ) ;
#2930 =( GEOMETRIC_REPRESENTATION_CONTEXT ( 3 ) GLOBAL_UNCERTAINTY_ASSIGNED_CONTEXT ( ( #4806 ) ) GLOBAL_UNIT_ASSIGNED_CONTEXT ( ( #4043, #2547, #4848 ) ) REPRESENTATION_CONTEXT ( 'NONE', 'WORKASPACE' ) );
#2931 = DIRECTION ( 'NONE',  ( 0.0000000000000000000, 1.000000000000000000, 0.0000000000000000000 ) ) ;
#2932 = EDGE_CURVE ( 'NONE', #5096, #4281, #1864, .T. ) ;
#2933 = VERTEX_POINT ( 'NONE', #3847 ) ;
#2934 = CARTESIAN_POINT ( 'NONE',  ( 25.00000000000000000, 9.200000000000004619, 0.0000000000000000000 ) ) ;
#2935 = EDGE_CURVE ( 'NONE', #1881, #4451, #2215, .T. ) ;
#2936 = LINE ( 'NONE', #4485, #299 ) ;
#2937 = DIRECTION ( 'NONE',  ( 0.0000000000000000000, 0.0000000000000000000, -1.000000000000000000 ) ) ;
#2938 = CARTESIAN_POINT ( 'NONE',  ( 29.49999999999999289, 0.0000000000000000000, 0.0000000000000000000 ) ) ;
#2939 = ORIENTED_EDGE ( 'NONE', *, *, #3146, .F. ) ;
#2940 = FACE_OUTER_BOUND ( 'NONE', #3991, .T. ) ;
#2941 = SURFACE_SIDE_STYLE ('',( #975 ) ) ;
#2942 = ORIENTED_EDGE ( 'NONE', *, *, #169, .T. ) ;
#2943 = SURFACE_SIDE_STYLE ('',( #120 ) ) ;
#2944 = DIRECTION ( 'NONE',  ( 1.156482317317871725E-16, -1.000000000000000000, 0.0000000000000000000 ) ) ;
#2945 = DIRECTION ( 'NONE',  ( -0.5773502691896290617, -0.5773502691896190697, -0.5773502691896290617 ) ) ;
#2946 = FACE_OUTER_BOUND ( 'NONE', #2425, .T. ) ;
#2947 = ORIENTED_EDGE ( 'NONE', *, *, #3797, .T. ) ;
#2948 = FILL_AREA_STYLE_COLOUR ( '', #4983 ) ;
#2949 = DIRECTION ( 'NONE',  ( 0.0000000000000000000, 0.0000000000000000000, 1.000000000000000000 ) ) ;
#2950 = EDGE_LOOP ( 'NONE', ( #1108, #3180, #4007, #305, #1199, #2059, #3445, #2334 ) ) ;
#2951 =( LENGTH_UNIT ( ) NAMED_UNIT ( * ) SI_UNIT ( .MILLI., .METRE. ) );
#2952 = EDGE_CURVE ( 'NONE', #4598, #2026, #5068, .T. ) ;
#2953 = ORIENTED_EDGE ( 'NONE', *, *, #710, .F. ) ;
#2954 = CARTESIAN_POINT ( 'NONE',  ( 12.99999999999999289, 9.200000000000001066, 10.59999999999999964 ) ) ;
#2955 = VECTOR ( 'NONE', #2971, 1000.000000000000000 ) ;
#2956 = DIRECTION ( 'NONE',  ( -0.0000000000000000000, -1.000000000000000000, -0.0000000000000000000 ) ) ;
#2957 = ADVANCED_FACE ( 'NONE', ( #2294 ), #3897, .F. ) ;
#2958 = CARTESIAN_POINT ( 'NONE',  ( 7.799999999999992717, 0.1999999999999993727, 9.950000000000002842 ) ) ;
#2959 = SURFACE_STYLE_USAGE ( .BOTH. , #2105 ) ;
#2960 = DIRECTION ( 'NONE',  ( 1.156482317317871725E-16, -1.000000000000000000, -0.0000000000000000000 ) ) ;
#2961 = COLOUR_RGB ( '',0.7529411764705882248, 0.7529411764705882248, 0.7529411764705882248 ) ;
#2962 = EDGE_CURVE ( 'NONE', #160, #5085, #4629, .T. ) ;
#2963 = VERTEX_POINT ( 'NONE', #2270 ) ;
#2964 = FILL_AREA_STYLE ('',( #4519 ) ) ;
#2965 = VECTOR ( 'NONE', #4171, 999.9999999999998863 ) ;
#2966 = FACE_BOUND ( 'NONE', #3923, .T. ) ;
#2967 = ORIENTED_EDGE ( 'NONE', *, *, #1471, .F. ) ;
#2968 = PLANE ( 'NONE',  #2577 ) ;
#2969 = EDGE_LOOP ( 'NONE', ( #1818, #1539, #4174, #4389 ) ) ;
#2970 = COLOUR_RGB ( '',0.7529411764705882248, 0.7529411764705882248, 1.000000000000000000 ) ;
#2971 = DIRECTION ( 'NONE',  ( -0.0000000000000000000, -0.0000000000000000000, 1.000000000000000000 ) ) ;
#2972 = SURFACE_STYLE_USAGE ( .BOTH. , #159 ) ;
#2973 = EDGE_LOOP ( 'NONE', ( #1783, #1616, #5016, #2371 ) ) ;
#2974 = PRESENTATION_STYLE_ASSIGNMENT (( #3789 ) ) ;
#2975 = ORIENTED_EDGE ( 'NONE', *, *, #900, .T. ) ;
#2976 = VECTOR ( 'NONE', #1700, 1000.000000000000000 ) ;
#2977 = CARTESIAN_POINT ( 'NONE',  ( 26.99999999999999289, 13.20000000000000284, 2.600000000000003197 ) ) ;
#2978 = MECHANICAL_DESIGN_GEOMETRIC_PRESENTATION_REPRESENTATION (  '', ( #2898 ), #5054 ) ;
#2979 = UNCERTAINTY_MEASURE_WITH_UNIT (LENGTH_MEASURE( 1.000000000000000082E-05 ), #1608, 'distance_accuracy_value', 'NONE');
#2980 = EDGE_LOOP ( 'NONE', ( #2612, #1796, #2776, #3446 ) ) ;
#2981 = SURFACE_STYLE_FILL_AREA ( #2571 ) ;
#2982 = MECHANICAL_DESIGN_GEOMETRIC_PRESENTATION_REPRESENTATION (  '', ( #3915 ), #1345 ) ;
#2983 = DIRECTION ( 'NONE',  ( 1.000000000000000000, 1.156482317317871725E-16, 0.0000000000000000000 ) ) ;
#2984 = FACE_OUTER_BOUND ( 'NONE', #1400, .T. ) ;
#2985 = DIRECTION ( 'NONE',  ( -0.0000000000000000000, 1.000000000000000000, -0.0000000000000000000 ) ) ;
#2986 = AXIS2_PLACEMENT_3D ( 'NONE', #2247, #3850, #3461 ) ;
#2987 = ORIENTED_EDGE ( 'NONE', *, *, #857, .F. ) ;
#2988 = EDGE_CURVE ( 'NONE', #4279, #2801, #1913, .T. ) ;
#2989 = PLANE ( 'NONE',  #1982 ) ;
#2990 = ADVANCED_FACE ( 'NONE', ( #1648 ), #4362, .F. ) ;
#2991 =( NAMED_UNIT ( * ) PLANE_ANGLE_UNIT ( ) SI_UNIT ( $, .RADIAN. ) );
#2992 = VECTOR ( 'NONE', #378, 1000.000000000000000 ) ;
#2993 = AXIS2_PLACEMENT_3D ( 'NONE', #2917, #1677, #4853 ) ;
#2994 = DIRECTION ( 'NONE',  ( 0.0000000000000000000, 0.0000000000000000000, 1.000000000000000000 ) ) ;
#2995 = ORIENTED_EDGE ( 'NONE', *, *, #29, .F. ) ;
#2996 = ADVANCED_FACE ( 'NONE', ( #713 ), #4702, .F. ) ;
#2997 = LINE ( 'NONE', #4208, #2496 ) ;
#2998 =( NAMED_UNIT ( * ) PLANE_ANGLE_UNIT ( ) SI_UNIT ( $, .RADIAN. ) );
#2999 = ORIENTED_EDGE ( 'NONE', *, *, #256, .F. ) ;
#3000 = DIRECTION ( 'NONE',  ( -0.0000000000000000000, -1.000000000000000000, -0.0000000000000000000 ) ) ;
#3001 = PRESENTATION_STYLE_ASSIGNMENT (( #4635 ) ) ;
#3002 = MECHANICAL_DESIGN_GEOMETRIC_PRESENTATION_REPRESENTATION (  '', ( #4518 ), #3160 ) ;
#3003 = SURFACE_SIDE_STYLE ('',( #2615 ) ) ;
#3004 = ORIENTED_EDGE ( 'NONE', *, *, #857, .T. ) ;
#3005 = STYLED_ITEM ( 'NONE', ( #1464 ), #5025 ) ;
#3006 = ORIENTED_EDGE ( 'NONE', *, *, #3238, .F. ) ;
#3007 = LINE ( 'NONE', #3349, #1561 ) ;
#3008 = CARTESIAN_POINT ( 'NONE',  ( 2.799999999999991829, 4.000000000000000000, 2.450000000000005063 ) ) ;
#3009 = CARTESIAN_POINT ( 'NONE',  ( 27.19999999999999574, 4.000000000000002665, 2.450000000000005063 ) ) ;
#3010 = LINE ( 'NONE', #1092, #5153 ) ;
#3011 = ORIENTED_EDGE ( 'NONE', *, *, #3536, .F. ) ;
#3012 = DIRECTION ( 'NONE',  ( 1.156482317317871725E-16, -1.000000000000000000, -0.0000000000000000000 ) ) ;
#3013 = DIRECTION ( 'NONE',  ( 0.0000000000000000000, -1.000000000000000000, 0.0000000000000000000 ) ) ;
#3014 = FACE_OUTER_BOUND ( 'NONE', #328, .T. ) ;
#3015 = ADVANCED_FACE ( 'NONE', ( #3948 ), #4776, .T. ) ;
#3016 = DIRECTION ( 'NONE',  ( -0.5773502691896290617, 0.5773502691896190697, 0.5773502691896290617 ) ) ;
#3017 = EDGE_CURVE ( 'NONE', #3187, #2883, #1955, .T. ) ;
#3018 = DIRECTION ( 'NONE',  ( 0.0000000000000000000, 1.000000000000000000, 0.0000000000000000000 ) ) ;
#3019 = VERTEX_POINT ( 'NONE', #836 ) ;
#3020 = FACE_OUTER_BOUND ( 'NONE', #1049, .T. ) ;
#3021 = SURFACE_STYLE_FILL_AREA ( #2633 ) ;
#3022 = EDGE_CURVE ( 'NONE', #4937, #2037, #3597, .T. ) ;
#3023 = EDGE_CURVE ( 'NONE', #2473, #2328, #3136, .T. ) ;
#3024 = FILL_AREA_STYLE_COLOUR ( '', #2211 ) ;
#3025 = FILL_AREA_STYLE ('',( #3498 ) ) ;
#3026 = UNCERTAINTY_MEASURE_WITH_UNIT (LENGTH_MEASURE( 1.000000000000000082E-05 ), #290, 'distance_accuracy_value', 'NONE');
#3027 = FILL_AREA_STYLE ('',( #5010 ) ) ;
#3028 = SURFACE_STYLE_FILL_AREA ( #1534 ) ;
#3029 = EDGE_LOOP ( 'NONE', ( #5009, #3192, #4663, #171 ) ) ;
#3030 = AXIS2_PLACEMENT_3D ( 'NONE', #2899, #2949, #934 ) ;
#3031 = DIRECTION ( 'NONE',  ( 0.0000000000000000000, 0.0000000000000000000, 1.000000000000000000 ) ) ;
#3032 = CARTESIAN_POINT ( 'NONE',  ( 26.99999999999999289, 9.200000000000002842, 10.09999999999999964 ) ) ;
#3033 = SURFACE_STYLE_FILL_AREA ( #3864 ) ;
#3034 = CIRCLE ( 'NONE', #2625, 1.600000000000000755 ) ;
#3035 = PRESENTATION_STYLE_ASSIGNMENT (( #5020 ) ) ;
#3036 = AXIS2_PLACEMENT_3D ( 'NONE', #35, #4867, #1147 ) ;
#3037 = DIRECTION ( 'NONE',  ( 1.156482317317871725E-16, -1.000000000000000000, 0.0000000000000000000 ) ) ;
#3038 = ORIENTED_EDGE ( 'NONE', *, *, #3403, .T. ) ;
#3039 = CARTESIAN_POINT ( 'NONE',  ( 12.99999999999999112, 9.200000000000001066, 3.100000000000003197 ) ) ;
#3040 = ORIENTED_EDGE ( 'NONE', *, *, #232, .F. ) ;
#3041 = EDGE_CURVE ( 'NONE', #1370, #3693, #2367, .T. ) ;
#3042 = FILL_AREA_STYLE_COLOUR ( '', #794 ) ;
#3043 = EDGE_CURVE ( 'NONE', #396, #1554, #363, .T. ) ;
#3044 = COLOUR_RGB ( '',0.7529411764705882248, 0.7529411764705882248, 0.7529411764705882248 ) ;
#3045 = CARTESIAN_POINT ( 'NONE',  ( 12.99999999999999645, 1.137523590804463723E-15, 10.94999999999999929 ) ) ;
#3046 = EDGE_CURVE ( 'NONE', #1936, #1838, #1544, .T. ) ;
#3047 = ORIENTED_EDGE ( 'NONE', *, *, #3435, .T. ) ;
#3048 =( NAMED_UNIT ( * ) SI_UNIT ( $, .STERADIAN. ) SOLID_ANGLE_UNIT ( ) );
#3049 = ORIENTED_EDGE ( 'NONE', *, *, #650, .T. ) ;
#3050 =( NAMED_UNIT ( * ) PLANE_ANGLE_UNIT ( ) SI_UNIT ( $, .RADIAN. ) );
#3051 = AXIS2_PLACEMENT_3D ( 'NONE', #1225, #1643, #1538 ) ;
#3052 = SURFACE_STYLE_FILL_AREA ( #4962 ) ;
#3053 = CARTESIAN_POINT ( 'NONE',  ( 7.999999999999991118, 13.19999999999999929, 10.59999999999999964 ) ) ;
#3054 = ORIENTED_EDGE ( 'NONE', *, *, #4500, .F. ) ;
#3055 = VECTOR ( 'NONE', #1182, 1000.000000000000000 ) ;
#3056 = FACE_OUTER_BOUND ( 'NONE', #270, .T. ) ;
#3057 = CARTESIAN_POINT ( 'NONE',  ( 2.999999999999991118, 12.69999999999999929, 2.600000000000003197 ) ) ;
#3058 = DIRECTION ( 'NONE',  ( 1.734723475976807094E-16, -1.000000000000000000, 0.0000000000000000000 ) ) ;
#3059 = LINE ( 'NONE', #4203, #3917 ) ;
#3060 = DIRECTION ( 'NONE',  ( -1.000000000000000000, 0.0000000000000000000, -0.0000000000000000000 ) ) ;
#3061 = FILL_AREA_STYLE_COLOUR ( '', #981 ) ;
#3062 = VECTOR ( 'NONE', #2047, 1000.000000000000000 ) ;
#3063 = FILL_AREA_STYLE_COLOUR ( '', #4568 ) ;
#3064 = ORIENTED_EDGE ( 'NONE', *, *, #4670, .F. ) ;
#3065 = ORIENTED_EDGE ( 'NONE', *, *, #1030, .T. ) ;
#3066 = LINE ( 'NONE', #5044, #646 ) ;
#3067 = AXIS2_PLACEMENT_3D ( 'NONE', #2190, #4154, #554 ) ;
#3068 =( GEOMETRIC_REPRESENTATION_CONTEXT ( 3 ) GLOBAL_UNCERTAINTY_ASSIGNED_CONTEXT ( ( #1992 ) ) GLOBAL_UNIT_ASSIGNED_CONTEXT ( ( #2553, #499, #4895 ) ) REPRESENTATION_CONTEXT ( 'NONE', 'WORKASPACE' ) );
#3069 = SURFACE_STYLE_FILL_AREA ( #3025 ) ;
#3070 = MECHANICAL_DESIGN_GEOMETRIC_PRESENTATION_REPRESENTATION (  '', ( #2740 ), #1923 ) ;
#3071 = DIRECTION ( 'NONE',  ( 1.000000000000000000, 0.0000000000000000000, 0.0000000000000000000 ) ) ;
#3072 = ORIENTED_EDGE ( 'NONE', *, *, #4289, .T. ) ;
#3073 = ADVANCED_FACE ( 'NONE', ( #2394 ), #2010, .F. ) ;
#3074 = UNCERTAINTY_MEASURE_WITH_UNIT (LENGTH_MEASURE( 1.000000000000000082E-05 ), #43, 'distance_accuracy_value', 'NONE');
#3075 = AXIS2_PLACEMENT_3D ( 'NONE', #3245, #832, #4442 ) ;
#3076 = ORIENTED_EDGE ( 'NONE', *, *, #1088, .T. ) ;
#3077 = EDGE_CURVE ( 'NONE', #2739, #4521, #392, .T. ) ;
#3078 = CARTESIAN_POINT ( 'NONE',  ( 2.499999999999992006, 13.19999999999999929, 2.850000000000003642 ) ) ;
#3079 = STYLED_ITEM ( 'NONE', ( #1125 ), #4816 ) ;
#3080 = DIRECTION ( 'NONE',  ( 0.0000000000000000000, 0.7071067811865536790, 0.7071067811865414665 ) ) ;
#3081 = FILL_AREA_STYLE_COLOUR ( '', #4170 ) ;
#3082 = VERTEX_POINT ( 'NONE', #2424 ) ;
#3083 = MECHANICAL_DESIGN_GEOMETRIC_PRESENTATION_REPRESENTATION (  '', ( #3427 ), #4688 ) ;
#3084 = ADVANCED_FACE ( 'NONE', ( #4026 ), #3617, .F. ) ;
#3085 = CARTESIAN_POINT ( 'NONE',  ( 11.99999999999999112, 13.20000000000000107, 2.600000000000003197 ) ) ;
#3086 = ORIENTED_EDGE ( 'NONE', *, *, #327, .T. ) ;
#3087 = DIRECTION ( 'NONE',  ( 0.0000000000000000000, 0.0000000000000000000, -1.000000000000000000 ) ) ;
#3088 = DIRECTION ( 'NONE',  ( 0.0000000000000000000, 0.0000000000000000000, 1.000000000000000000 ) ) ;
#3089 = ORIENTED_EDGE ( 'NONE', *, *, #3793, .T. ) ;
#3090 = FACE_OUTER_BOUND ( 'NONE', #2284, .T. ) ;
#3091 = ORIENTED_EDGE ( 'NONE', *, *, #2107, .T. ) ;
#3092 = SURFACE_STYLE_USAGE ( .BOTH. , #4236 ) ;
#3093 = SURFACE_SIDE_STYLE ('',( #237 ) ) ;
#3094 = DIRECTION ( 'NONE',  ( -0.0000000000000000000, -1.000000000000000000, -0.0000000000000000000 ) ) ;
#3095 = SURFACE_STYLE_USAGE ( .BOTH. , #2662 ) ;
#3096 = CARTESIAN_POINT ( 'NONE',  ( 27.99999999999999289, 13.20000000000000284, 3.100000000000003197 ) ) ;
#3097 = EDGE_LOOP ( 'NONE', ( #1788, #1265, #4146, #3391 ) ) ;
#3098 = FILL_AREA_STYLE ('',( #2354 ) ) ;
#3099 = VERTEX_POINT ( 'NONE', #1728 ) ;
#3100 = PLANE ( 'NONE',  #472 ) ;
#3101 = ADVANCED_FACE ( 'NONE', ( #118 ), #2854, .F. ) ;
#3102 = DIRECTION ( 'NONE',  ( -0.0000000000000000000, -1.000000000000000000, -0.0000000000000000000 ) ) ;
#3103 = DIRECTION ( 'NONE',  ( 1.000000000000000000, -0.0000000000000000000, -0.0000000000000000000 ) ) ;
#3104 = ORIENTED_EDGE ( 'NONE', *, *, #1258, .T. ) ;
#3105 = CARTESIAN_POINT ( 'NONE',  ( 1.999999999999991340, 9.199999999999999289, 3.100000000000003197 ) ) ;
#3106 = EDGE_CURVE ( 'NONE', #4683, #1352, #3756, .T. ) ;
#3107 = DIRECTION ( 'NONE',  ( -1.000000000000000000, 0.0000000000000000000, -0.0000000000000000000 ) ) ;
#3108 = EDGE_CURVE ( 'NONE', #2252, #107, #525, .T. ) ;
#3109 = SURFACE_SIDE_STYLE ('',( #427 ) ) ;
#3110 = DIRECTION ( 'NONE',  ( -0.0000000000000000000, -0.0000000000000000000, -1.000000000000000000 ) ) ;
#3111 = CARTESIAN_POINT ( 'NONE',  ( 24.99999999999998579, 9.200000000000002842, 7.849999999999999645 ) ) ;
#3112 = AXIS2_PLACEMENT_3D ( 'NONE', #2888, #980, #4577 ) ;
#3113 = CARTESIAN_POINT ( 'NONE',  ( 2.799999999999993161, 4.000000000000000000, 9.950000000000002842 ) ) ;
#3114 = ORIENTED_EDGE ( 'NONE', *, *, #460, .F. ) ;
#3115 = FACE_OUTER_BOUND ( 'NONE', #3627, .T. ) ;
#3116 = CARTESIAN_POINT ( 'NONE',  ( 12.19999999999999218, 0.1999999999999999278, 9.950000000000002842 ) ) ;
#3117 = LINE ( 'NONE', #4734, #4232 ) ;
#3118 = FILL_AREA_STYLE ('',( #994 ) ) ;
#3119 = CARTESIAN_POINT ( 'NONE',  ( 7.999999999999992895, 5.687617954022318617E-16, 13.19999999999999929 ) ) ;
#3120 = VECTOR ( 'NONE', #3747, 1000.000000000000000 ) ;
#3121 = EDGE_LOOP ( 'NONE', ( #2658, #1375, #4014, #2835 ) ) ;
#3122 = ORIENTED_EDGE ( 'NONE', *, *, #1325, .F. ) ;
#3123 = AXIS2_PLACEMENT_3D ( 'NONE', #1714, #4165, #139 ) ;
#3124 = VECTOR ( 'NONE', #313, 1000.000000000000000 ) ;
#3125 = SURFACE_STYLE_FILL_AREA ( #763 ) ;
#3126 = DIRECTION ( 'NONE',  ( -0.0000000000000000000, -1.000000000000000000, -0.0000000000000000000 ) ) ;
#3127 = ORIENTED_EDGE ( 'NONE', *, *, #4479, .T. ) ;
#3128 = MECHANICAL_DESIGN_GEOMETRIC_PRESENTATION_REPRESENTATION (  '', ( #5047 ), #3558 ) ;
#3129 = DIRECTION ( 'NONE',  ( 0.0000000000000000000, 0.0000000000000000000, -1.000000000000000000 ) ) ;
#3130 = SURFACE_STYLE_FILL_AREA ( #1115 ) ;
#3132 =( GEOMETRIC_REPRESENTATION_CONTEXT ( 3 ) GLOBAL_UNCERTAINTY_ASSIGNED_CONTEXT ( ( #1845 ) ) GLOBAL_UNIT_ASSIGNED_CONTEXT ( ( #1158, #173, #3956 ) ) REPRESENTATION_CONTEXT ( 'NONE', 'WORKASPACE' ) );
#3131 = PRESENTATION_STYLE_ASSIGNMENT (( #2029 ) ) ;
#3133 = ADVANCED_FACE ( 'NONE', ( #4149 ), #4045, .T. ) ;
#3134 = ADVANCED_FACE ( 'NONE', ( #1293 ), #4467, .F. ) ;
#3135 = COLOUR_RGB ( '',0.7529411764705882248, 0.7529411764705882248, 1.000000000000000000 ) ;
#3136 = LINE ( 'NONE', #5095, #834 ) ;
#3137 = VERTEX_POINT ( 'NONE', #631 ) ;
#3138 = DIRECTION ( 'NONE',  ( -1.000000000000000000, 0.0000000000000000000, 0.0000000000000000000 ) ) ;
#3139 = LINE ( 'NONE', #3167, #2721 ) ;
#3140 = ORIENTED_EDGE ( 'NONE', *, *, #3994, .F. ) ;
#3141 = DIRECTION ( 'NONE',  ( -1.156482317317871725E-16, 1.000000000000000000, 0.0000000000000000000 ) ) ;
#3142 = LINE ( 'NONE', #419, #3486 ) ;
#3143 = COLOUR_RGB ( '',0.7529411764705882248, 0.7529411764705882248, 1.000000000000000000 ) ;
#3144 = AXIS2_PLACEMENT_3D ( 'NONE', #2092, #507, #3687 ) ;
#3145 = CARTESIAN_POINT ( 'NONE',  ( 7.799999999999992717, 0.1999999999999993727, 9.950000000000002842 ) ) ;
#3146 = EDGE_CURVE ( 'NONE', #1370, #3019, #4623, .T. ) ;
#3147 = LINE ( 'NONE', #3605, #708 ) ;
#3148 =( NAMED_UNIT ( * ) PLANE_ANGLE_UNIT ( ) SI_UNIT ( $, .RADIAN. ) );
#3150 = MECHANICAL_DESIGN_GEOMETRIC_PRESENTATION_REPRESENTATION (  '', ( #1256 ), #833 ) ;
#3149 = SURFACE_STYLE_FILL_AREA ( #1583 ) ;
#3151 = VECTOR ( 'NONE', #412, 1000.000000000000000 ) ;
#3152 = ORIENTED_EDGE ( 'NONE', *, *, #695, .T. ) ;
#3153 = VECTOR ( 'NONE', #2283, 1000.000000000000000 ) ;
#3154 = CARTESIAN_POINT ( 'NONE',  ( 27.99999999999999289, 13.20000000000000284, 2.600000000000003197 ) ) ;
#3155 = VERTEX_POINT ( 'NONE', #2742 ) ;
#3156 = AXIS2_PLACEMENT_3D ( 'NONE', #4096, #1779, #1413 ) ;
#3157 = CARTESIAN_POINT ( 'NONE',  ( 1.999999999999991784, 13.19999999999999929, 10.59999999999999964 ) ) ;
#3158 = DIRECTION ( 'NONE',  ( 1.156482317317871725E-16, -1.000000000000000000, -0.0000000000000000000 ) ) ;
#3159 = ORIENTED_EDGE ( 'NONE', *, *, #2230, .F. ) ;
#3160 =( GEOMETRIC_REPRESENTATION_CONTEXT ( 3 ) GLOBAL_UNCERTAINTY_ASSIGNED_CONTEXT ( ( #401 ) ) GLOBAL_UNIT_ASSIGNED_CONTEXT ( ( #131, #3361, #4952 ) ) REPRESENTATION_CONTEXT ( 'NONE', 'WORKASPACE' ) );
#3161 = CARTESIAN_POINT ( 'NONE',  ( 6.999999999999989342, 5.687617954022318617E-16, 3.450000000000005063 ) ) ;
#3162 = AXIS2_PLACEMENT_3D ( 'NONE', #1828, #3782, #4996 ) ;
#3163 = SURFACE_STYLE_FILL_AREA ( #1976 ) ;
#3164 = PRESENTATION_LAYER_ASSIGNMENT (  '', '', ( #3771 ) ) ;
#3165 = EDGE_LOOP ( 'NONE', ( #3255, #489, #1024, #850 ) ) ;
#3166 = CARTESIAN_POINT ( 'NONE',  ( 12.99999999999999112, 9.200000000000001066, 2.600000000000003197 ) ) ;
#3167 = CARTESIAN_POINT ( 'NONE',  ( 26.99999999999999289, 2.843808977011159604E-15, 13.19999999999999929 ) ) ;
#3168 = ORIENTED_EDGE ( 'NONE', *, *, #4260, .T. ) ;
#3169 = FILL_AREA_STYLE_COLOUR ( '', #4086 ) ;
#3170 = EDGE_CURVE ( 'NONE', #1269, #2830, #1827, .T. ) ;
#3171 = CARTESIAN_POINT ( 'NONE',  ( 1.000000000000000888, 9.199999999999999289, 13.19999999999999929 ) ) ;
#3172 = PLANE ( 'NONE',  #990 ) ;
#3173 = ORIENTED_EDGE ( 'NONE', *, *, #2071, .F. ) ;
#3174 = DIRECTION ( 'NONE',  ( 1.156482317317871725E-16, -1.000000000000000000, -0.0000000000000000000 ) ) ;
#3175 = ADVANCED_FACE ( 'NONE', ( #1027 ), #4995, .T. ) ;
#3176 = DIRECTION ( 'NONE',  ( 1.000000000000000000, 0.0000000000000000000, -0.0000000000000000000 ) ) ;
#3177 = FILL_AREA_STYLE ('',( #1689 ) ) ;
#3178 = ORIENTED_EDGE ( 'NONE', *, *, #1001, .T. ) ;
#3179 = LINE ( 'NONE', #1560, #4433 ) ;
#3180 = ORIENTED_EDGE ( 'NONE', *, *, #2359, .T. ) ;
#3181 = DIRECTION ( 'NONE',  ( 0.0000000000000000000, 0.7071067811865552333, -0.7071067811865398012 ) ) ;
#3182 =( LENGTH_UNIT ( ) NAMED_UNIT ( * ) SI_UNIT ( .MILLI., .METRE. ) );
#3183 = DIRECTION ( 'NONE',  ( 1.000000000000000000, -0.0000000000000000000, -0.0000000000000000000 ) ) ;
#3184 = DIRECTION ( 'NONE',  ( 0.0000000000000000000, 1.000000000000000000, 0.0000000000000000000 ) ) ;
#3185 = LINE ( 'NONE', #3570, #4739 ) ;
#3186 = VECTOR ( 'NONE', #988, 1000.000000000000000 ) ;
#3187 = VERTEX_POINT ( 'NONE', #605 ) ;
#3188 = LINE ( 'NONE', #3572, #3665 ) ;
#3189 = DIRECTION ( 'NONE',  ( -0.0000000000000000000, -1.000000000000000000, -0.0000000000000000000 ) ) ;
#3190 = VECTOR ( 'NONE', #1607, 1000.000000000000000 ) ;
#3191 =( NAMED_UNIT ( * ) SI_UNIT ( $, .STERADIAN. ) SOLID_ANGLE_UNIT ( ) );
#3192 = ORIENTED_EDGE ( 'NONE', *, *, #2640, .T. ) ;
#3193 = CARTESIAN_POINT ( 'NONE',  ( 14.99999999999999822, 9.200000000000001066, 5.350000000000000533 ) ) ;
#3194 = STYLED_ITEM ( 'NONE', ( #1718 ), #595 ) ;
#3195 = FILL_AREA_STYLE_COLOUR ( '', #3422 ) ;
#3196 = EDGE_CURVE ( 'NONE', #46, #2184, #1463, .T. ) ;
#3197 = PLANE ( 'NONE',  #1217 ) ;
#3198 = PLANE ( 'NONE',  #4143 ) ;
#3199 = PRESENTATION_LAYER_ASSIGNMENT (  '', '', ( #3633 ) ) ;
#3200 = ADVANCED_FACE ( 'NONE', ( #2624 ), #2186, .F. ) ;
#3201 = CARTESIAN_POINT ( 'NONE',  ( 19.99999999999999645, 3.000000000000000000, 6.599999999999999645 ) ) ;
#3202 = EDGE_LOOP ( 'NONE', ( #718, #1926, #4610, #1963 ) ) ;
#3203 = CARTESIAN_POINT ( 'NONE',  ( 11.99999999999999112, 13.20000000000000107, 10.09999999999999964 ) ) ;
#3204 =( NAMED_UNIT ( * ) SI_UNIT ( $, .STERADIAN. ) SOLID_ANGLE_UNIT ( ) );
#3205 = CARTESIAN_POINT ( 'NONE',  ( 2.999999999999992006, 13.19999999999999929, 10.59999999999999964 ) ) ;
#3206 = AXIS2_PLACEMENT_3D ( 'NONE', #1986, #3983, #4781 ) ;
#3207 = ORIENTED_EDGE ( 'NONE', *, *, #3994, .T. ) ;
#3208 = CARTESIAN_POINT ( 'NONE',  ( 11.99999999999999112, 13.20000000000000107, 3.100000000000003197 ) ) ;
#3209 = CARTESIAN_POINT ( 'NONE',  ( 15.00000000000000000, 4.400000000000003908, 13.19999999999999929 ) ) ;
#3210 = CARTESIAN_POINT ( 'NONE',  ( 15.00000000000000000, 4.200000000000001066, 0.0000000000000000000 ) ) ;
#3211 = VECTOR ( 'NONE', #4307, 1000.000000000000000 ) ;
#3212 = DIRECTION ( 'NONE',  ( 0.0000000000000000000, 1.000000000000000000, -0.0000000000000000000 ) ) ;
#3213 = SURFACE_STYLE_FILL_AREA ( #3301 ) ;
#3214 = ORIENTED_EDGE ( 'NONE', *, *, #4084, .F. ) ;
#3215 = LINE ( 'NONE', #1546, #1366 ) ;
#3216 = CARTESIAN_POINT ( 'NONE',  ( 7.999999999999992895, 5.687617954022318617E-16, 3.450000000000005063 ) ) ;
#3217 = VECTOR ( 'NONE', #911, 1000.000000000000000 ) ;
#3218 = ORIENTED_EDGE ( 'NONE', *, *, #1356, .F. ) ;
#3219 = DIRECTION ( 'NONE',  ( -1.000000000000000000, 0.0000000000000000000, 0.0000000000000000000 ) ) ;
#3220 = LINE ( 'NONE', #2755, #2774 ) ;
#3221 = VECTOR ( 'NONE', #4188, 1000.000000000000000 ) ;
#3222 = VECTOR ( 'NONE', #3520, 1000.000000000000000 ) ;
#3223 = SURFACE_STYLE_USAGE ( .BOTH. , #2838 ) ;
#3224 = VERTEX_POINT ( 'NONE', #2209 ) ;
#3225 = VECTOR ( 'NONE', #1483, 1000.000000000000000 ) ;
#3226 = AXIS2_PLACEMENT_3D ( 'NONE', #4155, #2859, #4473 ) ;
#3227 = CARTESIAN_POINT ( 'NONE',  ( 2.999999999999992450, 9.199999999999999289, 10.09999999999999964 ) ) ;
#3228 = UNCERTAINTY_MEASURE_WITH_UNIT (LENGTH_MEASURE( 1.000000000000000082E-05 ), #1612, 'distance_accuracy_value', 'NONE');
#3229 = CARTESIAN_POINT ( 'NONE',  ( 2.999999999999992006, 13.19999999999999929, 10.09999999999999964 ) ) ;
#3230 = DIRECTION ( 'NONE',  ( 0.0000000000000000000, 1.000000000000000000, 0.0000000000000000000 ) ) ;
#3231 = AXIS2_PLACEMENT_3D ( 'NONE', #2400, #3980, #22 ) ;
#3232 = AXIS2_PLACEMENT_3D ( 'NONE', #5128, #2403, #1159 ) ;
#3233 =( LENGTH_UNIT ( ) NAMED_UNIT ( * ) SI_UNIT ( .MILLI., .METRE. ) );
#3234 = EDGE_LOOP ( 'NONE', ( #3286, #3416, #249, #2939 ) ) ;
#3235 = EDGE_CURVE ( 'NONE', #4682, #3409, #2651, .T. ) ;
#3236 = COLOUR_RGB ( '',0.7529411764705882248, 0.7529411764705882248, 1.000000000000000000 ) ;
#3237 = VECTOR ( 'NONE', #696, 1000.000000000000000 ) ;
#3238 = EDGE_CURVE ( 'NONE', #269, #765, #5015, .T. ) ;
#3239 = ORIENTED_EDGE ( 'NONE', *, *, #2488, .F. ) ;
#3240 = CARTESIAN_POINT ( 'NONE',  ( 27.79999999999999005, 4.000000000000002665, 3.250000000000002220 ) ) ;
#3241 = STYLED_ITEM ( 'NONE', ( #2213 ), #4290 ) ;
#3242 = FACE_OUTER_BOUND ( 'NONE', #202, .T. ) ;
#3243 = DIRECTION ( 'NONE',  ( 0.0000000000000000000, 1.000000000000000000, -0.0000000000000000000 ) ) ;
#3244 = CARTESIAN_POINT ( 'NONE',  ( 2.999999999999993783, 0.0000000000000000000, 13.19999999999999929 ) ) ;
#3245 = CARTESIAN_POINT ( 'NONE',  ( 2.499999999999992006, 12.69999999999999929, 2.850000000000003642 ) ) ;
#3246 = EDGE_CURVE ( 'NONE', #1859, #2193, #2263, .T. ) ;
#3247 = PRESENTATION_LAYER_ASSIGNMENT (  '', '', ( #4518 ) ) ;
#3248 = SURFACE_SIDE_STYLE ('',( #4125 ) ) ;
#3249 =( NAMED_UNIT ( * ) PLANE_ANGLE_UNIT ( ) SI_UNIT ( $, .RADIAN. ) );
#3250 = ORIENTED_EDGE ( 'NONE', *, *, #2290, .T. ) ;
#3251 = CARTESIAN_POINT ( 'NONE',  ( 14.99999999999999112, 4.400000000000002132, 7.849999999999999645 ) ) ;
#3252 = EDGE_LOOP ( 'NONE', ( #3821, #1997, #2578, #1494 ) ) ;
#3253 = SURFACE_STYLE_FILL_AREA ( #4801 ) ;
#3254 =( LENGTH_UNIT ( ) NAMED_UNIT ( * ) SI_UNIT ( .MILLI., .METRE. ) );
#3255 = ORIENTED_EDGE ( 'NONE', *, *, #89, .T. ) ;
#3256 = CARTESIAN_POINT ( 'NONE',  ( 25.00000000000000000, 2.843808977011159604E-15, 2.250000000000001776 ) ) ;
#3257 = ORIENTED_EDGE ( 'NONE', *, *, #1604, .F. ) ;
#3258 = CARTESIAN_POINT ( 'NONE',  ( 25.00000000000000000, 9.200000000000004619, 0.0000000000000000000 ) ) ;
#3259 = DIRECTION ( 'NONE',  ( -1.000000000000000000, 0.0000000000000000000, 0.0000000000000000000 ) ) ;
#3260 = CARTESIAN_POINT ( 'NONE',  ( 7.399999999999995026, 0.3999999999999983014, 10.15000000000000391 ) ) ;
#3261 = DIRECTION ( 'NONE',  ( -1.000000000000000000, 0.0000000000000000000, 0.0000000000000000000 ) ) ;
#3262 = DIRECTION ( 'NONE',  ( 1.156482317317871725E-16, -1.000000000000000000, -0.0000000000000000000 ) ) ;
#3263 = ORIENTED_EDGE ( 'NONE', *, *, #1315, .F. ) ;
#3264 = FILL_AREA_STYLE ('',( #462 ) ) ;
#3265 =( NAMED_UNIT ( * ) SI_UNIT ( $, .STERADIAN. ) SOLID_ANGLE_UNIT ( ) );
#3266 = ORIENTED_EDGE ( 'NONE', *, *, #3634, .F. ) ;
#3267 =( NAMED_UNIT ( * ) PLANE_ANGLE_UNIT ( ) SI_UNIT ( $, .RADIAN. ) );
#3268 = CARTESIAN_POINT ( 'NONE',  ( 0.0000000000000000000, 0.0000000000000000000, 13.19999999999999929 ) ) ;
#3269 = EDGE_CURVE ( 'NONE', #1577, #660, #3453, .T. ) ;
#3270 = SURFACE_SIDE_STYLE ('',( #1307 ) ) ;
#3271 = CARTESIAN_POINT ( 'NONE',  ( 6.999999999999990230, 13.19999999999999929, 3.100000000000003197 ) ) ;
#3272 = DIRECTION ( 'NONE',  ( 0.0000000000000000000, 1.000000000000000000, 0.0000000000000000000 ) ) ;
#3273 = CARTESIAN_POINT ( 'NONE',  ( 2.799999999999991829, 4.000000000000000000, 3.250000000000002220 ) ) ;
#3274 = ADVANCED_FACE ( 'NONE', ( #1488, #761, #2360, #3963, #1392, #2966, #4968, #4176, #178, #1196 ), #4376, .F. ) ;
#3275 = EDGE_CURVE ( 'NONE', #416, #3925, #4494, .T. ) ;
#3276 = SURFACE_STYLE_FILL_AREA ( #884 ) ;
#3277 = FACE_OUTER_BOUND ( 'NONE', #2150, .T. ) ;
#3278 = CARTESIAN_POINT ( 'NONE',  ( 7.799999999999992717, 0.1999999999999993727, 10.74999999999999822 ) ) ;
#3279 = LINE ( 'NONE', #4875, #1169 ) ;
#3280 = CARTESIAN_POINT ( 'NONE',  ( 19.99999999999999645, 3.000000000000000000, 4.999999999999998224 ) ) ;
#3281 = DIRECTION ( 'NONE',  ( -0.0000000000000000000, -1.000000000000000000, -0.0000000000000000000 ) ) ;
#3282 = ORIENTED_EDGE ( 'NONE', *, *, #2418, .F. ) ;
#3283 = DIRECTION ( 'NONE',  ( -1.000000000000000000, 0.0000000000000000000, 0.0000000000000000000 ) ) ;
#3284 = PLANE ( 'NONE',  #1771 ) ;
#3285 = FILL_AREA_STYLE_COLOUR ( '', #1077 ) ;
#3286 = ORIENTED_EDGE ( 'NONE', *, *, #3041, .T. ) ;
#3287 = CARTESIAN_POINT ( 'NONE',  ( 11.99999999999999112, 9.200000000000001066, 3.100000000000003197 ) ) ;
#3288 = SURFACE_SIDE_STYLE ('',( #2927 ) ) ;
#3289 = FACE_OUTER_BOUND ( 'NONE', #683, .T. ) ;
#3290 = LINE ( 'NONE', #2900, #2880 ) ;
#3291 = VECTOR ( 'NONE', #504, 1000.000000000000000 ) ;
#3292 = ORIENTED_EDGE ( 'NONE', *, *, #2579, .F. ) ;
#3293 = UNCERTAINTY_MEASURE_WITH_UNIT (LENGTH_MEASURE( 1.000000000000000082E-05 ), #5165, 'distance_accuracy_value', 'NONE');
#3294 = ORIENTED_EDGE ( 'NONE', *, *, #353, .F. ) ;
#3295 = VECTOR ( 'NONE', #1642, 1000.000000000000000 ) ;
#3296 = CARTESIAN_POINT ( 'NONE',  ( 19.99999999999999645, 0.0000000000000000000, 6.599999999999999645 ) ) ;
#3297 = CARTESIAN_POINT ( 'NONE',  ( 27.19999999999999574, 0.2000000000000016487, 10.74999999999999822 ) ) ;
#3298 = STYLED_ITEM ( 'NONE', ( #1220 ), #819 ) ;
#3299 = LINE ( 'NONE', #1778, #140 ) ;
#3300 =( NAMED_UNIT ( * ) PLANE_ANGLE_UNIT ( ) SI_UNIT ( $, .RADIAN. ) );
#3301 = FILL_AREA_STYLE ('',( #2136 ) ) ;
#3302 = ORIENTED_EDGE ( 'NONE', *, *, #3077, .T. ) ;
#3303 = CARTESIAN_POINT ( 'NONE',  ( 7.799999999999992717, 4.000000000000000888, 9.950000000000002842 ) ) ;
#3304 =( NAMED_UNIT ( * ) SI_UNIT ( $, .STERADIAN. ) SOLID_ANGLE_UNIT ( ) );
#3305 = EDGE_CURVE ( 'NONE', #160, #4249, #871, .T. ) ;
#3306 = PLANE ( 'NONE',  #1663 ) ;
#3307 = PRESENTATION_LAYER_ASSIGNMENT (  '', '', ( #371 ) ) ;
#3308 = ADVANCED_FACE ( 'NONE', ( #4480 ), #903, .F. ) ;
#3309 = FACE_OUTER_BOUND ( 'NONE', #3526, .T. ) ;
#3310 = CARTESIAN_POINT ( 'NONE',  ( 2.799999999999993161, 0.1999999999999987899, 9.950000000000002842 ) ) ;
#3311 = ORIENTED_EDGE ( 'NONE', *, *, #3836, .T. ) ;
#3312 = AXIS2_PLACEMENT_3D ( 'NONE', #1487, #3838, #1826 ) ;
#3313 = DIRECTION ( 'NONE',  ( 0.0000000000000000000, 0.0000000000000000000, 1.000000000000000000 ) ) ;
#3314 = VECTOR ( 'NONE', #341, 1000.000000000000000 ) ;
#3315 = EDGE_CURVE ( 'NONE', #3808, #449, #4453, .T. ) ;
#3316 = FILL_AREA_STYLE ('',( #1741 ) ) ;
#3317 = VECTOR ( 'NONE', #4881, 1000.000000000000000 ) ;
#3318 = VECTOR ( 'NONE', #3965, 1000.000000000000000 ) ;
#3319 = FILL_AREA_STYLE_COLOUR ( '', #3843 ) ;
#3320 = EDGE_LOOP ( 'NONE', ( #919, #4347, #4844, #3576 ) ) ;
#3321 = MECHANICAL_DESIGN_GEOMETRIC_PRESENTATION_REPRESENTATION (  '', ( #2241 ), #558 ) ;
#3322 = VECTOR ( 'NONE', #3283, 1000.000000000000000 ) ;
#3323 =( NAMED_UNIT ( * ) SI_UNIT ( $, .STERADIAN. ) SOLID_ANGLE_UNIT ( ) );
#3324 = DIRECTION ( 'NONE',  ( -0.0000000000000000000, -0.0000000000000000000, 1.000000000000000000 ) ) ;
#3325 = CARTESIAN_POINT ( 'NONE',  ( 12.79999999999999361, 4.000000000000000888, 9.950000000000002842 ) ) ;
#3326 = VECTOR ( 'NONE', #2514, 1000.000000000000000 ) ;
#3327 = LINE ( 'NONE', #3244, #4595 ) ;
#3328 = CARTESIAN_POINT ( 'NONE',  ( 7.999999999999991118, 13.19999999999999929, 3.100000000000003197 ) ) ;
#3329 = ORIENTED_EDGE ( 'NONE', *, *, #89, .F. ) ;
#3330 = DIRECTION ( 'NONE',  ( 0.0000000000000000000, -0.7071067811865414665, 0.7071067811865536790 ) ) ;
#3331 = EDGE_LOOP ( 'NONE', ( #632, #1102, #215, #712 ) ) ;
#3332 = DIRECTION ( 'NONE',  ( -0.0000000000000000000, -0.0000000000000000000, -1.000000000000000000 ) ) ;
#3333 = PRESENTATION_LAYER_ASSIGNMENT (  '', '', ( #741 ) ) ;
#3334 = CARTESIAN_POINT ( 'NONE',  ( 25.00000000000000000, 2.843808977011159604E-15, 9.750000000000000000 ) ) ;
#3335 = VECTOR ( 'NONE', #1132, 1000.000000000000000 ) ;
#3336 = EDGE_LOOP ( 'NONE', ( #3744, #4537, #3458, #1312, #4301, #4965, #1649, #3168 ) ) ;
#3337 = CARTESIAN_POINT ( 'NONE',  ( 2.499999999999992006, 12.69999999999999929, 2.600000000000003197 ) ) ;
#3338 = CARTESIAN_POINT ( 'NONE',  ( 11.99999999999999289, 9.200000000000001066, 10.59999999999999964 ) ) ;
#3339 = UNCERTAINTY_MEASURE_WITH_UNIT (LENGTH_MEASURE( 1.000000000000000082E-05 ), #2850, 'distance_accuracy_value', 'NONE');
#3340 = COLOUR_RGB ( '',0.7529411764705882248, 0.7529411764705882248, 1.000000000000000000 ) ;
#3341 = FILL_AREA_STYLE_COLOUR ( '', #4638 ) ;
#3342 = DIRECTION ( 'NONE',  ( -0.5773502691896282846, -0.5773502691896182926, -0.5773502691896308381 ) ) ;
#3343 = EDGE_CURVE ( 'NONE', #4458, #1664, #347, .T. ) ;
#3344 = ADVANCED_FACE ( 'NONE', ( #6 ), #1631, .F. ) ;
#3345 = VERTEX_POINT ( 'NONE', #1214 ) ;
#3346 = PRESENTATION_STYLE_ASSIGNMENT (( #1772 ) ) ;
#3347 = UNCERTAINTY_MEASURE_WITH_UNIT (LENGTH_MEASURE( 1.000000000000000082E-05 ), #4888, 'distance_accuracy_value', 'NONE');
#3348 = VERTEX_POINT ( 'NONE', #451 ) ;
#3349 = CARTESIAN_POINT ( 'NONE',  ( 12.79999999999999361, 4.000000000000000888, 10.74999999999999822 ) ) ;
#3350 = DIRECTION ( 'NONE',  ( -1.000000000000000000, 0.0000000000000000000, 0.0000000000000000000 ) ) ;
#3351 = CARTESIAN_POINT ( 'NONE',  ( 11.99999999999999112, 9.200000000000001066, 2.600000000000003197 ) ) ;
#3352 = FILL_AREA_STYLE_COLOUR ( '', #2910 ) ;
#3353 = CARTESIAN_POINT ( 'NONE',  ( 26.99999999999999289, 13.20000000000000284, 10.59999999999999964 ) ) ;
#3354 = ORIENTED_EDGE ( 'NONE', *, *, #3767, .F. ) ;
#3355 = CARTESIAN_POINT ( 'NONE',  ( 1.999999999999992228, 9.199999999999999289, 10.09999999999999964 ) ) ;
#3356 = ORIENTED_EDGE ( 'NONE', *, *, #1725, .F. ) ;
#3357 = DIRECTION ( 'NONE',  ( 0.0000000000000000000, 0.0000000000000000000, -1.000000000000000000 ) ) ;
#3358 = DIRECTION ( 'NONE',  ( -0.5773502691896290617, 0.5773502691896190697, -0.5773502691896290617 ) ) ;
#3359 = PRESENTATION_STYLE_ASSIGNMENT (( #98 ) ) ;
#3360 = ORIENTED_EDGE ( 'NONE', *, *, #2355, .T. ) ;
#3361 =( NAMED_UNIT ( * ) PLANE_ANGLE_UNIT ( ) SI_UNIT ( $, .RADIAN. ) );
#3362 = CARTESIAN_POINT ( 'NONE',  ( 1.999999999999991784, 13.19999999999999929, 10.09999999999999964 ) ) ;
#3363 = VERTEX_POINT ( 'NONE', #4010 ) ;
#3364 = PRESENTATION_STYLE_ASSIGNMENT (( #3740 ) ) ;
#3365 = DIRECTION ( 'NONE',  ( -1.000000000000000000, 0.0000000000000000000, -0.0000000000000000000 ) ) ;
#3366 = STYLED_ITEM ( 'NONE', ( #2095 ), #164 ) ;
#3367 = PLANE ( 'NONE',  #5064 ) ;
#3368 = VERTEX_POINT ( 'NONE', #4761 ) ;
#3369 = FILL_AREA_STYLE_COLOUR ( '', #538 ) ;
#3370 =( GEOMETRIC_REPRESENTATION_CONTEXT ( 3 ) GLOBAL_UNCERTAINTY_ASSIGNED_CONTEXT ( ( #2569 ) ) GLOBAL_UNIT_ASSIGNED_CONTEXT ( ( #239, #3467, #2637 ) ) REPRESENTATION_CONTEXT ( 'NONE', 'WORKASPACE' ) );
#3371 = PRESENTATION_STYLE_ASSIGNMENT (( #1080 ) ) ;
#3372 = CARTESIAN_POINT ( 'NONE',  ( 19.99999999999999645, 13.20000000000000284, 6.599999999999999645 ) ) ;
#3373 = LINE ( 'NONE', #1822, #4743 ) ;
#3374 = LINE ( 'NONE', #4465, #2505 ) ;
#3375 = VECTOR ( 'NONE', #3110, 1000.000000000000000 ) ;
#3376 = ORIENTED_EDGE ( 'NONE', *, *, #3832, .T. ) ;
#3377 = EDGE_CURVE ( 'NONE', #3409, #2668, #1241, .T. ) ;
#3378 = PLANE ( 'NONE',  #3736 ) ;
#3379 = VECTOR ( 'NONE', #198, 1000.000000000000000 ) ;
#3380 = CARTESIAN_POINT ( 'NONE',  ( 27.19999999999999574, 4.000000000000002665, 10.74999999999999822 ) ) ;
#3381 = ORIENTED_EDGE ( 'NONE', *, *, #2068, .F. ) ;
#3382 = SURFACE_SIDE_STYLE ('',( #3033 ) ) ;
#3383 = PLANE ( 'NONE',  #1341 ) ;
#3384 = ORIENTED_EDGE ( 'NONE', *, *, #420, .T. ) ;
#3385 = COLOUR_RGB ( '',0.7529411764705882248, 0.7529411764705882248, 0.7529411764705882248 ) ;
#3386 = SURFACE_SIDE_STYLE ('',( #4949 ) ) ;
#3387 = ORIENTED_EDGE ( 'NONE', *, *, #2962, .T. ) ;
#3388 = FILL_AREA_STYLE ('',( #1012 ) ) ;
#3389 = DIRECTION ( 'NONE',  ( 1.000000000000000000, 1.156482317317871478E-16, 0.0000000000000000000 ) ) ;
#3390 = VECTOR ( 'NONE', #2063, 1000.000000000000000 ) ;
#3391 = ORIENTED_EDGE ( 'NONE', *, *, #1566, .F. ) ;
#3392 = LINE ( 'NONE', #33, #2405 ) ;
#3393 = DIRECTION ( 'NONE',  ( 0.0000000000000000000, 0.0000000000000000000, 1.000000000000000000 ) ) ;
#3394 = VECTOR ( 'NONE', #408, 1000.000000000000000 ) ;
#3395 = DIRECTION ( 'NONE',  ( -1.000000000000000000, 0.0000000000000000000, -0.0000000000000000000 ) ) ;
#3396 = VERTEX_POINT ( 'NONE', #2809 ) ;
#3397 = AXIS2_PLACEMENT_3D ( 'NONE', #4918, #4868, #2876 ) ;
#3398 = UNCERTAINTY_MEASURE_WITH_UNIT (LENGTH_MEASURE( 1.000000000000000082E-05 ), #4092, 'distance_accuracy_value', 'NONE');
#3399 = EDGE_LOOP ( 'NONE', ( #579, #5043, #3939, #3937 ) ) ;
#3400 = LINE ( 'NONE', #2934, #4720 ) ;
#3401 = MECHANICAL_DESIGN_GEOMETRIC_PRESENTATION_REPRESENTATION (  '', ( #1417 ), #4333 ) ;
#3402 = COLOUR_RGB ( '',0.7529411764705882248, 0.7529411764705882248, 1.000000000000000000 ) ;
#3403 = EDGE_CURVE ( 'NONE', #354, #4579, #4035, .T. ) ;
#3404 = PRESENTATION_STYLE_ASSIGNMENT (( #3430 ) ) ;
#3405 = LINE ( 'NONE', #3778, #382 ) ;
#3406 = EDGE_CURVE ( 'NONE', #1554, #4318, #1657, .T. ) ;
#3407 = LINE ( 'NONE', #4990, #3153 ) ;
#3408 =( GEOMETRIC_REPRESENTATION_CONTEXT ( 3 ) GLOBAL_UNCERTAINTY_ASSIGNED_CONTEXT ( ( #2708 ) ) GLOBAL_UNIT_ASSIGNED_CONTEXT ( ( #3555, #5137, #3204 ) ) REPRESENTATION_CONTEXT ( 'NONE', 'WORKASPACE' ) );
#3409 = VERTEX_POINT ( 'NONE', #2171 ) ;
#3410 = CARTESIAN_POINT ( 'NONE',  ( 7.999999999999991118, 13.19999999999999929, 3.100000000000003197 ) ) ;
#3411 = ADVANCED_FACE ( 'NONE', ( #2115 ), #2561, .T. ) ;
#3412 = VECTOR ( 'NONE', #1396, 1000.000000000000000 ) ;
#3413 = VECTOR ( 'NONE', #4547, 1000.000000000000000 ) ;
#3414 = CARTESIAN_POINT ( 'NONE',  ( 7.799999999999991829, 4.000000000000000888, 3.250000000000002220 ) ) ;
#3415 = ADVANCED_FACE ( 'NONE', ( #132 ), #2894, .F. ) ;
#3416 = ORIENTED_EDGE ( 'NONE', *, *, #193, .F. ) ;
#3417 = VECTOR ( 'NONE', #1672, 1000.000000000000000 ) ;
#3418 = DIRECTION ( 'NONE',  ( 0.0000000000000000000, 0.0000000000000000000, -1.000000000000000000 ) ) ;
#3419 = VERTEX_POINT ( 'NONE', #100 ) ;
#3420 = CARTESIAN_POINT ( 'NONE',  ( 19.99999999999999645, 13.20000000000000284, 6.599999999999999645 ) ) ;
#3421 = ORIENTED_EDGE ( 'NONE', *, *, #4216, .T. ) ;
#3422 = COLOUR_RGB ( '',0.7529411764705882248, 0.7529411764705882248, 0.7529411764705882248 ) ;
#3423 = PLANE ( 'NONE',  #3742 ) ;
#3424 = CARTESIAN_POINT ( 'NONE',  ( 30.49999999999998579, 4.400000000000003908, 7.849999999999999645 ) ) ;
#3425 = FACE_OUTER_BOUND ( 'NONE', #2415, .T. ) ;
#3426 = COLOUR_RGB ( '',0.7529411764705882248, 0.7529411764705882248, 1.000000000000000000 ) ;
#3427 = STYLED_ITEM ( 'NONE', ( #4624 ), #5019 ) ;
#3428 = ORIENTED_EDGE ( 'NONE', *, *, #1512, .F. ) ;
#3429 = DIRECTION ( 'NONE',  ( -0.0000000000000000000, -1.000000000000000000, -0.0000000000000000000 ) ) ;
#3430 = SURFACE_STYLE_USAGE ( .BOTH. , #2183 ) ;
#3431 = VERTEX_POINT ( 'NONE', #1789 ) ;
#3432 = EDGE_CURVE ( 'NONE', #5167, #4530, #1355, .T. ) ;
#3433 = CARTESIAN_POINT ( 'NONE',  ( 29.49999999999999289, 0.0000000000000000000, 13.19999999999999929 ) ) ;
#3434 = EDGE_LOOP ( 'NONE', ( #3376, #4109, #2923, #3356 ) ) ;
#3435 = EDGE_CURVE ( 'NONE', #866, #4279, #985, .T. ) ;
#3436 = FACE_OUTER_BOUND ( 'NONE', #3440, .T. ) ;
#3437 = EDGE_CURVE ( 'NONE', #637, #2963, #4108, .T. ) ;
#3438 = CARTESIAN_POINT ( 'NONE',  ( 12.79999999999999183, 4.000000000000000888, 3.250000000000002220 ) ) ;
#3439 = ORIENTED_EDGE ( 'NONE', *, *, #4574, .F. ) ;
#3440 = EDGE_LOOP ( 'NONE', ( #2490, #2489, #213, #2120 ) ) ;
#3441 = CARTESIAN_POINT ( 'NONE',  ( 2.799999999999991829, 0.1999999999999987899, 2.450000000000005063 ) ) ;
#3442 = LINE ( 'NONE', #1837, #3573 ) ;
#3443 =( NAMED_UNIT ( * ) SI_UNIT ( $, .STERADIAN. ) SOLID_ANGLE_UNIT ( ) );
#3444 = DIRECTION ( 'NONE',  ( 0.0000000000000000000, 1.000000000000000000, -0.0000000000000000000 ) ) ;
#3445 = ORIENTED_EDGE ( 'NONE', *, *, #2896, .T. ) ;
#3446 = ORIENTED_EDGE ( 'NONE', *, *, #1768, .F. ) ;
#3447 = DIRECTION ( 'NONE',  ( 0.0000000000000000000, 1.000000000000000000, 0.0000000000000000000 ) ) ;
#3448 = CIRCLE ( 'NONE', #4712, 1.000000000000000000 ) ;
#3449 = DIRECTION ( 'NONE',  ( -1.000000000000000000, 0.0000000000000000000, 0.0000000000000000000 ) ) ;
#3450 = CARTESIAN_POINT ( 'NONE',  ( 30.50000000000000000, 9.200000000000004619, 13.19999999999999929 ) ) ;
#3451 = ORIENTED_EDGE ( 'NONE', *, *, #2932, .F. ) ;
#3452 = CARTESIAN_POINT ( 'NONE',  ( 27.19999999999999574, 4.000000000000002665, 3.250000000000002220 ) ) ;
#3453 = LINE ( 'NONE', #4945, #2486 ) ;
#3454 =( LENGTH_UNIT ( ) NAMED_UNIT ( * ) SI_UNIT ( .MILLI., .METRE. ) );
#3455 = PRESENTATION_LAYER_ASSIGNMENT (  '', '', ( #5035 ) ) ;
#3456 = AXIS2_PLACEMENT_3D ( 'NONE', #1135, #3447, #351 ) ;
#3457 = CARTESIAN_POINT ( 'NONE',  ( 2.999999999999992006, 13.19999999999999929, 10.59999999999999964 ) ) ;
#3458 = ORIENTED_EDGE ( 'NONE', *, *, #4716, .F. ) ;
#3459 = EDGE_CURVE ( 'NONE', #1773, #1577, #1737, .T. ) ;
#3460 = ORIENTED_EDGE ( 'NONE', *, *, #2694, .F. ) ;
#3461 = DIRECTION ( 'NONE',  ( -1.156482317317871725E-16, 1.000000000000000000, 0.0000000000000000000 ) ) ;
#3462 = ORIENTED_EDGE ( 'NONE', *, *, #5155, .T. ) ;
#3463 = PLANE ( 'NONE',  #1428 ) ;
#3464 = STYLED_ITEM ( 'NONE', ( #2322 ), #1000 ) ;
#3465 = EDGE_CURVE ( 'NONE', #4579, #1948, #2482, .T. ) ;
#3466 = FILL_AREA_STYLE_COLOUR ( '', #4282 ) ;
#3467 =( NAMED_UNIT ( * ) PLANE_ANGLE_UNIT ( ) SI_UNIT ( $, .RADIAN. ) );
#3468 = DIRECTION ( 'NONE',  ( 0.0000000000000000000, 0.0000000000000000000, -1.000000000000000000 ) ) ;
#3469 = DIRECTION ( 'NONE',  ( -1.156482317317871725E-16, 1.000000000000000000, 0.0000000000000000000 ) ) ;
#3470 = VECTOR ( 'NONE', #1614, 1000.000000000000000 ) ;
#3471 = LINE ( 'NONE', #3525, #4998 ) ;
#3472 = ORIENTED_EDGE ( 'NONE', *, *, #2548, .F. ) ;
#3473 = EDGE_CURVE ( 'NONE', #5085, #4273, #4581, .T. ) ;
#3474 = MECHANICAL_DESIGN_GEOMETRIC_PRESENTATION_REPRESENTATION (  '', ( #371 ), #1238 ) ;
#3475 = ORIENTED_EDGE ( 'NONE', *, *, #2450, .T. ) ;
#3476 = CIRCLE ( 'NONE', #4159, 1.000000000000000888 ) ;
#3477 = VERTEX_POINT ( 'NONE', #1377 ) ;
#3478 = FACE_OUTER_BOUND ( 'NONE', #2712, .T. ) ;
#3479 = CARTESIAN_POINT ( 'NONE',  ( 14.99999999999999112, 9.200000000000001066, 7.849999999999999645 ) ) ;
#3480 = VERTEX_POINT ( 'NONE', #3688 ) ;
#3481 = AXIS2_PLACEMENT_3D ( 'NONE', #2536, #535, #1299 ) ;
#3482 = VECTOR ( 'NONE', #3559, 1000.000000000000000 ) ;
#3483 = CARTESIAN_POINT ( 'NONE',  ( 7.799999999999992717, 0.1999999999999993727, 9.950000000000002842 ) ) ;
#3484 = DIRECTION ( 'NONE',  ( 1.000000000000000000, -0.0000000000000000000, 0.0000000000000000000 ) ) ;
#3485 = AXIS2_PLACEMENT_3D ( 'NONE', #4837, #1215, #2810 ) ;
#3486 = VECTOR ( 'NONE', #3219, 1000.000000000000000 ) ;
#3487 = ORIENTED_EDGE ( 'NONE', *, *, #3602, .T. ) ;
#3488 =( NAMED_UNIT ( * ) PLANE_ANGLE_UNIT ( ) SI_UNIT ( $, .RADIAN. ) );
#3489 = LINE ( 'NONE', #3844, #3981 ) ;
#3490 = VECTOR ( 'NONE', #958, 1000.000000000000000 ) ;
#3491 = PRESENTATION_LAYER_ASSIGNMENT (  '', '', ( #1668 ) ) ;
#3492 = LINE ( 'NONE', #2629, #2795 ) ;
#3493 = ORIENTED_EDGE ( 'NONE', *, *, #1855, .T. ) ;
#3494 = CARTESIAN_POINT ( 'NONE',  ( 7.799999999999991829, 0.1999999999999993727, 2.450000000000005063 ) ) ;
#3495 = DIRECTION ( 'NONE',  ( 0.0000000000000000000, 0.7071067811865552333, -0.7071067811865398012 ) ) ;
#3496 = DIRECTION ( 'NONE',  ( -0.0000000000000000000, -0.0000000000000000000, 1.000000000000000000 ) ) ;
#3497 = COLOUR_RGB ( '',0.7529411764705882248, 0.7529411764705882248, 1.000000000000000000 ) ;
#3498 = FILL_AREA_STYLE_COLOUR ( '', #628 ) ;
#3499 = MECHANICAL_DESIGN_GEOMETRIC_PRESENTATION_REPRESENTATION (  '', ( #3504 ), #4758 ) ;
#3500 = FACE_OUTER_BOUND ( 'NONE', #3541, .T. ) ;
#3501 = EDGE_CURVE ( 'NONE', #2895, #4727, #4953, .T. ) ;
#3502 = EDGE_LOOP ( 'NONE', ( #24, #4437, #170, #2159 ) ) ;
#3503 = UNCERTAINTY_MEASURE_WITH_UNIT (LENGTH_MEASURE( 1.000000000000000082E-05 ), #2222, 'distance_accuracy_value', 'NONE');
#3504 = STYLED_ITEM ( 'NONE', ( #1540 ), #4312 ) ;
#3505 = ADVANCED_FACE ( 'NONE', ( #2866 ), #4478, .F. ) ;
#3506 = EDGE_LOOP ( 'NONE', ( #1874, #3140, #822, #1600 ) ) ;
#3507 = FILL_AREA_STYLE_COLOUR ( '', #2140 ) ;
#3508 = ADVANCED_FACE ( 'NONE', ( #2683 ), #3899, .F. ) ;
#3509 = CARTESIAN_POINT ( 'NONE',  ( 6.999999999999992006, 13.19999999999999929, 10.59999999999999964 ) ) ;
#3510 = ORIENTED_EDGE ( 'NONE', *, *, #4911, .T. ) ;
#3511 = MECHANICAL_DESIGN_GEOMETRIC_PRESENTATION_REPRESENTATION (  '', ( #2016 ), #2431 ) ;
#3512 = CARTESIAN_POINT ( 'NONE',  ( 12.99999999999999289, 9.200000000000001066, 10.09999999999999964 ) ) ;
#3513 =( GEOMETRIC_REPRESENTATION_CONTEXT ( 3 ) GLOBAL_UNCERTAINTY_ASSIGNED_CONTEXT ( ( #2812 ) ) GLOBAL_UNIT_ASSIGNED_CONTEXT ( ( #674, #2320, #4349 ) ) REPRESENTATION_CONTEXT ( 'NONE', 'WORKASPACE' ) );
#3514 = ORIENTED_EDGE ( 'NONE', *, *, #1972, .F. ) ;
#3515 = DIRECTION ( 'NONE',  ( 0.0000000000000000000, 0.0000000000000000000, -1.000000000000000000 ) ) ;
#3516 = ORIENTED_EDGE ( 'NONE', *, *, #4934, .F. ) ;
#3517 =( NAMED_UNIT ( * ) PLANE_ANGLE_UNIT ( ) SI_UNIT ( $, .RADIAN. ) );
#3518 = ORIENTED_EDGE ( 'NONE', *, *, #686, .F. ) ;
#3519 = DIRECTION ( 'NONE',  ( -0.0000000000000000000, -1.000000000000000000, -0.0000000000000000000 ) ) ;
#3520 = DIRECTION ( 'NONE',  ( -0.0000000000000000000, -0.0000000000000000000, -1.000000000000000000 ) ) ;
#3521 = DIRECTION ( 'NONE',  ( 1.000000000000000000, 0.0000000000000000000, 0.0000000000000000000 ) ) ;
#3522 = SURFACE_SIDE_STYLE ('',( #645 ) ) ;
#3523 = SURFACE_STYLE_FILL_AREA ( #3118 ) ;
#3524 = SURFACE_STYLE_USAGE ( .BOTH. , #2808 ) ;
#3525 = CARTESIAN_POINT ( 'NONE',  ( 2.799999999999993161, 4.000000000000000000, 9.950000000000002842 ) ) ;
#3526 = EDGE_LOOP ( 'NONE', ( #2002, #3670, #1731, #3614 ) ) ;
#3527 = ORIENTED_EDGE ( 'NONE', *, *, #4093, .F. ) ;
#3528 = ORIENTED_EDGE ( 'NONE', *, *, #5026, .F. ) ;
#3529 = EDGE_CURVE ( 'NONE', #3348, #3711, #3066, .T. ) ;
#3530 = LINE ( 'NONE', #4331, #1769 ) ;
#3531 = ADVANCED_FACE ( 'NONE', ( #2611 ), #4684, .T. ) ;
#3532 = ORIENTED_EDGE ( 'NONE', *, *, #785, .T. ) ;
#3533 = DIRECTION ( 'NONE',  ( 0.0000000000000000000, 0.0000000000000000000, -1.000000000000000000 ) ) ;
#3534 = CARTESIAN_POINT ( 'NONE',  ( 27.19999999999999574, 0.2000000000000016487, 9.950000000000002842 ) ) ;
#3535 = COLOUR_RGB ( '',0.7529411764705882248, 0.7529411764705882248, 0.7529411764705882248 ) ;
#3536 = EDGE_CURVE ( 'NONE', #2715, #1348, #1344, .T. ) ;
#3537 = FILL_AREA_STYLE_COLOUR ( '', #4058 ) ;
#3538 = CARTESIAN_POINT ( 'NONE',  ( 12.79999999999999183, 0.1999999999999999278, 2.450000000000005063 ) ) ;
#3539 = AXIS2_PLACEMENT_3D ( 'NONE', #1528, #4297, #320 ) ;
#3540 = CARTESIAN_POINT ( 'NONE',  ( 27.79999999999999361, 4.000000000000002665, 9.950000000000002842 ) ) ;
#3541 = EDGE_LOOP ( 'NONE', ( #4294, #1518, #4359, #4815 ) ) ;
#3542 = CARTESIAN_POINT ( 'NONE',  ( 7.999999999999991118, 13.19999999999999929, 3.100000000000003197 ) ) ;
#3543 = DIRECTION ( 'NONE',  ( -0.0000000000000000000, -1.000000000000000000, -0.0000000000000000000 ) ) ;
#3544 = MECHANICAL_DESIGN_GEOMETRIC_PRESENTATION_REPRESENTATION (  '', ( #5035 ), #3721 ) ;
#3545 = DIRECTION ( 'NONE',  ( 0.0000000000000000000, 0.0000000000000000000, -1.000000000000000000 ) ) ;
#3546 = CARTESIAN_POINT ( 'NONE',  ( 6.999999999999992006, 13.19999999999999929, 10.59999999999999964 ) ) ;
#3547 = CARTESIAN_POINT ( 'NONE',  ( 12.79999999999999361, 4.000000000000000888, 9.950000000000002842 ) ) ;
#3548 = ORIENTED_EDGE ( 'NONE', *, *, #2759, .F. ) ;
#3549 = UNCERTAINTY_MEASURE_WITH_UNIT (LENGTH_MEASURE( 1.000000000000000082E-05 ), #1263, 'distance_accuracy_value', 'NONE');
#3550 = CARTESIAN_POINT ( 'NONE',  ( 27.99999999999999289, 9.200000000000002842, 3.100000000000003197 ) ) ;
#3551 = PRESENTATION_LAYER_ASSIGNMENT (  '', '', ( #3464 ) ) ;
#3552 = FILL_AREA_STYLE ('',( #3507 ) ) ;
#3553 = FILL_AREA_STYLE ('',( #32 ) ) ;
#3554 = LINE ( 'NONE', #4378, #2992 ) ;
#3555 =( LENGTH_UNIT ( ) NAMED_UNIT ( * ) SI_UNIT ( .MILLI., .METRE. ) );
#3556 = VERTEX_POINT ( 'NONE', #2218 ) ;
#3557 = EDGE_CURVE ( 'NONE', #1948, #1834, #3442, .T. ) ;
#3558 =( GEOMETRIC_REPRESENTATION_CONTEXT ( 3 ) GLOBAL_UNCERTAINTY_ASSIGNED_CONTEXT ( ( #194 ) ) GLOBAL_UNIT_ASSIGNED_CONTEXT ( ( #3699, #3300, #948 ) ) REPRESENTATION_CONTEXT ( 'NONE', 'WORKASPACE' ) );
#3559 = DIRECTION ( 'NONE',  ( 1.156482317317871725E-16, -1.000000000000000000, -0.0000000000000000000 ) ) ;
#3560 = ADVANCED_FACE ( 'NONE', ( #5071 ), #3423, .F. ) ;
#3562 = VECTOR ( 'NONE', #3723, 1000.000000000000000 ) ;
#3561 = DIRECTION ( 'NONE',  ( -0.7071067811865536790, -0.7071067811865414665, 0.0000000000000000000 ) ) ;
#3563 = ADVANCED_FACE ( 'NONE', ( #2634 ), #4237, .F. ) ;
#3564 = VECTOR ( 'NONE', #4836, 1000.000000000000000 ) ;
#3565 = VECTOR ( 'NONE', #4928, 1000.000000000000000 ) ;
#3566 = ADVANCED_FACE ( 'NONE', ( #602 ), #1061, .T. ) ;
#3567 = DIRECTION ( 'NONE',  ( -1.000000000000000000, 0.0000000000000000000, 0.0000000000000000000 ) ) ;
#3568 = ORIENTED_EDGE ( 'NONE', *, *, #2617, .T. ) ;
#3569 = DIRECTION ( 'NONE',  ( -0.0000000000000000000, -1.000000000000000000, -0.0000000000000000000 ) ) ;
#3570 = CARTESIAN_POINT ( 'NONE',  ( 2.999999999999991118, 13.19999999999999929, 3.100000000000003197 ) ) ;
#3571 = ORIENTED_EDGE ( 'NONE', *, *, #3960, .F. ) ;
#3572 = CARTESIAN_POINT ( 'NONE',  ( 30.50000000000000000, 9.200000000000004619, 13.19999999999999929 ) ) ;
#3573 = VECTOR ( 'NONE', #3496, 1000.000000000000000 ) ;
#3574 = MECHANICAL_DESIGN_GEOMETRIC_PRESENTATION_REPRESENTATION (  '', ( #2492 ), #647 ) ;
#3575 = DIRECTION ( 'NONE',  ( 0.0000000000000000000, 0.0000000000000000000, 1.000000000000000000 ) ) ;
#3576 = ORIENTED_EDGE ( 'NONE', *, *, #3235, .F. ) ;
#3577 = FILL_AREA_STYLE ('',( #2351 ) ) ;
#3579 = AXIS2_PLACEMENT_3D ( 'NONE', #342, #840, #3141 ) ;
#3578 = CARTESIAN_POINT ( 'NONE',  ( 2.799999999999993161, 0.1999999999999987899, 9.950000000000002842 ) ) ;
#3580 = AXIS2_PLACEMENT_3D ( 'NONE', #18, #770, #2312 ) ;
#3581 = VERTEX_POINT ( 'NONE', #5012 ) ;
#3582 = DIRECTION ( 'NONE',  ( 0.0000000000000000000, -0.7071067811865414665, 0.7071067811865536790 ) ) ;
#3583 = DIRECTION ( 'NONE',  ( -1.000000000000000000, -1.734723475976806848E-16, 0.0000000000000000000 ) ) ;
#3584 =( GEOMETRIC_REPRESENTATION_CONTEXT ( 3 ) GLOBAL_UNCERTAINTY_ASSIGNED_CONTEXT ( ( #349 ) ) GLOBAL_UNIT_ASSIGNED_CONTEXT ( ( #1966, #1946, #790 ) ) REPRESENTATION_CONTEXT ( 'NONE', 'WORKASPACE' ) );
#3585 = LINE ( 'NONE', #4374, #361 ) ;
#3586 = COLOUR_RGB ( '',0.7529411764705882248, 0.7529411764705882248, 0.7529411764705882248 ) ;
#3587 = DIRECTION ( 'NONE',  ( 1.000000000000000000, 0.0000000000000000000, 0.0000000000000000000 ) ) ;
#3588 = DIRECTION ( 'NONE',  ( 0.0000000000000000000, -1.000000000000000000, 0.0000000000000000000 ) ) ;
#3589 = ORIENTED_EDGE ( 'NONE', *, *, #4639, .F. ) ;
#3590 = VECTOR ( 'NONE', #317, 1000.000000000000000 ) ;
#3591 = CARTESIAN_POINT ( 'NONE',  ( 7.999999999999994671, 5.687617954022318617E-16, 13.19999999999999929 ) ) ;
#3592 = LINE ( 'NONE', #4336, #2653 ) ;
#3593 = VECTOR ( 'NONE', #4412, 1000.000000000000000 ) ;
#3594 = CARTESIAN_POINT ( 'NONE',  ( 12.99999999999999112, 13.20000000000000107, 2.600000000000003197 ) ) ;
#3595 = ADVANCED_FACE ( 'NONE', ( #2984 ), #627, .F. ) ;
#3596 = DIRECTION ( 'NONE',  ( -0.0000000000000000000, -0.0000000000000000000, 1.000000000000000000 ) ) ;
#3597 = LINE ( 'NONE', #5119, #4087 ) ;
#3598 = VERTEX_POINT ( 'NONE', #1850 ) ;
#3599 = DIRECTION ( 'NONE',  ( 0.0000000000000000000, 0.0000000000000000000, 1.000000000000000000 ) ) ;
#3600 = ORIENTED_EDGE ( 'NONE', *, *, #5176, .T. ) ;
#3601 = CARTESIAN_POINT ( 'NONE',  ( 1.999999999999990452, 0.0000000000000000000, 10.94999999999999929 ) ) ;
#3602 = EDGE_CURVE ( 'NONE', #413, #3477, #3806, .T. ) ;
#3603 = EDGE_CURVE ( 'NONE', #2328, #3348, #4254, .T. ) ;
#3604 = DIRECTION ( 'NONE',  ( 1.156482317317871725E-16, -1.000000000000000000, -0.0000000000000000000 ) ) ;
#3605 = CARTESIAN_POINT ( 'NONE',  ( 1.999999999999990896, 13.19999999999999929, 2.600000000000003197 ) ) ;
#3606 = ORIENTED_EDGE ( 'NONE', *, *, #3170, .F. ) ;
#3607 = CARTESIAN_POINT ( 'NONE',  ( 19.99999999999999645, 3.000000000000000000, 3.850000000000001865 ) ) ;
#3608 = CARTESIAN_POINT ( 'NONE',  ( 2.799999999999993161, 4.000000000000000000, 9.950000000000002842 ) ) ;
#3609 = UNCERTAINTY_MEASURE_WITH_UNIT (LENGTH_MEASURE( 1.000000000000000082E-05 ), #4572, 'distance_accuracy_value', 'NONE');
#3610 = CARTESIAN_POINT ( 'NONE',  ( 12.79999999999999361, 0.1999999999999999278, 9.950000000000002842 ) ) ;
#3611 = DIRECTION ( 'NONE',  ( 0.0000000000000000000, -0.0000000000000000000, 1.000000000000000000 ) ) ;
#3612 = ORIENTED_EDGE ( 'NONE', *, *, #1949, .T. ) ;
#3613 = DIRECTION ( 'NONE',  ( 0.0000000000000000000, -0.0000000000000000000, -1.000000000000000000 ) ) ;
#3614 = ORIENTED_EDGE ( 'NONE', *, *, #5086, .T. ) ;
#3615 = DIRECTION ( 'NONE',  ( -1.000000000000000000, 0.0000000000000000000, 0.0000000000000000000 ) ) ;
#3616 = CARTESIAN_POINT ( 'NONE',  ( 2.799999999999993161, 0.1999999999999987899, 9.950000000000002842 ) ) ;
#3617 = PLANE ( 'NONE',  #1511 ) ;
#3618 = ORIENTED_EDGE ( 'NONE', *, *, #4496, .T. ) ;
#3619 = LINE ( 'NONE', #2343, #4766 ) ;
#3620 = PRESENTATION_STYLE_ASSIGNMENT (( #747 ) ) ;
#3621 = CLOSED_SHELL ( 'NONE', ( #2957, #487, #3274, #4782, #4725, #1036, #4816, #2317, #4999, #4247, #3505, #203, #528, #3704, #2990, #1920, #418, #1058, #4872, #3629, #2852, #2313, #2671, #617, #4415, #4600, #4214, #3595, #896, #964, #1541, #519, #2887, #4788, #291, #2555, #1362, #1218, #3970, #864, #4564, #3993, #3073, #1443, #2825, #1606, #2135, #3200, #1597, #2384, #3566, #2757, #352, #3727, #2289, #3560, #137, #3870, #3900, #3175, #4443, #4372, #3101, #4343, #3344, #4506, #2327, #87, #4605, #2763, #2350, #4958, #3862, #2791, #1759, #4662, #3308, #2236, #968, #4755, #560, #2421, #1724, #1697, #2449, #4123, #3411, #2996, #4444, #856, #323, #5116, #4694, #4857, #3563, #2546, #3531, #1410, #1792 ) ) ;
#3622 = EDGE_LOOP ( 'NONE', ( #2229, #326, #588, #2239, #2368 ) ) ;
#3623 = CARTESIAN_POINT ( 'NONE',  ( 1.999999999999991784, 13.19999999999999929, 10.59999999999999964 ) ) ;
#3624 = PLANE ( 'NONE',  #4221 ) ;
#3625 = VECTOR ( 'NONE', #1786, 1000.000000000000227 ) ;
#3626 = EDGE_CURVE ( 'NONE', #1834, #354, #4594, .T. ) ;
#3627 = EDGE_LOOP ( 'NONE', ( #4497, #3683, #119, #4327 ) ) ;
#3628 = CARTESIAN_POINT ( 'NONE',  ( 11.99999999999999112, 13.20000000000000107, 3.100000000000003197 ) ) ;
#3629 = ADVANCED_FACE ( 'NONE', ( #199 ), #247, .F. ) ;
#3630 = SURFACE_STYLE_FILL_AREA ( #2041 ) ;
#3631 = DIRECTION ( 'NONE',  ( 0.0000000000000000000, 0.0000000000000000000, 1.000000000000000000 ) ) ;
#3632 = CARTESIAN_POINT ( 'NONE',  ( 2.799999999999991829, 0.1999999999999987899, 3.250000000000002220 ) ) ;
#3633 = STYLED_ITEM ( 'NONE', ( #302 ), #760 ) ;
#3634 = EDGE_CURVE ( 'NONE', #2278, #1280, #2233, .T. ) ;
#3635 = ORIENTED_EDGE ( 'NONE', *, *, #4630, .T. ) ;
#3636 = PLANE ( 'NONE',  #3232 ) ;
#3637 = VECTOR ( 'NONE', #2251, 1000.000000000000000 ) ;
#3638 = EDGE_LOOP ( 'NONE', ( #2011, #1282, #986, #5022 ) ) ;
#3639 = PLANE ( 'NONE',  #358 ) ;
#3640 = CARTESIAN_POINT ( 'NONE',  ( 27.99999999999999289, 9.200000000000002842, 2.600000000000003197 ) ) ;
#3641 =( NAMED_UNIT ( * ) PLANE_ANGLE_UNIT ( ) SI_UNIT ( $, .RADIAN. ) );
#3642 = DIRECTION ( 'NONE',  ( -1.000000000000000000, 0.0000000000000000000, 0.0000000000000000000 ) ) ;
#3643 = VECTOR ( 'NONE', #251, 1000.000000000000000 ) ;
#3644 = FILL_AREA_STYLE_COLOUR ( '', #2642 ) ;
#3645 = CARTESIAN_POINT ( 'NONE',  ( 2.499999999999992006, 12.69999999999999929, 3.100000000000003642 ) ) ;
#3646 = DIRECTION ( 'NONE',  ( 0.0000000000000000000, -0.0000000000000000000, -1.000000000000000000 ) ) ;
#3647 = PRESENTATION_LAYER_ASSIGNMENT (  '', '', ( #638 ) ) ;
#3648 = EDGE_LOOP ( 'NONE', ( #3799, #2942, #3040, #888 ) ) ;
#3649 = DIRECTION ( 'NONE',  ( -1.000000000000000000, 0.0000000000000000000, 0.0000000000000000000 ) ) ;
#3650 = DIRECTION ( 'NONE',  ( -0.0000000000000000000, -1.000000000000000000, -0.0000000000000000000 ) ) ;
#3651 = CARTESIAN_POINT ( 'NONE',  ( 2.999999999999991118, 12.69999999999999929, 3.100000000000003197 ) ) ;
#3652 = VECTOR ( 'NONE', #1065, 1000.000000000000000 ) ;
#3653 = VECTOR ( 'NONE', #2104, 999.9999999999998863 ) ;
#3654 = CARTESIAN_POINT ( 'NONE',  ( 27.99999999999999289, 13.20000000000000284, 10.59999999999999964 ) ) ;
#3655 = ORIENTED_EDGE ( 'NONE', *, *, #3732, .T. ) ;
#3656 = FACE_OUTER_BOUND ( 'NONE', #2202, .T. ) ;
#3657 = LINE ( 'NONE', #2781, #3835 ) ;
#3658 = COLOUR_RGB ( '',0.7529411764705882248, 0.7529411764705882248, 0.7529411764705882248 ) ;
#3659 = VECTOR ( 'NONE', #927, 1000.000000000000000 ) ;
#3660 =( NAMED_UNIT ( * ) SI_UNIT ( $, .STERADIAN. ) SOLID_ANGLE_UNIT ( ) );
#3661 = UNCERTAINTY_MEASURE_WITH_UNIT (LENGTH_MEASURE( 1.000000000000000082E-05 ), #2829, 'distance_accuracy_value', 'NONE');
#3662 = LINE ( 'NONE', #2435, #2043 ) ;
#3663 = ADVANCED_FACE ( 'NONE', ( #1821 ), #1438, .F. ) ;
#3664 =( NAMED_UNIT ( * ) SI_UNIT ( $, .STERADIAN. ) SOLID_ANGLE_UNIT ( ) );
#3665 = VECTOR ( 'NONE', #4049, 1000.000000000000000 ) ;
#3666 = MECHANICAL_DESIGN_GEOMETRIC_PRESENTATION_REPRESENTATION (  '', ( #4596 ), #389 ) ;
#3667 = FILL_AREA_STYLE ('',( #4459 ) ) ;
#3668 = MECHANICAL_DESIGN_GEOMETRIC_PRESENTATION_REPRESENTATION (  '', ( #2663 ), #4989 ) ;
#3669 = MECHANICAL_DESIGN_GEOMETRIC_PRESENTATION_REPRESENTATION (  '', ( #826 ), #2804 ) ;
#3670 = ORIENTED_EDGE ( 'NONE', *, *, #4368, .F. ) ;
#3671 = EDGE_CURVE ( 'NONE', #233, #2299, #4620, .T. ) ;
#3672 = DIRECTION ( 'NONE',  ( -0.0000000000000000000, -0.0000000000000000000, 1.000000000000000000 ) ) ;
#3673 = DIRECTION ( 'NONE',  ( 0.0000000000000000000, 0.0000000000000000000, 1.000000000000000000 ) ) ;
#3674 = VECTOR ( 'NONE', #1952, 1000.000000000000000 ) ;
#3675 = DIRECTION ( 'NONE',  ( 1.000000000000000000, -0.0000000000000000000, -0.0000000000000000000 ) ) ;
#3676 = CARTESIAN_POINT ( 'NONE',  ( 12.99999999999999289, 13.20000000000000107, 10.59999999999999964 ) ) ;
#3677 = STYLED_ITEM ( 'NONE', ( #26 ), #4725 ) ;
#3678 = SURFACE_STYLE_USAGE ( .BOTH. , #3248 ) ;
#3679 = CARTESIAN_POINT ( 'NONE',  ( 27.79999999999999361, 0.2000000000000016487, 10.74999999999999822 ) ) ;
#3680 = EDGE_LOOP ( 'NONE', ( #2914, #2363, #316, #4969 ) ) ;
#3681 = CARTESIAN_POINT ( 'NONE',  ( 12.79999999999999361, 0.1999999999999999278, 10.74999999999999822 ) ) ;
#3682 = CARTESIAN_POINT ( 'NONE',  ( 19.99999999999999645, 3.000000000000000000, 6.599999999999999645 ) ) ;
#3683 = ORIENTED_EDGE ( 'NONE', *, *, #795, .F. ) ;
#3684 = PLANE ( 'NONE',  #102 ) ;
#3685 = LINE ( 'NONE', #2477, #3820 ) ;
#3686 = ORIENTED_EDGE ( 'NONE', *, *, #1888, .T. ) ;
#3687 = DIRECTION ( 'NONE',  ( 0.0000000000000000000, 0.0000000000000000000, 1.000000000000000000 ) ) ;
#3688 = CARTESIAN_POINT ( 'NONE',  ( 6.999999999999992006, 9.199999999999999289, 10.59999999999999964 ) ) ;
#3689 = ORIENTED_EDGE ( 'NONE', *, *, #3797, .F. ) ;
#3690 =( NAMED_UNIT ( * ) SI_UNIT ( $, .STERADIAN. ) SOLID_ANGLE_UNIT ( ) );
#3691 = VERTEX_POINT ( 'NONE', #3833 ) ;
#3692 = CARTESIAN_POINT ( 'NONE',  ( 27.99999999999999289, 13.20000000000000284, 10.09999999999999964 ) ) ;
#3693 = VERTEX_POINT ( 'NONE', #2575 ) ;
#3694 = CARTESIAN_POINT ( 'NONE',  ( 7.199999999999992184, 4.000000000000000888, 2.450000000000005063 ) ) ;
#3695 = EDGE_CURVE ( 'NONE', #301, #1118, #174, .T. ) ;
#3696 = DIRECTION ( 'NONE',  ( 0.0000000000000000000, 0.7071067811865552333, -0.7071067811865398012 ) ) ;
#3697 = EDGE_CURVE ( 'NONE', #4521, #1708, #3657, .T. ) ;
#3698 = DIRECTION ( 'NONE',  ( -0.7071067811865414665, 0.7071067811865536790, 0.0000000000000000000 ) ) ;
#3699 =( LENGTH_UNIT ( ) NAMED_UNIT ( * ) SI_UNIT ( .MILLI., .METRE. ) );
#3700 = PRESENTATION_STYLE_ASSIGNMENT (( #3728 ) ) ;
#3701 = ORIENTED_EDGE ( 'NONE', *, *, #37, .T. ) ;
#3702 = LINE ( 'NONE', #4151, #4927 ) ;
#3703 = FACE_OUTER_BOUND ( 'NONE', #2719, .T. ) ;
#3704 = ADVANCED_FACE ( 'NONE', ( #7 ), #2022, .F. ) ;
#3705 = LINE ( 'NONE', #96, #1395 ) ;
#3706 = FILL_AREA_STYLE_COLOUR ( '', #283 ) ;
#3707 = ORIENTED_EDGE ( 'NONE', *, *, #4607, .T. ) ;
#3708 = PRESENTATION_LAYER_ASSIGNMENT (  '', '', ( #3366 ) ) ;
#3709 = PRESENTATION_STYLE_ASSIGNMENT (( #2560 ) ) ;
#3710 = FILL_AREA_STYLE ('',( #3285 ) ) ;
#3711 = VERTEX_POINT ( 'NONE', #3258 ) ;
#3712 = UNCERTAINTY_MEASURE_WITH_UNIT (LENGTH_MEASURE( 1.000000000000000082E-05 ), #4371, 'distance_accuracy_value', 'NONE');
#3713 = VECTOR ( 'NONE', #2380, 1000.000000000000000 ) ;
#3714 = CARTESIAN_POINT ( 'NONE',  ( 26.99999999999998934, 2.843808977011159604E-15, 13.19999999999999929 ) ) ;
#3715 = DIRECTION ( 'NONE',  ( 0.0000000000000000000, 0.0000000000000000000, -1.000000000000000000 ) ) ;
#3716 = STYLED_ITEM ( 'NONE', ( #2275 ), #250 ) ;
#3717 = ORIENTED_EDGE ( 'NONE', *, *, #3734, .F. ) ;
#3718 = LINE ( 'NONE', #3827, #4172 ) ;
#3719 = UNCERTAINTY_MEASURE_WITH_UNIT (LENGTH_MEASURE( 1.000000000000000082E-05 ), #4935, 'distance_accuracy_value', 'NONE');
#3720 = ORIENTED_EDGE ( 'NONE', *, *, #1732, .T. ) ;
#3721 =( GEOMETRIC_REPRESENTATION_CONTEXT ( 3 ) GLOBAL_UNCERTAINTY_ASSIGNED_CONTEXT ( ( #1109 ) ) GLOBAL_UNIT_ASSIGNED_CONTEXT ( ( #667, #3814, #4606 ) ) REPRESENTATION_CONTEXT ( 'NONE', 'WORKASPACE' ) );
#3722 = CARTESIAN_POINT ( 'NONE',  ( 6.999999999999992006, 13.19999999999999929, 10.59999999999999964 ) ) ;
#3723 = DIRECTION ( 'NONE',  ( 0.0000000000000000000, 0.0000000000000000000, -1.000000000000000000 ) ) ;
#3724 =( LENGTH_UNIT ( ) NAMED_UNIT ( * ) SI_UNIT ( .MILLI., .METRE. ) );
#3725 = LINE ( 'NONE', #4892, #2325 ) ;
#3726 = ORIENTED_EDGE ( 'NONE', *, *, #973, .F. ) ;
#3727 = ADVANCED_FACE ( 'NONE', ( #3478 ), #2841, .F. ) ;
#3728 = SURFACE_STYLE_USAGE ( .BOTH. , #4925 ) ;
#3729 = DIRECTION ( 'NONE',  ( 0.7071067811865414665, 0.7071067811865536790, -0.0000000000000000000 ) ) ;
#3730 =( NAMED_UNIT ( * ) PLANE_ANGLE_UNIT ( ) SI_UNIT ( $, .RADIAN. ) );
#3731 = VECTOR ( 'NONE', #1861, 1000.000000000000000 ) ;
#3732 = EDGE_CURVE ( 'NONE', #2739, #4727, #4805, .T. ) ;
#3733 = FILL_AREA_STYLE ('',( #530 ) ) ;
#3734 = EDGE_CURVE ( 'NONE', #1762, #2452, #5162, .T. ) ;
#3735 = ORIENTED_EDGE ( 'NONE', *, *, #4994, .T. ) ;
#3736 = AXIS2_PLACEMENT_3D ( 'NONE', #5063, #1096, #4967 ) ;
#3737 = DIRECTION ( 'NONE',  ( -0.5773502691896282846, 0.5773502691896182926, 0.5773502691896308381 ) ) ;
#3738 = ORIENTED_EDGE ( 'NONE', *, *, #2456, .T. ) ;
#3739 = VECTOR ( 'NONE', #5122, 1000.000000000000000 ) ;
#3740 = SURFACE_STYLE_USAGE ( .BOTH. , #79 ) ;
#3741 = FACE_OUTER_BOUND ( 'NONE', #4885, .T. ) ;
#3742 = AXIS2_PLACEMENT_3D ( 'NONE', #1052, #1526, #1867 ) ;
#3743 = VECTOR ( 'NONE', #200, 1000.000000000000000 ) ;
#3744 = ORIENTED_EDGE ( 'NONE', *, *, #650, .F. ) ;
#3745 = AXIS2_PLACEMENT_3D ( 'NONE', #4317, #4704, #3389 ) ;
#3746 = VECTOR ( 'NONE', #1288, 1000.000000000000000 ) ;
#3747 = DIRECTION ( 'NONE',  ( -1.000000000000000000, 0.0000000000000000000, 0.0000000000000000000 ) ) ;
#3748 = LINE ( 'NONE', #517, #1580 ) ;
#3749 = VECTOR ( 'NONE', #2147, 1000.000000000000000 ) ;
#3750 = AXIS2_PLACEMENT_3D ( 'NONE', #2631, #212, #4187 ) ;
#3751 = CARTESIAN_POINT ( 'NONE',  ( 12.99999999999999289, 13.20000000000000107, 10.59999999999999964 ) ) ;
#3752 = LINE ( 'NONE', #3353, #1596 ) ;
#3753 = ORIENTED_EDGE ( 'NONE', *, *, #1315, .T. ) ;
#3754 = VECTOR ( 'NONE', #932, 1000.000000000000000 ) ;
#3755 =( NAMED_UNIT ( * ) SI_UNIT ( $, .STERADIAN. ) SOLID_ANGLE_UNIT ( ) );
#3756 = LINE ( 'NONE', #2443, #2081 ) ;
#3757 = LINE ( 'NONE', #1679, #2673 ) ;
#3758 = ORIENTED_EDGE ( 'NONE', *, *, #3557, .F. ) ;
#3759 = CARTESIAN_POINT ( 'NONE',  ( 1.999999999999989564, 0.0000000000000000000, 2.250000000000001776 ) ) ;
#3760 =( GEOMETRIC_REPRESENTATION_CONTEXT ( 3 ) GLOBAL_UNCERTAINTY_ASSIGNED_CONTEXT ( ( #2867 ) ) GLOBAL_UNIT_ASSIGNED_CONTEXT ( ( #1831, #3488, #2655 ) ) REPRESENTATION_CONTEXT ( 'NONE', 'WORKASPACE' ) );
#3761 = FILL_AREA_STYLE ('',( #3706 ) ) ;
#3762 = ORIENTED_EDGE ( 'NONE', *, *, #4607, .F. ) ;
#3763 = EDGE_CURVE ( 'NONE', #4682, #4973, #987, .T. ) ;
#3764 = SURFACE_STYLE_FILL_AREA ( #1298 ) ;
#3765 = DIRECTION ( 'NONE',  ( 0.0000000000000000000, -0.0000000000000000000, -1.000000000000000000 ) ) ;
#3766 = ORIENTED_EDGE ( 'NONE', *, *, #5113, .T. ) ;
#3767 = EDGE_CURVE ( 'NONE', #622, #3959, #4583, .T. ) ;
#3768 = AXIS2_PLACEMENT_3D ( 'NONE', #4202, #3058, #2210 ) ;
#3769 = CARTESIAN_POINT ( 'NONE',  ( 2.799999999999991829, 0.1999999999999987899, 2.450000000000005063 ) ) ;
#3770 =( LENGTH_UNIT ( ) NAMED_UNIT ( * ) SI_UNIT ( .MILLI., .METRE. ) );
#3771 = STYLED_ITEM ( 'NONE', ( #4239 ), #2669 ) ;
#3772 = ORIENTED_EDGE ( 'NONE', *, *, #1391, .F. ) ;
#3773 = EDGE_CURVE ( 'NONE', #4168, #3419, #2926, .T. ) ;
#3774 = VERTEX_POINT ( 'NONE', #3287 ) ;
#3775 = CARTESIAN_POINT ( 'NONE',  ( 7.799999999999992717, 0.1999999999999993727, 10.74999999999999822 ) ) ;
#3776 = SURFACE_SIDE_STYLE ('',( #2182 ) ) ;
#3777 = FILL_AREA_STYLE_COLOUR ( '', #4004 ) ;
#3778 = CARTESIAN_POINT ( 'NONE',  ( 30.50000000000000000, 9.200000000000004619, 0.0000000000000000000 ) ) ;
#3779 = EDGE_LOOP ( 'NONE', ( #606, #5120, #3292, #2295 ) ) ;
#3780 = SURFACE_STYLE_USAGE ( .BOTH. , #918 ) ;
#3781 = ORIENTED_EDGE ( 'NONE', *, *, #3146, .T. ) ;
#3782 = DIRECTION ( 'NONE',  ( 1.000000000000000000, 1.156482317317871725E-16, 0.0000000000000000000 ) ) ;
#3783 = ORIENTED_EDGE ( 'NONE', *, *, #4748, .T. ) ;
#3784 = CARTESIAN_POINT ( 'NONE',  ( 25.00000000000000000, 9.200000000000004619, 13.19999999999999929 ) ) ;
#3785 = PLANE ( 'NONE',  #4796 ) ;
#3786 = CARTESIAN_POINT ( 'NONE',  ( 0.0000000000000000000, 4.400000000000003908, 5.350000000000000533 ) ) ;
#3787 = EDGE_LOOP ( 'NONE', ( #1232, #648, #3104, #3837 ) ) ;
#3788 = DIRECTION ( 'NONE',  ( -1.000000000000000000, 0.0000000000000000000, -0.0000000000000000000 ) ) ;
#3789 = SURFACE_STYLE_USAGE ( .BOTH. , #162 ) ;
#3790 =( NAMED_UNIT ( * ) SI_UNIT ( $, .STERADIAN. ) SOLID_ANGLE_UNIT ( ) );
#3791 = ORIENTED_EDGE ( 'NONE', *, *, #1449, .T. ) ;
#3792 = DIRECTION ( 'NONE',  ( -1.156482317317871478E-16, 1.000000000000000000, -0.0000000000000000000 ) ) ;
#3793 = EDGE_CURVE ( 'NONE', #1328, #2847, #2596, .T. ) ;
#3794 = LINE ( 'NONE', #3714, #610 ) ;
#3795 = CLOSED_SHELL ( 'NONE', ( #3892, #5048, #4056, #1192, #3934, #4871 ) ) ;
#3796 = LINE ( 'NONE', #570, #2055 ) ;
#3797 = EDGE_CURVE ( 'NONE', #301, #1489, #188, .T. ) ;
#3798 = CARTESIAN_POINT ( 'NONE',  ( 12.79999999999999183, 4.000000000000000888, 2.450000000000005063 ) ) ;
#3799 = ORIENTED_EDGE ( 'NONE', *, *, #4900, .T. ) ;
#3800 =( GEOMETRIC_REPRESENTATION_CONTEXT ( 3 ) GLOBAL_UNCERTAINTY_ASSIGNED_CONTEXT ( ( #515 ) ) GLOBAL_UNIT_ASSIGNED_CONTEXT ( ( #2198, #4111, #1793 ) ) REPRESENTATION_CONTEXT ( 'NONE', 'WORKASPACE' ) );
#3801 = CARTESIAN_POINT ( 'NONE',  ( 27.79999999999999005, 0.2000000000000016487, 2.450000000000005063 ) ) ;
#3802 = ORIENTED_EDGE ( 'NONE', *, *, #1853, .F. ) ;
#3803 = DIRECTION ( 'NONE',  ( 1.156482317317871725E-16, -1.000000000000000000, -0.0000000000000000000 ) ) ;
#3804 = PRESENTATION_LAYER_ASSIGNMENT (  '', '', ( #440 ) ) ;
#3805 = EDGE_CURVE ( 'NONE', #4471, #965, #4531, .T. ) ;
#3806 = LINE ( 'NONE', #2647, #1498 ) ;
#3807 = LINE ( 'NONE', #4597, #1423 ) ;
#3808 = VERTEX_POINT ( 'NONE', #2173 ) ;
#3809 = LINE ( 'NONE', #1064, #4971 ) ;
#3810 =( GEOMETRIC_REPRESENTATION_CONTEXT ( 3 ) GLOBAL_UNCERTAINTY_ASSIGNED_CONTEXT ( ( #1434 ) ) GLOBAL_UNIT_ASSIGNED_CONTEXT ( ( #1060, #3050, #1556 ) ) REPRESENTATION_CONTEXT ( 'NONE', 'WORKASPACE' ) );
#3811 = FILL_AREA_STYLE ('',( #1097 ) ) ;
#3812 = ORIENTED_EDGE ( 'NONE', *, *, #3941, .T. ) ;
#3813 = AXIS2_PLACEMENT_3D ( 'NONE', #190, #1794, #4956 ) ;
#3814 =( NAMED_UNIT ( * ) PLANE_ANGLE_UNIT ( ) SI_UNIT ( $, .RADIAN. ) );
#3815 = CARTESIAN_POINT ( 'NONE',  ( 7.799999999999992717, 4.000000000000000888, 9.950000000000002842 ) ) ;
#3816 = EDGE_LOOP ( 'NONE', ( #4803, #3086, #3766, #2271 ) ) ;
#3817 = DIRECTION ( 'NONE',  ( 0.0000000000000000000, 0.0000000000000000000, -1.000000000000000000 ) ) ;
#3818 = ORIENTED_EDGE ( 'NONE', *, *, #4192, .T. ) ;
#3819 = DIRECTION ( 'NONE',  ( 0.0000000000000000000, -1.000000000000000000, 0.0000000000000000000 ) ) ;
#3820 = VECTOR ( 'NONE', #1320, 1000.000000000000000 ) ;
#3821 = ORIENTED_EDGE ( 'NONE', *, *, #4847, .T. ) ;
#3822 = PRESENTATION_STYLE_ASSIGNMENT (( #3929 ) ) ;
#3823 = VECTOR ( 'NONE', #1621, 1000.000000000000000 ) ;
#3824 = PRESENTATION_STYLE_ASSIGNMENT (( #4636 ) ) ;
#3825 = ORIENTED_EDGE ( 'NONE', *, *, #5003, .F. ) ;
#3826 = VECTOR ( 'NONE', #2956, 1000.000000000000000 ) ;
#3827 = CARTESIAN_POINT ( 'NONE',  ( 1.999999999999989564, 0.0000000000000000000, 13.19999999999999929 ) ) ;
#3828 = PRODUCT_DEFINITION ( 'UNKNOWN', '', #1191, #4912 ) ;
#3829 = VERTEX_POINT ( 'NONE', #510 ) ;
#3830 = LINE ( 'NONE', #1924, #1139 ) ;
#3831 = AXIS2_PLACEMENT_3D ( 'NONE', #921, #1005, #3357 ) ;
#3832 = EDGE_CURVE ( 'NONE', #4483, #2801, #4133, .T. ) ;
#3833 = CARTESIAN_POINT ( 'NONE',  ( 27.19999999999999574, 4.000000000000002665, 10.74999999999999822 ) ) ;
#3834 = LINE ( 'NONE', #3053, #1588 ) ;
#3835 = VECTOR ( 'NONE', #28, 1000.000000000000000 ) ;
#3836 = EDGE_CURVE ( 'NONE', #4896, #2064, #615, .T. ) ;
#3837 = ORIENTED_EDGE ( 'NONE', *, *, #1863, .T. ) ;
#3838 = DIRECTION ( 'NONE',  ( 0.0000000000000000000, 0.7071067811865552333, 0.7071067811865398012 ) ) ;
#3839 = VECTOR ( 'NONE', #673, 1000.000000000000000 ) ;
#3840 = AXIS2_PLACEMENT_3D ( 'NONE', #3420, #5004, #4653 ) ;
#3841 = CARTESIAN_POINT ( 'NONE',  ( 27.19999999999999574, 0.2000000000000016487, 2.450000000000005063 ) ) ;
#3842 = FACE_OUTER_BOUND ( 'NONE', #2664, .T. ) ;
#3843 = COLOUR_RGB ( '',0.7529411764705882248, 0.7529411764705882248, 1.000000000000000000 ) ;
#3844 = CARTESIAN_POINT ( 'NONE',  ( 7.999999999999992895, 9.199999999999999289, 10.59999999999999964 ) ) ;
#3845 = CARTESIAN_POINT ( 'NONE',  ( 7.199999999999992184, 0.1999999999999993727, 2.450000000000005063 ) ) ;
#3846 = ORIENTED_EDGE ( 'NONE', *, *, #428, .F. ) ;
#3847 = CARTESIAN_POINT ( 'NONE',  ( 2.999999999999991118, 12.69999999999999929, 3.100000000000003197 ) ) ;
#3849 = AXIS2_PLACEMENT_3D ( 'NONE', #972, #3698, #2497 ) ;
#3848 = DIRECTION ( 'NONE',  ( 0.0000000000000000000, 0.7071067811865398012, 0.7071067811865552333 ) ) ;
#3850 = DIRECTION ( 'NONE',  ( 1.000000000000000000, 1.156482317317871725E-16, 0.0000000000000000000 ) ) ;
#3851 = LINE ( 'NONE', #265, #355 ) ;
#3852 = VECTOR ( 'NONE', #2682, 1000.000000000000000 ) ;
#3853 = PLANE ( 'NONE',  #60 ) ;
#3854 = EDGE_LOOP ( 'NONE', ( #4048, #4002, #1446, #1165 ) ) ;
#3855 = FILL_AREA_STYLE_COLOUR ( '', #3497 ) ;
#3856 = ORIENTED_EDGE ( 'NONE', *, *, #1292, .F. ) ;
#3857 = PRESENTATION_STYLE_ASSIGNMENT (( #5032 ) ) ;
#3858 = CARTESIAN_POINT ( 'NONE',  ( 2.999999999999991562, 9.199999999999999289, 3.100000000000003197 ) ) ;
#3859 = ORIENTED_EDGE ( 'NONE', *, *, #3697, .F. ) ;
#3860 = EDGE_CURVE ( 'NONE', #5090, #4451, #1455, .T. ) ;
#3861 = DIRECTION ( 'NONE',  ( -0.0000000000000000000, 1.000000000000000000, -0.0000000000000000000 ) ) ;
#3862 = ADVANCED_FACE ( 'NONE', ( #1548 ), #3463, .F. ) ;
#3863 = CARTESIAN_POINT ( 'NONE',  ( 5.000000000000000000, 5.687617954022318617E-16, 3.450000000000005063 ) ) ;
#3864 = FILL_AREA_STYLE ('',( #1806 ) ) ;
#3865 = PLANE ( 'NONE',  #1019 ) ;
#3866 = EDGE_CURVE ( 'NONE', #2460, #2019, #2220, .T. ) ;
#3867 = PLANE ( 'NONE',  #3036 ) ;
#3868 = LINE ( 'NONE', #3845, #4323 ) ;
#3869 = ORIENTED_EDGE ( 'NONE', *, *, #4964, .F. ) ;
#3870 = ADVANCED_FACE ( 'NONE', ( #2703 ), #3875, .F. ) ;
#3871 = ORIENTED_EDGE ( 'NONE', *, *, #4961, .F. ) ;
#3872 = FILL_AREA_STYLE_COLOUR ( '', #3426 ) ;
#3873 = PRESENTATION_STYLE_ASSIGNMENT (( #2315 ) ) ;
#3874 = ORIENTED_EDGE ( 'NONE', *, *, #4691, .F. ) ;
#3875 = PLANE ( 'NONE',  #4591 ) ;
#3876 = CARTESIAN_POINT ( 'NONE',  ( 12.79999999999999361, 0.1999999999999999278, 9.950000000000002842 ) ) ;
#3877 = PLANE ( 'NONE',  #108 ) ;
#3878 = LINE ( 'NONE', #3904, #1825 ) ;
#3879 = LINE ( 'NONE', #268, #1929 ) ;
#3880 = ORIENTED_EDGE ( 'NONE', *, *, #4408, .F. ) ;
#3881 = SURFACE_STYLE_FILL_AREA ( #243 ) ;
#3882 = UNCERTAINTY_MEASURE_WITH_UNIT (LENGTH_MEASURE( 1.000000000000000082E-05 ), #117, 'distance_accuracy_value', 'NONE');
#3883 = ORIENTED_EDGE ( 'NONE', *, *, #1628, .T. ) ;
#3884 = EDGE_LOOP ( 'NONE', ( #4959, #3004, #2503, #2387 ) ) ;
#3885 = PLANE ( 'NONE',  #2076 ) ;
#3886 = VERTEX_POINT ( 'NONE', #1887 ) ;
#3887 = AXIS2_PLACEMENT_3D ( 'NONE', #3116, #1155, #368 ) ;
#3888 = LINE ( 'NONE', #2306, #2566 ) ;
#3889 = COLOUR_RGB ( '',0.7529411764705882248, 0.7529411764705882248, 0.7529411764705882248 ) ;
#3890 = LINE ( 'NONE', #1519, #1009 ) ;
#3891 = CARTESIAN_POINT ( 'NONE',  ( 27.99999999999999289, 13.20000000000000284, 10.59999999999999964 ) ) ;
#3892 = ADVANCED_FACE ( 'NONE', ( #642 ), #2248, .F. ) ;
#3893 =( NAMED_UNIT ( * ) PLANE_ANGLE_UNIT ( ) SI_UNIT ( $, .RADIAN. ) );
#3894 = CIRCLE ( 'NONE', #2221, 0.2500000000000002220 ) ;
#3895 = DIRECTION ( 'NONE',  ( 1.000000000000000000, -0.0000000000000000000, -0.0000000000000000000 ) ) ;
#3896 = ORIENTED_EDGE ( 'NONE', *, *, #3960, .T. ) ;
#3897 = CYLINDRICAL_SURFACE ( 'NONE', #3840, 1.600000000000001643 ) ;
#3898 = ORIENTED_EDGE ( 'NONE', *, *, #4474, .T. ) ;
#3899 = PLANE ( 'NONE',  #2986 ) ;
#3900 = ADVANCED_FACE ( 'NONE', ( #2014 ), #4859, .F. ) ;
#3901 = EDGE_CURVE ( 'NONE', #3419, #366, #4365, .T. ) ;
#3902 = DIRECTION ( 'NONE',  ( 1.000000000000000000, 0.0000000000000000000, 0.0000000000000000000 ) ) ;
#3903 = PLANE ( 'NONE',  #3206 ) ;
#3904 = CARTESIAN_POINT ( 'NONE',  ( 2.399999999999993250, 0.3999999999999969691, 2.650000000000007905 ) ) ;
#3905 = AXIS2_PLACEMENT_3D ( 'NONE', #711, #693, #3037 ) ;
#3906 = VERTEX_POINT ( 'NONE', #3623 ) ;
#3907 = ORIENTED_EDGE ( 'NONE', *, *, #4786, .F. ) ;
#3908 = PLANE ( 'NONE',  #4226 ) ;
#3909 = VECTOR ( 'NONE', #3543, 1000.000000000000000 ) ;
#3910 = ORIENTED_EDGE ( 'NONE', *, *, #2700, .F. ) ;
#3911 = CARTESIAN_POINT ( 'NONE',  ( 12.79999999999999361, 4.000000000000000888, 9.950000000000002842 ) ) ;
#3912 = DIRECTION ( 'NONE',  ( -1.000000000000000000, 0.0000000000000000000, 0.0000000000000000000 ) ) ;
#3913 = ORIENTED_EDGE ( 'NONE', *, *, #3966, .T. ) ;
#3914 = VECTOR ( 'NONE', #592, 1000.000000000000000 ) ;
#3915 = STYLED_ITEM ( 'NONE', ( #359 ), #2590 ) ;
#3916 = DIRECTION ( 'NONE',  ( -0.0000000000000000000, -1.000000000000000000, -0.0000000000000000000 ) ) ;
#3917 = VECTOR ( 'NONE', #4698, 1000.000000000000000 ) ;
#3918 = ORIENTED_EDGE ( 'NONE', *, *, #1185, .F. ) ;
#3919 = PLANE ( 'NONE',  #4675 ) ;
#3920 = CARTESIAN_POINT ( 'NONE',  ( 27.19999999999999574, 4.000000000000002665, 9.950000000000002842 ) ) ;
#3921 = VECTOR ( 'NONE', #4882, 1000.000000000000000 ) ;
#3922 = AXIS2_PLACEMENT_3D ( 'NONE', #1239, #4760, #1988 ) ;
#3923 = EDGE_LOOP ( 'NONE', ( #2033, #3178, #2124, #3207 ) ) ;
#3924 = DIRECTION ( 'NONE',  ( 0.0000000000000000000, -0.0000000000000000000, -1.000000000000000000 ) ) ;
#3925 = VERTEX_POINT ( 'NONE', #1266 ) ;
#3926 = CARTESIAN_POINT ( 'NONE',  ( 27.99999999999999289, 13.20000000000000284, 10.59999999999999964 ) ) ;
#3927 = SURFACE_STYLE_USAGE ( .BOTH. , #5007 ) ;
#3928 = VERTEX_POINT ( 'NONE', #3601 ) ;
#3929 = SURFACE_STYLE_USAGE ( .BOTH. , #2316 ) ;
#3930 = COLOUR_RGB ( '',0.7529411764705882248, 0.7529411764705882248, 1.000000000000000000 ) ;
#3931 = SHAPE_DEFINITION_REPRESENTATION ( #5133, #2669 ) ;
#3932 = FACE_OUTER_BOUND ( 'NONE', #2855, .T. ) ;
#3933 = DIRECTION ( 'NONE',  ( -0.0000000000000000000, -0.0000000000000000000, -1.000000000000000000 ) ) ;
#3934 = ADVANCED_FACE ( 'NONE', ( #2372 ), #1578, .T. ) ;
#3935 = CARTESIAN_POINT ( 'NONE',  ( 7.999999999999991118, 13.19999999999999929, 10.59999999999999964 ) ) ;
#3936 = EDGE_CURVE ( 'NONE', #4019, #3137, #4003, .T. ) ;
#3937 = ORIENTED_EDGE ( 'NONE', *, *, #1732, .F. ) ;
#3938 = UNCERTAINTY_MEASURE_WITH_UNIT (LENGTH_MEASURE( 1.000000000000000082E-05 ), #641, 'distance_accuracy_value', 'NONE');
#3939 = ORIENTED_EDGE ( 'NONE', *, *, #5082, .F. ) ;
#3940 = AXIS2_PLACEMENT_3D ( 'NONE', #4227, #253, #2652 ) ;
#3941 = EDGE_CURVE ( 'NONE', #689, #2847, #3188, .T. ) ;
#3942 = ORIENTED_EDGE ( 'NONE', *, *, #169, .F. ) ;
#3943 = LINE ( 'NONE', #1173, #3482 ) ;
#3944 = DIRECTION ( 'NONE',  ( 0.0000000000000000000, 0.0000000000000000000, 1.000000000000000000 ) ) ;
#3945 = CARTESIAN_POINT ( 'NONE',  ( 26.99999999999999289, 13.20000000000000284, 2.600000000000003197 ) ) ;
#3946 = CARTESIAN_POINT ( 'NONE',  ( 27.79999999999999361, 4.000000000000002665, 9.950000000000002842 ) ) ;
#3947 = PLANE ( 'NONE',  #817 ) ;
#3948 = FACE_OUTER_BOUND ( 'NONE', #2288, .T. ) ;
#3949 = VERTEX_POINT ( 'NONE', #1233 ) ;
#3950 = FACE_OUTER_BOUND ( 'NONE', #4150, .T. ) ;
#3951 = LINE ( 'NONE', #1150, #3739 ) ;
#3952 = FILL_AREA_STYLE_COLOUR ( '', #4987 ) ;
#3953 = FILL_AREA_STYLE ('',( #3466 ) ) ;
#3954 = CARTESIAN_POINT ( 'NONE',  ( 7.999999999999991118, 13.19999999999999929, 3.100000000000003197 ) ) ;
#3955 = SURFACE_SIDE_STYLE ('',( #2018 ) ) ;
#3956 =( NAMED_UNIT ( * ) SI_UNIT ( $, .STERADIAN. ) SOLID_ANGLE_UNIT ( ) );
#3957 = LINE ( 'NONE', #3193, #474 ) ;
#3958 =( NAMED_UNIT ( * ) SI_UNIT ( $, .STERADIAN. ) SOLID_ANGLE_UNIT ( ) );
#3959 = VERTEX_POINT ( 'NONE', #367 ) ;
#3960 = EDGE_CURVE ( 'NONE', #4446, #4189, #2345, .T. ) ;
#3961 = CARTESIAN_POINT ( 'NONE',  ( 2.799999999999991829, 4.000000000000000000, 2.450000000000005063 ) ) ;
#3962 = ADVANCED_FACE ( 'NONE', ( #4423 ), #4031, .F. ) ;
#3963 = FACE_BOUND ( 'NONE', #1983, .T. ) ;
#3964 = ORIENTED_EDGE ( 'NONE', *, *, #1029, .F. ) ;
#3965 = DIRECTION ( 'NONE',  ( -0.0000000000000000000, -0.0000000000000000000, 1.000000000000000000 ) ) ;
#3966 = EDGE_CURVE ( 'NONE', #2830, #1331, #4899, .T. ) ;
#3967 = SURFACE_SIDE_STYLE ('',( #5084 ) ) ;
#3968 = LINE ( 'NONE', #3205, #844 ) ;
#3969 = ORIENTED_EDGE ( 'NONE', *, *, #2834, .F. ) ;
#3970 = ADVANCED_FACE ( 'NONE', ( #4179 ), #2556, .F. ) ;
#3971 = CARTESIAN_POINT ( 'NONE',  ( 11.99999999999999289, 9.200000000000001066, 10.09999999999999964 ) ) ;
#3972 = CARTESIAN_POINT ( 'NONE',  ( 27.99999999999999289, 13.20000000000000284, 2.600000000000003197 ) ) ;
#3973 = CARTESIAN_POINT ( 'NONE',  ( 2.999999999999991118, 12.69999999999999929, 2.600000000000003197 ) ) ;
#3974 = CARTESIAN_POINT ( 'NONE',  ( 27.79999999999999005, 4.000000000000002665, 3.250000000000002220 ) ) ;
#3975 = STYLED_ITEM ( 'NONE', ( #48 ), #518 ) ;
#3976 = CARTESIAN_POINT ( 'NONE',  ( 27.46666666666666501, 0.4666666666666661190, 2.983333333333331616 ) ) ;
#3977 = VERTEX_POINT ( 'NONE', #3784 ) ;
#3978 = CARTESIAN_POINT ( 'NONE',  ( 19.99999999999999645, 3.000000000000000000, 6.599999999999999645 ) ) ;
#3979 = DIRECTION ( 'NONE',  ( 0.0000000000000000000, -0.0000000000000000000, 1.000000000000000000 ) ) ;
#3980 = DIRECTION ( 'NONE',  ( 0.0000000000000000000, 1.000000000000000000, 0.0000000000000000000 ) ) ;
#3981 = VECTOR ( 'NONE', #5066, 1000.000000000000000 ) ;
#3982 = DIRECTION ( 'NONE',  ( -1.000000000000000000, 0.0000000000000000000, 0.0000000000000000000 ) ) ;
#3983 = DIRECTION ( 'NONE',  ( 0.0000000000000000000, 1.000000000000000000, 0.0000000000000000000 ) ) ;
#3984 = ORIENTED_EDGE ( 'NONE', *, *, #353, .T. ) ;
#3985 = PLANE ( 'NONE',  #3922 ) ;
#3986 = UNCERTAINTY_MEASURE_WITH_UNIT (LENGTH_MEASURE( 1.000000000000000082E-05 ), #2144, 'distance_accuracy_value', 'NONE');
#3987 = DIRECTION ( 'NONE',  ( -1.000000000000000000, 0.0000000000000000000, 0.0000000000000000000 ) ) ;
#3988 = MECHANICAL_DESIGN_GEOMETRIC_PRESENTATION_REPRESENTATION (  '', ( #1484 ), #1227 ) ;
#3989 = DIRECTION ( 'NONE',  ( 0.0000000000000000000, -1.000000000000000000, 0.0000000000000000000 ) ) ;
#3990 = EDGE_CURVE ( 'NONE', #689, #4492, #3279, .T. ) ;
#3991 = EDGE_LOOP ( 'NONE', ( #5110, #3918, #3514, #4124 ) ) ;
#3992 = CARTESIAN_POINT ( 'NONE',  ( 2.499999999999992006, 12.69999999999999929, 2.850000000000003642 ) ) ;
#3993 = ADVANCED_FACE ( 'NONE', ( #2605 ), #3919, .T. ) ;
#3994 = EDGE_CURVE ( 'NONE', #3928, #4829, #234, .T. ) ;
#3996 = COLOUR_RGB ( '',0.7529411764705882248, 0.7529411764705882248, 0.7529411764705882248 ) ;
#3995 = LINE ( 'NONE', #3945, #3674 ) ;
#3997 = LINE ( 'NONE', #2009, #2891 ) ;
#3998 = CIRCLE ( 'NONE', #1752, 1.000000000000000888 ) ;
#3999 = VERTEX_POINT ( 'NONE', #2626 ) ;
#4000 = LINE ( 'NONE', #5097, #2837 ) ;
#4001 = CARTESIAN_POINT ( 'NONE',  ( 27.19999999999999574, 4.000000000000002665, 2.450000000000005063 ) ) ;
#4002 = ORIENTED_EDGE ( 'NONE', *, *, #3671, .T. ) ;
#4003 = LINE ( 'NONE', #1984, #5060 ) ;
#4004 = COLOUR_RGB ( '',0.7529411764705882248, 0.7529411764705882248, 0.7529411764705882248 ) ;
#4005 = AXIS2_PLACEMENT_3D ( 'NONE', #450, #161, #130 ) ;
#4006 = CARTESIAN_POINT ( 'NONE',  ( 2.799999999999993161, 0.1999999999999987899, 10.74999999999999822 ) ) ;
#4007 = ORIENTED_EDGE ( 'NONE', *, *, #2636, .T. ) ;
#4008 = PRESENTATION_STYLE_ASSIGNMENT (( #1939 ) ) ;
#4009 = MECHANICAL_DESIGN_GEOMETRIC_PRESENTATION_REPRESENTATION (  '', ( #4262 ), #1760 ) ;
#4010 = CARTESIAN_POINT ( 'NONE',  ( 6.999999999999990230, 5.687617954022318617E-16, 10.94999999999999929 ) ) ;
#4011 = COLOUR_RGB ( '',0.7529411764705882248, 0.7529411764705882248, 0.7529411764705882248 ) ;
#4012 = CARTESIAN_POINT ( 'NONE',  ( 7.399999999999993250, 0.3999999999999975242, 2.650000000000007905 ) ) ;
#4013 =( NAMED_UNIT ( * ) SI_UNIT ( $, .STERADIAN. ) SOLID_ANGLE_UNIT ( ) );
#4014 = ORIENTED_EDGE ( 'NONE', *, *, #2456, .F. ) ;
#4015 = COLOUR_RGB ( '',0.7529411764705882248, 0.7529411764705882248, 0.7529411764705882248 ) ;
#4016 = LINE ( 'NONE', #3157, #3318 ) ;
#4017 = FACE_OUTER_BOUND ( 'NONE', #1010, .T. ) ;
#4018 = PLANE ( 'NONE',  #311 ) ;
#4019 = VERTEX_POINT ( 'NONE', #1465 ) ;
#4020 = PLANE ( 'NONE',  #1242 ) ;
#4021 = FILL_AREA_STYLE_COLOUR ( '', #5079 ) ;
#4022 = VECTOR ( 'NONE', #5114, 1000.000000000000227 ) ;
#4023 = ADVANCED_FACE ( 'NONE', ( #4229 ), #1068, .T. ) ;
#4024 = EDGE_CURVE ( 'NONE', #4091, #3345, #3299, .T. ) ;
#4025 = DIRECTION ( 'NONE',  ( -0.0000000000000000000, -1.000000000000000000, -0.0000000000000000000 ) ) ;
#4026 = FACE_OUTER_BOUND ( 'NONE', #950, .T. ) ;
#4027 = ORIENTED_EDGE ( 'NONE', *, *, #4877, .T. ) ;
#4028 = DIRECTION ( 'NONE',  ( 0.0000000000000000000, -1.000000000000000000, 0.0000000000000000000 ) ) ;
#4029 = DIRECTION ( 'NONE',  ( 0.0000000000000000000, 0.0000000000000000000, -1.000000000000000000 ) ) ;
#4030 = ORIENTED_EDGE ( 'NONE', *, *, #1381, .T. ) ;
#4031 = PLANE ( 'NONE',  #4830 ) ;
#4032 = CARTESIAN_POINT ( 'NONE',  ( 1.999999999999990452, 12.69999999999999929, 2.600000000000003197 ) ) ;
#4033 = ORIENTED_EDGE ( 'NONE', *, *, #3860, .F. ) ;
#4034 = DIRECTION ( 'NONE',  ( 1.156482317317871725E-16, -1.000000000000000000, -0.0000000000000000000 ) ) ;
#4035 = LINE ( 'NONE', #426, #1339 ) ;
#4036 = FILL_AREA_STYLE ('',( #3195 ) ) ;
#4037 = CARTESIAN_POINT ( 'NONE',  ( 2.799999999999993161, 4.000000000000000000, 10.74999999999999822 ) ) ;
#4038 = SURFACE_SIDE_STYLE ('',( #2485 ) ) ;
#4039 = ORIENTED_EDGE ( 'NONE', *, *, #2483, .F. ) ;
#4040 = ORIENTED_EDGE ( 'NONE', *, *, #3106, .F. ) ;
#4041 = DIRECTION ( 'NONE',  ( -1.000000000000000000, 0.0000000000000000000, -0.0000000000000000000 ) ) ;
#4042 = DIRECTION ( 'NONE',  ( -1.000000000000000000, 0.0000000000000000000, 0.0000000000000000000 ) ) ;
#4043 =( LENGTH_UNIT ( ) NAMED_UNIT ( * ) SI_UNIT ( .MILLI., .METRE. ) );
#4044 = CARTESIAN_POINT ( 'NONE',  ( 26.99999999999999289, 13.20000000000000284, 10.59999999999999964 ) ) ;
#4045 = PLANE ( 'NONE',  #2993 ) ;
#4046 = PLANE ( 'NONE',  #910 ) ;
#4047 = CLOSED_SHELL ( 'NONE', ( #3508, #3415, #2787, #518, #164, #2692 ) ) ;
#4048 = ORIENTED_EDGE ( 'NONE', *, *, #2488, .T. ) ;
#4049 = DIRECTION ( 'NONE',  ( -0.0000000000000000000, -0.0000000000000000000, -1.000000000000000000 ) ) ;
#4050 = EDGE_CURVE ( 'NONE', #1280, #2452, #3725, .T. ) ;
#4051 =( LENGTH_UNIT ( ) NAMED_UNIT ( * ) SI_UNIT ( .MILLI., .METRE. ) );
#4052 = VECTOR ( 'NONE', #2945, 1000.000000000000227 ) ;
#4053 = CARTESIAN_POINT ( 'NONE',  ( 27.79999999999999005, 4.000000000000002665, 2.450000000000005063 ) ) ;
#4054 = EDGE_LOOP ( 'NONE', ( #938, #3883, #3812, #1302, #1100 ) ) ;
#4055 = DIRECTION ( 'NONE',  ( -1.000000000000000000, -1.156482317317871725E-16, 0.0000000000000000000 ) ) ;
#4056 = ADVANCED_FACE ( 'NONE', ( #1698 ), #2131, .F. ) ;
#4057 = ORIENTED_EDGE ( 'NONE', *, *, #2102, .T. ) ;
#4058 = COLOUR_RGB ( '',0.7529411764705882248, 0.7529411764705882248, 1.000000000000000000 ) ;
#4059 = EDGE_CURVE ( 'NONE', #1346, #1555, #113, .T. ) ;
#4060 =( NAMED_UNIT ( * ) PLANE_ANGLE_UNIT ( ) SI_UNIT ( $, .RADIAN. ) );
#4061 = SURFACE_SIDE_STYLE ('',( #1085 ) ) ;
#4062 = DIRECTION ( 'NONE',  ( 0.0000000000000000000, 0.0000000000000000000, -1.000000000000000000 ) ) ;
#4063 = STYLED_ITEM ( 'NONE', ( #3857 ), #762 ) ;
#4064 = ORIENTED_EDGE ( 'NONE', *, *, #831, .T. ) ;
#4065 = LINE ( 'NONE', #466, #3375 ) ;
#4066 = CARTESIAN_POINT ( 'NONE',  ( 15.00000000000000000, 9.200000000000001066, 13.19999999999999929 ) ) ;
#4067 = CARTESIAN_POINT ( 'NONE',  ( 12.99999999999999289, 13.20000000000000107, 10.59999999999999964 ) ) ;
#4068 = FACE_OUTER_BOUND ( 'NONE', #3234, .T. ) ;
#4069 = CIRCLE ( 'NONE', #1819, 0.2500000000000002220 ) ;
#4070 = ORIENTED_EDGE ( 'NONE', *, *, #4148, .T. ) ;
#4071 =( LENGTH_UNIT ( ) NAMED_UNIT ( * ) SI_UNIT ( .MILLI., .METRE. ) );
#4072 = VECTOR ( 'NONE', #3673, 1000.000000000000000 ) ;
#4073 = ORIENTED_EDGE ( 'NONE', *, *, #1112, .T. ) ;
#4074 =( NAMED_UNIT ( * ) SI_UNIT ( $, .STERADIAN. ) SOLID_ANGLE_UNIT ( ) );
#4075 =( GEOMETRIC_REPRESENTATION_CONTEXT ( 3 ) GLOBAL_UNCERTAINTY_ASSIGNED_CONTEXT ( ( #3661 ) ) GLOBAL_UNIT_ASSIGNED_CONTEXT ( ( #2829, #3249, #4826 ) ) REPRESENTATION_CONTEXT ( 'NONE', 'WORKASPACE' ) );
#4076 = PLANE ( 'NONE',  #4735 ) ;
#4077 = ORIENTED_EDGE ( 'NONE', *, *, #1823, .F. ) ;
#4078 = PRODUCT_RELATED_PRODUCT_CATEGORY ( 'part', '', ( #2357 ) ) ;
#4079 = CARTESIAN_POINT ( 'NONE',  ( 30.49999999999998579, 9.200000000000002842, 7.849999999999999645 ) ) ;
#4080 = DIRECTION ( 'NONE',  ( 0.0000000000000000000, -1.000000000000000000, 0.0000000000000000000 ) ) ;
#4081 = FILL_AREA_STYLE_COLOUR ( '', #1587 ) ;
#4082 = MECHANICAL_DESIGN_GEOMETRIC_PRESENTATION_REPRESENTATION (  '', ( #1995 ), #3408 ) ;
#4083 = CARTESIAN_POINT ( 'NONE',  ( 26.99999999999999289, 2.843808977011159604E-15, 10.94999999999999929 ) ) ;
#4084 = EDGE_CURVE ( 'NONE', #3886, #542, #3327, .T. ) ;
#4085 = SURFACE_STYLE_USAGE ( .BOTH. , #459 ) ;
#4086 = COLOUR_RGB ( '',0.7529411764705882248, 0.7529411764705882248, 0.7529411764705882248 ) ;
#4087 = VECTOR ( 'NONE', #1229, 1000.000000000000000 ) ;
#4088 = EDGE_CURVE ( 'NONE', #1247, #2278, #3010, .T. ) ;
#4089 = ORIENTED_EDGE ( 'NONE', *, *, #556, .T. ) ;
#4090 = CARTESIAN_POINT ( 'NONE',  ( 15.00000000000000000, 4.200000000000001066, 0.0000000000000000000 ) ) ;
#4091 = VERTEX_POINT ( 'NONE', #682 ) ;
#4092 =( LENGTH_UNIT ( ) NAMED_UNIT ( * ) SI_UNIT ( .MILLI., .METRE. ) );
#4093 = EDGE_CURVE ( 'NONE', #4896, #2328, #3407, .T. ) ;
#4094 = LINE ( 'NONE', #3694, #1074 ) ;
#4095 = PRESENTATION_LAYER_ASSIGNMENT (  '', '', ( #3241 ) ) ;
#4096 = CARTESIAN_POINT ( 'NONE',  ( 2.199999999999992628, 4.000000000000000000, 10.74999999999999822 ) ) ;
#4097 = VECTOR ( 'NONE', #3444, 1000.000000000000000 ) ;
#4098 = LINE ( 'NONE', #498, #4241 ) ;
#4099 = ORIENTED_EDGE ( 'NONE', *, *, #4994, .F. ) ;
#4100 = COLOUR_RGB ( '',0.7529411764705882248, 0.7529411764705882248, 0.7529411764705882248 ) ;
#4101 = PLANE ( 'NONE',  #1991 ) ;
#4102 = VERTEX_POINT ( 'NONE', #3509 ) ;
#4103 = DIRECTION ( 'NONE',  ( 1.000000000000000000, -0.0000000000000000000, 0.0000000000000000000 ) ) ;
#4104 = CARTESIAN_POINT ( 'NONE',  ( 27.99999999999999645, 2.843808977011159604E-15, 2.250000000000001776 ) ) ;
#4105 = ORIENTED_EDGE ( 'NONE', *, *, #3866, .F. ) ;
#4106 = PRESENTATION_STYLE_ASSIGNMENT (( #3524 ) ) ;
#4107 = CARTESIAN_POINT ( 'NONE',  ( 12.19999999999999218, 4.000000000000000888, 2.450000000000005063 ) ) ;
#4108 = LINE ( 'NONE', #508, #1910 ) ;
#4109 = ORIENTED_EDGE ( 'NONE', *, *, #1384, .T. ) ;
#4110 = CARTESIAN_POINT ( 'NONE',  ( 2.799999999999991829, 4.000000000000000000, 3.250000000000002220 ) ) ;
#4111 =( NAMED_UNIT ( * ) PLANE_ANGLE_UNIT ( ) SI_UNIT ( $, .RADIAN. ) );
#4112 = DIRECTION ( 'NONE',  ( 0.0000000000000000000, -1.000000000000000000, 0.0000000000000000000 ) ) ;
#4113 = MANIFOLD_SOLID_BREP ( 'LPattern1[1]', #787 ) ;
#4114 = ORIENTED_EDGE ( 'NONE', *, *, #494, .T. ) ;
#4115 = CARTESIAN_POINT ( 'NONE',  ( 29.50000000000000000, 9.200000000000004619, 13.19999999999999929 ) ) ;
#4116 = DIRECTION ( 'NONE',  ( 0.0000000000000000000, 0.0000000000000000000, -1.000000000000000000 ) ) ;
#4117 = EDGE_CURVE ( 'NONE', #2727, #2189, #1559, .T. ) ;
#4118 = EDGE_LOOP ( 'NONE', ( #3735, #4690, #3846, #4738 ) ) ;
#4119 = DIRECTION ( 'NONE',  ( -0.0000000000000000000, -1.000000000000000000, -0.0000000000000000000 ) ) ;
#4120 = EDGE_CURVE ( 'NONE', #1871, #4162, #3554, .T. ) ;
#4121 = DIRECTION ( 'NONE',  ( 1.000000000000000000, 0.0000000000000000000, 0.0000000000000000000 ) ) ;
#4122 = FACE_OUTER_BOUND ( 'NONE', #2969, .T. ) ;
#4123 = ADVANCED_FACE ( 'NONE', ( #4017 ), #1998, .F. ) ;
#4124 = ORIENTED_EDGE ( 'NONE', *, *, #1448, .F. ) ;
#4125 = SURFACE_STYLE_FILL_AREA ( #2964 ) ;
#4126 = DIRECTION ( 'NONE',  ( 1.156482317317871725E-16, -1.000000000000000000, -0.0000000000000000000 ) ) ;
#4127 = CARTESIAN_POINT ( 'NONE',  ( 12.79999999999999361, 0.1999999999999999278, 10.74999999999999822 ) ) ;
#4128 = EDGE_LOOP ( 'NONE', ( #4228, #748, #1922, #58 ) ) ;
#4129 = VECTOR ( 'NONE', #4399, 1000.000000000000000 ) ;
#4130 = DIRECTION ( 'NONE',  ( -0.7071067811865414665, 0.7071067811865536790, 0.0000000000000000000 ) ) ;
#4131 = DIRECTION ( 'NONE',  ( 0.0000000000000000000, -1.000000000000000000, 0.0000000000000000000 ) ) ;
#4132 = EDGE_LOOP ( 'NONE', ( #12, #671, #1715, #814 ) ) ;
#4133 = LINE ( 'NONE', #537, #3749 ) ;
#4134 = UNCERTAINTY_MEASURE_WITH_UNIT (LENGTH_MEASURE( 1.000000000000000082E-05 ), #5143, 'distance_accuracy_value', 'NONE');
#4135 = DIRECTION ( 'NONE',  ( 0.0000000000000000000, 0.0000000000000000000, -1.000000000000000000 ) ) ;
#4136 = FILL_AREA_STYLE ('',( #3319 ) ) ;
#4137 = UNCERTAINTY_MEASURE_WITH_UNIT (LENGTH_MEASURE( 1.000000000000000082E-05 ), #4051, 'distance_accuracy_value', 'NONE');
#4138 = EDGE_LOOP ( 'NONE', ( #998, #1436, #2314, #5067 ) ) ;
#4139 = PRESENTATION_LAYER_ASSIGNMENT (  '', '', ( #4063 ) ) ;
#4140 = DIRECTION ( 'NONE',  ( 0.0000000000000000000, -1.000000000000000000, 0.0000000000000000000 ) ) ;
#4141 = LINE ( 'NONE', #147, #2649 ) ;
#4142 = DIRECTION ( 'NONE',  ( 0.0000000000000000000, -1.000000000000000000, 0.0000000000000000000 ) ) ;
#4143 = AXIS2_PLACEMENT_3D ( 'NONE', #848, #4809, #4841 ) ;
#4144 = DIRECTION ( 'NONE',  ( -0.0000000000000000000, -1.000000000000000000, -0.0000000000000000000 ) ) ;
#4145 = DIRECTION ( 'NONE',  ( 1.156482317317871725E-16, -1.000000000000000000, -0.0000000000000000000 ) ) ;
#4146 = ORIENTED_EDGE ( 'NONE', *, *, #2952, .F. ) ;
#4147 = EDGE_CURVE ( 'NONE', #3829, #1773, #1639, .T. ) ;
#4148 = EDGE_CURVE ( 'NONE', #542, #2568, #1249, .T. ) ;
#4149 = FACE_OUTER_BOUND ( 'NONE', #2204, .T. ) ;
#4150 = EDGE_LOOP ( 'NONE', ( #2744, #2091 ) ) ;
#4151 = CARTESIAN_POINT ( 'NONE',  ( 27.79999999999999361, 0.2000000000000016487, 9.950000000000002842 ) ) ;
#4152 = CARTESIAN_POINT ( 'NONE',  ( 2.799999999999993161, 4.000000000000000000, 10.74999999999999822 ) ) ;
#4153 = ORIENTED_EDGE ( 'NONE', *, *, #4321, .F. ) ;
#4154 = DIRECTION ( 'NONE',  ( -1.000000000000000000, 0.0000000000000000000, 0.0000000000000000000 ) ) ;
#4155 = CARTESIAN_POINT ( 'NONE',  ( 29.50000000000000000, 0.0000000000000000000, 12.19999999999999929 ) ) ;
#4156 =( GEOMETRIC_REPRESENTATION_CONTEXT ( 3 ) GLOBAL_UNCERTAINTY_ASSIGNED_CONTEXT ( ( #2097 ) ) GLOBAL_UNIT_ASSIGNED_CONTEXT ( ( #587, #182, #1399 ) ) REPRESENTATION_CONTEXT ( 'NONE', 'WORKASPACE' ) );
#4157 = FILL_AREA_STYLE_COLOUR ( '', #2228 ) ;
#4158 = ORIENTED_EDGE ( 'NONE', *, *, #4024, .T. ) ;
#4159 = AXIS2_PLACEMENT_3D ( 'NONE', #2693, #3861, #1462 ) ;
#4160 = DIRECTION ( 'NONE',  ( -0.0000000000000000000, -0.0000000000000000000, -1.000000000000000000 ) ) ;
#4161 = CARTESIAN_POINT ( 'NONE',  ( 7.999999999999991118, 13.19999999999999929, 2.600000000000003197 ) ) ;
#4162 = VERTEX_POINT ( 'NONE', #306 ) ;
#4163 = VECTOR ( 'NONE', #3737, 999.9999999999998863 ) ;
#4164 = CARTESIAN_POINT ( 'NONE',  ( 26.99999999999999289, 13.20000000000000284, 2.600000000000003197 ) ) ;
#4165 = DIRECTION ( 'NONE',  ( 0.0000000000000000000, -0.0000000000000000000, 1.000000000000000000 ) ) ;
#4166 = VECTOR ( 'NONE', #1272, 1000.000000000000000 ) ;
#4167 = AXIS2_PLACEMENT_3D ( 'NONE', #5089, #1594, #2794 ) ;
#4168 = VERTEX_POINT ( 'NONE', #874 ) ;
#4169 = EDGE_LOOP ( 'NONE', ( #1230, #4219, #4827, #4991 ) ) ;
#4170 = COLOUR_RGB ( '',0.7529411764705882248, 0.7529411764705882248, 0.7529411764705882248 ) ;
#4171 = DIRECTION ( 'NONE',  ( -0.5773502691896282846, 0.5773502691896182926, 0.5773502691896308381 ) ) ;
#4172 = VECTOR ( 'NONE', #221, 1000.000000000000000 ) ;
#4173 = AXIS2_PLACEMENT_3D ( 'NONE', #4726, #4751, #3924 ) ;
#4174 = ORIENTED_EDGE ( 'NONE', *, *, #684, .F. ) ;
#4175 = MECHANICAL_DESIGN_GEOMETRIC_PRESENTATION_REPRESENTATION (  '', ( #1846 ), #1681 ) ;
#4176 = FACE_BOUND ( 'NONE', #314, .T. ) ;
#4177 = ORIENTED_EDGE ( 'NONE', *, *, #5113, .F. ) ;
#4178 = ORIENTED_EDGE ( 'NONE', *, *, #3275, .F. ) ;
#4179 = FACE_OUTER_BOUND ( 'NONE', #3121, .T. ) ;
#4180 = EDGE_CURVE ( 'NONE', #1352, #3155, #2871, .T. ) ;
#4181 = AXIS2_PLACEMENT_3D ( 'NONE', #1640, #1457, #2324 ) ;
#4182 = EDGE_CURVE ( 'NONE', #2963, #1110, #2904, .T. ) ;
#4183 = SURFACE_STYLE_USAGE ( .BOTH. , #1761 ) ;
#4184 = DIRECTION ( 'NONE',  ( 1.000000000000000000, 0.0000000000000000000, 0.0000000000000000000 ) ) ;
#4185 = AXIS2_PLACEMENT_3D ( 'NONE', #3978, #4028, #2369 ) ;
#4186 = EDGE_LOOP ( 'NONE', ( #2602, #4287, #4854, #1524 ) ) ;
#4187 = DIRECTION ( 'NONE',  ( -0.7071067811865536790, 0.7071067811865414665, 0.0000000000000000000 ) ) ;
#4188 = DIRECTION ( 'NONE',  ( -0.0000000000000000000, -0.0000000000000000000, 1.000000000000000000 ) ) ;
#4189 = VERTEX_POINT ( 'NONE', #1281 ) ;
#4190 = CARTESIAN_POINT ( 'NONE',  ( 30.49999999999998579, 9.200000000000002842, 7.849999999999999645 ) ) ;
#4191 = COLOUR_RGB ( '',0.7529411764705882248, 0.7529411764705882248, 0.7529411764705882248 ) ;
#4192 = EDGE_CURVE ( 'NONE', #603, #1251, #4511, .T. ) ;
#4193 = PLANE ( 'NONE',  #3030 ) ;
#4194 = AXIS2_PLACEMENT_3D ( 'NONE', #4891, #2051, #148 ) ;
#4195 = VERTEX_POINT ( 'NONE', #4115 ) ;
#4196 = UNCERTAINTY_MEASURE_WITH_UNIT (LENGTH_MEASURE( 1.000000000000000082E-05 ), #3254, 'distance_accuracy_value', 'NONE');
#4197 = VERTEX_POINT ( 'NONE', #2122 ) ;
#4198 = DIRECTION ( 'NONE',  ( 0.0000000000000000000, 0.0000000000000000000, -1.000000000000000000 ) ) ;
#4199 = ORIENTED_EDGE ( 'NONE', *, *, #125, .T. ) ;
#4200 = LINE ( 'NONE', #2623, #3211 ) ;
#4201 = DIRECTION ( 'NONE',  ( 0.0000000000000000000, 0.0000000000000000000, -1.000000000000000000 ) ) ;
#4202 = CARTESIAN_POINT ( 'NONE',  ( 25.00000000000000000, 4.200000000000002842, 13.19999999999999929 ) ) ;
#4203 = CARTESIAN_POINT ( 'NONE',  ( 12.79999999999999183, 4.000000000000000888, 2.450000000000005063 ) ) ;
#4204 =( NAMED_UNIT ( * ) SI_UNIT ( $, .STERADIAN. ) SOLID_ANGLE_UNIT ( ) );
#4205 = MANIFOLD_SOLID_BREP ( 'LPattern1[3]', #13 ) ;
#4206 = CARTESIAN_POINT ( 'NONE',  ( 3.353798720221823762E-16, 9.199999999999999289, 7.849999999999999645 ) ) ;
#4207 = ORIENTED_EDGE ( 'NONE', *, *, #752, .T. ) ;
#4208 = CARTESIAN_POINT ( 'NONE',  ( 15.00000000000000000, 9.200000000000001066, 13.19999999999999929 ) ) ;
#4209 = DIRECTION ( 'NONE',  ( 0.0000000000000000000, 1.000000000000000000, 0.0000000000000000000 ) ) ;
#4210 = EDGE_CURVE ( 'NONE', #2568, #4197, #3718, .T. ) ;
#4211 = ORIENTED_EDGE ( 'NONE', *, *, #491, .F. ) ;
#4212 = DIRECTION ( 'NONE',  ( 0.7071067811865414665, 0.7071067811865536790, -0.0000000000000000000 ) ) ;
#4213 = CARTESIAN_POINT ( 'NONE',  ( 0.0000000000000000000, 0.0000000000000000000, 13.19999999999999929 ) ) ;
#4214 = ADVANCED_FACE ( 'NONE', ( #4640 ), #3367, .F. ) ;
#4215 = CARTESIAN_POINT ( 'NONE',  ( 30.50000000000000000, 0.0000000000000000000, 1.000000000000000888 ) ) ;
#4216 = EDGE_CURVE ( 'NONE', #3019, #622, #1816, .T. ) ;
#4217 = ORIENTED_EDGE ( 'NONE', *, *, #5086, .F. ) ;
#4218 = MECHANICAL_DESIGN_GEOMETRIC_PRESENTATION_REPRESENTATION (  '', ( #1305 ), #94 ) ;
#4219 = ORIENTED_EDGE ( 'NONE', *, *, #2162, .F. ) ;
#4220 = SURFACE_STYLE_USAGE ( .BOTH. , #966 ) ;
#4221 = AXIS2_PLACEMENT_3D ( 'NONE', #4006, #2348, #842 ) ;
#4222 = DIRECTION ( 'NONE',  ( 0.0000000000000000000, 0.0000000000000000000, -1.000000000000000000 ) ) ;
#4223 = MANIFOLD_SOLID_BREP ( 'Alignement Circle Cut', #2864 ) ;
#4224 = ORIENTED_EDGE ( 'NONE', *, *, #3966, .F. ) ;
#4225 = DIRECTION ( 'NONE',  ( 0.0000000000000000000, 0.0000000000000000000, 1.000000000000000000 ) ) ;
#4226 = AXIS2_PLACEMENT_3D ( 'NONE', #1964, #2711, #1482 ) ;
#4227 = CARTESIAN_POINT ( 'NONE',  ( 7.999999999999991118, 13.19999999999999929, 10.59999999999999964 ) ) ;
#4228 = ORIENTED_EDGE ( 'NONE', *, *, #3697, .T. ) ;
#4229 = FACE_OUTER_BOUND ( 'NONE', #3029, .T. ) ;
#4230 = FILL_AREA_STYLE ('',( #4292 ) ) ;
#4231 =( LENGTH_UNIT ( ) NAMED_UNIT ( * ) SI_UNIT ( .MILLI., .METRE. ) );
#4232 = VECTOR ( 'NONE', #3468, 1000.000000000000000 ) ;
#4233 = CARTESIAN_POINT ( 'NONE',  ( 12.79999999999999183, 0.1999999999999999278, 3.250000000000002220 ) ) ;
#4234 = ORIENTED_EDGE ( 'NONE', *, *, #3406, .F. ) ;
#4235 = CARTESIAN_POINT ( 'NONE',  ( 2.199999999999991740, 0.1999999999999987899, 2.450000000000005063 ) ) ;
#4236 = SURFACE_SIDE_STYLE ('',( #3021 ) ) ;
#4237 = CYLINDRICAL_SURFACE ( 'NONE', #1082, 1.600000000000001643 ) ;
#4238 = DIRECTION ( 'NONE',  ( -0.0000000000000000000, -1.000000000000000000, -0.0000000000000000000 ) ) ;
#4239 = PRESENTATION_STYLE_ASSIGNMENT (( #343 ) ) ;
#4240 = SURFACE_STYLE_USAGE ( .BOTH. , #1869 ) ;
#4241 = VECTOR ( 'NONE', #3012, 1000.000000000000000 ) ;
#4242 = CARTESIAN_POINT ( 'NONE',  ( 26.99999999999999289, 9.200000000000002842, 3.100000000000003197 ) ) ;
#4243 = CARTESIAN_POINT ( 'NONE',  ( 27.79999999999999005, 0.2000000000000016487, 3.250000000000002220 ) ) ;
#4244 = ORIENTED_EDGE ( 'NONE', *, *, #2824, .F. ) ;
#4245 = VECTOR ( 'NONE', #1719, 1000.000000000000000 ) ;
#4246 = DIRECTION ( 'NONE',  ( 0.0000000000000000000, -0.0000000000000000000, 1.000000000000000000 ) ) ;
#4247 = ADVANCED_FACE ( 'NONE', ( #1844 ), #816, .F. ) ;
#4248 = UNCERTAINTY_MEASURE_WITH_UNIT (LENGTH_MEASURE( 1.000000000000000082E-05 ), #2814, 'distance_accuracy_value', 'NONE');
#4249 = VERTEX_POINT ( 'NONE', #3227 ) ;
#4250 = EDGE_CURVE ( 'NONE', #1881, #1851, #1300, .T. ) ;
#4251 =( LENGTH_UNIT ( ) NAMED_UNIT ( * ) SI_UNIT ( .MILLI., .METRE. ) );
#4252 = AXIS2_PLACEMENT_3D ( 'NONE', #2594, #4131, #3765 ) ;
#4253 = VECTOR ( 'NONE', #1757, 1000.000000000000000 ) ;
#4254 = LINE ( 'NONE', #1023, #1994 ) ;
#4255 = FACE_OUTER_BOUND ( 'NONE', #423, .T. ) ;
#4256 = AXIS2_PLACEMENT_3D ( 'NONE', #1090, #2621, #2257 ) ;
#4258 = COLOUR_RGB ( '',0.7529411764705882248, 0.7529411764705882248, 0.7529411764705882248 ) ;
#4257 = DIRECTION ( 'NONE',  ( 0.0000000000000000000, 0.0000000000000000000, 1.000000000000000000 ) ) ;
#4259 = ORIENTED_EDGE ( 'NONE', *, *, #31, .T. ) ;
#4260 = EDGE_CURVE ( 'NONE', #4387, #3368, #482, .T. ) ;
#4261 = CARTESIAN_POINT ( 'NONE',  ( 11.99999999999999289, 9.200000000000001066, 10.59999999999999964 ) ) ;
#4262 = STYLED_ITEM ( 'NONE', ( #4390 ), #3934 ) ;
#4263 = MECHANICAL_DESIGN_GEOMETRIC_PRESENTATION_REPRESENTATION (  '', ( #4676 ), #4508 ) ;
#4264 = CARTESIAN_POINT ( 'NONE',  ( 27.79999999999999005, 4.000000000000002665, 2.450000000000005063 ) ) ;
#4265 =( NAMED_UNIT ( * ) PLANE_ANGLE_UNIT ( ) SI_UNIT ( $, .RADIAN. ) );
#4266 = ORIENTED_EDGE ( 'NONE', *, *, #1001, .F. ) ;
#4267 =( NAMED_UNIT ( * ) SI_UNIT ( $, .STERADIAN. ) SOLID_ANGLE_UNIT ( ) );
#4268 = VECTOR ( 'NONE', #3102, 1000.000000000000000 ) ;
#4269 =( LENGTH_UNIT ( ) NAMED_UNIT ( * ) SI_UNIT ( .MILLI., .METRE. ) );
#4270 = CARTESIAN_POINT ( 'NONE',  ( 2.499999999999992006, 12.69999999999999929, 2.850000000000003642 ) ) ;
#4271 = EDGE_LOOP ( 'NONE', ( #598, #1531, #4628, #4105 ) ) ;
#4272 = PLANE ( 'NONE',  #3750 ) ;
#4273 = VERTEX_POINT ( 'NONE', #2606 ) ;
#4274 = AXIS2_PLACEMENT_3D ( 'NONE', #3328, #175, #1800 ) ;
#4275 = CARTESIAN_POINT ( 'NONE',  ( 19.99999999999999645, 4.200000000000000178, 6.599999999999999645 ) ) ;
#4276 = LINE ( 'NONE', #4242, #2389 ) ;
#4277 = MANIFOLD_SOLID_BREP ( 'Primary PCB Pin Extrude[2]', #1397 ) ;
#4278 = CYLINDRICAL_SURFACE ( 'NONE', #2745, 2.749999999999998224 ) ;
#4279 = VERTEX_POINT ( 'NONE', #2484 ) ;
#4280 = VECTOR ( 'NONE', #1937, 1000.000000000000000 ) ;
#4281 = VERTEX_POINT ( 'NONE', #4083 ) ;
#4282 = COLOUR_RGB ( '',0.7529411764705882248, 0.7529411764705882248, 1.000000000000000000 ) ;
#4283 = EDGE_LOOP ( 'NONE', ( #400, #3635, #3302, #3701 ) ) ;
#4284 = DIRECTION ( 'NONE',  ( 1.000000000000000000, -0.0000000000000000000, -0.0000000000000000000 ) ) ;
#4285 = DIRECTION ( 'NONE',  ( 0.7071067811865414665, 0.7071067811865536790, -0.0000000000000000000 ) ) ;
#4286 = EDGE_CURVE ( 'NONE', #1871, #1756, #484, .T. ) ;
#4287 = ORIENTED_EDGE ( 'NONE', *, *, #3695, .T. ) ;
#4288 = LINE ( 'NONE', #205, #4659 ) ;
#4289 = EDGE_CURVE ( 'NONE', #4291, #160, #2811, .T. ) ;
#4290 = ADVANCED_FACE ( 'NONE', ( #1739 ), #846, .F. ) ;
#4291 = VERTEX_POINT ( 'NONE', #1447 ) ;
#4292 = FILL_AREA_STYLE_COLOUR ( '', #1006 ) ;
#4293 = SURFACE_STYLE_FILL_AREA ( #1069 ) ;
#4294 = ORIENTED_EDGE ( 'NONE', *, *, #2645, .T. ) ;
#4295 = CARTESIAN_POINT ( 'NONE',  ( 12.19999999999999218, 0.1999999999999999278, 2.450000000000005063 ) ) ;
#4296 = PRESENTATION_STYLE_ASSIGNMENT (( #3927 ) ) ;
#4297 = DIRECTION ( 'NONE',  ( -1.000000000000000000, -1.156482317317871725E-16, 0.0000000000000000000 ) ) ;
#4298 = DIRECTION ( 'NONE',  ( -1.156482317317871725E-16, 1.000000000000000000, 0.0000000000000000000 ) ) ;
#4299 = LINE ( 'NONE', #425, #2832 ) ;
#4300 = ORIENTED_EDGE ( 'NONE', *, *, #4368, .T. ) ;
#4301 = ORIENTED_EDGE ( 'NONE', *, *, #1944, .T. ) ;
#4302 = AXIS2_PLACEMENT_3D ( 'NONE', #3229, #1613, #3176 ) ;
#4303 = ORIENTED_EDGE ( 'NONE', *, *, #4120, .F. ) ;
#4304 = CARTESIAN_POINT ( 'NONE',  ( 0.0000000000000000000, 0.0000000000000000000, 2.250000000000001776 ) ) ;
#4305 = ORIENTED_EDGE ( 'NONE', *, *, #2759, .T. ) ;
#4306 = COLOUR_RGB ( '',0.7529411764705882248, 0.7529411764705882248, 0.7529411764705882248 ) ;
#4307 = DIRECTION ( 'NONE',  ( 1.156482317317871725E-16, -1.000000000000000000, -0.0000000000000000000 ) ) ;
#4308 = PRESENTATION_LAYER_ASSIGNMENT (  '', '', ( #883 ) ) ;
#4309 = EDGE_CURVE ( 'NONE', #2681, #536, #5092, .T. ) ;
#4310 = PRESENTATION_STYLE_ASSIGNMENT (( #1521 ) ) ;
#4311 = PRESENTATION_LAYER_ASSIGNMENT (  '', '', ( #3298 ) ) ;
#4312 = ADVANCED_FACE ( 'NONE', ( #2676 ), #3865, .F. ) ;
#4313 = LINE ( 'NONE', #1543, #4890 ) ;
#4314 = ORIENTED_EDGE ( 'NONE', *, *, #1941, .T. ) ;
#4315 = FILL_AREA_STYLE_COLOUR ( '', #1675 ) ;
#4316 = ORIENTED_EDGE ( 'NONE', *, *, #8, .T. ) ;
#4317 = CARTESIAN_POINT ( 'NONE',  ( 15.00000000000000000, 9.200000000000001066, 13.19999999999999929 ) ) ;
#4318 = VERTEX_POINT ( 'NONE', #3210 ) ;
#4319 = PRESENTATION_LAYER_ASSIGNMENT (  '', '', ( #27 ) ) ;
#4320 = DIRECTION ( 'NONE',  ( 0.0000000000000000000, 0.0000000000000000000, -1.000000000000000000 ) ) ;
#4321 = EDGE_CURVE ( 'NONE', #3082, #3691, #5145, .T. ) ;
#4322 = PLANE ( 'NONE',  #5135 ) ;
#4323 = VECTOR ( 'NONE', #3418, 1000.000000000000000 ) ;
#4324 = LINE ( 'NONE', #1056, #4764 ) ;
#4325 = DIRECTION ( 'NONE',  ( 1.000000000000000000, 0.0000000000000000000, 0.0000000000000000000 ) ) ;
#4326 = VECTOR ( 'NONE', #2027, 1000.000000000000000 ) ;
#4327 = ORIENTED_EDGE ( 'NONE', *, *, #258, .F. ) ;
#4328 = LINE ( 'NONE', #1244, #1645 ) ;
#4329 = VECTOR ( 'NONE', #1799, 999.9999999999998863 ) ;
#4330 = VERTEX_POINT ( 'NONE', #4793 ) ;
#4331 = CARTESIAN_POINT ( 'NONE',  ( 12.19999999999999218, 4.000000000000000888, 3.250000000000002220 ) ) ;
#4332 = EDGE_LOOP ( 'NONE', ( #3612, #4954, #3896, #1472 ) ) ;
#4333 =( GEOMETRIC_REPRESENTATION_CONTEXT ( 3 ) GLOBAL_UNCERTAINTY_ASSIGNED_CONTEXT ( ( #1585 ) ) GLOBAL_UNIT_ASSIGNED_CONTEXT ( ( #1168, #2991, #663 ) ) REPRESENTATION_CONTEXT ( 'NONE', 'WORKASPACE' ) );
#4334 = CARTESIAN_POINT ( 'NONE',  ( 14.99999999999999112, 4.400000000000002132, 7.849999999999999645 ) ) ;
#4335 = DIRECTION ( 'NONE',  ( -0.5773502691896290617, 0.5773502691896190697, -0.5773502691896290617 ) ) ;
#4336 = CARTESIAN_POINT ( 'NONE',  ( 29.50000000000000000, 9.200000000000004619, 13.19999999999999929 ) ) ;
#4337 = VECTOR ( 'NONE', #1763, 1000.000000000000000 ) ;
#4338 = CARTESIAN_POINT ( 'NONE',  ( 27.79999999999999361, 0.2000000000000016487, 9.950000000000002842 ) ) ;
#4339 = SURFACE_SIDE_STYLE ('',( #1253 ) ) ;
#4340 = VECTOR ( 'NONE', #2538, 1000.000000000000000 ) ;
#4341 = CARTESIAN_POINT ( 'NONE',  ( 6.999999999999990230, 13.19999999999999929, 3.100000000000003197 ) ) ;
#4342 = CARTESIAN_POINT ( 'NONE',  ( 0.0000000000000000000, 9.199999999999999289, 13.19999999999999929 ) ) ;
#4343 = ADVANCED_FACE ( 'NONE', ( #799 ), #4822, .F. ) ;
#4344 = EDGE_LOOP ( 'NONE', ( #4364, #3354, #4615, #5052 ) ) ;
#4345 = PLANE ( 'NONE',  #4523 ) ;
#4346 = FACE_OUTER_BOUND ( 'NONE', #4687, .T. ) ;
#4347 = ORIENTED_EDGE ( 'NONE', *, *, #791, .F. ) ;
#4348 = EDGE_CURVE ( 'NONE', #2830, #333, #4413, .T. ) ;
#4349 =( NAMED_UNIT ( * ) SI_UNIT ( $, .STERADIAN. ) SOLID_ANGLE_UNIT ( ) );
#4350 = DIRECTION ( 'NONE',  ( -0.7071067811865536790, 0.7071067811865414665, 0.0000000000000000000 ) ) ;
#4351 =( GEOMETRIC_REPRESENTATION_CONTEXT ( 3 ) GLOBAL_UNCERTAINTY_ASSIGNED_CONTEXT ( ( #136 ) ) GLOBAL_UNIT_ASSIGNED_CONTEXT ( ( #15, #4774, #1202 ) ) REPRESENTATION_CONTEXT ( 'NONE', 'WORKASPACE' ) );
#4352 = CARTESIAN_POINT ( 'NONE',  ( 30.49999999999998579, 4.400000000000003908, 7.849999999999999645 ) ) ;
#4353 = CARTESIAN_POINT ( 'NONE',  ( 2.199999999999992628, 4.000000000000000000, 9.950000000000002842 ) ) ;
#4354 = ORIENTED_EDGE ( 'NONE', *, *, #524, .F. ) ;
#4355 = ADVANCED_FACE ( 'NONE', ( #1646 ), #2826, .T. ) ;
#4356 = DIRECTION ( 'NONE',  ( 1.000000000000000000, 0.0000000000000000000, 0.0000000000000000000 ) ) ;
#4357 = PRESENTATION_LAYER_ASSIGNMENT (  '', '', ( #2016 ) ) ;
#4358 = FILL_AREA_STYLE_COLOUR ( '', #3236 ) ;
#4359 = ORIENTED_EDGE ( 'NONE', *, *, #2450, .F. ) ;
#4360 = LINE ( 'NONE', #1564, #116 ) ;
#4361 = CARTESIAN_POINT ( 'NONE',  ( 7.999999999999992895, 9.199999999999999289, 10.09999999999999964 ) ) ;
#4362 = PLANE ( 'NONE',  #4173 ) ;
#4363 = FACE_BOUND ( 'NONE', #4501, .T. ) ;
#4364 = ORIENTED_EDGE ( 'NONE', *, *, #2068, .T. ) ;
#4365 = LINE ( 'NONE', #2448, #2412 ) ;
#4366 = LINE ( 'NONE', #3654, #204 ) ;
#4367 = VERTEX_POINT ( 'NONE', #4851 ) ;
#4368 = EDGE_CURVE ( 'NONE', #908, #4778, #3995, .T. ) ;
#4369 = LINE ( 'NONE', #3628, #917 ) ;
#4370 = ORIENTED_EDGE ( 'NONE', *, *, #2098, .T. ) ;
#4371 =( LENGTH_UNIT ( ) NAMED_UNIT ( * ) SI_UNIT ( .MILLI., .METRE. ) );
#4372 = ADVANCED_FACE ( 'NONE', ( #2420 ), #768, .F. ) ;
#4373 = CARTESIAN_POINT ( 'NONE',  ( 27.19999999999999574, 4.000000000000002665, 9.950000000000002842 ) ) ;
#4374 = CARTESIAN_POINT ( 'NONE',  ( 5.000000000000000000, 5.687617954022318617E-16, 9.750000000000000000 ) ) ;
#4375 = ADVANCED_FACE ( 'NONE', ( #2769 ), #386, .F. ) ;
#4376 = PLANE ( 'NONE',  #4978 ) ;
#4377 = ORIENTED_EDGE ( 'NONE', *, *, #1941, .F. ) ;
#4378 = CARTESIAN_POINT ( 'NONE',  ( 7.999999999999991118, 13.19999999999999929, 10.09999999999999964 ) ) ;
#4379 = FACE_OUTER_BOUND ( 'NONE', #3854, .T. ) ;
#4380 = ORIENTED_EDGE ( 'NONE', *, *, #2935, .T. ) ;
#4381 = COLOUR_RGB ( '',0.7529411764705882248, 0.7529411764705882248, 0.7529411764705882248 ) ;
#4382 = FACE_OUTER_BOUND ( 'NONE', #4554, .T. ) ;
#4383 = DIRECTION ( 'NONE',  ( 0.0000000000000000000, 0.0000000000000000000, -1.000000000000000000 ) ) ;
#4384 = VECTOR ( 'NONE', #3604, 1000.000000000000000 ) ;
#4385 = LINE ( 'NONE', #3974, #3823 ) ;
#4386 = SURFACE_STYLE_USAGE ( .BOTH. , #2797 ) ;
#4387 = VERTEX_POINT ( 'NONE', #2938 ) ;
#4388 = DIRECTION ( 'NONE',  ( 1.156482317317871725E-16, -1.000000000000000000, -0.0000000000000000000 ) ) ;
#4389 = ORIENTED_EDGE ( 'NONE', *, *, #3017, .F. ) ;
#4390 = PRESENTATION_STYLE_ASSIGNMENT (( #446 ) ) ;
#4391 = PRESENTATION_LAYER_ASSIGNMENT (  '', '', ( #3194 ) ) ;
#4392 = LINE ( 'NONE', #2015, #2293 ) ;
#4393 = ORIENTED_EDGE ( 'NONE', *, *, #4088, .F. ) ;
#4394 = DIRECTION ( 'NONE',  ( -1.000000000000000000, 0.0000000000000000000, -0.0000000000000000000 ) ) ;
#4395 = DIRECTION ( 'NONE',  ( -1.000000000000000000, 0.0000000000000000000, 0.0000000000000000000 ) ) ;
#4396 = PRESENTATION_LAYER_ASSIGNMENT (  '', '', ( #800 ) ) ;
#4397 = ORIENTED_EDGE ( 'NONE', *, *, #300, .T. ) ;
#4398 = PRESENTATION_STYLE_ASSIGNMENT (( #4692 ) ) ;
#4399 = DIRECTION ( 'NONE',  ( -1.000000000000000000, 0.0000000000000000000, 0.0000000000000000000 ) ) ;
#4400 =( GEOMETRIC_REPRESENTATION_CONTEXT ( 3 ) GLOBAL_UNCERTAINTY_ASSIGNED_CONTEXT ( ( #2618 ) ) GLOBAL_UNIT_ASSIGNED_CONTEXT ( ( #2705, #1105, #3443 ) ) REPRESENTATION_CONTEXT ( 'NONE', 'WORKASPACE' ) );
#4401 = LINE ( 'NONE', #3154, #2789 ) ;
#4402 = SURFACE_SIDE_STYLE ('',( #2458 ) ) ;
#4403 = ORIENTED_EDGE ( 'NONE', *, *, #4634, .F. ) ;
#4404 = EDGE_CURVE ( 'NONE', #4189, #1051, #151, .T. ) ;
#4405 = VECTOR ( 'NONE', #2089, 1000.000000000000000 ) ;
#4406 = PRESENTATION_STYLE_ASSIGNMENT (( #11 ) ) ;
#4407 = FACE_OUTER_BOUND ( 'NONE', #3638, .T. ) ;
#4408 = EDGE_CURVE ( 'NONE', #1118, #46, #3374, .T. ) ;
#4409 = ORIENTED_EDGE ( 'NONE', *, *, #752, .F. ) ;
#4410 = CIRCLE ( 'NONE', #2805, 0.2500000000000002220 ) ;
#4411 = CARTESIAN_POINT ( 'NONE',  ( 12.19999999999999218, 0.1999999999999999278, 9.950000000000002842 ) ) ;
#4412 = DIRECTION ( 'NONE',  ( -1.000000000000000000, 0.0000000000000000000, 0.0000000000000000000 ) ) ;
#4414 = AXIS2_PLACEMENT_3D ( 'NONE', #3546, #2983, #4298 ) ;
#4413 = LINE ( 'NONE', #3973, #2827 ) ;
#4415 = ADVANCED_FACE ( 'NONE', ( #2082 ), #1340, .T. ) ;
#4416 = FACE_OUTER_BOUND ( 'NONE', #1591, .T. ) ;
#4417 = PRESENTATION_LAYER_ASSIGNMENT (  '', '', ( #914 ) ) ;
#4418 = DIRECTION ( 'NONE',  ( 0.0000000000000000000, 0.0000000000000000000, 1.000000000000000000 ) ) ;
#4419 = ORIENTED_EDGE ( 'NONE', *, *, #3023, .T. ) ;
#4420 = SURFACE_SIDE_STYLE ('',( #1574 ) ) ;
#4421 = CARTESIAN_POINT ( 'NONE',  ( 7.799999999999991829, 4.000000000000000888, 2.450000000000005063 ) ) ;
#4422 = EDGE_LOOP ( 'NONE', ( #4426, #1039, #4077, #5174 ) ) ;
#4423 = FACE_OUTER_BOUND ( 'NONE', #805, .T. ) ;
#4424 = AXIS2_PLACEMENT_3D ( 'NONE', #3547, #5101, #4394 ) ;
#4425 = CARTESIAN_POINT ( 'NONE',  ( 27.99999999999999289, 13.20000000000000284, 10.59999999999999964 ) ) ;
#4426 = ORIENTED_EDGE ( 'NONE', *, *, #3106, .T. ) ;
#4427 = SURFACE_STYLE_FILL_AREA ( #3577 ) ;
#4428 = MECHANICAL_DESIGN_GEOMETRIC_PRESENTATION_REPRESENTATION (  '', ( #652 ), #1674 ) ;
#4429 = PRESENTATION_LAYER_ASSIGNMENT (  '', '', ( #4749 ) ) ;
#4430 = FILL_AREA_STYLE_COLOUR ( '', #53 ) ;
#4431 = VECTOR ( 'NONE', #3912, 1000.000000000000000 ) ;
#4432 = PRESENTATION_STYLE_ASSIGNMENT (( #2045 ) ) ;
#4433 = VECTOR ( 'NONE', #3158, 1000.000000000000000 ) ;
#4434 = CARTESIAN_POINT ( 'NONE',  ( 7.799999999999991829, 0.1999999999999993727, 2.450000000000005063 ) ) ;
#4435 = DIRECTION ( 'NONE',  ( 1.000000000000000000, -0.0000000000000000000, -0.0000000000000000000 ) ) ;
#4436 = SURFACE_STYLE_FILL_AREA ( #3667 ) ;
#4437 = ORIENTED_EDGE ( 'NONE', *, *, #4509, .F. ) ;
#4438 = VECTOR ( 'NONE', #715, 1000.000000000000000 ) ;
#4439 = DIRECTION ( 'NONE',  ( 0.0000000000000000000, 0.0000000000000000000, 1.000000000000000000 ) ) ;
#4440 = EDGE_CURVE ( 'NONE', #4451, #1884, #114, .T. ) ;
#4441 = VECTOR ( 'NONE', #3944, 1000.000000000000000 ) ;
#4442 = DIRECTION ( 'NONE',  ( 0.0000000000000000000, 0.0000000000000000000, 1.000000000000000000 ) ) ;
#4443 = ADVANCED_FACE ( 'NONE', ( #4122 ), #4921, .F. ) ;
#4444 = ADVANCED_FACE ( 'NONE', ( #4068 ), #2527, .F. ) ;
#4445 = PRESENTATION_STYLE_ASSIGNMENT (( #2500 ) ) ;
#4446 = VERTEX_POINT ( 'NONE', #3676 ) ;
#4447 = CARTESIAN_POINT ( 'NONE',  ( 7.999999999999991118, 13.19999999999999929, 3.100000000000003197 ) ) ;
#4448 = EDGE_LOOP ( 'NONE', ( #3011, #1480, #220, #2632 ) ) ;
#4449 = CARTESIAN_POINT ( 'NONE',  ( 27.79999999999999005, 0.2000000000000016487, 2.450000000000005063 ) ) ;
#4450 = DIRECTION ( 'NONE',  ( -0.0000000000000000000, 1.000000000000000000, -0.0000000000000000000 ) ) ;
#4451 = VERTEX_POINT ( 'NONE', #68 ) ;
#4452 =( LENGTH_UNIT ( ) NAMED_UNIT ( * ) SI_UNIT ( .MILLI., .METRE. ) );
#4453 = LINE ( 'NONE', #867, #3564 ) ;
#4454 = CARTESIAN_POINT ( 'NONE',  ( 15.00000000000000000, 4.200000000000001066, 13.19999999999999929 ) ) ;
#4455 = UNCERTAINTY_MEASURE_WITH_UNIT (LENGTH_MEASURE( 1.000000000000000082E-05 ), #4452, 'distance_accuracy_value', 'NONE');
#4456 = DIRECTION ( 'NONE',  ( -1.000000000000000000, 0.0000000000000000000, 0.0000000000000000000 ) ) ;
#4457 = SURFACE_STYLE_FILL_AREA ( #3177 ) ;
#4458 = VERTEX_POINT ( 'NONE', #1699 ) ;
#4459 = FILL_AREA_STYLE_COLOUR ( '', #830 ) ;
#4460 = VERTEX_POINT ( 'NONE', #4487 ) ;
#4461 = CARTESIAN_POINT ( 'NONE',  ( 26.99999999999999289, 9.200000000000002842, 10.59999999999999964 ) ) ;
#4462 = LINE ( 'NONE', #38, #3217 ) ;
#4463 = CARTESIAN_POINT ( 'NONE',  ( 12.79999999999999361, 4.000000000000000888, 9.950000000000002842 ) ) ;
#4464 = SURFACE_STYLE_FILL_AREA ( #2720 ) ;
#4465 = CARTESIAN_POINT ( 'NONE',  ( 27.99999999999999289, 13.20000000000000284, 3.100000000000003197 ) ) ;
#4466 = FILL_AREA_STYLE_COLOUR ( '', #4818 ) ;
#4467 = PLANE ( 'NONE',  #1162 ) ;
#4468 = ORIENTED_EDGE ( 'NONE', *, *, #1189, .F. ) ;
#4469 = FACE_OUTER_BOUND ( 'NONE', #3320, .T. ) ;
#4470 = VECTOR ( 'NONE', #1635, 1000.000000000000000 ) ;
#4471 = VERTEX_POINT ( 'NONE', #3273 ) ;
#4472 = EDGE_CURVE ( 'NONE', #5107, #210, #2550, .T. ) ;
#4473 = DIRECTION ( 'NONE',  ( 0.0000000000000000000, 0.0000000000000000000, -1.000000000000000000 ) ) ;
#4474 = EDGE_CURVE ( 'NONE', #1843, #1389, #3752, .T. ) ;
#4475 = PRESENTATION_LAYER_ASSIGNMENT (  '', '', ( #3716 ) ) ;
#4476 = ORIENTED_EDGE ( 'NONE', *, *, #4404, .F. ) ;
#4477 = LINE ( 'NONE', #51, #3659 ) ;
#4478 = PLANE ( 'NONE',  #3745 ) ;
#4479 = EDGE_CURVE ( 'NONE', #1507, #651, #521, .T. ) ;
#4480 = FACE_OUTER_BOUND ( 'NONE', #4422, .T. ) ;
#4481 = VERTEX_POINT ( 'NONE', #2879 ) ;
#4482 = STYLED_ITEM ( 'NONE', ( #2567 ), #937 ) ;
#4483 = VERTEX_POINT ( 'NONE', #997 ) ;
#4484 = LINE ( 'NONE', #3920, #3295 ) ;
#4485 = CARTESIAN_POINT ( 'NONE',  ( 11.99999999999999112, 13.20000000000000107, 10.59999999999999964 ) ) ;
#4486 = VECTOR ( 'NONE', #505, 1000.000000000000000 ) ;
#4487 = CARTESIAN_POINT ( 'NONE',  ( 6.999999999999992006, 9.199999999999999289, 10.09999999999999964 ) ) ;
#4488 = PRESENTATION_LAYER_ASSIGNMENT (  '', '', ( #1656 ) ) ;
#4489 = CARTESIAN_POINT ( 'NONE',  ( 12.99999999999999289, 9.200000000000001066, 10.59999999999999964 ) ) ;
#4490 = CARTESIAN_POINT ( 'NONE',  ( 2.199999999999991740, 0.1999999999999987899, 3.250000000000002220 ) ) ;
#4491 = VECTOR ( 'NONE', #2276, 1000.000000000000000 ) ;
#4492 = VERTEX_POINT ( 'NONE', #2132 ) ;
#4493 = LINE ( 'NONE', #3651, #616 ) ;
#4494 = CIRCLE ( 'NONE', #2901, 1.600000000000001643 ) ;
#4495 = CARTESIAN_POINT ( 'NONE',  ( 2.999999999999992450, 9.199999999999999289, 10.09999999999999964 ) ) ;
#4496 = EDGE_CURVE ( 'NONE', #2037, #2299, #913, .T. ) ;
#4497 = ORIENTED_EDGE ( 'NONE', *, *, #61, .T. ) ;
#4498 = CARTESIAN_POINT ( 'NONE',  ( 7.799999999999992717, 0.1999999999999993727, 10.74999999999999822 ) ) ;
#4499 = SURFACE_SIDE_STYLE ('',( #4529 ) ) ;
#4500 = EDGE_CURVE ( 'NONE', #536, #1684, #2106, .T. ) ;
#4501 = EDGE_LOOP ( 'NONE', ( #4178, #2146 ) ) ;
#4502 = MECHANICAL_DESIGN_GEOMETRIC_PRESENTATION_REPRESENTATION (  '', ( #4587 ), #4982 ) ;
#4503 = PRESENTATION_LAYER_ASSIGNMENT (  '', '', ( #4831 ) ) ;
#4504 = UNCERTAINTY_MEASURE_WITH_UNIT (LENGTH_MEASURE( 1.000000000000000082E-05 ), #2865, 'distance_accuracy_value', 'NONE');
#4505 = PLANE ( 'NONE',  #3123 ) ;
#4506 = ADVANCED_FACE ( 'NONE', ( #658 ), #5034, .F. ) ;
#4507 = MECHANICAL_DESIGN_GEOMETRIC_PRESENTATION_REPRESENTATION (  '', ( #1671 ), #307 ) ;
#4508 =( GEOMETRIC_REPRESENTATION_CONTEXT ( 3 ) GLOBAL_UNCERTAINTY_ASSIGNED_CONTEXT ( ( #2515 ) ) GLOBAL_UNIT_ASSIGNED_CONTEXT ( ( #1810, #1835, #261 ) ) REPRESENTATION_CONTEXT ( 'NONE', 'WORKASPACE' ) );
#4509 = EDGE_CURVE ( 'NONE', #4458, #3949, #4840, .T. ) ;
#4510 = ORIENTED_EDGE ( 'NONE', *, *, #3315, .F. ) ;
#4511 = LINE ( 'NONE', #939, #4835 ) ;
#4512 = ORIENTED_EDGE ( 'NONE', *, *, #69, .F. ) ;
#4513 = SURFACE_STYLE_USAGE ( .BOTH. , #1021 ) ;
#4514 = CARTESIAN_POINT ( 'NONE',  ( 27.79999999999999005, 4.000000000000002665, 2.450000000000005063 ) ) ;
#4515 = SURFACE_STYLE_FILL_AREA ( #4565 ) ;
#4516 = CARTESIAN_POINT ( 'NONE',  ( 2.499999999999992006, 13.19999999999999929, 3.100000000000003642 ) ) ;
#4517 = ORIENTED_EDGE ( 'NONE', *, *, #1248, .T. ) ;
#4518 = STYLED_ITEM ( 'NONE', ( #2974 ), #4782 ) ;
#4519 = FILL_AREA_STYLE_COLOUR ( '', #1329 ) ;
#4520 = FILL_AREA_STYLE_COLOUR ( '', #1751 ) ;
#4521 = VERTEX_POINT ( 'NONE', #1947 ) ;
#4523 = AXIS2_PLACEMENT_3D ( 'NONE', #2798, #3184, #745 ) ;
#4522 = CARTESIAN_POINT ( 'NONE',  ( 7.799999999999991829, 0.1999999999999993727, 3.250000000000002220 ) ) ;
#4524 = LINE ( 'NONE', #4948, #3291 ) ;
#4525 = FILL_AREA_STYLE ('',( #4157 ) ) ;
#4526 = VERTEX_POINT ( 'NONE', #1968 ) ;
#4527 = LINE ( 'NONE', #2509, #4337 ) ;
#4528 = CARTESIAN_POINT ( 'NONE',  ( 29.50000000000000000, 0.0000000000000000000, 0.0000000000000000000 ) ) ;
#4529 = SURFACE_STYLE_FILL_AREA ( #3710 ) ;
#4530 = VERTEX_POINT ( 'NONE', #1170 ) ;
#4531 = LINE ( 'NONE', #4110, #4340 ) ;
#4532 =( LENGTH_UNIT ( ) NAMED_UNIT ( * ) SI_UNIT ( .MILLI., .METRE. ) );
#4533 = EDGE_CURVE ( 'NONE', #1017, #1881, #3530, .T. ) ;
#4534 = CARTESIAN_POINT ( 'NONE',  ( 2.199999999999991740, 4.000000000000000000, 2.450000000000005063 ) ) ;
#4535 = EDGE_CURVE ( 'NONE', #908, #301, #5109, .T. ) ;
#4536 = CARTESIAN_POINT ( 'NONE',  ( 5.000000000000000000, 5.687617954022318617E-16, 2.250000000000001776 ) ) ;
#4537 = ORIENTED_EDGE ( 'NONE', *, *, #357, .T. ) ;
#4538 = EDGE_CURVE ( 'NONE', #3906, #4291, #3968, .T. ) ;
#4539 = LINE ( 'NONE', #146, #1557 ) ;
#4540 = LINE ( 'NONE', #3268, #2235 ) ;
#4541 = FILL_AREA_STYLE ('',( #1696 ) ) ;
#4542 = PRESENTATION_STYLE_ASSIGNMENT (( #2959 ) ) ;
#4543 = LINE ( 'NONE', #40, #2582 ) ;
#4544 = DIRECTION ( 'NONE',  ( -0.5773502691896282846, -0.5773502691896182926, -0.5773502691896308381 ) ) ;
#4545 = ORIENTED_EDGE ( 'NONE', *, *, #2929, .F. ) ;
#4546 = PLANE ( 'NONE',  #1576 ) ;
#4547 = DIRECTION ( 'NONE',  ( 1.000000000000000000, -0.0000000000000000000, -0.0000000000000000000 ) ) ;
#4548 = ORIENTED_EDGE ( 'NONE', *, *, #4665, .F. ) ;
#4549 = DIRECTION ( 'NONE',  ( 0.0000000000000000000, 0.7071067811865552333, 0.7071067811865398012 ) ) ;
#4550 = SURFACE_STYLE_USAGE ( .BOTH. , #2943 ) ;
#4551 = CARTESIAN_POINT ( 'NONE',  ( 7.799999999999991829, 4.000000000000000888, 2.450000000000005063 ) ) ;
#4552 = ORIENTED_EDGE ( 'NONE', *, *, #3501, .T. ) ;
#4553 = FACE_OUTER_BOUND ( 'NONE', #5139, .T. ) ;
#4554 = EDGE_LOOP ( 'NONE', ( #1790, #2807, #992, #3871 ) ) ;
#4555 = AXIS2_PLACEMENT_3D ( 'NONE', #4780, #5124, #5154 ) ;
#4556 = PLANE ( 'NONE',  #4731 ) ;
#4557 = VERTEX_POINT ( 'NONE', #5138 ) ;
#4558 = ORIENTED_EDGE ( 'NONE', *, *, #2731, .F. ) ;
#4559 = LINE ( 'NONE', #3775, #3120 ) ;
#4560 = CARTESIAN_POINT ( 'NONE',  ( 3.353798720221825734E-16, 9.199999999999999289, 5.350000000000000533 ) ) ;
#4561 = EDGE_CURVE ( 'NONE', #4162, #4460, #3179, .T. ) ;
#4562 = DIRECTION ( 'NONE',  ( 0.0000000000000000000, 0.0000000000000000000, 1.000000000000000000 ) ) ;
#4563 = COLOUR_RGB ( '',0.7529411764705882248, 0.7529411764705882248, 0.7529411764705882248 ) ;
#4564 = ADVANCED_FACE ( 'NONE', ( #4379 ), #4018, .F. ) ;
#4565 = FILL_AREA_STYLE ('',( #3352 ) ) ;
#4566 = DIRECTION ( 'NONE',  ( 0.0000000000000000000, 0.0000000000000000000, -1.000000000000000000 ) ) ;
#4567 = ORIENTED_EDGE ( 'NONE', *, *, #5017, .F. ) ;
#4568 = COLOUR_RGB ( '',0.7529411764705882248, 0.7529411764705882248, 0.7529411764705882248 ) ;
#4569 = DIRECTION ( 'NONE',  ( -0.7071067811865536790, -0.7071067811865414665, 0.0000000000000000000 ) ) ;
#4570 = PRESENTATION_STYLE_ASSIGNMENT (( #3780 ) ) ;
#4571 = VERTEX_POINT ( 'NONE', #406 ) ;
#4572 =( LENGTH_UNIT ( ) NAMED_UNIT ( * ) SI_UNIT ( .MILLI., .METRE. ) );
#4573 = DIRECTION ( 'NONE',  ( 0.0000000000000000000, -1.000000000000000000, 0.0000000000000000000 ) ) ;
#4574 = EDGE_CURVE ( 'NONE', #3977, #396, #379, .T. ) ;
#4575 = ORIENTED_EDGE ( 'NONE', *, *, #2520, .T. ) ;
#4576 = VECTOR ( 'NONE', #2442, 1000.000000000000000 ) ;
#4577 = DIRECTION ( 'NONE',  ( 0.0000000000000000000, 0.0000000000000000000, -1.000000000000000000 ) ) ;
#4578 = PRESENTATION_STYLE_ASSIGNMENT (( #2972 ) ) ;
#4579 = VERTEX_POINT ( 'NONE', #2000 ) ;
#4580 = VECTOR ( 'NONE', #4042, 1000.000000000000000 ) ;
#4581 = LINE ( 'NONE', #3362, #134 ) ;
#4582 = EDGE_LOOP ( 'NONE', ( #3783, #3600, #2622, #1898 ) ) ;
#4583 = LINE ( 'NONE', #566, #1008 ) ;
#4584 = AXIS2_PLACEMENT_3D ( 'NONE', #3798, #4325, #2404 ) ;
#4585 = CIRCLE ( 'NONE', #4902, 1.000000000000000000 ) ;
#4586 = FACE_OUTER_BOUND ( 'NONE', #1753, .T. ) ;
#4587 = STYLED_ITEM ( 'NONE', ( #4296 ), #3505 ) ;
#4588 =( GEOMETRIC_REPRESENTATION_CONTEXT ( 3 ) GLOBAL_UNCERTAINTY_ASSIGNED_CONTEXT ( ( #4710 ) ) GLOBAL_UNIT_ASSIGNED_CONTEXT ( ( #852, #514, #3265 ) ) REPRESENTATION_CONTEXT ( 'NONE', 'WORKASPACE' ) );
#4589 = ORIENTED_EDGE ( 'NONE', *, *, #3046, .F. ) ;
#4590 = ORIENTED_EDGE ( 'NONE', *, *, #3603, .T. ) ;
#4591 = AXIS2_PLACEMENT_3D ( 'NONE', #719, #1152, #4633 ) ;
#4592 = VECTOR ( 'NONE', #2437, 1000.000000000000000 ) ;
#4593 =( LENGTH_UNIT ( ) NAMED_UNIT ( * ) SI_UNIT ( .MILLI., .METRE. ) );
#4594 = LINE ( 'NONE', #3858, #1505 ) ;
#4595 = VECTOR ( 'NONE', #1439, 1000.000000000000000 ) ;
#4596 = STYLED_ITEM ( 'NONE', ( #1979 ), #3015 ) ;
#4597 = CARTESIAN_POINT ( 'NONE',  ( 27.99999999999999645, 2.843808977011159604E-15, 13.19999999999999929 ) ) ;
#4598 = VERTEX_POINT ( 'NONE', #1138 ) ;
#4599 = VECTOR ( 'NONE', #4544, 999.9999999999998863 ) ;
#4600 = ADVANCED_FACE ( 'NONE', ( #732 ), #5168, .F. ) ;
#4601 = DIRECTION ( 'NONE',  ( 0.0000000000000000000, 0.0000000000000000000, -1.000000000000000000 ) ) ;
#4602 =( LENGTH_UNIT ( ) NAMED_UNIT ( * ) SI_UNIT ( .MILLI., .METRE. ) );
#4603 = DIRECTION ( 'NONE',  ( 0.0000000000000000000, -0.0000000000000000000, -1.000000000000000000 ) ) ;
#4604 = PRESENTATION_LAYER_ASSIGNMENT (  '', '', ( #580 ) ) ;
#4605 = ADVANCED_FACE ( 'NONE', ( #4407 ), #824, .T. ) ;
#4606 =( NAMED_UNIT ( * ) SI_UNIT ( $, .STERADIAN. ) SOLID_ANGLE_UNIT ( ) );
#4607 = EDGE_CURVE ( 'NONE', #2278, #380, #318, .T. ) ;
#4608 = LINE ( 'NONE', #2678, #1406 ) ;
#4609 = PRESENTATION_LAYER_ASSIGNMENT (  '', '', ( #2599 ) ) ;
#4610 = ORIENTED_EDGE ( 'NONE', *, *, #2165, .T. ) ;
#4611 = LINE ( 'NONE', #2609, #2001 ) ;
#4612 = ORIENTED_EDGE ( 'NONE', *, *, #1823, .T. ) ;
#4613 = FILL_AREA_STYLE ('',( #3024 ) ) ;
#4614 = LINE ( 'NONE', #2223, #1142 ) ;
#4615 = ORIENTED_EDGE ( 'NONE', *, *, #722, .F. ) ;
#4616 =( NAMED_UNIT ( * ) PLANE_ANGLE_UNIT ( ) SI_UNIT ( $, .RADIAN. ) );
#4617 = UNCERTAINTY_MEASURE_WITH_UNIT (LENGTH_MEASURE( 1.000000000000000082E-05 ), #3770, 'distance_accuracy_value', 'NONE');
#4618 = ORIENTED_EDGE ( 'NONE', *, *, #4789, .F. ) ;
#4619 = CARTESIAN_POINT ( 'NONE',  ( 30.50000000000000000, 9.200000000000004619, 12.19999999999999929 ) ) ;
#4620 = LINE ( 'NONE', #2958, #5058 ) ;
#4621 = ORIENTED_EDGE ( 'NONE', *, *, #941, .T. ) ;
#4622 = FACE_OUTER_BOUND ( 'NONE', #1040, .T. ) ;
#4623 = LINE ( 'NONE', #3841, #1004 ) ;
#4624 = PRESENTATION_STYLE_ASSIGNMENT (( #179 ) ) ;
#4625 = EDGE_LOOP ( 'NONE', ( #5158, #434, #1059, #904 ) ) ;
#4626 = PLANE ( 'NONE',  #272 ) ;
#4627 =( NAMED_UNIT ( * ) PLANE_ANGLE_UNIT ( ) SI_UNIT ( $, .RADIAN. ) );
#4628 = ORIENTED_EDGE ( 'NONE', *, *, #2520, .F. ) ;
#4629 = LINE ( 'NONE', #1075, #54 ) ;
#4630 = EDGE_CURVE ( 'NONE', #2727, #2739, #3471, .T. ) ;
#4631 = ORIENTED_EDGE ( 'NONE', *, *, #357, .F. ) ;
#4632 = DIRECTION ( 'NONE',  ( 1.734723475976807094E-16, -1.000000000000000000, 0.0000000000000000000 ) ) ;
#4633 = DIRECTION ( 'NONE',  ( 1.000000000000000000, 0.0000000000000000000, -0.0000000000000000000 ) ) ;
#4634 = EDGE_CURVE ( 'NONE', #2193, #866, #325, .T. ) ;
#4635 = SURFACE_STYLE_USAGE ( .BOTH. , #3522 ) ;
#4636 = SURFACE_STYLE_USAGE ( .BOTH. , #676 ) ;
#4637 = CARTESIAN_POINT ( 'NONE',  ( 12.79999999999999183, 4.000000000000000888, 3.250000000000002220 ) ) ;
#4638 = COLOUR_RGB ( '',0.7529411764705882248, 0.7529411764705882248, 0.7529411764705882248 ) ;
#4639 = EDGE_CURVE ( 'NONE', #5062, #4318, #218, .T. ) ;
#4640 = FACE_OUTER_BOUND ( 'NONE', #1450, .T. ) ;
#4641 = ORIENTED_EDGE ( 'NONE', *, *, #2200, .T. ) ;
#4642 = MECHANICAL_DESIGN_GEOMETRIC_PRESENTATION_REPRESENTATION (  '', ( #440 ), #3370 ) ;
#4643 = DIRECTION ( 'NONE',  ( 0.0000000000000000000, 0.0000000000000000000, -1.000000000000000000 ) ) ;
#4644 = CARTESIAN_POINT ( 'NONE',  ( 12.79999999999999183, 0.1999999999999999278, 2.450000000000005063 ) ) ;
#4645 = DIRECTION ( 'NONE',  ( 1.000000000000000000, -0.0000000000000000000, -0.0000000000000000000 ) ) ;
#4646 = PRESENTATION_LAYER_ASSIGNMENT (  '', '', ( #2875 ) ) ;
#4647 = ORIENTED_EDGE ( 'NONE', *, *, #2834, .T. ) ;
#4648 = DIRECTION ( 'NONE',  ( 0.0000000000000000000, 0.0000000000000000000, 1.000000000000000000 ) ) ;
#4649 =( GEOMETRIC_REPRESENTATION_CONTEXT ( 3 ) GLOBAL_UNCERTAINTY_ASSIGNED_CONTEXT ( ( #3293 ) ) GLOBAL_UNIT_ASSIGNED_CONTEXT ( ( #5165, #786, #3664 ) ) REPRESENTATION_CONTEXT ( 'NONE', 'WORKASPACE' ) );
#4650 = DIRECTION ( 'NONE',  ( -1.000000000000000000, 0.0000000000000000000, 0.0000000000000000000 ) ) ;
#4651 = DIRECTION ( 'NONE',  ( 1.000000000000000000, 0.0000000000000000000, -0.0000000000000000000 ) ) ;
#4652 = ORIENTED_EDGE ( 'NONE', *, *, #1632, .F. ) ;
#4653 = DIRECTION ( 'NONE',  ( 0.0000000000000000000, 0.0000000000000000000, -1.000000000000000000 ) ) ;
#4654 = FACE_OUTER_BOUND ( 'NONE', #3622, .T. ) ;
#4655 = VECTOR ( 'NONE', #4025, 1000.000000000000000 ) ;
#4656 = ORIENTED_EDGE ( 'NONE', *, *, #2548, .T. ) ;
#4657 = FILL_AREA_STYLE_COLOUR ( '', #1999 ) ;
#4658 = SURFACE_SIDE_STYLE ('',( #1500 ) ) ;
#4659 = VECTOR ( 'NONE', #4993, 999.9999999999998863 ) ;
#4660 = LINE ( 'NONE', #1079, #2470 ) ;
#4661 = CARTESIAN_POINT ( 'NONE',  ( 27.19999999999999574, 4.000000000000002665, 9.950000000000002842 ) ) ;
#4662 = ADVANCED_FACE ( 'NONE', ( #1038 ), #3853, .F. ) ;
#4663 = ORIENTED_EDGE ( 'NONE', *, *, #428, .T. ) ;
#4664 = CIRCLE ( 'NONE', #4823, 2.749999999999998224 ) ;
#4665 = EDGE_CURVE ( 'NONE', #3368, #1618, #2641, .T. ) ;
#4666 = ORIENTED_EDGE ( 'NONE', *, *, #331, .T. ) ;
#4667 = CARTESIAN_POINT ( 'NONE',  ( 27.79999999999999005, 4.000000000000002665, 3.250000000000002220 ) ) ;
#4668 = PRESENTATION_LAYER_ASSIGNMENT (  '', '', ( #826 ) ) ;
#4669 = VECTOR ( 'NONE', #432, 1000.000000000000000 ) ;
#4670 = EDGE_CURVE ( 'NONE', #4189, #3829, #4324, .T. ) ;
#4671 = ORIENTED_EDGE ( 'NONE', *, *, #4561, .F. ) ;
#4672 = PRESENTATION_LAYER_ASSIGNMENT (  '', '', ( #1995 ) ) ;
#4673 = ORIENTED_EDGE ( 'NONE', *, *, #3763, .F. ) ;
#4674 = DIRECTION ( 'NONE',  ( -0.7071067811865536790, 0.7071067811865414665, 0.0000000000000000000 ) ) ;
#4675 = AXIS2_PLACEMENT_3D ( 'NONE', #4970, #1420, #4603 ) ;
#4676 = STYLED_ITEM ( 'NONE', ( #589 ), #2893 ) ;
#4677 = EDGE_LOOP ( 'NONE', ( #1680, #493, #1478, #5152 ) ) ;
#4678 = PLANE ( 'NONE',  #2816 ) ;
#4679 = AXIS2_PLACEMENT_3D ( 'NONE', #4454, #3259, #3631 ) ;
#4680 = DIRECTION ( 'NONE',  ( 0.0000000000000000000, 0.0000000000000000000, 1.000000000000000000 ) ) ;
#4681 =( NAMED_UNIT ( * ) SI_UNIT ( $, .STERADIAN. ) SOLID_ANGLE_UNIT ( ) );
#4682 = VERTEX_POINT ( 'NONE', #3045 ) ;
#4683 = VERTEX_POINT ( 'NONE', #4708 ) ;
#4684 = CYLINDRICAL_SURFACE ( 'NONE', #829, 1.000000000000000888 ) ;
#4685 = VECTOR ( 'NONE', #672, 1000.000000000000000 ) ;
#4686 = DIRECTION ( 'NONE',  ( -1.000000000000000000, -1.156482317317871725E-16, 0.0000000000000000000 ) ) ;
#4687 = EDGE_LOOP ( 'NONE', ( #3758, #2326, #2021, #4783 ) ) ;
#4688 =( GEOMETRIC_REPRESENTATION_CONTEXT ( 3 ) GLOBAL_UNCERTAINTY_ASSIGNED_CONTEXT ( ( #1740 ) ) GLOBAL_UNIT_ASSIGNED_CONTEXT ( ( #3454, #583, #2286 ) ) REPRESENTATION_CONTEXT ( 'NONE', 'WORKASPACE' ) );
#4689 = ORIENTED_EDGE ( 'NONE', *, *, #2483, .T. ) ;
#4690 = ORIENTED_EDGE ( 'NONE', *, *, #4286, .F. ) ;
#4691 = EDGE_CURVE ( 'NONE', #3959, #1370, #2616, .T. ) ;
#4692 = SURFACE_STYLE_USAGE ( .BOTH. , #1633 ) ;
#4693 = FILL_AREA_STYLE ('',( #3081 ) ) ;
#4694 = ADVANCED_FACE ( 'NONE', ( #1081 ), #4278, .F. ) ;
#4695 = ORIENTED_EDGE ( 'NONE', *, *, #2008, .F. ) ;
#4696 = FACE_OUTER_BOUND ( 'NONE', #3399, .T. ) ;
#4697 = LINE ( 'NONE', #1046, #849 ) ;
#4698 = DIRECTION ( 'NONE',  ( 1.000000000000000000, -0.0000000000000000000, -0.0000000000000000000 ) ) ;
#4699 = EDGE_CURVE ( 'NONE', #4481, #3155, #3879, .T. ) ;
#4700 = CARTESIAN_POINT ( 'NONE',  ( 27.99999999999999289, 13.20000000000000284, 2.600000000000003197 ) ) ;
#4701 = ORIENTED_EDGE ( 'NONE', *, *, #2929, .T. ) ;
#4702 = PLANE ( 'NONE',  #3580 ) ;
#4703 =( NAMED_UNIT ( * ) PLANE_ANGLE_UNIT ( ) SI_UNIT ( $, .RADIAN. ) );
#4704 = DIRECTION ( 'NONE',  ( 1.156482317317871478E-16, -1.000000000000000000, 0.0000000000000000000 ) ) ;
#4705 = ORIENTED_EDGE ( 'NONE', *, *, #556, .F. ) ;
#4706 = DIRECTION ( 'NONE',  ( 0.0000000000000000000, 0.0000000000000000000, 1.000000000000000000 ) ) ;
#4707 = CARTESIAN_POINT ( 'NONE',  ( 19.99999999999999645, 4.200000000000000178, 6.599999999999999645 ) ) ;
#4708 = CARTESIAN_POINT ( 'NONE',  ( 12.79999999999999183, 4.000000000000000888, 2.450000000000005063 ) ) ;
#4709 = ORIENTED_EDGE ( 'NONE', *, *, #5080, .F. ) ;
#4710 = UNCERTAINTY_MEASURE_WITH_UNIT (LENGTH_MEASURE( 1.000000000000000082E-05 ), #852, 'distance_accuracy_value', 'NONE');
#4711 = ORIENTED_EDGE ( 'NONE', *, *, #1695, .F. ) ;
#4712 = AXIS2_PLACEMENT_3D ( 'NONE', #1243, #2069, #2044 ) ;
#4713 = ORIENTED_EDGE ( 'NONE', *, *, #1965, .T. ) ;
#4714 = SURFACE_STYLE_USAGE ( .BOTH. , #3967 ) ;
#4715 = ORIENTED_EDGE ( 'NONE', *, *, #3017, .T. ) ;
#4716 = EDGE_CURVE ( 'NONE', #1033, #1666, #5050, .T. ) ;
#4717 = CARTESIAN_POINT ( 'NONE',  ( 11.99999999999998934, 1.137523590804463723E-15, 3.450000000000005063 ) ) ;
#4718 = EDGE_CURVE ( 'NONE', #3693, #3099, #4299, .T. ) ;
#4719 = LINE ( 'NONE', #1143, #156 ) ;
#4720 = VECTOR ( 'NONE', #4140, 1000.000000000000000 ) ;
#4721 = ORIENTED_EDGE ( 'NONE', *, *, #1764, .T. ) ;
#4722 = LINE ( 'NONE', #3722, #2463 ) ;
#4723 = PRESENTATION_LAYER_ASSIGNMENT (  '', '', ( #276 ) ) ;
#4724 = LINE ( 'NONE', #337, #4655 ) ;
#4725 = ADVANCED_FACE ( 'NONE', ( #2778 ), #780, .F. ) ;
#4726 = CARTESIAN_POINT ( 'NONE',  ( 30.49999999999998579, 4.400000000000003908, 7.849999999999999645 ) ) ;
#4727 = VERTEX_POINT ( 'NONE', #3578 ) ;
#4728 = FACE_OUTER_BOUND ( 'NONE', #2292, .T. ) ;
#4729 = DIRECTION ( 'NONE',  ( 0.0000000000000000000, 0.7071067811865414665, 0.7071067811865536790 ) ) ;
#4730 = ORIENTED_EDGE ( 'NONE', *, *, #2008, .T. ) ;
#4731 = AXIS2_PLACEMENT_3D ( 'NONE', #540, #3715, #3395 ) ;
#4732 = PRODUCT_CONTEXT ( 'NONE', #753, 'mechanical' ) ;
#4733 = DIRECTION ( 'NONE',  ( 0.7071067811865414665, 0.7071067811865536790, -0.0000000000000000000 ) ) ;
#4734 = CARTESIAN_POINT ( 'NONE',  ( 2.199999999999991740, 0.1999999999999987899, 2.450000000000005063 ) ) ;
#4735 = AXIS2_PLACEMENT_3D ( 'NONE', #4929, #1374, #478 ) ;
#4736 = DIRECTION ( 'NONE',  ( 1.156482317317871725E-16, -1.000000000000000000, 0.0000000000000000000 ) ) ;
#4737 = AXIS2_PLACEMENT_3D ( 'NONE', #2750, #3212, #362 ) ;
#4738 = ORIENTED_EDGE ( 'NONE', *, *, #4472, .T. ) ;
#4739 = VECTOR ( 'NONE', #1575, 1000.000000000000000 ) ;
#4740 = DIRECTION ( 'NONE',  ( -1.000000000000000000, 0.0000000000000000000, 0.0000000000000000000 ) ) ;
#4741 = ORIENTED_EDGE ( 'NONE', *, *, #2613, .T. ) ;
#4742 = VECTOR ( 'NONE', #1876, 1000.000000000000000 ) ;
#4743 = VECTOR ( 'NONE', #248, 1000.000000000000000 ) ;
#4744 = LINE ( 'NONE', #1141, #36 ) ;
#4745 = LINE ( 'NONE', #3972, #1775 ) ;
#4746 = STYLED_ITEM ( 'NONE', ( #3873 ), #3508 ) ;
#4747 = COLOUR_RGB ( '',0.7529411764705882248, 0.7529411764705882248, 0.7529411764705882248 ) ;
#4748 = EDGE_CURVE ( 'NONE', #3808, #191, #2924, .T. ) ;
#4749 = STYLED_ITEM ( 'NONE', ( #3700 ), #3133 ) ;
#4750 = CARTESIAN_POINT ( 'NONE',  ( 2.499999999999992006, 13.19999999999999929, 2.600000000000003197 ) ) ;
#4751 = DIRECTION ( 'NONE',  ( 0.0000000000000000000, -1.000000000000000000, 0.0000000000000000000 ) ) ;
#4752 = CARTESIAN_POINT ( 'NONE',  ( 12.99999999999999289, 13.20000000000000107, 10.59999999999999964 ) ) ;
#4753 = EDGE_CURVE ( 'NONE', #1625, #4387, #481, .T. ) ;
#4754 = MECHANICAL_DESIGN_GEOMETRIC_PRESENTATION_REPRESENTATION (  '', ( #1174 ), #2498 ) ;
#4755 = ADVANCED_FACE ( 'NONE', ( #534 ), #3284, .F. ) ;
#4756 = CARTESIAN_POINT ( 'NONE',  ( 12.99999999999999112, 13.20000000000000107, 2.600000000000003197 ) ) ;
#4757 = CARTESIAN_POINT ( 'NONE',  ( 30.49999999999998579, 4.400000000000003908, 7.849999999999999645 ) ) ;
#4758 =( GEOMETRIC_REPRESENTATION_CONTEXT ( 3 ) GLOBAL_UNCERTAINTY_ASSIGNED_CONTEXT ( ( #1216 ) ) GLOBAL_UNIT_ASSIGNED_CONTEXT ( ( #4231, #2266, #4267 ) ) REPRESENTATION_CONTEXT ( 'NONE', 'WORKASPACE' ) );
#4759 = ORIENTED_EDGE ( 'NONE', *, *, #1795, .F. ) ;
#4760 = DIRECTION ( 'NONE',  ( 0.0000000000000000000, 0.0000000000000000000, -1.000000000000000000 ) ) ;
#4761 = CARTESIAN_POINT ( 'NONE',  ( 30.50000000000000000, 0.0000000000000000000, 1.000000000000000888 ) ) ;
#4762 = ORIENTED_EDGE ( 'NONE', *, *, #4210, .T. ) ;
#4763 = UNCERTAINTY_MEASURE_WITH_UNIT (LENGTH_MEASURE( 1.000000000000000082E-05 ), #4532, 'distance_accuracy_value', 'NONE');
#4764 = VECTOR ( 'NONE', #1918, 1000.000000000000000 ) ;
#4765 = CARTESIAN_POINT ( 'NONE',  ( 30.50000000000000000, 4.400000000000003908, 5.350000000000000533 ) ) ;
#4766 = VECTOR ( 'NONE', #4388, 1000.000000000000000 ) ;
#4767 = EDGE_LOOP ( 'NONE', ( #894, #640, #1685, #2760 ) ) ;
#4768 = LINE ( 'NONE', #789, #1078 ) ;
#4769 = CARTESIAN_POINT ( 'NONE',  ( 2.199999999999992628, 4.000000000000000000, 9.950000000000002842 ) ) ;
#4770 = DIRECTION ( 'NONE',  ( 0.0000000000000000000, -1.000000000000000000, 0.0000000000000000000 ) ) ;
#4771 = ORIENTED_EDGE ( 'NONE', *, *, #4691, .T. ) ;
#4772 = CARTESIAN_POINT ( 'NONE',  ( 2.799999999999993161, 0.1999999999999987899, 10.74999999999999822 ) ) ;
#4773 = LINE ( 'NONE', #2768, #4825 ) ;
#4774 =( NAMED_UNIT ( * ) PLANE_ANGLE_UNIT ( ) SI_UNIT ( $, .RADIAN. ) );
#4775 = LINE ( 'NONE', #1954, #5131 ) ;
#4776 = PLANE ( 'NONE',  #1429 ) ;
#4777 =( NAMED_UNIT ( * ) SI_UNIT ( $, .STERADIAN. ) SOLID_ANGLE_UNIT ( ) );
#4778 = VERTEX_POINT ( 'NONE', #2170 ) ;
#4779 = CARTESIAN_POINT ( 'NONE',  ( 27.79999999999999361, 4.000000000000002665, 9.950000000000002842 ) ) ;
#4780 = CARTESIAN_POINT ( 'NONE',  ( 12.99999999999999112, 13.20000000000000107, 3.100000000000003197 ) ) ;
#4781 = DIRECTION ( 'NONE',  ( 0.0000000000000000000, -0.0000000000000000000, 1.000000000000000000 ) ) ;
#4782 = ADVANCED_FACE ( 'NONE', ( #2510 ), #897, .F. ) ;
#4783 = ORIENTED_EDGE ( 'NONE', *, *, #3626, .F. ) ;
#4784 = CARTESIAN_POINT ( 'NONE',  ( 7.466666666666661456, 0.4666666666666628438, 10.48333333333332895 ) ) ;
#4785 = CARTESIAN_POINT ( 'NONE',  ( 27.79999999999999361, 0.2000000000000016487, 9.950000000000002842 ) ) ;
#4786 = EDGE_CURVE ( 'NONE', #1017, #5090, #1710, .T. ) ;
#4787 = DIRECTION ( 'NONE',  ( -1.000000000000000000, 0.0000000000000000000, 0.0000000000000000000 ) ) ;
#4788 = ADVANCED_FACE ( 'NONE', ( #287 ), #2246, .F. ) ;
#4789 = EDGE_CURVE ( 'NONE', #1269, #4579, #1495, .T. ) ;
#4790 = VERTEX_POINT ( 'NONE', #3926 ) ;
#4791 = COLOUR_RGB ( '',0.7529411764705882248, 0.7529411764705882248, 1.000000000000000000 ) ;
#4792 = FACE_OUTER_BOUND ( 'NONE', #2675, .T. ) ;
#4793 = CARTESIAN_POINT ( 'NONE',  ( 2.199999999999991740, 4.000000000000000000, 3.250000000000002220 ) ) ;
#4794 = VECTOR ( 'NONE', #1, 1000.000000000000000 ) ;
#4795 = DIRECTION ( 'NONE',  ( -1.000000000000000000, 0.0000000000000000000, 0.0000000000000000000 ) ) ;
#4796 = AXIS2_PLACEMENT_3D ( 'NONE', #1860, #4680, #2267 ) ;
#4797 = DIRECTION ( 'NONE',  ( 0.0000000000000000000, -0.0000000000000000000, 1.000000000000000000 ) ) ;
#4798 = ORIENTED_EDGE ( 'NONE', *, *, #3246, .F. ) ;
#4799 = LINE ( 'NONE', #340, #666 ) ;
#4800 = FILL_AREA_STYLE_COLOUR ( '', #3996 ) ;
#4801 = FILL_AREA_STYLE ('',( #3169 ) ) ;
#4802 = CARTESIAN_POINT ( 'NONE',  ( 29.50000000000000000, 0.0000000000000000000, 12.19999999999999929 ) ) ;
#4803 = ORIENTED_EDGE ( 'NONE', *, *, #2035, .F. ) ;
#4804 = CARTESIAN_POINT ( 'NONE',  ( 1.999999999999990896, 13.19999999999999929, 3.100000000000003197 ) ) ;
#4805 = LINE ( 'NONE', #3608, #4166 ) ;
#4806 = UNCERTAINTY_MEASURE_WITH_UNIT (LENGTH_MEASURE( 1.000000000000000082E-05 ), #4043, 'distance_accuracy_value', 'NONE');
#4807 = DIRECTION ( 'NONE',  ( 1.000000000000000000, 0.0000000000000000000, 0.0000000000000000000 ) ) ;
#4808 = AXIS2_PLACEMENT_3D ( 'NONE', #843, #4450, #3575 ) ;
#4809 = DIRECTION ( 'NONE',  ( 0.0000000000000000000, 0.7071067811865552333, 0.7071067811865398012 ) ) ;
#4810 = PRESENTATION_STYLE_ASSIGNMENT (( #1615 ) ) ;
#4811 = ORIENTED_EDGE ( 'NONE', *, *, #1925, .T. ) ;
#4812 = DIRECTION ( 'NONE',  ( -0.0000000000000000000, -1.000000000000000000, -0.0000000000000000000 ) ) ;
#4813 = DIRECTION ( 'NONE',  ( 1.156482317317871725E-16, -1.000000000000000000, -0.0000000000000000000 ) ) ;
#4814 = EDGE_CURVE ( 'NONE', #380, #1033, #1473, .T. ) ;
#4815 = ORIENTED_EDGE ( 'NONE', *, *, #3473, .T. ) ;
#4816 = ADVANCED_FACE ( 'NONE', ( #4654 ), #2217, .F. ) ;
#4817 = CARTESIAN_POINT ( 'NONE',  ( 1.000000000000000888, 9.199999999999999289, 0.0000000000000000000 ) ) ;
#4818 = COLOUR_RGB ( '',0.7529411764705882248, 0.7529411764705882248, 0.7529411764705882248 ) ;
#4819 = CARTESIAN_POINT ( 'NONE',  ( 6.999999999999992006, 13.19999999999999929, 10.59999999999999964 ) ) ;
#4820 = LINE ( 'NONE', #2494, #750 ) ;
#4821 = AXIS2_PLACEMENT_3D ( 'NONE', #252, #1856, #1045 ) ;
#4823 = AXIS2_PLACEMENT_3D ( 'NONE', #1776, #2849, #1749 ) ;
#4822 = PLANE ( 'NONE',  #398 ) ;
#4824 = CARTESIAN_POINT ( 'NONE',  ( 30.50000000000000000, 9.200000000000002842, 5.350000000000000533 ) ) ;
#4825 = VECTOR ( 'NONE', #2028, 1000.000000000000000 ) ;
#4826 =( NAMED_UNIT ( * ) SI_UNIT ( $, .STERADIAN. ) SOLID_ANGLE_UNIT ( ) );
#4827 = ORIENTED_EDGE ( 'NONE', *, *, #4250, .F. ) ;
#4828 = FILL_AREA_STYLE ('',( #4800 ) ) ;
#4829 = VERTEX_POINT ( 'NONE', #1866 ) ;
#4830 = AXIS2_PLACEMENT_3D ( 'NONE', #123, #157, #2944 ) ;
#4831 = STYLED_ITEM ( 'NONE', ( #2123 ), #2692 ) ;
#4832 = CYLINDRICAL_SURFACE ( 'NONE', #4808, 0.2500000000000002220 ) ;
#4833 = ORIENTED_EDGE ( 'NONE', *, *, #620, .F. ) ;
#4834 = DIRECTION ( 'NONE',  ( -1.000000000000000000, 0.0000000000000000000, 0.0000000000000000000 ) ) ;
#4835 = VECTOR ( 'NONE', #4435, 1000.000000000000000 ) ;
#4836 = DIRECTION ( 'NONE',  ( -0.0000000000000000000, -1.000000000000000000, -0.0000000000000000000 ) ) ;
#4837 = CARTESIAN_POINT ( 'NONE',  ( 30.50000000000000000, 0.0000000000000000000, 0.0000000000000000000 ) ) ;
#4838 = CARTESIAN_POINT ( 'NONE',  ( 29.50000000000000000, 0.0000000000000000000, 1.000000000000000888 ) ) ;
#4839 = FACE_OUTER_BOUND ( 'NONE', #3331, .T. ) ;
#4840 = CIRCLE ( 'NONE', #1359, 2.749999999999998224 ) ;
#4841 = DIRECTION ( 'NONE',  ( 0.0000000000000000000, -0.7071067811865398012, 0.7071067811865552333 ) ) ;
#4842 = VECTOR ( 'NONE', #2593, 1000.000000000000000 ) ;
#4843 = DIRECTION ( 'NONE',  ( 0.0000000000000000000, 0.0000000000000000000, -1.000000000000000000 ) ) ;
#4844 = ORIENTED_EDGE ( 'NONE', *, *, #5155, .F. ) ;
#4845 =( GEOMETRIC_REPRESENTATION_CONTEXT ( 3 ) GLOBAL_UNCERTAINTY_ASSIGNED_CONTEXT ( ( #1791 ) ) GLOBAL_UNIT_ASSIGNED_CONTEXT ( ( #4602, #4265, #1858 ) ) REPRESENTATION_CONTEXT ( 'NONE', 'WORKASPACE' ) );
#4846 = DIRECTION ( 'NONE',  ( 0.0000000000000000000, 0.0000000000000000000, -1.000000000000000000 ) ) ;
#4847 = EDGE_CURVE ( 'NONE', #3691, #5096, #4799, .T. ) ;
#4848 =( NAMED_UNIT ( * ) SI_UNIT ( $, .STERADIAN. ) SOLID_ANGLE_UNIT ( ) );
#4849 = EDGE_CURVE ( 'NONE', #2026, #3224, #1180, .T. ) ;
#4850 = MECHANICAL_DESIGN_GEOMETRIC_PRESENTATION_REPRESENTATION (  '', ( #2599 ), #1523 ) ;
#4851 = CARTESIAN_POINT ( 'NONE',  ( 2.999999999999992450, 9.199999999999999289, 10.59999999999999964 ) ) ;
#4852 = DIRECTION ( 'NONE',  ( 0.0000000000000000000, -0.0000000000000000000, 1.000000000000000000 ) ) ;
#4853 = DIRECTION ( 'NONE',  ( 0.0000000000000000000, -0.0000000000000000000, 1.000000000000000000 ) ) ;
#4854 = ORIENTED_EDGE ( 'NONE', *, *, #2071, .T. ) ;
#4855 = CARTESIAN_POINT ( 'NONE',  ( 7.999999999999992895, 9.199999999999999289, 10.59999999999999964 ) ) ;
#4856 = DIRECTION ( 'NONE',  ( 1.000000000000000000, 0.0000000000000000000, -0.0000000000000000000 ) ) ;
#4857 = ADVANCED_FACE ( 'NONE', ( #4363, #3950 ), #772, .T. ) ;
#4858 = ORIENTED_EDGE ( 'NONE', *, *, #3805, .T. ) ;
#4859 = PLANE ( 'NONE',  #2815 ) ;
#4860 =( NAMED_UNIT ( * ) PLANE_ANGLE_UNIT ( ) SI_UNIT ( $, .RADIAN. ) );
#4861 = EDGE_LOOP ( 'NONE', ( #3311, #4199, #4419, #3527 ) ) ;
#4862 = CARTESIAN_POINT ( 'NONE',  ( 12.19999999999999218, 4.000000000000000888, 9.950000000000002842 ) ) ;
#4863 = DIRECTION ( 'NONE',  ( 0.0000000000000000000, 0.0000000000000000000, -1.000000000000000000 ) ) ;
#4864 = FACE_OUTER_BOUND ( 'NONE', #1459, .T. ) ;
#4865 = ORIENTED_EDGE ( 'NONE', *, *, #1412, .T. ) ;
#4866 = ORIENTED_EDGE ( 'NONE', *, *, #4936, .F. ) ;
#4867 = DIRECTION ( 'NONE',  ( 0.0000000000000000000, 1.000000000000000000, 0.0000000000000000000 ) ) ;
#4868 = DIRECTION ( 'NONE',  ( 0.0000000000000000000, 0.0000000000000000000, -1.000000000000000000 ) ) ;
#4869 = PLANE ( 'NONE',  #1830 ) ;
#4870 = CARTESIAN_POINT ( 'NONE',  ( 1.000000000000000888, 0.0000000000000000000, 0.0000000000000000000 ) ) ;
#4871 = ADVANCED_FACE ( 'NONE', ( #414 ), #4345, .F. ) ;
#4872 = ADVANCED_FACE ( 'NONE', ( #4728 ), #1957, .F. ) ;
#4873 = DIRECTION ( 'NONE',  ( 0.0000000000000000000, 1.000000000000000000, 0.0000000000000000000 ) ) ;
#4874 =( NAMED_UNIT ( * ) SI_UNIT ( $, .STERADIAN. ) SOLID_ANGLE_UNIT ( ) );
#4875 = CARTESIAN_POINT ( 'NONE',  ( 30.50000000000000000, 0.0000000000000000000, 12.19999999999999929 ) ) ;
#4876 = LINE ( 'NONE', #924, #3625 ) ;
#4877 = EDGE_CURVE ( 'NONE', #91, #4598, #3619, .T. ) ;
#4878 = VERTEX_POINT ( 'NONE', #3542 ) ;
#4879 = PLANE ( 'NONE',  #5147 ) ;
#4880 = DIRECTION ( 'NONE',  ( 0.0000000000000000000, -0.0000000000000000000, -1.000000000000000000 ) ) ;
#4881 = DIRECTION ( 'NONE',  ( -1.000000000000000000, -1.734723475976806848E-16, 0.0000000000000000000 ) ) ;
#4882 = DIRECTION ( 'NONE',  ( 1.000000000000000000, -0.0000000000000000000, -0.0000000000000000000 ) ) ;
#4883 = SURFACE_STYLE_USAGE ( .BOTH. , #138 ) ;
#4884 = DIRECTION ( 'NONE',  ( -0.5773502691896282846, -0.5773502691896182926, 0.5773502691896308381 ) ) ;
#4885 = EDGE_LOOP ( 'NONE', ( #983, #4207, #4040, #612 ) ) ;
#4886 = MECHANICAL_DESIGN_GEOMETRIC_PRESENTATION_REPRESENTATION (  '', ( #4482 ), #1405 ) ;
#4887 = VERTEX_POINT ( 'NONE', #2445 ) ;
#4888 =( LENGTH_UNIT ( ) NAMED_UNIT ( * ) SI_UNIT ( .MILLI., .METRE. ) );
#4889 = CARTESIAN_POINT ( 'NONE',  ( 12.79999999999999361, 4.000000000000000888, 10.74999999999999822 ) ) ;
#4890 = VECTOR ( 'NONE', #1048, 999.9999999999998863 ) ;
#4891 = CARTESIAN_POINT ( 'NONE',  ( 7.999999999999991118, 13.19999999999999929, 2.600000000000003197 ) ) ;
#4892 = CARTESIAN_POINT ( 'NONE',  ( 14.99999999999999112, 9.200000000000001066, 7.849999999999999645 ) ) ;
#4893 = DIRECTION ( 'NONE',  ( 1.156482317317871725E-16, -1.000000000000000000, -0.0000000000000000000 ) ) ;
#4894 = VECTOR ( 'NONE', #3615, 1000.000000000000000 ) ;
#4895 =( NAMED_UNIT ( * ) SI_UNIT ( $, .STERADIAN. ) SOLID_ANGLE_UNIT ( ) );
#4896 = VERTEX_POINT ( 'NONE', #5121 ) ;
#4897 = DIRECTION ( 'NONE',  ( 1.156482317317871725E-16, -1.000000000000000000, -0.0000000000000000000 ) ) ;
#4898 = ORIENTED_EDGE ( 'NONE', *, *, #384, .F. ) ;
#4899 = LINE ( 'NONE', #979, #3412 ) ;
#4900 = EDGE_CURVE ( 'NONE', #2252, #2903, #803, .T. ) ;
#4901 = CARTESIAN_POINT ( 'NONE',  ( 14.99999999999999112, 4.400000000000002132, 7.849999999999999645 ) ) ;
#4902 = AXIS2_PLACEMENT_3D ( 'NONE', #1907, #1829, #1116 ) ;
#4903 = LINE ( 'NONE', #2533, #112 ) ;
#4904 = EDGE_LOOP ( 'NONE', ( #1911, #2995, #1133, #4926 ) ) ;
#4905 = DIRECTION ( 'NONE',  ( 0.0000000000000000000, 0.7071067811865536790, 0.7071067811865414665 ) ) ;
#4906 = EDGE_CURVE ( 'NONE', #2428, #3019, #2426, .T. ) ;
#4907 =( NAMED_UNIT ( * ) PLANE_ANGLE_UNIT ( ) SI_UNIT ( $, .RADIAN. ) );
#4908 = ORIENTED_EDGE ( 'NONE', *, *, #1853, .T. ) ;
#4909 = CARTESIAN_POINT ( 'NONE',  ( 14.99999999999999112, 4.400000000000002132, 7.849999999999999645 ) ) ;
#4910 = PRESENTATION_LAYER_ASSIGNMENT (  '', '', ( #2241 ) ) ;
#4911 = EDGE_CURVE ( 'NONE', #1555, #3224, #4000, .T. ) ;
#4912 = PRODUCT_DEFINITION_CONTEXT ( 'detailed design', #1903, 'design' ) ;
#4913 = CARTESIAN_POINT ( 'NONE',  ( 2.199999999999991740, 4.000000000000000000, 3.250000000000002220 ) ) ;
#4914 = PRESENTATION_LAYER_ASSIGNMENT (  '', '', ( #388 ) ) ;
#4915 = PRESENTATION_LAYER_ASSIGNMENT (  '', '', ( #2820 ) ) ;
#4916 = VECTOR ( 'NONE', #463, 1000.000000000000000 ) ;
#4917 = ORIENTED_EDGE ( 'NONE', *, *, #3022, .T. ) ;
#4918 = CARTESIAN_POINT ( 'NONE',  ( 14.99999999999999822, 4.400000000000002132, 5.350000000000000533 ) ) ;
#4919 = MECHANICAL_DESIGN_GEOMETRIC_PRESENTATION_REPRESENTATION (  '', ( #741 ), #4351 ) ;
#4920 = SURFACE_STYLE_USAGE ( .BOTH. , #3270 ) ;
#4921 = PLANE ( 'NONE',  #935 ) ;
#4922 = VERTEX_POINT ( 'NONE', #2012 ) ;
#4923 = AXIS2_PLACEMENT_3D ( 'NONE', #2481, #4080, #4880 ) ;
#4924 = SURFACE_STYLE_FILL_AREA ( #1676 ) ;
#4925 = SURFACE_SIDE_STYLE ('',( #3213 ) ) ;
#4926 = ORIENTED_EDGE ( 'NONE', *, *, #756, .F. ) ;
#4927 = VECTOR ( 'NONE', #501, 1000.000000000000000 ) ;
#4928 = DIRECTION ( 'NONE',  ( -0.0000000000000000000, -1.000000000000000000, -0.0000000000000000000 ) ) ;
#4929 = CARTESIAN_POINT ( 'NONE',  ( 12.99999999999999289, 13.20000000000000107, 10.09999999999999964 ) ) ;
#4930 = EDGE_LOOP ( 'NONE', ( #1342, #3421, #2817, #553 ) ) ;
#4931 = CARTESIAN_POINT ( 'NONE',  ( 27.99999999999999289, 13.20000000000000284, 3.100000000000003197 ) ) ;
#4932 = CARTESIAN_POINT ( 'NONE',  ( 2.999999999999991562, 9.199999999999999289, 2.600000000000003197 ) ) ;
#4933 = ORIENTED_EDGE ( 'NONE', *, *, #3041, .F. ) ;
#4934 = EDGE_CURVE ( 'NONE', #4471, #4330, #3215, .T. ) ;
#4935 =( LENGTH_UNIT ( ) NAMED_UNIT ( * ) SI_UNIT ( .MILLI., .METRE. ) );
#4936 = EDGE_CURVE ( 'NONE', #101, #2591, #2085, .T. ) ;
#4937 = VERTEX_POINT ( 'NONE', #3303 ) ;
#4938 = EDGE_CURVE ( 'NONE', #4019, #536, #3702, .T. ) ;
#4939 = DIRECTION ( 'NONE',  ( 1.156482317317871725E-16, -1.000000000000000000, -0.0000000000000000000 ) ) ;
#4940 = DIRECTION ( 'NONE',  ( 0.0000000000000000000, 1.000000000000000000, 0.0000000000000000000 ) ) ;
#4941 = DIRECTION ( 'NONE',  ( -0.7071067811865536790, 0.7071067811865414665, 0.0000000000000000000 ) ) ;
#4942 = DIRECTION ( 'NONE',  ( -0.0000000000000000000, -0.0000000000000000000, 1.000000000000000000 ) ) ;
#4943 = VERTEX_POINT ( 'NONE', #4490 ) ;
#4944 = CARTESIAN_POINT ( 'NONE',  ( 2.466666666666661012, 0.4666666666666623442, 10.48333333333332895 ) ) ;
#4945 = CARTESIAN_POINT ( 'NONE',  ( 12.99999999999999289, 9.200000000000001066, 10.59999999999999964 ) ) ;
#4946 = ORIENTED_EDGE ( 'NONE', *, *, #4789, .T. ) ;
#4947 = CARTESIAN_POINT ( 'NONE',  ( 0.0000000000000000000, 0.0000000000000000000, 1.000000000000000888 ) ) ;
#4948 = CARTESIAN_POINT ( 'NONE',  ( 7.999999999999991118, 13.19999999999999929, 10.59999999999999964 ) ) ;
#4949 = SURFACE_STYLE_FILL_AREA ( #3761 ) ;
#4950 = ORIENTED_EDGE ( 'NONE', *, *, #2640, .F. ) ;
#4951 = VECTOR ( 'NONE', #2408, 1000.000000000000227 ) ;
#4952 =( NAMED_UNIT ( * ) SI_UNIT ( $, .STERADIAN. ) SOLID_ANGLE_UNIT ( ) );
#4953 = LINE ( 'NONE', #1401, #473 ) ;
#4954 = ORIENTED_EDGE ( 'NONE', *, *, #5108, .T. ) ;
#4955 = AXIS2_PLACEMENT_3D ( 'NONE', #4802, #3189, #421 ) ;
#4956 = DIRECTION ( 'NONE',  ( -1.000000000000000000, 0.0000000000000000000, -0.0000000000000000000 ) ) ;
#4957 = MECHANICAL_DESIGN_GEOMETRIC_PRESENTATION_REPRESENTATION (  '', ( #3194 ), #2049 ) ;
#4958 = ADVANCED_FACE ( 'NONE', ( #1371 ), #2160, .F. ) ;
#4959 = ORIENTED_EDGE ( 'NONE', *, *, #2262, .T. ) ;
#4960 = DIRECTION ( 'NONE',  ( -0.0000000000000000000, -0.0000000000000000000, -1.000000000000000000 ) ) ;
#4961 = EDGE_CURVE ( 'NONE', #1838, #549, #72, .T. ) ;
#4962 = FILL_AREA_STYLE ('',( #3777 ) ) ;
#4963 =( LENGTH_UNIT ( ) NAMED_UNIT ( * ) SI_UNIT ( .MILLI., .METRE. ) );
#4964 = EDGE_CURVE ( 'NONE', #4281, #3396, #92, .T. ) ;
#4965 = ORIENTED_EDGE ( 'NONE', *, *, #2323, .T. ) ;
#4966 = MECHANICAL_DESIGN_GEOMETRIC_PRESENTATION_REPRESENTATION (  '', ( #811 ), #1977 ) ;
#4967 = DIRECTION ( 'NONE',  ( 0.0000000000000000000, 0.0000000000000000000, 1.000000000000000000 ) ) ;
#4968 = FACE_OUTER_BOUND ( 'NONE', #3336, .T. ) ;
#4969 = ORIENTED_EDGE ( 'NONE', *, *, #1820, .F. ) ;
#4970 = CARTESIAN_POINT ( 'NONE',  ( 7.199999999999993072, 4.000000000000000888, 10.74999999999999822 ) ) ;
#4971 = VECTOR ( 'NONE', #4225, 1000.000000000000000 ) ;
#4972 = FACE_OUTER_BOUND ( 'NONE', #2950, .T. ) ;
#4973 = VERTEX_POINT ( 'NONE', #3681 ) ;
#4974 = PRESENTATION_LAYER_ASSIGNMENT (  '', '', ( #2573 ) ) ;
#4975 = DIRECTION ( 'NONE',  ( -1.156482317317871725E-16, 1.000000000000000000, 0.0000000000000000000 ) ) ;
#4976 = ORIENTED_EDGE ( 'NONE', *, *, #933, .F. ) ;
#4977 = CARTESIAN_POINT ( 'NONE',  ( 27.99999999999999289, 13.20000000000000284, 10.09999999999999964 ) ) ;
#4978 = AXIS2_PLACEMENT_3D ( 'NONE', #2382, #1279, #3611 ) ;
#4979 = PRESENTATION_LAYER_ASSIGNMENT (  '', '', ( #1163 ) ) ;
#4980 = LINE ( 'NONE', #3769, #2868 ) ;
#4981 = DIRECTION ( 'NONE',  ( 1.000000000000000000, 0.0000000000000000000, -0.0000000000000000000 ) ) ;
#4982 =( GEOMETRIC_REPRESENTATION_CONTEXT ( 3 ) GLOBAL_UNCERTAINTY_ASSIGNED_CONTEXT ( ( #3938 ) ) GLOBAL_UNIT_ASSIGNED_CONTEXT ( ( #641, #319, #2273 ) ) REPRESENTATION_CONTEXT ( 'NONE', 'WORKASPACE' ) );
#4983 = COLOUR_RGB ( '',0.7529411764705882248, 0.7529411764705882248, 0.7529411764705882248 ) ;
#4984 = ORIENTED_EDGE ( 'NONE', *, *, #4440, .T. ) ;
#4985 = DIRECTION ( 'NONE',  ( 1.000000000000000000, 0.0000000000000000000, -0.0000000000000000000 ) ) ;
#4986 = ORIENTED_EDGE ( 'NONE', *, *, #691, .F. ) ;
#4987 = COLOUR_RGB ( '',0.7529411764705882248, 0.7529411764705882248, 0.7529411764705882248 ) ;
#4988 = COLOUR_RGB ( '',0.7529411764705882248, 0.7529411764705882248, 0.7529411764705882248 ) ;
#4989 =( GEOMETRIC_REPRESENTATION_CONTEXT ( 3 ) GLOBAL_UNCERTAINTY_ASSIGNED_CONTEXT ( ( #2761 ) ) GLOBAL_UNIT_ASSIGNED_CONTEXT ( ( #1433, #2226, #3048 ) ) REPRESENTATION_CONTEXT ( 'NONE', 'WORKASPACE' ) );
#4990 = CARTESIAN_POINT ( 'NONE',  ( 25.00000000000000000, 4.400000000000003908, 13.19999999999999929 ) ) ;
#4991 = ORIENTED_EDGE ( 'NONE', *, *, #331, .F. ) ;
#4992 = EDGE_CURVE ( 'NONE', #1843, #366, #3757, .T. ) ;
#4993 = DIRECTION ( 'NONE',  ( -0.5773502691896282846, 0.5773502691896182926, -0.5773502691896308381 ) ) ;
#4994 = EDGE_CURVE ( 'NONE', #210, #1756, #1347, .T. ) ;
#4995 = PLANE ( 'NONE',  #1662 ) ;
#4996 = DIRECTION ( 'NONE',  ( -1.156482317317871725E-16, 1.000000000000000000, 0.0000000000000000000 ) ) ;
#4997 = DIRECTION ( 'NONE',  ( 1.000000000000000000, 0.0000000000000000000, -0.0000000000000000000 ) ) ;
#4998 = VECTOR ( 'NONE', #1553, 1000.000000000000000 ) ;
#4999 = ADVANCED_FACE ( 'NONE', ( #920, #3277 ), #2918, .F. ) ;
#5000 = FACE_OUTER_BOUND ( 'NONE', #2790, .T. ) ;
#5001 = AXIS2_PLACEMENT_3D ( 'NONE', #2365, #4383, #3107 ) ;
#5002 = ORIENTED_EDGE ( 'NONE', *, *, #1384, .F. ) ;
#5003 = EDGE_CURVE ( 'NONE', #5062, #1865, #4697, .T. ) ;
#5004 = DIRECTION ( 'NONE',  ( -0.0000000000000000000, -1.000000000000000000, -0.0000000000000000000 ) ) ;
#5005 = ORIENTED_EDGE ( 'NONE', *, *, #3695, .F. ) ;
#5006 = DIRECTION ( 'NONE',  ( 0.0000000000000000000, -0.0000000000000000000, -1.000000000000000000 ) ) ;
#5007 = SURFACE_SIDE_STYLE ('',( #1711 ) ) ;
#5008 = ORIENTED_EDGE ( 'NONE', *, *, #2201, .F. ) ;
#5009 = ORIENTED_EDGE ( 'NONE', *, *, #1817, .T. ) ;
#5010 = FILL_AREA_STYLE_COLOUR ( '', #4381 ) ;
#5011 = LINE ( 'NONE', #110, #3379 ) ;
#5012 = CARTESIAN_POINT ( 'NONE',  ( 7.999999999999994671, 5.687617954022318617E-16, 10.94999999999999929 ) ) ;
#5013 = EDGE_LOOP ( 'NONE', ( #872, #4641, #3038, #4618 ) ) ;
#5014 = DIRECTION ( 'NONE',  ( 0.0000000000000000000, 0.0000000000000000000, -1.000000000000000000 ) ) ;
#5015 = LINE ( 'NONE', #4264, #216 ) ;
#5016 = ORIENTED_EDGE ( 'NONE', *, *, #59, .F. ) ;
#5017 = EDGE_CURVE ( 'NONE', #101, #2933, #687, .T. ) ;
#5018 = SURFACE_SIDE_STYLE ('',( #4293 ) ) ;
#5019 = ADVANCED_FACE ( 'NONE', ( #3014 ), #2188, .F. ) ;
#5020 = SURFACE_STYLE_USAGE ( .BOTH. , #692 ) ;
#5021 = DIRECTION ( 'NONE',  ( 0.0000000000000000000, 0.0000000000000000000, 1.000000000000000000 ) ) ;
#5022 = ORIENTED_EDGE ( 'NONE', *, *, #1725, .T. ) ;
#5023 = EDGE_LOOP ( 'NONE', ( #2161, #3472, #4377, #1321, #2764, #3159, #3825, #962 ) ) ;
#5024 = FILL_AREA_STYLE ('',( #4657 ) ) ;
#5025 = ADVANCED_FACE ( 'NONE', ( #3842 ), #1066, .F. ) ;
#5026 = EDGE_CURVE ( 'NONE', #2037, #637, #2793, .T. ) ;
#5027 = CARTESIAN_POINT ( 'NONE',  ( 6.999999999999991118, 9.199999999999999289, 3.100000000000003197 ) ) ;
#5028 = DIRECTION ( 'NONE',  ( 0.0000000000000000000, -0.0000000000000000000, 1.000000000000000000 ) ) ;
#5029 = ORIENTED_EDGE ( 'NONE', *, *, #4348, .T. ) ;
#5030 =( GEOMETRIC_REPRESENTATION_CONTEXT ( 3 ) GLOBAL_UNCERTAINTY_ASSIGNED_CONTEXT ( ( #3503 ) ) GLOBAL_UNIT_ASSIGNED_CONTEXT ( ( #2222, #2321, #618 ) ) REPRESENTATION_CONTEXT ( 'NONE', 'WORKASPACE' ) );
#5031 = ORIENTED_EDGE ( 'NONE', *, *, #2174, .T. ) ;
#5032 = SURFACE_STYLE_USAGE ( .BOTH. , #5083 ) ;
#5033 = CARTESIAN_POINT ( 'NONE',  ( 0.0000000000000000000, 9.199999999999999289, 13.19999999999999929 ) ) ;
#5034 = PLANE ( 'NONE',  #661 ) ;
#5035 = STYLED_ITEM ( 'NONE', ( #4310 ), #528 ) ;
#5036 = ORIENTED_EDGE ( 'NONE', *, *, #3459, .T. ) ;
#5037 = LINE ( 'NONE', #662, #1744 ) ;
#5038 =( GEOMETRIC_REPRESENTATION_CONTEXT ( 3 ) GLOBAL_UNCERTAINTY_ASSIGNED_CONTEXT ( ( #1382 ) ) GLOBAL_UNIT_ASSIGNED_CONTEXT ( ( #4251, #2281, #246 ) ) REPRESENTATION_CONTEXT ( 'NONE', 'WORKASPACE' ) );
#5039 = DIRECTION ( 'NONE',  ( 1.000000000000000000, -0.0000000000000000000, -0.0000000000000000000 ) ) ;
#5040 = PRESENTATION_LAYER_ASSIGNMENT (  '', '', ( #807 ) ) ;
#5041 = PLANE ( 'NONE',  #2296 ) ;
#5042 =( NAMED_UNIT ( * ) PLANE_ANGLE_UNIT ( ) SI_UNIT ( $, .RADIAN. ) );
#5043 = ORIENTED_EDGE ( 'NONE', *, *, #3671, .F. ) ;
#5044 = CARTESIAN_POINT ( 'NONE',  ( 25.00000000000000000, 9.200000000000004619, 13.19999999999999929 ) ) ;
#5045 = SURFACE_STYLE_FILL_AREA ( #5024 ) ;
#5046 = PLANE ( 'NONE',  #3539 ) ;
#5047 = STYLED_ITEM ( 'NONE', ( #2108 ), #1474 ) ;
#5048 = ADVANCED_FACE ( 'NONE', ( #1644 ), #1951, .F. ) ;
#5049 = DIRECTION ( 'NONE',  ( 0.0000000000000000000, 0.0000000000000000000, -1.000000000000000000 ) ) ;
#5050 = LINE ( 'NONE', #1504, #402 ) ;
#5051 = EDGE_CURVE ( 'NONE', #4829, #1708, #4719, .T. ) ;
#5052 = ORIENTED_EDGE ( 'NONE', *, *, #2617, .F. ) ;
#5053 = MECHANICAL_DESIGN_GEOMETRIC_PRESENTATION_REPRESENTATION (  '', ( #381 ), #2724 ) ;
#5054 =( GEOMETRIC_REPRESENTATION_CONTEXT ( 3 ) GLOBAL_UNCERTAINTY_ASSIGNED_CONTEXT ( ( #623 ) ) GLOBAL_UNIT_ASSIGNED_CONTEXT ( ( #2574, #1106, #574 ) ) REPRESENTATION_CONTEXT ( 'NONE', 'WORKASPACE' ) );
#5055 = PRESENTATION_STYLE_ASSIGNMENT (( #781 ) ) ;
#5056 = ORIENTED_EDGE ( 'NONE', *, *, #2728, .F. ) ;
#5057 = DIRECTION ( 'NONE',  ( 0.0000000000000000000, 0.0000000000000000000, -1.000000000000000000 ) ) ;
#5058 = VECTOR ( 'NONE', #4562, 1000.000000000000000 ) ;
#5059 = ORIENTED_EDGE ( 'NONE', *, *, #3196, .F. ) ;
#5060 = VECTOR ( 'NONE', #1626, 1000.000000000000227 ) ;
#5061 = AXIS2_PLACEMENT_3D ( 'NONE', #940, #82, #4116 ) ;
#5062 = VERTEX_POINT ( 'NONE', #2718 ) ;
#5063 = CARTESIAN_POINT ( 'NONE',  ( 27.19999999999999574, 4.000000000000002665, 2.450000000000005063 ) ) ;
#5064 = AXIS2_PLACEMENT_3D ( 'NONE', #2279, #4246, #4985 ) ;
#5065 =( NAMED_UNIT ( * ) PLANE_ANGLE_UNIT ( ) SI_UNIT ( $, .RADIAN. ) );
#5066 = DIRECTION ( 'NONE',  ( 1.000000000000000000, -0.0000000000000000000, -0.0000000000000000000 ) ) ;
#5067 = ORIENTED_EDGE ( 'NONE', *, *, #3305, .T. ) ;
#5068 = LINE ( 'NONE', #3039, #733 ) ;
#5069 = VERTEX_POINT ( 'NONE', #739 ) ;
#5070 = CARTESIAN_POINT ( 'NONE',  ( 30.50000000000000000, 9.200000000000004619, 13.19999999999999929 ) ) ;
#5071 = FACE_OUTER_BOUND ( 'NONE', #1655, .T. ) ;
#5072 = CARTESIAN_POINT ( 'NONE',  ( 7.799999999999991829, 0.1999999999999993727, 2.450000000000005063 ) ) ;
#5073 = SURFACE_STYLE_FILL_AREA ( #3953 ) ;
#5074 = DIRECTION ( 'NONE',  ( 1.000000000000000000, 0.0000000000000000000, 0.0000000000000000000 ) ) ;
#5075 = PRESENTATION_LAYER_ASSIGNMENT (  '', '', ( #3677 ) ) ;
#5076 = CARTESIAN_POINT ( 'NONE',  ( 12.19999999999999218, 4.000000000000000888, 3.250000000000002220 ) ) ;
#5077 = SURFACE_SIDE_STYLE ('',( #3523 ) ) ;
#5078 = ORIENTED_EDGE ( 'NONE', *, *, #4538, .F. ) ;
#5079 = COLOUR_RGB ( '',0.7529411764705882248, 0.7529411764705882248, 0.7529411764705882248 ) ;
#5080 = EDGE_CURVE ( 'NONE', #1884, #1851, #2337, .T. ) ;
#5081 = ORIENTED_EDGE ( 'NONE', *, *, #124, .T. ) ;
#5082 = EDGE_CURVE ( 'NONE', #1767, #233, #797, .T. ) ;
#5083 = SURFACE_SIDE_STYLE ('',( #5134 ) ) ;
#5084 = SURFACE_STYLE_FILL_AREA ( #4693 ) ;
#5085 = VERTEX_POINT ( 'NONE', #1567 ) ;
#5086 = EDGE_CURVE ( 'NONE', #1416, #2184, #4745, .T. ) ;
#5087 = CARTESIAN_POINT ( 'NONE',  ( 12.79999999999999183, 0.1999999999999999278, 2.450000000000005063 ) ) ;
#5088 =( NAMED_UNIT ( * ) SI_UNIT ( $, .STERADIAN. ) SOLID_ANGLE_UNIT ( ) );
#5089 = CARTESIAN_POINT ( 'NONE',  ( 7.199999999999992184, 0.1999999999999993727, 2.450000000000005063 ) ) ;
#5090 = VERTEX_POINT ( 'NONE', #2524 ) ;
#5091 =( NAMED_UNIT ( * ) PLANE_ANGLE_UNIT ( ) SI_UNIT ( $, .RADIAN. ) );
#5092 = LINE ( 'NONE', #4338, #575 ) ;
#5093 = LINE ( 'NONE', #3208, #1057 ) ;
#5094 = PLANE ( 'NONE',  #458 ) ;
#5095 = CARTESIAN_POINT ( 'NONE',  ( 30.50000000000000000, 4.400000000000003908, 5.350000000000000533 ) ) ;
#5096 = VERTEX_POINT ( 'NONE', #3297 ) ;
#5097 = CARTESIAN_POINT ( 'NONE',  ( 11.99999999999999112, 13.20000000000000107, 2.600000000000003197 ) ) ;
#5098 = CARTESIAN_POINT ( 'NONE',  ( 7.999999999999991118, 9.199999999999999289, 3.100000000000003197 ) ) ;
#5099 =( NAMED_UNIT ( * ) PLANE_ANGLE_UNIT ( ) SI_UNIT ( $, .RADIAN. ) );
#5100 = PLANE ( 'NONE',  #4414 ) ;
#5101 = DIRECTION ( 'NONE',  ( 0.0000000000000000000, 0.0000000000000000000, -1.000000000000000000 ) ) ;
#5102 = ORIENTED_EDGE ( 'NONE', *, *, #4561, .T. ) ;
#5103 = UNCERTAINTY_MEASURE_WITH_UNIT (LENGTH_MEASURE( 1.000000000000000082E-05 ), #2169, 'distance_accuracy_value', 'NONE');
#5104 = ORIENTED_EDGE ( 'NONE', *, *, #2386, .T. ) ;
#5105 = SURFACE_SIDE_STYLE ('',( #3028 ) ) ;
#5106 = AXIS2_PLACEMENT_3D ( 'NONE', #4164, #1713, #960 ) ;
#5107 = VERTEX_POINT ( 'NONE', #468 ) ;
#5108 = EDGE_CURVE ( 'NONE', #2243, #4446, #2129, .T. ) ;
#5109 = LINE ( 'NONE', #2765, #2007 ) ;
#5110 = ORIENTED_EDGE ( 'NONE', *, *, #2645, .F. ) ;
#5111 = CIRCLE ( 'NONE', #4955, 1.000000000000000888 ) ;
#5112 = DIRECTION ( 'NONE',  ( 0.0000000000000000000, 0.0000000000000000000, 1.000000000000000000 ) ) ;
#5113 = EDGE_CURVE ( 'NONE', #3431, #1664, #321, .T. ) ;
#5114 = DIRECTION ( 'NONE',  ( -0.5773502691896290617, 0.5773502691896190697, 0.5773502691896290617 ) ) ;
#5115 = VECTOR ( 'NONE', #3803, 1000.000000000000000 ) ;
#5116 = ADVANCED_FACE ( 'NONE', ( #3242 ), #2153, .F. ) ;
#5117 =( NAMED_UNIT ( * ) SI_UNIT ( $, .STERADIAN. ) SOLID_ANGLE_UNIT ( ) );
#5118 = MECHANICAL_DESIGN_GEOMETRIC_PRESENTATION_REPRESENTATION (  '', ( #276 ), #704 ) ;
#5119 = CARTESIAN_POINT ( 'NONE',  ( 7.799999999999992717, 4.000000000000000888, 9.950000000000002842 ) ) ;
#5120 = ORIENTED_EDGE ( 'NONE', *, *, #4180, .F. ) ;
#5121 = CARTESIAN_POINT ( 'NONE',  ( 24.99999999999998579, 4.400000000000003908, 7.849999999999999645 ) ) ;
#5122 = DIRECTION ( 'NONE',  ( 0.0000000000000000000, 0.0000000000000000000, -1.000000000000000000 ) ) ;
#5123 = SURFACE_SIDE_STYLE ('',( #3253 ) ) ;
#5124 = DIRECTION ( 'NONE',  ( 0.0000000000000000000, 0.0000000000000000000, -1.000000000000000000 ) ) ;
#5125 = SURFACE_STYLE_USAGE ( .BOTH. , #3955 ) ;
#5126 = LINE ( 'NONE', #4661, #4491 ) ;
#5127 = PRESENTATION_LAYER_ASSIGNMENT (  '', '', ( #2149 ) ) ;
#5128 = CARTESIAN_POINT ( 'NONE',  ( 26.99999999999999289, 9.200000000000002842, 2.600000000000003197 ) ) ;
#5129 = DIRECTION ( 'NONE',  ( 1.000000000000000000, 0.0000000000000000000, -0.0000000000000000000 ) ) ;
#5130 = ORIENTED_EDGE ( 'NONE', *, *, #360, .F. ) ;
#5131 = VECTOR ( 'NONE', #4795, 1000.000000000000000 ) ;
#5132 = CARTESIAN_POINT ( 'NONE',  ( 12.79999999999999361, 4.000000000000000888, 9.950000000000002842 ) ) ;
#5133 = PRODUCT_DEFINITION_SHAPE ( 'NONE', 'NONE',  #3828 ) ;
#5134 = SURFACE_STYLE_FILL_AREA ( #3552 ) ;
#5135 = AXIS2_PLACEMENT_3D ( 'NONE', #1409, #754, #3469 ) ;
#5136 = VERTEX_POINT ( 'NONE', #912 ) ;
#5137 =( NAMED_UNIT ( * ) PLANE_ANGLE_UNIT ( ) SI_UNIT ( $, .RADIAN. ) );
#5138 = CARTESIAN_POINT ( 'NONE',  ( 14.99999999999999822, 4.400000000000002132, 5.350000000000000533 ) ) ;
#5139 = EDGE_LOOP ( 'NONE', ( #4259, #393, #3047, #4039 ) ) ;
#5140 = VECTOR ( 'NONE', #4650, 1000.000000000000000 ) ;
#5141 =( GEOMETRIC_REPRESENTATION_CONTEXT ( 3 ) GLOBAL_UNCERTAINTY_ASSIGNED_CONTEXT ( ( #244 ) ) GLOBAL_UNIT_ASSIGNED_CONTEXT ( ( #4071, #977, #4874 ) ) REPRESENTATION_CONTEXT ( 'NONE', 'WORKASPACE' ) );
#5142 = CARTESIAN_POINT ( 'NONE',  ( 7.799999999999991829, 4.000000000000000888, 3.250000000000002220 ) ) ;
#5143 =( LENGTH_UNIT ( ) NAMED_UNIT ( * ) SI_UNIT ( .MILLI., .METRE. ) );
#5144 = DIRECTION ( 'NONE',  ( 1.000000000000000000, 0.0000000000000000000, -0.0000000000000000000 ) ) ;
#5145 = LINE ( 'NONE', #439, #228 ) ;
#5146 = EDGE_CURVE ( 'NONE', #1489, #46, #4820, .T. ) ;
#5147 = AXIS2_PLACEMENT_3D ( 'NONE', #1525, #639, #3788 ) ;
#5148 = ADVANCED_FACE ( 'NONE', ( #2079 ), #2466, .F. ) ;
#5149 = DIRECTION ( 'NONE',  ( 1.000000000000000000, 1.156482317317871725E-16, 0.0000000000000000000 ) ) ;
#5150 = CARTESIAN_POINT ( 'NONE',  ( 25.00000000000000000, 4.200000000000002842, 13.19999999999999929 ) ) ;
#5151 = FILL_AREA_STYLE ('',( #364 ) ) ;
#5152 = ORIENTED_EDGE ( 'NONE', *, *, #1290, .T. ) ;
#5153 = VECTOR ( 'NONE', #2985, 1000.000000000000000 ) ;
#5154 = DIRECTION ( 'NONE',  ( -1.000000000000000000, 0.0000000000000000000, -0.0000000000000000000 ) ) ;
#5155 = EDGE_CURVE ( 'NONE', #3409, #227, #1720, .T. ) ;
#5156 = SURFACE_STYLE_FILL_AREA ( #2 ) ;
#5157 = VECTOR ( 'NONE', #4257, 1000.000000000000000 ) ;
#5158 = ORIENTED_EDGE ( 'NONE', *, *, #1419, .F. ) ;
#5159 = FILL_AREA_STYLE_COLOUR ( '', #4747 ) ;
#5160 = DIRECTION ( 'NONE',  ( -0.0000000000000000000, -1.000000000000000000, -0.0000000000000000000 ) ) ;
#5161 = ORIENTED_EDGE ( 'NONE', *, *, #3108, .T. ) ;
#5162 = LINE ( 'NONE', #4909, #1915 ) ;
#5163 = UNCERTAINTY_MEASURE_WITH_UNIT (LENGTH_MEASURE( 1.000000000000000082E-05 ), #812, 'distance_accuracy_value', 'NONE');
#5164 = MECHANICAL_DESIGN_GEOMETRIC_PRESENTATION_REPRESENTATION (  '', ( #3079 ), #2922 ) ;
#5165 =( LENGTH_UNIT ( ) NAMED_UNIT ( * ) SI_UNIT ( .MILLI., .METRE. ) );
#5166 = PRESENTATION_LAYER_ASSIGNMENT (  '', '', ( #3427 ) ) ;
#5167 = VERTEX_POINT ( 'NONE', #2877 ) ;
#5168 = PLANE ( 'NONE',  #1849 ) ;
#5169 = ORIENTED_EDGE ( 'NONE', *, *, #1503, .T. ) ;
#5170 = CARTESIAN_POINT ( 'NONE',  ( 7.999999999999991118, 9.199999999999999289, 3.100000000000003197 ) ) ;
#5171 = SURFACE_STYLE_FILL_AREA ( #410 ) ;
#5172 = CARTESIAN_POINT ( 'NONE',  ( 1.999999999999991784, 13.19999999999999929, 10.59999999999999964 ) ) ;
#5173 = DIRECTION ( 'NONE',  ( 0.0000000000000000000, 0.0000000000000000000, -1.000000000000000000 ) ) ;
#5174 = ORIENTED_EDGE ( 'NONE', *, *, #1879, .F. ) ;
#5175 = DIRECTION ( 'NONE',  ( 0.0000000000000000000, 0.0000000000000000000, -1.000000000000000000 ) ) ;
#5176 = EDGE_CURVE ( 'NONE', #191, #2460, #1255, .T. ) ;
ENDSEC;
END-ISO-10303-21;
