ISO-10303-21;
HEADER;
FILE_DESCRIPTION (( 'STEP AP214' ),
    '1' );
FILE_NAME ('BAT54S.STEP',
    '2023-05-20T10:29:24',
    ( '' ),
    ( '' ),
    'SwSTEP 2.0',
    'SolidWorks 2022',
    '' );
FILE_SCHEMA (( 'AUTOMOTIVE_DESIGN' ));
ENDSEC;

DATA;
#1 = SURFACE_STYLE_USAGE ( .BOTH. , #27 ) ;
#2 = DIRECTION ( 'NONE',  ( -1.000000000000000000, 0.000000000000000000, 0.000000000000000000 ) ) ;
#3 =( LENGTH_UNIT ( ) NAMED_UNIT ( * ) SI_UNIT ( .MILLI., .METRE. ) );
#4 = VERTEX_POINT ( 'NONE', #967 ) ;
#5 = CARTESIAN_POINT ( 'NONE',  ( 2.790000000000000036, -0.1499999999999999944, 0.5621473127346620080 ) ) ;
#6 = SURFACE_SIDE_STYLE ('',( #2674 ) ) ;
#7 = ORIENTED_EDGE ( 'NONE', *, *, #1587, .T. ) ;
#8 = DIRECTION ( 'NONE',  ( -0.06958737431666468798, 0.06958737431666468798, 0.9951458157835084695 ) ) ;
#9 = DIRECTION ( 'NONE',  ( -1.000000000000000000, 0.000000000000000000, 1.355252715606880543E-15 ) ) ;
#10 = EDGE_CURVE ( 'NONE', #1193, #1843, #1442, .T. ) ;
#11 = ORIENTED_EDGE ( 'NONE', *, *, #1372, .F. ) ;
#12 = CYLINDRICAL_SURFACE ( 'NONE', #1633, 0.02927791450000000184 ) ;
#13 = DIRECTION ( 'NONE',  ( 0.06958737431666436879, -0.06958737431666468798, -0.9951458157835084695 ) ) ;
#14 = CARTESIAN_POINT ( 'NONE',  ( 0.03870363895999813508, 1.358043912833891920, 1.153487823687206149 ) ) ;
#15 = VECTOR ( 'NONE', #2039, 1000.000000000000000 ) ;
#16 = DIRECTION ( 'NONE',  ( 0.000000000000000000, -0.9975640502598241977, 0.06975647374412545509 ) ) ;
#17 = AXIS2_PLACEMENT_3D ( 'NONE', #2120, #2532, #844 ) ;
#18 = AXIS2_PLACEMENT_3D ( 'NONE', #1889, #2483, #2047 ) ;
#19 = AXIS2_PLACEMENT_3D ( 'NONE', #1345, #477, #2329 ) ;
#20 = CARTESIAN_POINT ( 'NONE',  ( 0.05699712422196933498, 0.007118921708978373682, 0.7018053234677609220 ) ) ;
#21 = VECTOR ( 'NONE', #2288, 1000.000000000000000 ) ;
#22 = ORIENTED_EDGE ( 'NONE', *, *, #2660, .F. ) ;
#23 = DIRECTION ( 'NONE',  ( -0.9975640502598243087, 0.000000000000000000, 0.06975647374412502488 ) ) ;
#24 = DIRECTION ( 'NONE',  ( -1.000000000000000000, -0.000000000000000000, -0.000000000000000000 ) ) ;
#25 = UNCERTAINTY_MEASURE_WITH_UNIT (LENGTH_MEASURE( 1.000000000000000082E-05 ), #2383, 'distance_accuracy_value', 'NONE');
#26 = ORIENTED_EDGE ( 'NONE', *, *, #1857, .F. ) ;
#27 = SURFACE_SIDE_STYLE ('',( #1445 ) ) ;
#28 = SURFACE_STYLE_USAGE ( .BOTH. , #1446 ) ;
#29 = CIRCLE ( 'NONE', #1540, 0.04999999999999991257 ) ;
#30 = DIRECTION ( 'NONE',  ( 0.000000000000000000, 0.000000000000000000, 1.000000000000000000 ) ) ;
#31 = COLOUR_RGB ( '',0.2862745098039215508, 0.2862745098039215508, 0.2862745098039215508 ) ;
#32 = EDGE_CURVE ( 'NONE', #1812, #2023, #2640, .T. ) ;
#33 = ADVANCED_FACE ( 'NONE', ( #1571 ), #105, .F. ) ;
#34 = FACE_OUTER_BOUND ( 'NONE', #2061, .T. ) ;
#35 = VECTOR ( 'NONE', #2331, 1000.000000000000114 ) ;
#36 = LINE ( 'NONE', #5, #492 ) ;
#37 = ORIENTED_EDGE ( 'NONE', *, *, #2655, .F. ) ;
#38 = PLANE ( 'NONE',  #1723 ) ;
#39 = DIRECTION ( 'NONE',  ( 1.000000000000000000, 0.000000000000000000, 0.000000000000000000 ) ) ;
#40 = ORIENTED_EDGE ( 'NONE', *, *, #628, .F. ) ;
#41 = CARTESIAN_POINT ( 'NONE',  ( 2.986973645962746282, 1.346973645962746380, 0.6415328405868311323 ) ) ;
#42 = CARTESIAN_POINT ( 'NONE',  ( 1.264999999999999902, 1.550000000000000266, 0.5621473127346620080 ) ) ;
#43 = DIRECTION ( 'NONE',  ( -0.06975647374412531632, 0.000000000000000000, -0.9975640502598241977 ) ) ;
#44 = DIRECTION ( 'NONE',  ( 1.000000000000000000, 2.653518049844881183E-16, 3.794707603699264730E-15 ) ) ;
#45 = DIRECTION ( 'NONE',  ( 1.000000000000000000, 0.000000000000000000, 0.000000000000000000 ) ) ;
#46 =( BOUNDED_CURVE ( )  B_SPLINE_CURVE ( 3, ( #481, #1497, #262, #2582 ),
 .UNSPECIFIED., .F., .T. ) 
 B_SPLINE_CURVE_WITH_KNOTS ( ( 4, 4 ),
 ( 5.500220136198067600, 7.066150478161112858 ),
 .UNSPECIFIED. ) 
 CURVE ( )  GEOMETRIC_REPRESENTATION_ITEM ( )  RATIONAL_B_SPLINE_CURVE ( ( 1.000000000000000000, 0.8058833813892053444, 0.8058833813892053444, 1.000000000000000000 ) ) 
 REPRESENTATION_ITEM ( '' )  );
#47 = ORIENTED_EDGE ( 'NONE', *, *, #1535, .T. ) ;
#48 = LINE ( 'NONE', #705, #2320 ) ;
#49 = CARTESIAN_POINT ( 'NONE',  ( 1.264999999999999902, 1.729982582445990014, 2.168404344971010347E-16 ) ) ;
#50 = ORIENTED_EDGE ( 'NONE', *, *, #753, .T. ) ;
#51 = LINE ( 'NONE', #1522, #183 ) ;
#52 = ORIENTED_EDGE ( 'NONE', *, *, #1870, .F. ) ;
#53 = PRESENTATION_STYLE_ASSIGNMENT (( #1912 ) ) ;
#54 =( LENGTH_UNIT ( ) NAMED_UNIT ( * ) SI_UNIT ( .MILLI., .METRE. ) );
#55 = VECTOR ( 'NONE', #2300, 1000.000000000000114 ) ;
#56 = ADVANCED_FACE ( 'NONE', ( #2237 ), #745, .F. ) ;
#57 = CARTESIAN_POINT ( 'NONE',  ( 2.951418158527010949, 1.361296361040001734, 0.04651217631279374459 ) ) ;
#58 = VERTEX_POINT ( 'NONE', #1988 ) ;
#59 =( GEOMETRIC_REPRESENTATION_CONTEXT ( 3 ) GLOBAL_UNCERTAINTY_ASSIGNED_CONTEXT ( ( #1109 ) ) GLOBAL_UNIT_ASSIGNED_CONTEXT ( ( #1903, #909, #702 ) ) REPRESENTATION_CONTEXT ( 'NONE', 'WORKASPACE' ) );
#60 = AXIS2_PLACEMENT_3D ( 'NONE', #1953, #2183, #703 ) ;
#61 = ADVANCED_FACE ( 'NONE', ( #1782 ), #2626, .T. ) ;
#62 = DIRECTION ( 'NONE',  ( 1.000000000000000000, 0.000000000000000000, -0.000000000000000000 ) ) ;
#63 = ORIENTED_EDGE ( 'NONE', *, *, #1416, .F. ) ;
#64 = VECTOR ( 'NONE', #2293, 1000.000000000000000 ) ;
#65 = DIRECTION ( 'NONE',  ( -0.000000000000000000, -1.000000000000000000, -0.000000000000000000 ) ) ;
#66 = CARTESIAN_POINT ( 'NONE',  ( 2.279999999999999805, -0.01515403870830761730, 0.4493795536457457773 ) ) ;
#67 = DIRECTION ( 'NONE',  ( 0.000000000000000000, 0.06975647374412531632, 0.9975640502598241977 ) ) ;
#68 = EDGE_LOOP ( 'NONE', ( #2252, #695, #1788, #389 ) ) ;
#69 = AXIS2_PLACEMENT_3D ( 'NONE', #2413, #2031, #2452 ) ;
#70 = UNCERTAINTY_MEASURE_WITH_UNIT (LENGTH_MEASURE( 1.000000000000000082E-05 ), #3, 'distance_accuracy_value', 'NONE');
#71 = PRESENTATION_LAYER_ASSIGNMENT (  '', '', ( #2015 ) ) ;
#72 = CARTESIAN_POINT ( 'NONE',  ( 1.520000000000000018, 1.399999999999999911, 0.5999999999999999778 ) ) ;
#73 = PRESENTATION_STYLE_ASSIGNMENT (( #1488 ) ) ;
#74 = CIRCLE ( 'NONE', #689, 0.04999999999999991951 ) ;
#75 = EDGE_LOOP ( 'NONE', ( #239, #2444 ) ) ;
#76 = VECTOR ( 'NONE', #1995, 1000.000000000000000 ) ;
#77 = LINE ( 'NONE', #2117, #1244 ) ;
#78 = EDGE_LOOP ( 'NONE', ( #99, #1188, #470, #609 ) ) ;
#79 = EDGE_CURVE ( 'NONE', #1568, #1645, #135, .T. ) ;
#80 =( LENGTH_UNIT ( ) NAMED_UNIT ( * ) SI_UNIT ( .MILLI., .METRE. ) );
#81 = ORIENTED_EDGE ( 'NONE', *, *, #2474, .T. ) ;
#82 =( NAMED_UNIT ( * ) SI_UNIT ( $, .STERADIAN. ) SOLID_ANGLE_UNIT ( ) );
#83 = LINE ( 'NONE', #254, #808 ) ;
#84 = DIRECTION ( 'NONE',  ( 0.000000000000000000, 0.000000000000000000, -1.000000000000000000 ) ) ;
#85 = CARTESIAN_POINT ( 'NONE',  ( 0.7500000000000000000, -0.01495707069651279995, 0.4201023017072240129 ) ) ;
#86 = VERTEX_POINT ( 'NONE', #57 ) ;
#87 = LINE ( 'NONE', #1550, #604 ) ;
#88 = EDGE_LOOP ( 'NONE', ( #1417, #533, #1148, #47 ) ) ;
#89 = CARTESIAN_POINT ( 'NONE',  ( 2.279999999999999805, -0.3261500413750760274, 0.1392399022905140005 ) ) ;
#90 = ADVANCED_FACE ( 'NONE', ( #2268 ), #1023, .T. ) ;
#91 = DIRECTION ( 'NONE',  ( 0.000000000000000000, 0.9975640502598243087, -0.06975647374412533019 ) ) ;
#92 = ORIENTED_EDGE ( 'NONE', *, *, #2077, .T. ) ;
#93 = CARTESIAN_POINT ( 'NONE',  ( 0.08858184147298928113, 0.6999999999999999556, 0.05000000000000000278 ) ) ;
#94 = DIRECTION ( 'NONE',  ( -0.000000000000000000, 1.000000000000000000, -0.000000000000000000 ) ) ;
#95 = CIRCLE ( 'NONE', #1226, 0.04999999999999991951 ) ;
#96 = MECHANICAL_DESIGN_GEOMETRIC_PRESENTATION_REPRESENTATION (  '', ( #630 ), #853 ) ;
#97 = CARTESIAN_POINT ( 'NONE',  ( 0.7500000000000001110, -0.5999999999999999778, -0.09999999999999957534 ) ) ;
#98 = VECTOR ( 'NONE', #1050, 1000.000000000000000 ) ;
#99 = ORIENTED_EDGE ( 'NONE', *, *, #32, .T. ) ;
#100 = FILL_AREA_STYLE_COLOUR ( '', #1283 ) ;
#101 = EDGE_LOOP ( 'NONE', ( #1907, #826, #2260, #2675 ) ) ;
#102 = VECTOR ( 'NONE', #1987, 1000.000000000000000 ) ;
#103 = CARTESIAN_POINT ( 'NONE',  ( 1.264999999999999902, 1.500000000000000000, 0.5999999999999999778 ) ) ;
#104 = CIRCLE ( 'NONE', #1080, 0.1000000000000000056 ) ;
#105 = PLANE ( 'NONE',  #1187 ) ;
#106 = EDGE_CURVE ( 'NONE', #2211, #668, #857, .T. ) ;
#107 = ADVANCED_FACE ( 'NONE', ( #1489 ), #588, .T. ) ;
#108 = CIRCLE ( 'NONE', #2360, 0.06222467529000028780 ) ;
#109 = CYLINDRICAL_SURFACE ( 'NONE', #1279, 0.02927791450000000184 ) ;
#110 = CARTESIAN_POINT ( 'NONE',  ( 1.520000000000000018, 1.399999999999999911, 0.5999999999999999778 ) ) ;
#111 = SURFACE_SIDE_STYLE ('',( #1967 ) ) ;
#112 = ORIENTED_EDGE ( 'NONE', *, *, #2028, .T. ) ;
#113 = MECHANICAL_DESIGN_GEOMETRIC_PRESENTATION_REPRESENTATION (  '', ( #601 ), #326 ) ;
#114 =( NAMED_UNIT ( * ) SI_UNIT ( $, .STERADIAN. ) SOLID_ANGLE_UNIT ( ) );
#115 = VECTOR ( 'NONE', #2166, 1000.000000000000000 ) ;
#116 = ORIENTED_EDGE ( 'NONE', *, *, #1067, .T. ) ;
#117 = CARTESIAN_POINT ( 'NONE',  ( 0.2400000000000000189, -0.1000000000000000056, 0.5999999999999999778 ) ) ;
#118 = STYLED_ITEM ( 'NONE', ( #860 ), #2676 ) ;
#119 = SURFACE_STYLE_FILL_AREA ( #2171 ) ;
#120 = ORIENTED_EDGE ( 'NONE', *, *, #1386, .F. ) ;
#121 = DIRECTION ( 'NONE',  ( 0.000000000000000000, -5.706327223607940234E-16, 1.000000000000000000 ) ) ;
#122 = UNCERTAINTY_MEASURE_WITH_UNIT (LENGTH_MEASURE( 1.000000000000000082E-05 ), #936, 'distance_accuracy_value', 'NONE');
#123 = DIRECTION ( 'NONE',  ( -0.000000000000000000, -0.000000000000000000, -1.000000000000000000 ) ) ;
#124 =( NAMED_UNIT ( * ) PLANE_ANGLE_UNIT ( ) SI_UNIT ( $, .RADIAN. ) );
#125 = ORIENTED_EDGE ( 'NONE', *, *, #1584, .F. ) ;
#126 = DIRECTION ( 'NONE',  ( 1.000000000000000000, 0.000000000000000000, 0.000000000000000000 ) ) ;
#127 = DIRECTION ( 'NONE',  ( 1.000000000000000000, 0.000000000000000000, 0.000000000000000000 ) ) ;
#128 = ORIENTED_EDGE ( 'NONE', *, *, #881, .T. ) ;
#129 = DIRECTION ( 'NONE',  ( 0.000000000000000000, -0.3845012213685797819, -0.9231244828115384715 ) ) ;
#130 =( BOUNDED_CURVE ( )  B_SPLINE_CURVE ( 3, ( #1115, #1774, #2551, #1943 ),
 .UNSPECIFIED., .F., .T. ) 
 B_SPLINE_CURVE_WITH_KNOTS ( ( 4, 4 ),
 ( 2.358627482608258941, 3.924557824571297093 ),
 .UNSPECIFIED. ) 
 CURVE ( )  GEOMETRIC_REPRESENTATION_ITEM ( )  RATIONAL_B_SPLINE_CURVE ( ( 1.000000000000000000, 0.8058833813892070097, 0.8058833813892070097, 1.000000000000000000 ) ) 
 REPRESENTATION_ITEM ( '' )  );
#131 = LINE ( 'NONE', #2024, #1492 ) ;
#132 = VERTEX_POINT ( 'NONE', #1012 ) ;
#133 = FILL_AREA_STYLE_COLOUR ( '', #2233 ) ;
#134 = LINE ( 'NONE', #991, #544 ) ;
#135 = LINE ( 'NONE', #798, #1842 ) ;
#136 = LINE ( 'NONE', #338, #2216 ) ;
#137 = DIRECTION ( 'NONE',  ( 0.000000000000000000, 0.3845012213685810032, -0.9231244828115380274 ) ) ;
#138 = DIRECTION ( 'NONE',  ( 1.000000000000000000, 0.000000000000000000, -0.000000000000000000 ) ) ;
#139 = ORIENTED_EDGE ( 'NONE', *, *, #2660, .T. ) ;
#140 = EDGE_CURVE ( 'NONE', #2621, #2401, #1840, .T. ) ;
#141 = DIRECTION ( 'NONE',  ( 0.000000000000000000, -0.006727528758750780068, -0.9999773699223398760 ) ) ;
#142 = ORIENTED_EDGE ( 'NONE', *, *, #1993, .T. ) ;
#143 =( GEOMETRIC_REPRESENTATION_CONTEXT ( 3 ) GLOBAL_UNCERTAINTY_ASSIGNED_CONTEXT ( ( #950 ) ) GLOBAL_UNIT_ASSIGNED_CONTEXT ( ( #1370, #816, #2422 ) ) REPRESENTATION_CONTEXT ( 'NONE', 'WORKASPACE' ) );
#144 = EDGE_CURVE ( 'NONE', #1259, #657, #2126, .T. ) ;
#145 = EDGE_CURVE ( 'NONE', #1735, #2173, #2046, .T. ) ;
#146 = CARTESIAN_POINT ( 'NONE',  ( 2.279999999999999805, -0.5999999999999999778, 0.08999999999999999667 ) ) ;
#147 = ORIENTED_EDGE ( 'NONE', *, *, #752, .T. ) ;
#148 = MECHANICAL_DESIGN_GEOMETRIC_PRESENTATION_REPRESENTATION (  '', ( #2307 ), #634 ) ;
#149 = DIRECTION ( 'NONE',  ( -0.000000000000000000, 5.421010862427510337E-16, 1.000000000000000000 ) ) ;
#150 = UNCERTAINTY_MEASURE_WITH_UNIT (LENGTH_MEASURE( 1.000000000000000082E-05 ), #2144, 'distance_accuracy_value', 'NONE');
#151 =( NAMED_UNIT ( * ) PLANE_ANGLE_UNIT ( ) SI_UNIT ( $, .RADIAN. ) );
#152 = STYLED_ITEM ( 'NONE', ( #1594 ), #1052 ) ;
#153 = FILL_AREA_STYLE ('',( #2668 ) ) ;
#154 = AXIS2_PLACEMENT_3D ( 'NONE', #49, #801, #1282 ) ;
#155 = FACE_OUTER_BOUND ( 'NONE', #1762, .T. ) ;
#156 = MECHANICAL_DESIGN_GEOMETRIC_PRESENTATION_REPRESENTATION (  '', ( #2490 ), #241 ) ;
#157 = CARTESIAN_POINT ( 'NONE',  ( 0.04987820251299004970, 1.399999999999999911, 0.5999999999999999778 ) ) ;
#158 = ORIENTED_EDGE ( 'NONE', *, *, #255, .T. ) ;
#159 = CARTESIAN_POINT ( 'NONE',  ( 1.520000000000000018, 1.399999999999999911, 0.5999999999999999778 ) ) ;
#160 = EDGE_CURVE ( 'NONE', #2557, #1855, #130, .T. ) ;
#161 = ORIENTED_EDGE ( 'NONE', *, *, #190, .T. ) ;
#162 = CARTESIAN_POINT ( 'NONE',  ( 1.264999999999999902, 1.414957070696510000, 0.4201023017072240129 ) ) ;
#163 = EDGE_LOOP ( 'NONE', ( #2455, #973, #2127, #2594, #524, #494, #2376, #1554, #219, #2378, #725, #1922 ) ) ;
#164 = CARTESIAN_POINT ( 'NONE',  ( 0.7500000000000000000, -0.1499999999999999112, 0.5621473127346622300 ) ) ;
#165 = ORIENTED_EDGE ( 'NONE', *, *, #2630, .T. ) ;
#166 = DIRECTION ( 'NONE',  ( 1.000000000000000000, 0.000000000000000000, 0.000000000000000000 ) ) ;
#167 = DIRECTION ( 'NONE',  ( -0.06958737431666467410, -0.06958737431666434103, -0.9951458157835086915 ) ) ;
#168 = VERTEX_POINT ( 'NONE', #957 ) ;
#169 = SURFACE_SIDE_STYLE ('',( #347 ) ) ;
#170 = EDGE_LOOP ( 'NONE', ( #683, #613, #182, #2365 ) ) ;
#171 = DIRECTION ( 'NONE',  ( 1.000000000000000000, 0.000000000000000000, 0.000000000000000000 ) ) ;
#172 = EDGE_CURVE ( 'NONE', #1825, #1248, #538, .T. ) ;
#173 = DIRECTION ( 'NONE',  ( 0.000000000000000000, -1.000000000000000000, 0.000000000000000000 ) ) ;
#174 = CYLINDRICAL_SURFACE ( 'NONE', #2001, 0.05000000000000000278 ) ;
#175 = DIRECTION ( 'NONE',  ( 0.06958737431666439655, 0.06958737431666470186, 0.9951458157835086915 ) ) ;
#176 = DIRECTION ( 'NONE',  ( -0.06958737431666424389, -0.06958737431666481288, -0.9951458157835085805 ) ) ;
#177 = ORIENTED_EDGE ( 'NONE', *, *, #2059, .F. ) ;
#178 = CARTESIAN_POINT ( 'NONE',  ( 1.774999999999999911, 1.637670134164840086, -0.03845012213685779917 ) ) ;
#179 = ORIENTED_EDGE ( 'NONE', *, *, #577, .T. ) ;
#180 = CARTESIAN_POINT ( 'NONE',  ( 0.2400000000000000189, -0.3299825824459929891, -0.09999999999999978351 ) ) ;
#181 = VECTOR ( 'NONE', #759, 1000.000000000000000 ) ;
#182 = ORIENTED_EDGE ( 'NONE', *, *, #2547, .T. ) ;
#183 = VECTOR ( 'NONE', #2121, 1000.000000000000000 ) ;
#184 = CIRCLE ( 'NONE', #361, 0.1000000000000000056 ) ;
#185 = COLOUR_RGB ( '',0.2862745098039215508, 0.2862745098039215508, 0.2862745098039215508 ) ;
#186 = DIRECTION ( 'NONE',  ( 3.523657060577895721E-15, 0.000000000000000000, 1.000000000000000000 ) ) ;
#187 =( NAMED_UNIT ( * ) PLANE_ANGLE_UNIT ( ) SI_UNIT ( $, .RADIAN. ) );
#188 = PRESENTATION_LAYER_ASSIGNMENT (  '', '', ( #152 ) ) ;
#189 = DIRECTION ( 'NONE',  ( -1.000000000000000000, -0.000000000000000000, -0.000000000000000000 ) ) ;
#190 = EDGE_CURVE ( 'NONE', #2415, #982, #310, .T. ) ;
#191 = EDGE_CURVE ( 'NONE', #2109, #282, #1334, .T. ) ;
#192 = VERTEX_POINT ( 'NONE', #1761 ) ;
#193 = VECTOR ( 'NONE', #1342, 1000.000000000000000 ) ;
#194 = LINE ( 'NONE', #1637, #639 ) ;
#195 = DIRECTION ( 'NONE',  ( 0.06958737431666438267, -0.06958737431666468798, 0.9951458157835084695 ) ) ;
#196 = VERTEX_POINT ( 'NONE', #2565 ) ;
#197 = PRESENTATION_LAYER_ASSIGNMENT (  '', '', ( #548 ) ) ;
#198 = DIRECTION ( 'NONE',  ( 0.000000000000000000, -0.9975640502598241977, -0.06975647374412545509 ) ) ;
#199 = COLOUR_RGB ( '',0.2862745098039215508, 0.2862745098039215508, 0.2862745098039215508 ) ;
#200 = ORIENTED_EDGE ( 'NONE', *, *, #932, .T. ) ;
#201 = SURFACE_STYLE_USAGE ( .BOTH. , #2295 ) ;
#202 =( NAMED_UNIT ( * ) PLANE_ANGLE_UNIT ( ) SI_UNIT ( $, .RADIAN. ) );
#203 = ORIENTED_EDGE ( 'NONE', *, *, #342, .F. ) ;
#204 = SURFACE_SIDE_STYLE ('',( #1450 ) ) ;
#205 = ORIENTED_EDGE ( 'NONE', *, *, #770, .F. ) ;
#206 = SURFACE_STYLE_USAGE ( .BOTH. , #521 ) ;
#207 = ADVANCED_FACE ( 'NONE', ( #719 ), #1634, .T. ) ;
#208 = DIRECTION ( 'NONE',  ( 1.000000000000000000, -0.000000000000000000, 0.000000000000000000 ) ) ;
#209 = ORIENTED_EDGE ( 'NONE', *, *, #1033, .F. ) ;
#210 = EDGE_CURVE ( 'NONE', #86, #632, #95, .T. ) ;
#211 = ORIENTED_EDGE ( 'NONE', *, *, #697, .F. ) ;
#212 = FACE_OUTER_BOUND ( 'NONE', #620, .T. ) ;
#213 =( NAMED_UNIT ( * ) SI_UNIT ( $, .STERADIAN. ) SOLID_ANGLE_UNIT ( ) );
#214 = CARTESIAN_POINT ( 'NONE',  ( 0.000000000000000000, 0.6999999999999999556, 0.5999999999999999778 ) ) ;
#215 = ORIENTED_EDGE ( 'NONE', *, *, #1654, .F. ) ;
#216 = DIRECTION ( 'NONE',  ( 1.000000000000000000, 0.000000000000000000, 0.000000000000000000 ) ) ;
#217 =( LENGTH_UNIT ( ) NAMED_UNIT ( * ) SI_UNIT ( .MILLI., .METRE. ) );
#218 = DIRECTION ( 'NONE',  ( -0.06958737431666438267, -0.06958737431666468798, -0.9951458157835084695 ) ) ;
#219 = ORIENTED_EDGE ( 'NONE', *, *, #1885, .F. ) ;
#220 = CARTESIAN_POINT ( 'NONE',  ( 1.774999999999999911, 1.441984230377126641, 0.4313596955915993125 ) ) ;
#221 = EDGE_CURVE ( 'NONE', #742, #1081, #1836, .T. ) ;
#222 = ORIENTED_EDGE ( 'NONE', *, *, #1671, .T. ) ;
#223 = EDGE_CURVE ( 'NONE', #1193, #1284, #1617, .T. ) ;
#224 = VECTOR ( 'NONE', #407, 1000.000000000000114 ) ;
#225 = ORIENTED_EDGE ( 'NONE', *, *, #1676, .T. ) ;
#226 = COLOUR_RGB ( '',0.8431372549019607865, 0.8431372549019607865, 0.8431372549019607865 ) ;
#227 = LINE ( 'NONE', #1449, #1035 ) ;
#228 = DIRECTION ( 'NONE',  ( 0.000000000000000000, -0.3845012213685797819, -0.9231244828115384715 ) ) ;
#229 = UNCERTAINTY_MEASURE_WITH_UNIT (LENGTH_MEASURE( 1.000000000000000082E-05 ), #1182, 'distance_accuracy_value', 'NONE');
#230 = DIRECTION ( 'NONE',  ( 0.000000000000000000, -6.776263578034402713E-16, -1.000000000000000000 ) ) ;
#231 = VECTOR ( 'NONE', #1326, 1000.000000000000000 ) ;
#232 = VECTOR ( 'NONE', #1875, 1000.000000000000114 ) ;
#233 = AXIS2_PLACEMENT_3D ( 'NONE', #1404, #2232, #2025 ) ;
#234 = FACE_OUTER_BOUND ( 'NONE', #600, .T. ) ;
#235 = VERTEX_POINT ( 'NONE', #434 ) ;
#236 = CARTESIAN_POINT ( 'NONE',  ( 0.08858184147298928113, 0.08858184147298939215, 0.000000000000000000 ) ) ;
#237 = CARTESIAN_POINT ( 'NONE',  ( 2.790000000000000036, -0.01495707069651279995, -0.09999999999999999167 ) ) ;
#238 = UNCERTAINTY_MEASURE_WITH_UNIT (LENGTH_MEASURE( 1.000000000000000082E-05 ), #1670, 'distance_accuracy_value', 'NONE');
#239 = ORIENTED_EDGE ( 'NONE', *, *, #1935, .F. ) ;
#240 = DIRECTION ( 'NONE',  ( -1.000000000000000000, -0.000000000000000000, -0.000000000000000000 ) ) ;
#241 =( GEOMETRIC_REPRESENTATION_CONTEXT ( 3 ) GLOBAL_UNCERTAINTY_ASSIGNED_CONTEXT ( ( #2561 ) ) GLOBAL_UNIT_ASSIGNED_CONTEXT ( ( #1045, #617, #2253 ) ) REPRESENTATION_CONTEXT ( 'NONE', 'WORKASPACE' ) );
#242 =( NAMED_UNIT ( * ) SI_UNIT ( $, .STERADIAN. ) SOLID_ANGLE_UNIT ( ) );
#243 = CIRCLE ( 'NONE', #2578, 0.1000000000000000056 ) ;
#244 = DIRECTION ( 'NONE',  ( 1.000000000000000000, 0.000000000000000000, 0.000000000000000000 ) ) ;
#245 = LINE ( 'NONE', #2659, #232 ) ;
#246 = VERTEX_POINT ( 'NONE', #2317 ) ;
#247 = SURFACE_STYLE_FILL_AREA ( #2372 ) ;
#248 = CARTESIAN_POINT ( 'NONE',  ( 2.790000000000000036, -0.01495707069651279995, 0.4201023017072240129 ) ) ;
#249 = EDGE_LOOP ( 'NONE', ( #1851, #1806, #165, #1777 ) ) ;
#250 = DIRECTION ( 'NONE',  ( 0.000000000000000000, 1.000000000000000000, 0.000000000000000000 ) ) ;
#251 = FILL_AREA_STYLE ('',( #917 ) ) ;
#252 = EDGE_CURVE ( 'NONE', #1982, #1708, #888, .T. ) ;
#253 = DIRECTION ( 'NONE',  ( -0.06975647374412502488, 0.000000000000000000, 0.9975640502598243087 ) ) ;
#254 = CARTESIAN_POINT ( 'NONE',  ( 2.279999999999999805, -0.5999999999999999778, 0.4201023017072240129 ) ) ;
#255 = EDGE_CURVE ( 'NONE', #2529, #1128, #1034, .T. ) ;
#256 = DIRECTION ( 'NONE',  ( 1.000000000000000000, 0.000000000000000000, 0.000000000000000000 ) ) ;
#257 = SURFACE_STYLE_FILL_AREA ( #466 ) ;
#258 =( LENGTH_UNIT ( ) NAMED_UNIT ( * ) SI_UNIT ( .MILLI., .METRE. ) );
#259 = ORIENTED_EDGE ( 'NONE', *, *, #2196, .T. ) ;
#260 = DIRECTION ( 'NONE',  ( 0.000000000000000000, 1.000000000000000000, 0.000000000000000000 ) ) ;
#261 = ORIENTED_EDGE ( 'NONE', *, *, #770, .T. ) ;
#262 = CARTESIAN_POINT ( 'NONE',  ( -7.015549458002192355E-18, 0.02063086035558903131, 0.6000000000000007550 ) ) ;
#263 = DIRECTION ( 'NONE',  ( 1.000000000000000000, -0.000000000000000000, 0.000000000000000000 ) ) ;
#264 = ORIENTED_EDGE ( 'NONE', *, *, #1348, .F. ) ;
#265 =( NAMED_UNIT ( * ) PLANE_ANGLE_UNIT ( ) SI_UNIT ( $, .RADIAN. ) );
#266 = CYLINDRICAL_SURFACE ( 'NONE', #2615, 0.04999999999999999584 ) ;
#267 = DIRECTION ( 'NONE',  ( 0.000000000000000000, 0.000000000000000000, -1.000000000000000000 ) ) ;
#268 = VECTOR ( 'NONE', #1755, 1000.000000000000114 ) ;
#269 = SURFACE_STYLE_FILL_AREA ( #464 ) ;
#270 = DIRECTION ( 'NONE',  ( -1.000000000000000000, 0.000000000000000000, 0.000000000000000000 ) ) ;
#271 = VECTOR ( 'NONE', #1710, 999.9999999999998863 ) ;
#272 = EDGE_CURVE ( 'NONE', #1193, #424, #700, .T. ) ;
#273 = ADVANCED_FACE ( 'NONE', ( #1314 ), #1950, .T. ) ;
#274 = ORIENTED_EDGE ( 'NONE', *, *, #2624, .F. ) ;
#275 = VECTOR ( 'NONE', #1062, 1000.000000000000000 ) ;
#276 = LINE ( 'NONE', #2544, #783 ) ;
#277 = MECHANICAL_DESIGN_GEOMETRIC_PRESENTATION_REPRESENTATION (  '', ( #895 ), #2093 ) ;
#278 = EDGE_LOOP ( 'NONE', ( #2439, #2373, #1297, #693 ) ) ;
#279 = CIRCLE ( 'NONE', #1628, 0.05000000000000000971 ) ;
#280 = PRESENTATION_STYLE_ASSIGNMENT (( #1727 ) ) ;
#281 = VECTOR ( 'NONE', #1784, 1000.000000000000000 ) ;
#282 = VERTEX_POINT ( 'NONE', #2368 ) ;
#283 = CARTESIAN_POINT ( 'NONE',  ( 0.2400000000000000189, -0.09255887880480241636, 0.5382218490863940330 ) ) ;
#284 = MECHANICAL_DESIGN_GEOMETRIC_PRESENTATION_REPRESENTATION (  '', ( #414 ), #1281 ) ;
#285 = CARTESIAN_POINT ( 'NONE',  ( 1.774999999999999911, 1.800000000000000266, 0.09000000000000003830 ) ) ;
#286 = PRESENTATION_LAYER_ASSIGNMENT (  '', '', ( #1721 ) ) ;
#287 = FILL_AREA_STYLE ('',( #955 ) ) ;
#288 = CARTESIAN_POINT ( 'NONE',  ( 2.790000000000000036, -0.01515403870830761730, 0.4493795536457457773 ) ) ;
#289 = VECTOR ( 'NONE', #1894, 1000.000000000000000 ) ;
#290 = EDGE_CURVE ( 'NONE', #357, #1248, #1716, .T. ) ;
#291 = DIRECTION ( 'NONE',  ( -0.06958737431666470186, 0.06958737431666470186, 0.9951458157835086915 ) ) ;
#292 = ORIENTED_EDGE ( 'NONE', *, *, #697, .T. ) ;
#293 = EDGE_CURVE ( 'NONE', #1350, #2265, #714, .T. ) ;
#294 = SURFACE_SIDE_STYLE ('',( #2148 ) ) ;
#295 = EDGE_LOOP ( 'NONE', ( #1048, #200, #2535, #1213 ) ) ;
#296 = FILL_AREA_STYLE_COLOUR ( '', #676 ) ;
#297 = DIRECTION ( 'NONE',  ( 0.000000000000000000, 0.000000000000000000, 1.000000000000000000 ) ) ;
#298 = SURFACE_STYLE_FILL_AREA ( #287 ) ;
#299 = ORIENTED_EDGE ( 'NONE', *, *, #2513, .T. ) ;
#300 = ORIENTED_EDGE ( 'NONE', *, *, #1339, .F. ) ;
#301 = SURFACE_STYLE_FILL_AREA ( #2119 ) ;
#302 = ADVANCED_FACE ( 'NONE', ( #2537 ), #1914, .T. ) ;
#303 = EDGE_CURVE ( 'NONE', #507, #2643, #83, .T. ) ;
#304 = PRESENTATION_STYLE_ASSIGNMENT (( #2351 ) ) ;
#305 = EDGE_LOOP ( 'NONE', ( #1262, #2274, #2471, #2076 ) ) ;
#306 = PLANE ( 'NONE',  #726 ) ;
#307 = CARTESIAN_POINT ( 'NONE',  ( 0.2400000000000000189, -0.01515403870830761730, 0.4493795536457457773 ) ) ;
#308 = DIRECTION ( 'NONE',  ( 0.000000000000000000, -8.131516293641297060E-16, -1.000000000000000000 ) ) ;
#309 = CARTESIAN_POINT ( 'NONE',  ( 1.264999999999999902, 1.726150041375080102, 0.1392399022905140005 ) ) ;
#310 = LINE ( 'NONE', #1745, #1024 ) ;
#311 = CIRCLE ( 'NONE', #2168, 0.1000000000000000056 ) ;
#312 = ORIENTED_EDGE ( 'NONE', *, *, #10, .T. ) ;
#313 = PRESENTATION_STYLE_ASSIGNMENT (( #1607 ) ) ;
#314 = VECTOR ( 'NONE', #1095, 1000.000000000000000 ) ;
#315 = COLOUR_RGB ( '',0.2862745098039215508, 0.2862745098039215508, 0.2862745098039215508 ) ;
#316 = EDGE_LOOP ( 'NONE', ( #1481, #1705, #2167, #1596 ) ) ;
#317 = SURFACE_STYLE_USAGE ( .BOTH. , #727 ) ;
#318 = COLOUR_RGB ( '',0.2862745098039215508, 0.2862745098039215508, 0.2862745098039215508 ) ;
#319 = VECTOR ( 'NONE', #885, 1000.000000000000000 ) ;
#320 = DIRECTION ( 'NONE',  ( 0.000000000000000000, -0.3845012213685797819, -0.9231244828115384715 ) ) ;
#321 = CYLINDRICAL_SURFACE ( 'NONE', #1674, 0.06222467529000028780 ) ;
#322 = FILL_AREA_STYLE ('',( #366 ) ) ;
#323 = AXIS2_PLACEMENT_3D ( 'NONE', #1555, #990, #1179 ) ;
#324 = CYLINDRICAL_SURFACE ( 'NONE', #1407, 0.04999999999999991257 ) ;
#325 = SPHERICAL_SURFACE ( 'NONE', #2264, 0.05000000000000000278 ) ;
#326 =( GEOMETRIC_REPRESENTATION_CONTEXT ( 3 ) GLOBAL_UNCERTAINTY_ASSIGNED_CONTEXT ( ( #456 ) ) GLOBAL_UNIT_ASSIGNED_CONTEXT ( ( #80, #2555, #696 ) ) REPRESENTATION_CONTEXT ( 'NONE', 'WORKASPACE' ) );
#327 = ORIENTED_EDGE ( 'NONE', *, *, #1678, .F. ) ;
#328 = VECTOR ( 'NONE', #2487, 1000.000000000000000 ) ;
#329 = CYLINDRICAL_SURFACE ( 'NONE', #2665, 0.08000000000000000167 ) ;
#330 = CARTESIAN_POINT ( 'NONE',  ( 0.08858184147298936439, 0.08858184147298935052, 1.149999999999999911 ) ) ;
#331 = PRESENTATION_LAYER_ASSIGNMENT (  '', '', ( #118 ) ) ;
#332 = ORIENTED_EDGE ( 'NONE', *, *, #1287, .T. ) ;
#333 =( NAMED_UNIT ( * ) PLANE_ANGLE_UNIT ( ) SI_UNIT ( $, .RADIAN. ) );
#334 = CARTESIAN_POINT ( 'NONE',  ( 2.789999999999999591, -0.5999999999999999778, -0.09999999999999957534 ) ) ;
#335 = ORIENTED_EDGE ( 'NONE', *, *, #2558, .T. ) ;
#336 = DIRECTION ( 'NONE',  ( -0.000000000000000000, -1.000000000000000000, 0.000000000000000000 ) ) ;
#337 = DIRECTION ( 'NONE',  ( -0.000000000000000000, 0.9975640502598243087, 0.06975647374412533019 ) ) ;
#338 = CARTESIAN_POINT ( 'NONE',  ( 1.264999999999999902, 1.549999999999998268, 0.5621473127346611198 ) ) ;
#339 = EDGE_CURVE ( 'NONE', #4, #1387, #733, .T. ) ;
#340 = DIRECTION ( 'NONE',  ( 0.000000000000000000, 0.000000000000000000, -1.000000000000000000 ) ) ;
#341 = CARTESIAN_POINT ( 'NONE',  ( 1.774999999999999911, 1.726150041375078770, 0.1392399022905135009 ) ) ;
#342 = EDGE_CURVE ( 'NONE', #2173, #1645, #713, .T. ) ;
#343 = CYLINDRICAL_SURFACE ( 'NONE', #1638, 0.04999999999999991257 ) ;
#344 = DIRECTION ( 'NONE',  ( 1.000000000000000000, 0.000000000000000000, -0.000000000000000000 ) ) ;
#345 = ORIENTED_EDGE ( 'NONE', *, *, #1430, .F. ) ;
#346 = DIRECTION ( 'NONE',  ( 0.000000000000000000, -0.9231244828115380274, 0.3845012213685810032 ) ) ;
#347 = SURFACE_STYLE_FILL_AREA ( #2419 ) ;
#348 = CARTESIAN_POINT ( 'NONE',  ( 1.520000000000000018, 0.000000000000000000, 0.5999999999999999778 ) ) ;
#349 = SURFACE_STYLE_USAGE ( .BOTH. , #2194 ) ;
#350 = DIRECTION ( 'NONE',  ( 0.000000000000000000, 1.000000000000000000, 0.000000000000000000 ) ) ;
#351 = DIRECTION ( 'NONE',  ( 0.000000000000000000, -0.9975640502598243087, -0.06975647374412533019 ) ) ;
#352 = ORIENTED_EDGE ( 'NONE', *, *, #2139, .T. ) ;
#353 = EDGE_CURVE ( 'NONE', #513, #632, #933, .T. ) ;
#354 = EDGE_CURVE ( 'NONE', #2332, #785, #1331, .T. ) ;
#355 = DIRECTION ( 'NONE',  ( 0.000000000000000000, 0.9975640502598241977, 0.06975647374412534407 ) ) ;
#356 = LINE ( 'NONE', #386, #1414 ) ;
#357 = VERTEX_POINT ( 'NONE', #307 ) ;
#358 = VECTOR ( 'NONE', #2666, 1000.000000000000000 ) ;
#359 =( GEOMETRIC_REPRESENTATION_CONTEXT ( 3 ) GLOBAL_UNCERTAINTY_ASSIGNED_CONTEXT ( ( #2584 ) ) GLOBAL_UNIT_ASSIGNED_CONTEXT ( ( #687, #2160, #1910 ) ) REPRESENTATION_CONTEXT ( 'NONE', 'WORKASPACE' ) );
#360 = VERTEX_POINT ( 'NONE', #2651 ) ;
#361 = AXIS2_PLACEMENT_3D ( 'NONE', #476, #1302, #1533 ) ;
#362 = AXIS2_PLACEMENT_3D ( 'NONE', #570, #1824, #523 ) ;
#363 = SURFACE_STYLE_FILL_AREA ( #390 ) ;
#364 = CARTESIAN_POINT ( 'NONE',  ( 2.279999999999999805, -0.1500000000000000222, 0.5621473127346620080 ) ) ;
#365 = UNCERTAINTY_MEASURE_WITH_UNIT (LENGTH_MEASURE( 1.000000000000000082E-05 ), #1191, 'distance_accuracy_value', 'NONE');
#366 = FILL_AREA_STYLE_COLOUR ( '', #185 ) ;
#367 = SURFACE_SIDE_STYLE ('',( #1155 ) ) ;
#368 = AXIS2_PLACEMENT_3D ( 'NONE', #1274, #45, #501 ) ;
#369 =( GEOMETRIC_REPRESENTATION_CONTEXT ( 3 ) GLOBAL_UNCERTAINTY_ASSIGNED_CONTEXT ( ( #2479 ) ) GLOBAL_UNIT_ASSIGNED_CONTEXT ( ( #1108, #2338, #82 ) ) REPRESENTATION_CONTEXT ( 'NONE', 'WORKASPACE' ) );
#370 = STYLED_ITEM ( 'NONE', ( #1432 ), #1773 ) ;
#371 = ORIENTED_EDGE ( 'NONE', *, *, #391, .F. ) ;
#372 = VECTOR ( 'NONE', #1420, 1000.000000000000000 ) ;
#373 = CARTESIAN_POINT ( 'NONE',  ( 1.520000000000000018, 1.389479670758274832, 0.4495522826033617192 ) ) ;
#374 = VERTEX_POINT ( 'NONE', #1833 ) ;
#375 = ADVANCED_FACE ( 'NONE', ( #383 ), #174, .T. ) ;
#376 = AXIS2_PLACEMENT_3D ( 'NONE', #1509, #512, #1295 ) ;
#377 = CARTESIAN_POINT ( 'NONE',  ( 1.264999999999999680, 1.399999999999999911, 0.5999999999999999778 ) ) ;
#378 = PRESENTATION_LAYER_ASSIGNMENT (  '', '', ( #2408 ) ) ;
#379 = FILL_AREA_STYLE ('',( #1846 ) ) ;
#380 = ORIENTED_EDGE ( 'NONE', *, *, #932, .F. ) ;
#381 = CARTESIAN_POINT ( 'NONE',  ( 0.08858184147298928113, 0.04195608716610625677, 1.199999999999999956 ) ) ;
#382 = CARTESIAN_POINT ( 'NONE',  ( 0.2400000000000000189, 0.07706887638489069714, 0.4500000000000000666 ) ) ;
#383 = FACE_OUTER_BOUND ( 'NONE', #758, .T. ) ;
#384 = CARTESIAN_POINT ( 'NONE',  ( 1.520000000000000018, -1.612265279854497340E-22, 0.5999999999999999778 ) ) ;
#385 = ORIENTED_EDGE ( 'NONE', *, *, #353, .F. ) ;
#386 = CARTESIAN_POINT ( 'NONE',  ( 0.2400000000000000189, 0.01052032924172510014, 0.4495522826033620523 ) ) ;
#387 = ORIENTED_EDGE ( 'NONE', *, *, #651, .T. ) ;
#388 = CARTESIAN_POINT ( 'NONE',  ( 2.951418158527010949, 0.08858184147298939215, 0.05000000000000000278 ) ) ;
#389 = ORIENTED_EDGE ( 'NONE', *, *, #545, .F. ) ;
#390 = FILL_AREA_STYLE ('',( #133 ) ) ;
#391 = EDGE_CURVE ( 'NONE', #2159, #2370, #136, .T. ) ;
#392 = DIRECTION ( 'NONE',  ( 0.000000000000000000, 0.000000000000000000, -1.000000000000000000 ) ) ;
#393 = CARTESIAN_POINT ( 'NONE',  ( 0.08858184147298910072, 0.08858184147298936439, 1.149999999999999911 ) ) ;
#394 = CARTESIAN_POINT ( 'NONE',  ( 2.790000000000000036, -0.5999999999999999778, 0.4201023017072240129 ) ) ;
#395 = VERTEX_POINT ( 'NONE', #2450 ) ;
#396 = DIRECTION ( 'NONE',  ( 0.000000000000000000, 0.000000000000000000, -1.000000000000000000 ) ) ;
#397 = PRODUCT_CONTEXT ( 'NONE', #2162, 'mechanical' ) ;
#398 = ORIENTED_EDGE ( 'NONE', *, *, #1336, .T. ) ;
#399 = ORIENTED_EDGE ( 'NONE', *, *, #423, .F. ) ;
#400 = CARTESIAN_POINT ( 'NONE',  ( 0.2400000000000000189, -0.5999999999999999778, 0.4201023017072240129 ) ) ;
#401 = COLOUR_RGB ( '',0.2862745098039215508, 0.2862745098039215508, 0.2862745098039215508 ) ;
#402 =( GEOMETRIC_REPRESENTATION_CONTEXT ( 3 ) GLOBAL_UNCERTAINTY_ASSIGNED_CONTEXT ( ( #2177 ) ) GLOBAL_UNIT_ASSIGNED_CONTEXT ( ( #2312, #1070, #213 ) ) REPRESENTATION_CONTEXT ( 'NONE', 'WORKASPACE' ) );
#403 = AXIS2_PLACEMENT_3D ( 'NONE', #1858, #678, #882 ) ;
#404 = EDGE_CURVE ( 'NONE', #883, #374, #311, .T. ) ;
#405 = DIRECTION ( 'NONE',  ( 0.000000000000000000, -1.000000000000000000, 3.061669739711679975E-15 ) ) ;
#406 = VECTOR ( 'NONE', #2032, 1000.000000000000227 ) ;
#407 = DIRECTION ( 'NONE',  ( 0.06958737431666468798, 0.06958737431666468798, -0.9951458157835084695 ) ) ;
#408 = EDGE_LOOP ( 'NONE', ( #264, #1208, #1911, #261, #2228, #1871, #2546, #161, #736, #1960, #468, #2462 ) ) ;
#409 = LINE ( 'NONE', #117, #1805 ) ;
#410 = DIRECTION ( 'NONE',  ( 1.000000000000000000, 0.000000000000000000, 0.000000000000000000 ) ) ;
#411 =( NAMED_UNIT ( * ) PLANE_ANGLE_UNIT ( ) SI_UNIT ( $, .RADIAN. ) );
#412 = AXIS2_PLACEMENT_3D ( 'NONE', #1473, #1111, #1276 ) ;
#413 = EDGE_LOOP ( 'NONE', ( #478, #158, #1801, #2504 ) ) ;
#414 = STYLED_ITEM ( 'NONE', ( #814 ), #1947 ) ;
#415 = SURFACE_SIDE_STYLE ('',( #2051 ) ) ;
#416 = AXIS2_PLACEMENT_3D ( 'NONE', #1791, #569, #2607 ) ;
#417 = ORIENTED_EDGE ( 'NONE', *, *, #1298, .T. ) ;
#418 = DIRECTION ( 'NONE',  ( 1.000000000000000000, 0.000000000000000000, 0.000000000000000000 ) ) ;
#419 = MECHANICAL_DESIGN_GEOMETRIC_PRESENTATION_REPRESENTATION (  '', ( #2408 ), #1041 ) ;
#420 = VECTOR ( 'NONE', #582, 1000.000000000000000 ) ;
#421 = CARTESIAN_POINT ( 'NONE',  ( 0.08858184147298908684, 1.311418158527010602, 0.05000000000000000971 ) ) ;
#422 = CARTESIAN_POINT ( 'NONE',  ( 2.951418158527010949, 0.08858184147298936439, 1.149999999999999911 ) ) ;
#423 = EDGE_CURVE ( 'NONE', #904, #1350, #1572, .T. ) ;
#424 = VERTEX_POINT ( 'NONE', #2613 ) ;
#425 = DIRECTION ( 'NONE',  ( 0.000000000000000000, 0.000000000000000000, -1.000000000000000000 ) ) ;
#426 = EDGE_CURVE ( 'NONE', #2501, #2581, #561, .T. ) ;
#427 = EDGE_CURVE ( 'NONE', #513, #2638, #2632, .T. ) ;
#428 = VERTEX_POINT ( 'NONE', #1616 ) ;
#429 = CARTESIAN_POINT ( 'NONE',  ( 2.951418158527010949, 1.311418158527010602, 1.149999999999999911 ) ) ;
#430 = ORIENTED_EDGE ( 'NONE', *, *, #1741, .F. ) ;
#431 = FILL_AREA_STYLE_COLOUR ( '', #2100 ) ;
#432 = CARTESIAN_POINT ( 'NONE',  ( 3.019369139644412670, 1.399999999999999689, 0.6000000000000005329 ) ) ;
#433 = LINE ( 'NONE', #394, #1403 ) ;
#434 = CARTESIAN_POINT ( 'NONE',  ( 2.789999999999999591, -0.5999999999999999778, 0.08999999999999998279 ) ) ;
#435 =( NAMED_UNIT ( * ) PLANE_ANGLE_UNIT ( ) SI_UNIT ( $, .RADIAN. ) );
#436 = CARTESIAN_POINT ( 'NONE',  ( 0.04987820251299047991, 0.000000000000000000, 0.5999999999999999778 ) ) ;
#437 = SHAPE_DEFINITION_REPRESENTATION ( #495, #2022 ) ;
#438 = ORIENTED_EDGE ( 'NONE', *, *, #1931, .F. ) ;
#439 = ADVANCED_FACE ( 'NONE', ( #2598 ), #1006, .F. ) ;
#440 = DIRECTION ( 'NONE',  ( 0.000000000000000000, 0.9231244828115380274, -0.3845012213685810032 ) ) ;
#441 = CARTESIAN_POINT ( 'NONE',  ( 1.520000000000000018, 1.399999999999999911, 0.5999999999999999778 ) ) ;
#442 = ORIENTED_EDGE ( 'NONE', *, *, #2040, .T. ) ;
#443 = PRESENTATION_STYLE_ASSIGNMENT (( #201 ) ) ;
#444 = CARTESIAN_POINT ( 'NONE',  ( 2.951418158527010949, 0.08858184147298935052, 0.05000000000000000278 ) ) ;
#445 = ORIENTED_EDGE ( 'NONE', *, *, #160, .T. ) ;
#446 = PRESENTATION_LAYER_ASSIGNMENT (  '', '', ( #2389 ) ) ;
#447 = UNCERTAINTY_MEASURE_WITH_UNIT (LENGTH_MEASURE( 1.000000000000000082E-05 ), #1181, 'distance_accuracy_value', 'NONE');
#448 = STYLED_ITEM ( 'NONE', ( #1088 ), #1189 ) ;
#449 = PRESENTATION_LAYER_ASSIGNMENT (  '', '', ( #2394 ) ) ;
#450 = CARTESIAN_POINT ( 'NONE',  ( 3.001296361040002303, 1.311418158527010824, 1.153487823687206149 ) ) ;
#451 = CARTESIAN_POINT ( 'NONE',  ( 1.774999999999999911, 1.492558878804800093, 0.5382218490863940330 ) ) ;
#452 = ORIENTED_EDGE ( 'NONE', *, *, #2474, .F. ) ;
#453 = DIRECTION ( 'NONE',  ( 0.000000000000000000, -0.9975640502598241977, 0.06975647374412534407 ) ) ;
#454 = CIRCLE ( 'NONE', #819, 0.05000000000000000278 ) ;
#455 = CARTESIAN_POINT ( 'NONE',  ( 0.2400000000000000189, -0.3261500413750766381, 0.1392399022905142503 ) ) ;
#456 = UNCERTAINTY_MEASURE_WITH_UNIT (LENGTH_MEASURE( 1.000000000000000082E-05 ), #80, 'distance_accuracy_value', 'NONE');
#457 = EDGE_CURVE ( 'NONE', #1939, #1491, #660, .T. ) ;
#458 = AXIS2_PLACEMENT_3D ( 'NONE', #1212, #2641, #1221 ) ;
#459 = LINE ( 'NONE', #400, #1408 ) ;
#460 = MECHANICAL_DESIGN_GEOMETRIC_PRESENTATION_REPRESENTATION (  '', ( #1932 ), #2538 ) ;
#461 = AXIS2_PLACEMENT_3D ( 'NONE', #41, #2518, #1482 ) ;
#462 =( LENGTH_UNIT ( ) NAMED_UNIT ( * ) SI_UNIT ( .MILLI., .METRE. ) );
#463 =( GEOMETRIC_REPRESENTATION_CONTEXT ( 3 ) GLOBAL_UNCERTAINTY_ASSIGNED_CONTEXT ( ( #25 ) ) GLOBAL_UNIT_ASSIGNED_CONTEXT ( ( #2383, #535, #114 ) ) REPRESENTATION_CONTEXT ( 'NONE', 'WORKASPACE' ) );
#464 = FILL_AREA_STYLE ('',( #1888 ) ) ;
#465 = PRODUCT_DEFINITION_FORMATION_WITH_SPECIFIED_SOURCE ( 'ANY', '', #1318, .NOT_KNOWN. ) ;
#466 = FILL_AREA_STYLE ('',( #1734 ) ) ;
#467 = ORIENTED_EDGE ( 'NONE', *, *, #2459, .F. ) ;
#468 = ORIENTED_EDGE ( 'NONE', *, *, #339, .F. ) ;
#469 = CARTESIAN_POINT ( 'NONE',  ( 2.951418158527010949, 1.311418158527010602, 1.149999999999999911 ) ) ;
#470 = ORIENTED_EDGE ( 'NONE', *, *, #2414, .T. ) ;
#471 = EDGE_CURVE ( 'NONE', #1508, #842, #1658, .T. ) ;
#472 = ADVANCED_FACE ( 'NONE', ( #1470 ), #1700, .T. ) ;
#473 = SURFACE_STYLE_FILL_AREA ( #2151 ) ;
#474 = UNCERTAINTY_MEASURE_WITH_UNIT (LENGTH_MEASURE( 1.000000000000000082E-05 ), #2273, 'distance_accuracy_value', 'NONE');
#475 = CARTESIAN_POINT ( 'NONE',  ( 0.08858184147298935052, 0.08858184147298926725, 0.05000000000000000971 ) ) ;
#476 = CARTESIAN_POINT ( 'NONE',  ( 1.264999999999999902, 1.729982582445990014, 2.168404344971010347E-16 ) ) ;
#477 = DIRECTION ( 'NONE',  ( -1.000000000000000000, -0.000000000000000000, -0.000000000000000000 ) ) ;
#478 = ORIENTED_EDGE ( 'NONE', *, *, #2280, .F. ) ;
#479 = SURFACE_SIDE_STYLE ('',( #247 ) ) ;
#480 = ORIENTED_EDGE ( 'NONE', *, *, #427, .T. ) ;
#481 = CARTESIAN_POINT ( 'NONE',  ( 0.04987820251299047991, 0.000000000000000000, 0.5999999999999999778 ) ) ;
#482 = LINE ( 'NONE', #497, #1270 ) ;
#483 = CARTESIAN_POINT ( 'NONE',  ( 1.774999999999999911, 2.000000000000000000, -0.09999999999999957534 ) ) ;
#484 = FILL_AREA_STYLE_COLOUR ( '', #1585 ) ;
#485 = FILL_AREA_STYLE_COLOUR ( '', #2430 ) ;
#486 = EDGE_CURVE ( 'NONE', #1128, #1193, #2507, .T. ) ;
#487 = STYLED_ITEM ( 'NONE', ( #1381 ), #375 ) ;
#488 = CARTESIAN_POINT ( 'NONE',  ( 0.7500000000000000000, -0.01495707069651279995, 0.4201023017072240129 ) ) ;
#489 = SURFACE_STYLE_USAGE ( .BOTH. , #1099 ) ;
#490 = ADVANCED_FACE ( 'NONE', ( #1873 ), #1251, .T. ) ;
#491 = ORIENTED_EDGE ( 'NONE', *, *, #1269, .F. ) ;
#492 = VECTOR ( 'NONE', #1424, 1000.000000000000114 ) ;
#493 = PRESENTATION_LAYER_ASSIGNMENT (  '', '', ( #1668 ) ) ;
#494 = ORIENTED_EDGE ( 'NONE', *, *, #1962, .F. ) ;
#495 = PRODUCT_DEFINITION_SHAPE ( 'NONE', 'NONE',  #2493 ) ;
#496 = COLOUR_RGB ( '',0.2862745098039215508, 0.2862745098039215508, 0.2862745098039215508 ) ;
#497 = CARTESIAN_POINT ( 'NONE',  ( 2.790000000000000036, -0.1000000000000000056, 0.5999999999999999778 ) ) ;
#498 = VECTOR ( 'NONE', #717, 1000.000000000000000 ) ;
#499 = VERTEX_POINT ( 'NONE', #1058 ) ;
#500 = VECTOR ( 'NONE', #743, 1000.000000000000114 ) ;
#501 = DIRECTION ( 'NONE',  ( 0.000000000000000000, 0.000000000000000000, -1.000000000000000000 ) ) ;
#502 = DIRECTION ( 'NONE',  ( -0.000000000000000000, -1.000000000000000000, -0.000000000000000000 ) ) ;
#503 = AXIS2_PLACEMENT_3D ( 'NONE', #388, #2445, #1216 ) ;
#504 = DIRECTION ( 'NONE',  ( -0.000000000000000000, 1.000000000000000000, 5.706327223607940234E-16 ) ) ;
#505 = CARTESIAN_POINT ( 'NONE',  ( 0.03870363895999812814, 1.311418158527010602, 0.04651217631279374459 ) ) ;
#506 =( GEOMETRIC_REPRESENTATION_CONTEXT ( 3 ) GLOBAL_UNCERTAINTY_ASSIGNED_CONTEXT ( ( #1028 ) ) GLOBAL_UNIT_ASSIGNED_CONTEXT ( ( #2251, #1868, #1666 ) ) REPRESENTATION_CONTEXT ( 'NONE', 'WORKASPACE' ) );
#507 = VERTEX_POINT ( 'NONE', #1673 ) ;
#508 = ADVANCED_FACE ( 'NONE', ( #2491 ), #649, .F. ) ;
#509 = LINE ( 'NONE', #900, #35 ) ;
#510 = EDGE_CURVE ( 'NONE', #2636, #246, #51, .T. ) ;
#511 = VERTEX_POINT ( 'NONE', #1288 ) ;
#512 = DIRECTION ( 'NONE',  ( 1.000000000000000000, 0.000000000000000000, 0.000000000000000000 ) ) ;
#513 = VERTEX_POINT ( 'NONE', #2111 ) ;
#514 = LINE ( 'NONE', #364, #1030 ) ;
#515 = CARTESIAN_POINT ( 'NONE',  ( 3.036851848475737636, 1.346973645962746380, 0.6450206642740373697 ) ) ;
#516 = CARTESIAN_POINT ( 'NONE',  ( 1.264999999999999902, 1.441984230377129972, 0.4313596955915999787 ) ) ;
#517 = PRESENTATION_STYLE_ASSIGNMENT (( #489 ) ) ;
#518 = DIRECTION ( 'NONE',  ( -0.000000000000000000, -0.000000000000000000, -1.000000000000000000 ) ) ;
#519 = ORIENTED_EDGE ( 'NONE', *, *, #172, .T. ) ;
#520 = EDGE_LOOP ( 'NONE', ( #1044, #2287, #926, #1025 ) ) ;
#521 = SURFACE_SIDE_STYLE ('',( #2062 ) ) ;
#522 = FACE_OUTER_BOUND ( 'NONE', #78, .T. ) ;
#523 = DIRECTION ( 'NONE',  ( -1.000000000000000000, 0.000000000000000000, 1.355252715606880543E-15 ) ) ;
#524 = ORIENTED_EDGE ( 'NONE', *, *, #457, .F. ) ;
#525 =( LENGTH_UNIT ( ) NAMED_UNIT ( * ) SI_UNIT ( .MILLI., .METRE. ) );
#526 = DIRECTION ( 'NONE',  ( 0.000000000000000000, 0.9975640502598243087, 0.06975647374412519142 ) ) ;
#527 = ORIENTED_EDGE ( 'NONE', *, *, #2610, .F. ) ;
#528 = CARTESIAN_POINT ( 'NONE',  ( 2.951418158527010949, 1.311418158527010602, 0.04999999999999999584 ) ) ;
#529 = DIRECTION ( 'NONE',  ( 0.000000000000000000, -0.9231244828115380274, -0.3845012213685810032 ) ) ;
#530 = PLANE ( 'NONE',  #2573 ) ;
#531 = PRESENTATION_STYLE_ASSIGNMENT (( #2588 ) ) ;
#532 = STYLED_ITEM ( 'NONE', ( #2397 ), #439 ) ;
#533 = ORIENTED_EDGE ( 'NONE', *, *, #2624, .T. ) ;
#534 = MECHANICAL_DESIGN_GEOMETRIC_PRESENTATION_REPRESENTATION (  '', ( #983 ), #359 ) ;
#535 =( NAMED_UNIT ( * ) PLANE_ANGLE_UNIT ( ) SI_UNIT ( $, .RADIAN. ) );
#536 = LINE ( 'NONE', #750, #907 ) ;
#537 = MECHANICAL_DESIGN_GEOMETRIC_PRESENTATION_REPRESENTATION (  '', ( #1711 ), #59 ) ;
#538 = CIRCLE ( 'NONE', #2175, 0.02927791450000000184 ) ;
#539 = ORIENTED_EDGE ( 'NONE', *, *, #221, .F. ) ;
#540 = DIRECTION ( 'NONE',  ( 1.000000000000000000, 0.000000000000000000, 0.000000000000000000 ) ) ;
#541 = DIRECTION ( 'NONE',  ( 0.000000000000000000, -0.9231244828115380274, 0.3845012213685810032 ) ) ;
#542 = ADVANCED_FACE ( 'NONE', ( #2533 ), #2334, .T. ) ;
#543 = VERTEX_POINT ( 'NONE', #483 ) ;
#544 = VECTOR ( 'NONE', #2207, 1000.000000000000000 ) ;
#545 = EDGE_CURVE ( 'NONE', #1645, #2385, #2556, .T. ) ;
#546 = CARTESIAN_POINT ( 'NONE',  ( 2.951418158527010949, 0.08858184147298929501, 0.04999999999999999584 ) ) ;
#547 = VECTOR ( 'NONE', #1915, 1000.000000000000000 ) ;
#548 = STYLED_ITEM ( 'NONE', ( #1351 ), #1917 ) ;
#549 = PLANE ( 'NONE',  #2098 ) ;
#550 = COLOUR_RGB ( '',0.2862745098039215508, 0.2862745098039215508, 0.2862745098039215508 ) ;
#551 = ORIENTED_EDGE ( 'NONE', *, *, #2214, .T. ) ;
#552 = FILL_AREA_STYLE ('',( #597 ) ) ;
#553 =( NAMED_UNIT ( * ) PLANE_ANGLE_UNIT ( ) SI_UNIT ( $, .RADIAN. ) );
#554 = LINE ( 'NONE', #1804, #420 ) ;
#555 = ORIENTED_EDGE ( 'NONE', *, *, #715, .T. ) ;
#556 = PLANE ( 'NONE',  #1116 ) ;
#557 = CARTESIAN_POINT ( 'NONE',  ( 0.7500000000000000000, -0.4000000000000000222, 0.09000000000000003830 ) ) ;
#558 = EDGE_LOOP ( 'NONE', ( #445, #205, #1456, #1664 ) ) ;
#559 = LINE ( 'NONE', #2193, #102 ) ;
#560 = SURFACE_STYLE_USAGE ( .BOTH. , #1005 ) ;
#561 = LINE ( 'NONE', #979, #1352 ) ;
#562 = EDGE_CURVE ( 'NONE', #2332, #2557, #1327, .T. ) ;
#563 = ADVANCED_FACE ( 'NONE', ( #889 ), #1909, .T. ) ;
#564 = CARTESIAN_POINT ( 'NONE',  ( 2.280000000000000249, -4.235567802591465162E-19, 0.5999999999999999778 ) ) ;
#565 =( NAMED_UNIT ( * ) SI_UNIT ( $, .STERADIAN. ) SOLID_ANGLE_UNIT ( ) );
#566 = LINE ( 'NONE', #1388, #115 ) ;
#567 = CARTESIAN_POINT ( 'NONE',  ( 0.2400000000000000189, -0.04198423037712534917, 0.4313596955915998121 ) ) ;
#568 = EDGE_LOOP ( 'NONE', ( #799, #399, #1519, #739 ) ) ;
#569 = DIRECTION ( 'NONE',  ( 1.000000000000000000, 0.000000000000000000, 0.000000000000000000 ) ) ;
#570 = CARTESIAN_POINT ( 'NONE',  ( 0.08858184147298935052, 0.08858184147298935052, 0.05000000000000000278 ) ) ;
#571 = ORIENTED_EDGE ( 'NONE', *, *, #805, .T. ) ;
#572 = CARTESIAN_POINT ( 'NONE',  ( 0.2963890419415910471, 0.2719486573742276869, 1.199999999999999956 ) ) ;
#573 = CARTESIAN_POINT ( 'NONE',  ( 2.279999999999999805, -0.01495707069651279995, 0.4201023017072240129 ) ) ;
#574 = ORIENTED_EDGE ( 'NONE', *, *, #1002, .T. ) ;
#575 = DIRECTION ( 'NONE',  ( 1.000000000000000000, 0.000000000000000000, 0.000000000000000000 ) ) ;
#576 = LINE ( 'NONE', #1835, #992 ) ;
#577 = EDGE_CURVE ( 'NONE', #2370, #360, #1085, .T. ) ;
#578 = ORIENTED_EDGE ( 'NONE', *, *, #190, .F. ) ;
#579 = DIRECTION ( 'NONE',  ( 0.000000000000000000, 0.9999773699223397649, -0.006727528758750779200 ) ) ;
#580 = DIRECTION ( 'NONE',  ( 1.000000000000000000, 0.000000000000000000, 0.000000000000000000 ) ) ;
#581 = MECHANICAL_DESIGN_GEOMETRIC_PRESENTATION_REPRESENTATION (  '', ( #2605 ), #1956 ) ;
#582 = DIRECTION ( 'NONE',  ( 1.000000000000000000, -0.000000000000000000, -0.000000000000000000 ) ) ;
#583 = EDGE_CURVE ( 'NONE', #2010, #2332, #1527, .T. ) ;
#584 = ORIENTED_EDGE ( 'NONE', *, *, #805, .F. ) ;
#585 = STYLED_ITEM ( 'NONE', ( #2070 ), #623 ) ;
#586 = CARTESIAN_POINT ( 'NONE',  ( 0.2400000000000000189, -0.01495707069651279995, 0.08999999999999996891 ) ) ;
#587 = VECTOR ( 'NONE', #1751, 1000.000000000000114 ) ;
#588 = PLANE ( 'NONE',  #233 ) ;
#589 = ORIENTED_EDGE ( 'NONE', *, *, #2604, .T. ) ;
#590 = CIRCLE ( 'NONE', #1625, 0.05000000000000000278 ) ;
#591 =( NAMED_UNIT ( * ) SI_UNIT ( $, .STERADIAN. ) SOLID_ANGLE_UNIT ( ) );
#592 = DIRECTION ( 'NONE',  ( -0.9975640502598243087, 0.000000000000000000, -0.06975647374412533019 ) ) ;
#593 = AXIS2_PLACEMENT_3D ( 'NONE', #2099, #244, #1715 ) ;
#594 = SURFACE_STYLE_FILL_AREA ( #153 ) ;
#595 = DIRECTION ( 'NONE',  ( -1.000000000000000000, 0.000000000000000000, -0.000000000000000000 ) ) ;
#596 = VERTEX_POINT ( 'NONE', #1469 ) ;
#597 = FILL_AREA_STYLE_COLOUR ( '', #2496 ) ;
#598 = AXIS2_PLACEMENT_3D ( 'NONE', #2505, #627, #1056 ) ;
#599 = DIRECTION ( 'NONE',  ( 1.000000000000000000, 0.000000000000000000, 0.000000000000000000 ) ) ;
#600 = EDGE_LOOP ( 'NONE', ( #1304, #2554, #81, #2116 ) ) ;
#601 = STYLED_ITEM ( 'NONE', ( #2364 ), #2065 ) ;
#602 = ADVANCED_FACE ( 'NONE', ( #1690 ), #1699, .T. ) ;
#603 = FACE_OUTER_BOUND ( 'NONE', #2330, .T. ) ;
#604 = VECTOR ( 'NONE', #1507, 1000.000000000000114 ) ;
#605 = ORIENTED_EDGE ( 'NONE', *, *, #545, .T. ) ;
#606 = SPHERICAL_SURFACE ( 'NONE', #902, 0.05000000000000000278 ) ;
#607 = CYLINDRICAL_SURFACE ( 'NONE', #154, 0.1000000000000000056 ) ;
#608 = FILL_AREA_STYLE ('',( #1086 ) ) ;
#609 = ORIENTED_EDGE ( 'NONE', *, *, #1453, .T. ) ;
#610 = DIRECTION ( 'NONE',  ( 1.000000000000000000, 0.000000000000000000, 0.000000000000000000 ) ) ;
#611 = LINE ( 'NONE', #1225, #2174 ) ;
#612 = DIRECTION ( 'NONE',  ( 1.000000000000000000, 0.000000000000000000, 0.000000000000000000 ) ) ;
#613 = ORIENTED_EDGE ( 'NONE', *, *, #2589, .T. ) ;
#614 = CARTESIAN_POINT ( 'NONE',  ( 1.520000000000000018, -1.612265279854497340E-22, 0.5999999999999999778 ) ) ;
#615 = EDGE_CURVE ( 'NONE', #668, #924, #1499, .T. ) ;
#616 = ORIENTED_EDGE ( 'NONE', *, *, #953, .F. ) ;
#617 =( NAMED_UNIT ( * ) PLANE_ANGLE_UNIT ( ) SI_UNIT ( $, .RADIAN. ) );
#618 = FILL_AREA_STYLE ('',( #2055 ) ) ;
#619 = LINE ( 'NONE', #2247, #1359 ) ;
#620 = EDGE_LOOP ( 'NONE', ( #2147, #1955, #1205, #120 ) ) ;
#621 = CARTESIAN_POINT ( 'NONE',  ( 1.264999999999999902, 1.800000000000000266, 0.09000000000000003830 ) ) ;
#622 = ORIENTED_EDGE ( 'NONE', *, *, #1549, .F. ) ;
#623 = MANIFOLD_SOLID_BREP ( 'Wrap1', #1358 ) ;
#624 = CYLINDRICAL_SURFACE ( 'NONE', #2540, 0.04999999999999999584 ) ;
#625 = VECTOR ( 'NONE', #1963, 1000.000000000000227 ) ;
#626 = ORIENTED_EDGE ( 'NONE', *, *, #1501, .F. ) ;
#627 = DIRECTION ( 'NONE',  ( 0.000000000000000000, 0.000000000000000000, 1.000000000000000000 ) ) ;
#628 = EDGE_CURVE ( 'NONE', #428, #2557, #870, .T. ) ;
#629 = FILL_AREA_STYLE ('',( #2472 ) ) ;
#630 = STYLED_ITEM ( 'NONE', ( #304 ), #508 ) ;
#631 = CARTESIAN_POINT ( 'NONE',  ( 0.2400000000000000189, -0.01495707069651279995, -0.09999999999999999167 ) ) ;
#632 = VERTEX_POINT ( 'NONE', #2506 ) ;
#633 = VECTOR ( 'NONE', #663, 1000.000000000000000 ) ;
#634 =( GEOMETRIC_REPRESENTATION_CONTEXT ( 3 ) GLOBAL_UNCERTAINTY_ASSIGNED_CONTEXT ( ( #1236 ) ) GLOBAL_UNIT_ASSIGNED_CONTEXT ( ( #1168, #1604, #1590 ) ) REPRESENTATION_CONTEXT ( 'NONE', 'WORKASPACE' ) );
#635 = EDGE_CURVE ( 'NONE', #2415, #596, #1657, .T. ) ;
#636 = EDGE_CURVE ( 'NONE', #192, #890, #482, .T. ) ;
#637 = DIRECTION ( 'NONE',  ( 0.000000000000000000, 0.000000000000000000, 1.000000000000000000 ) ) ;
#638 = ORIENTED_EDGE ( 'NONE', *, *, #2040, .F. ) ;
#639 = VECTOR ( 'NONE', #129, 1000.000000000000114 ) ;
#640 = LINE ( 'NONE', #1532, #1679 ) ;
#641 = DIRECTION ( 'NONE',  ( 0.000000000000000000, 5.421010862427510337E-16, -1.000000000000000000 ) ) ;
#642 =( GEOMETRIC_REPRESENTATION_CONTEXT ( 3 ) GLOBAL_UNCERTAINTY_ASSIGNED_CONTEXT ( ( #2073 ) ) GLOBAL_UNIT_ASSIGNED_CONTEXT ( ( #1546, #1343, #1771 ) ) REPRESENTATION_CONTEXT ( 'NONE', 'WORKASPACE' ) );
#643 = ORIENTED_EDGE ( 'NONE', *, *, #1238, .T. ) ;
#644 = AXIS2_PLACEMENT_3D ( 'NONE', #669, #1884, #1709 ) ;
#645 = CARTESIAN_POINT ( 'NONE',  ( 2.983002875778030472, 0.05699712422196955702, 0.6983174997805542406 ) ) ;
#646 = MECHANICAL_DESIGN_GEOMETRIC_PRESENTATION_REPRESENTATION (  '', ( #1721 ), #506 ) ;
#647 = ORIENTED_EDGE ( 'NONE', *, *, #252, .T. ) ;
#648 = STYLED_ITEM ( 'NONE', ( #313 ), #2497 ) ;
#649 = PLANE ( 'NONE',  #1524 ) ;
#650 =( NAMED_UNIT ( * ) SI_UNIT ( $, .STERADIAN. ) SOLID_ANGLE_UNIT ( ) );
#651 = EDGE_CURVE ( 'NONE', #698, #1259, #1567, .T. ) ;
#652 =( LENGTH_UNIT ( ) NAMED_UNIT ( * ) SI_UNIT ( .MILLI., .METRE. ) );
#653 = DIRECTION ( 'NONE',  ( 0.000000000000000000, 0.000000000000000000, -1.000000000000000000 ) ) ;
#654 = ORIENTED_EDGE ( 'NONE', *, *, #748, .T. ) ;
#655 = CARTESIAN_POINT ( 'NONE',  ( 2.279999999999999805, -0.1000000000000000056, 0.5999999999999999778 ) ) ;
#656 = CARTESIAN_POINT ( 'NONE',  ( 0.03870363895999812814, 0.08858184147298926725, 0.04651217631279374459 ) ) ;
#657 = VERTEX_POINT ( 'NONE', #964 ) ;
#658 = CARTESIAN_POINT ( 'NONE',  ( 2.790000000000000036, -0.3261500413750764715, 0.1392399022905138339 ) ) ;
#659 = CARTESIAN_POINT ( 'NONE',  ( 1.520000000000000018, 0.01052032924172510708, 0.4495522826033620523 ) ) ;
#660 = LINE ( 'NONE', #631, #15 ) ;
#661 = FACE_OUTER_BOUND ( 'NONE', #1036, .T. ) ;
#662 = EDGE_CURVE ( 'NONE', #2109, #879, #1971, .T. ) ;
#663 = DIRECTION ( 'NONE',  ( 0.000000000000000000, 1.000000000000000000, -0.000000000000000000 ) ) ;
#664 = APPLICATION_PROTOCOL_DEFINITION ( 'draft international standard', 'automotive_design', 1998, #2162 ) ;
#665 = ORIENTED_EDGE ( 'NONE', *, *, #1138, .F. ) ;
#666 = CARTESIAN_POINT ( 'NONE',  ( 0.7500000000000000000, -0.2376701341648400079, -0.03845012213685790325 ) ) ;
#667 = LINE ( 'NONE', #381, #1232 ) ;
#668 = VERTEX_POINT ( 'NONE', #66 ) ;
#669 = CARTESIAN_POINT ( 'NONE',  ( 1.264999999999999902, 2.000000000000000000, -0.1000000000000000056 ) ) ;
#670 = AXIS2_PLACEMENT_3D ( 'NONE', #93, #2327, #2137 ) ;
#671 = MECHANICAL_DESIGN_GEOMETRIC_PRESENTATION_REPRESENTATION (  '', ( #1068 ), #1480 ) ;
#672 = SURFACE_SIDE_STYLE ('',( #473 ) ) ;
#673 = VECTOR ( 'NONE', #195, 1000.000000000000114 ) ;
#674 = VECTOR ( 'NONE', #518, 1000.000000000000000 ) ;
#675 = CARTESIAN_POINT ( 'NONE',  ( 0.2400000000000000189, -0.3299825824459929891, 2.168404344971010347E-16 ) ) ;
#676 = COLOUR_RGB ( '',0.2862745098039215508, 0.2862745098039215508, 0.2862745098039215508 ) ;
#677 = SPHERICAL_SURFACE ( 'NONE', #1576, 0.05000000000000000278 ) ;
#678 = DIRECTION ( 'NONE',  ( -1.000000000000000000, -0.000000000000000000, -0.000000000000000000 ) ) ;
#679 = MECHANICAL_DESIGN_GEOMETRIC_PRESENTATION_REPRESENTATION (  '', ( #939 ), #369 ) ;
#680 = ORIENTED_EDGE ( 'NONE', *, *, #2545, .F. ) ;
#681 = CARTESIAN_POINT ( 'NONE',  ( 1.264999999999999902, 1.549999999999998934, 0.5621473127346624521 ) ) ;
#682 = ADVANCED_FACE ( 'NONE', ( #728 ), #1553, .T. ) ;
#683 = ORIENTED_EDGE ( 'NONE', *, *, #1464, .F. ) ;
#684 = ADVANCED_FACE ( 'NONE', ( #2427 ), #794, .F. ) ;
#685 = CIRCLE ( 'NONE', #2141, 0.08000000000000000167 ) ;
#686 = AXIS2_PLACEMENT_3D ( 'NONE', #2170, #1149, #1970 ) ;
#687 =( LENGTH_UNIT ( ) NAMED_UNIT ( * ) SI_UNIT ( .MILLI., .METRE. ) );
#688 = VERTEX_POINT ( 'NONE', #1203 ) ;
#689 = AXIS2_PLACEMENT_3D ( 'NONE', #1245, #1426, #198 ) ;
#690 = SURFACE_SIDE_STYLE ('',( #952 ) ) ;
#691 = LINE ( 'NONE', #1516, #2393 ) ;
#692 = CARTESIAN_POINT ( 'NONE',  ( 0.2400000000000000189, -0.2376701341648403132, -0.03845012213685784774 ) ) ;
#693 = ORIENTED_EDGE ( 'NONE', *, *, #32, .F. ) ;
#694 = DIRECTION ( 'NONE',  ( -1.000000000000000000, -0.000000000000000000, -0.000000000000000000 ) ) ;
#695 = ORIENTED_EDGE ( 'NONE', *, *, #1962, .T. ) ;
#696 =( NAMED_UNIT ( * ) SI_UNIT ( $, .STERADIAN. ) SOLID_ANGLE_UNIT ( ) );
#697 = EDGE_CURVE ( 'NONE', #374, #2211, #245, .T. ) ;
#698 = VERTEX_POINT ( 'NONE', #621 ) ;
#699 = UNCERTAINTY_MEASURE_WITH_UNIT (LENGTH_MEASURE( 1.000000000000000082E-05 ), #2606, 'distance_accuracy_value', 'NONE');
#700 = LINE ( 'NONE', #1770, #268 ) ;
#701 = LINE ( 'NONE', #2599, #1763 ) ;
#702 =( NAMED_UNIT ( * ) SI_UNIT ( $, .STERADIAN. ) SOLID_ANGLE_UNIT ( ) );
#703 = DIRECTION ( 'NONE',  ( 0.000000000000000000, -6.776263578034402713E-16, -1.000000000000000000 ) ) ;
#704 = VERTEX_POINT ( 'NONE', #1089 ) ;
#705 = CARTESIAN_POINT ( 'NONE',  ( 1.264999999999999902, 2.000000000000000000, 0.09000000000000001055 ) ) ;
#706 = ORIENTED_EDGE ( 'NONE', *, *, #2545, .T. ) ;
#707 = PLANE ( 'NONE',  #686 ) ;
#708 = FILL_AREA_STYLE_COLOUR ( '', #401 ) ;
#709 = ORIENTED_EDGE ( 'NONE', *, *, #255, .F. ) ;
#710 = SURFACE_SIDE_STYLE ('',( #1525 ) ) ;
#711 = COLOUR_RGB ( '',0.2862745098039215508, 0.2862745098039215508, 0.2862745098039215508 ) ;
#712 = SURFACE_STYLE_USAGE ( .BOTH. , #672 ) ;
#713 = LINE ( 'NONE', #1528, #1263 ) ;
#714 = CIRCLE ( 'NONE', #2085, 0.05000000000000000278 ) ;
#715 = EDGE_CURVE ( 'NONE', #246, #742, #1650, .T. ) ;
#716 = EDGE_CURVE ( 'NONE', #1001, #1201, #2482, .T. ) ;
#717 = DIRECTION ( 'NONE',  ( 1.000000000000000000, -0.000000000000000000, 0.000000000000000000 ) ) ;
#718 = DIRECTION ( 'NONE',  ( 0.000000000000000000, -0.3845012213685810032, 0.9231244828115380274 ) ) ;
#719 = FACE_OUTER_BOUND ( 'NONE', #2382, .T. ) ;
#720 = EDGE_LOOP ( 'NONE', ( #491, #2192, #2486, #147 ) ) ;
#721 = CIRCLE ( 'NONE', #1073, 0.08000000000000000167 ) ;
#722 = AXIS2_PLACEMENT_3D ( 'NONE', #2433, #1354, #2396 ) ;
#723 = DIRECTION ( 'NONE',  ( 1.000000000000000000, 0.000000000000000000, 0.000000000000000000 ) ) ;
#724 = MECHANICAL_DESIGN_GEOMETRIC_PRESENTATION_REPRESENTATION (  '', ( #448 ), #1759 ) ;
#725 = ORIENTED_EDGE ( 'NONE', *, *, #2124, .T. ) ;
#726 = AXIS2_PLACEMENT_3D ( 'NONE', #1556, #2002, #121 ) ;
#727 = SURFACE_SIDE_STYLE ('',( #1750 ) ) ;
#728 = FACE_OUTER_BOUND ( 'NONE', #558, .T. ) ;
#729 = DIRECTION ( 'NONE',  ( 0.000000000000000000, 0.000000000000000000, -1.000000000000000000 ) ) ;
#730 = CIRCLE ( 'NONE', #2270, 0.06222467529000028780 ) ;
#731 =( GEOMETRIC_REPRESENTATION_CONTEXT ( 3 ) GLOBAL_UNCERTAINTY_ASSIGNED_CONTEXT ( ( #1313 ) ) GLOBAL_UNIT_ASSIGNED_CONTEXT ( ( #525, #265, #2150 ) ) REPRESENTATION_CONTEXT ( 'NONE', 'WORKASPACE' ) );
#732 = DIRECTION ( 'NONE',  ( -0.9975640502598243087, 0.000000000000000000, -0.06975647374412502488 ) ) ;
#733 = LINE ( 'NONE', #1743, #1018 ) ;
#734 = VECTOR ( 'NONE', #2034, 1000.000000000000000 ) ;
#735 = ADVANCED_FACE ( 'NONE', ( #875 ), #1639, .F. ) ;
#736 = ORIENTED_EDGE ( 'NONE', *, *, #2308, .F. ) ;
#737 = MECHANICAL_DESIGN_GEOMETRIC_PRESENTATION_REPRESENTATION (  '', ( #1498 ), #2410 ) ;
#738 = CARTESIAN_POINT ( 'NONE',  ( 3.040000000000000036, 1.350121797487008779, 0.5999999999999999778 ) ) ;
#739 = ORIENTED_EDGE ( 'NONE', *, *, #789, .F. ) ;
#740 = DIRECTION ( 'NONE',  ( 0.000000000000000000, 0.9231244828115380274, -0.3845012213685810032 ) ) ;
#741 = CARTESIAN_POINT ( 'NONE',  ( 0.2400000000000000189, -0.2376701341648400079, -0.03845012213685790325 ) ) ;
#742 = VERTEX_POINT ( 'NONE', #436 ) ;
#743 = DIRECTION ( 'NONE',  ( 0.06958737431666468798, -0.06958737431666468798, 0.9951458157835084695 ) ) ;
#744 = PLANE ( 'NONE',  #1319 ) ;
#745 = PLANE ( 'NONE',  #1146 ) ;
#746 = FACE_OUTER_BOUND ( 'NONE', #989, .T. ) ;
#747 = VERTEX_POINT ( 'NONE', #2673 ) ;
#748 = EDGE_CURVE ( 'NONE', #704, #1982, #36, .T. ) ;
#749 = PLANE ( 'NONE',  #1817 ) ;
#750 = CARTESIAN_POINT ( 'NONE',  ( 1.520000000000000018, 0.000000000000000000, 0.5999999999999999778 ) ) ;
#751 = ORIENTED_EDGE ( 'NONE', *, *, #2463, .F. ) ;
#752 = EDGE_CURVE ( 'NONE', #1508, #1243, #1839, .T. ) ;
#753 = EDGE_CURVE ( 'NONE', #2514, #2122, #1078, .T. ) ;
#754 = CARTESIAN_POINT ( 'NONE',  ( 0.08858184147298928113, 0.6999999999999999556, 1.149999999999999911 ) ) ;
#755 = ORIENTED_EDGE ( 'NONE', *, *, #2461, .F. ) ;
#756 = FACE_OUTER_BOUND ( 'NONE', #1542, .T. ) ;
#757 = FACE_OUTER_BOUND ( 'NONE', #2447, .T. ) ;
#758 = EDGE_LOOP ( 'NONE', ( #2056, #822, #787, #1443 ) ) ;
#759 = DIRECTION ( 'NONE',  ( 0.000000000000000000, -1.000000000000000000, 0.000000000000000000 ) ) ;
#760 = DIRECTION ( 'NONE',  ( 1.000000000000000000, 0.000000000000000000, 0.000000000000000000 ) ) ;
#761 = CARTESIAN_POINT ( 'NONE',  ( 0.2400000000000000189, -0.1499999999999999112, 0.5621473127346622300 ) ) ;
#762 = ORIENTED_EDGE ( 'NONE', *, *, #899, .T. ) ;
#763 = CARTESIAN_POINT ( 'NONE',  ( 0.08858184147298928113, 0.08858184147298939215, 1.149999999999999911 ) ) ;
#764 = CARTESIAN_POINT ( 'NONE',  ( 1.774999999999999911, 1.414957070696510000, -0.09999999999999999167 ) ) ;
#765 = VECTOR ( 'NONE', #2328, 1000.000000000000114 ) ;
#766 =( GEOMETRIC_REPRESENTATION_CONTEXT ( 3 ) GLOBAL_UNCERTAINTY_ASSIGNED_CONTEXT ( ( #1291 ) ) GLOBAL_UNIT_ASSIGNED_CONTEXT ( ( #258, #896, #829 ) ) REPRESENTATION_CONTEXT ( 'NONE', 'WORKASPACE' ) );
#767 = ORIENTED_EDGE ( 'NONE', *, *, #872, .F. ) ;
#768 =( NAMED_UNIT ( * ) SI_UNIT ( $, .STERADIAN. ) SOLID_ANGLE_UNIT ( ) );
#769 = PRESENTATION_LAYER_ASSIGNMENT (  '', '', ( #1883 ) ) ;
#770 = EDGE_CURVE ( 'NONE', #1904, #1855, #859, .T. ) ;
#771 = EDGE_CURVE ( 'NONE', #360, #698, #721, .T. ) ;
#772 = ORIENTED_EDGE ( 'NONE', *, *, #1654, .T. ) ;
#773 = CIRCLE ( 'NONE', #2530, 0.05000000000000012768 ) ;
#774 = CARTESIAN_POINT ( 'NONE',  ( 0.08858184147298936439, 0.08858184147298935052, 0.05000000000000000278 ) ) ;
#775 = VECTOR ( 'NONE', #540, 1000.000000000000000 ) ;
#776 = PRESENTATION_STYLE_ASSIGNMENT (( #349 ) ) ;
#777 = FILL_AREA_STYLE_COLOUR ( '', #1663 ) ;
#778 = VECTOR ( 'NONE', #320, 1000.000000000000114 ) ;
#779 = DIRECTION ( 'NONE',  ( -1.000000000000000000, 0.000000000000000000, -0.000000000000000000 ) ) ;
#780 = SURFACE_STYLE_USAGE ( .BOTH. , #2616 ) ;
#781 = VECTOR ( 'NONE', #1923, 1000.000000000000227 ) ;
#782 = ORIENTED_EDGE ( 'NONE', *, *, #1157, .F. ) ;
#783 = VECTOR ( 'NONE', #911, 1000.000000000000000 ) ;
#784 = CARTESIAN_POINT ( 'NONE',  ( -1.617534832392600231E-16, 1.379369139644410325, 0.6000000000000007550 ) ) ;
#785 = VERTEX_POINT ( 'NONE', #450 ) ;
#786 = CARTESIAN_POINT ( 'NONE',  ( 1.264999999999999680, 1.399999999999999911, 0.5999999999999999778 ) ) ;
#787 = ORIENTED_EDGE ( 'NONE', *, *, #2095, .T. ) ;
#788 = DIRECTION ( 'NONE',  ( 0.000000000000000000, 0.000000000000000000, 1.000000000000000000 ) ) ;
#789 = EDGE_CURVE ( 'NONE', #2265, #1830, #611, .T. ) ;
#790 = LINE ( 'NONE', #1479, #2050 ) ;
#791 = SURFACE_STYLE_USAGE ( .BOTH. , #1989 ) ;
#792 =( LENGTH_UNIT ( ) NAMED_UNIT ( * ) SI_UNIT ( .MILLI., .METRE. ) );
#793 = SURFACE_STYLE_FILL_AREA ( #552 ) ;
#794 = CYLINDRICAL_SURFACE ( 'NONE', #1483, 0.08000000000000000167 ) ;
#795 = SURFACE_STYLE_FILL_AREA ( #2635 ) ;
#796 = ORIENTED_EDGE ( 'NONE', *, *, #2559, .T. ) ;
#797 = CARTESIAN_POINT ( 'NONE',  ( 2.279999999999999805, -0.04198423037712570305, 0.4313596955915999787 ) ) ;
#798 = CARTESIAN_POINT ( 'NONE',  ( 0.2400000000000000189, -0.6000000000000000888, 0.09000000000000001055 ) ) ;
#799 = ORIENTED_EDGE ( 'NONE', *, *, #293, .F. ) ;
#800 = CARTESIAN_POINT ( 'NONE',  ( 2.279999999999999805, -0.4000000000000000222, 0.1700000000000000122 ) ) ;
#801 = DIRECTION ( 'NONE',  ( 1.000000000000000000, 0.000000000000000000, 0.000000000000000000 ) ) ;
#802 = DIRECTION ( 'NONE',  ( 0.000000000000000000, 0.000000000000000000, 1.000000000000000000 ) ) ;
#803 = SURFACE_STYLE_USAGE ( .BOTH. , #1356 ) ;
#804 = EDGE_CURVE ( 'NONE', #192, #1855, #1463, .T. ) ;
#805 = EDGE_CURVE ( 'NONE', #2010, #86, #1864, .T. ) ;
#806 = ORIENTED_EDGE ( 'NONE', *, *, #2359, .T. ) ;
#807 = FACE_OUTER_BOUND ( 'NONE', #2465, .T. ) ;
#808 = VECTOR ( 'NONE', #2575, 1000.000000000000000 ) ;
#809 = CARTESIAN_POINT ( 'NONE',  ( 3.040000000000000036, 0.04987820251299123625, 0.5999999999999999778 ) ) ;
#810 = ORIENTED_EDGE ( 'NONE', *, *, #1237, .T. ) ;
#811 = FACE_OUTER_BOUND ( 'NONE', #2609, .T. ) ;
#812 = VECTOR ( 'NONE', #218, 1000.000000000000114 ) ;
#813 = ORIENTED_EDGE ( 'NONE', *, *, #303, .F. ) ;
#814 = PRESENTATION_STYLE_ASSIGNMENT (( #2649 ) ) ;
#815 = LINE ( 'NONE', #441, #2400 ) ;
#816 =( NAMED_UNIT ( * ) PLANE_ANGLE_UNIT ( ) SI_UNIT ( $, .RADIAN. ) );
#817 = VECTOR ( 'NONE', #1814, 1000.000000000000000 ) ;
#818 = SURFACE_SIDE_STYLE ('',( #594 ) ) ;
#819 = AXIS2_PLACEMENT_3D ( 'NONE', #2138, #760, #84 ) ;
#820 = CARTESIAN_POINT ( 'NONE',  ( 0.7500000000000000000, -0.3299825824459929891, -0.09999999999999988065 ) ) ;
#821 = CARTESIAN_POINT ( 'NONE',  ( 0.08858184147298936439, 0.08858184147298935052, 1.149999999999999911 ) ) ;
#822 = ORIENTED_EDGE ( 'NONE', *, *, #1676, .F. ) ;
#823 = DIRECTION ( 'NONE',  ( -0.06958737431666468798, -0.06958737431666468798, -0.9951458157835084695 ) ) ;
#824 = PRESENTATION_LAYER_ASSIGNMENT (  '', '', ( #2235 ) ) ;
#825 = FILL_AREA_STYLE_COLOUR ( '', #1595 ) ;
#826 = ORIENTED_EDGE ( 'NONE', *, *, #303, .T. ) ;
#827 = VECTOR ( 'NONE', #998, 1000.000000000000227 ) ;
#828 = PLANE ( 'NONE',  #905 ) ;
#829 =( NAMED_UNIT ( * ) SI_UNIT ( $, .STERADIAN. ) SOLID_ANGLE_UNIT ( ) );
#830 = ORIENTED_EDGE ( 'NONE', *, *, #2371, .T. ) ;
#831 = MECHANICAL_DESIGN_GEOMETRIC_PRESENTATION_REPRESENTATION (  '', ( #118 ), #2543 ) ;
#832 = DIRECTION ( 'NONE',  ( 1.000000000000000000, 0.000000000000000000, 0.000000000000000000 ) ) ;
#833 = SURFACE_SIDE_STYLE ('',( #2297 ) ) ;
#834 = PLANE ( 'NONE',  #1929 ) ;
#835 = LINE ( 'NONE', #1421, #406 ) ;
#836 = EDGE_LOOP ( 'NONE', ( #2045, #946, #1496, #2568 ) ) ;
#837 = CARTESIAN_POINT ( 'NONE',  ( 2.983002875778030472, 1.392881078291021479, 0.4981946765322393667 ) ) ;
#838 = ORIENTED_EDGE ( 'NONE', *, *, #1513, .T. ) ;
#839 = EDGE_CURVE ( 'NONE', #2023, #2404, #2499, .T. ) ;
#840 = CARTESIAN_POINT ( 'NONE',  ( 2.279999999999999805, -0.1000000000000030309, 0.5999999999999999778 ) ) ;
#841 = EDGE_CURVE ( 'NONE', #879, #357, #1144, .T. ) ;
#842 = VERTEX_POINT ( 'NONE', #2249 ) ;
#843 = FACE_OUTER_BOUND ( 'NONE', #2458, .T. ) ;
#844 = DIRECTION ( 'NONE',  ( 0.000000000000000000, 0.000000000000000000, -1.000000000000000000 ) ) ;
#845 = CARTESIAN_POINT ( 'NONE',  ( 0.08858184147298928113, 0.08858184147298939215, 1.199999999999999956 ) ) ;
#846 = UNCERTAINTY_MEASURE_WITH_UNIT (LENGTH_MEASURE( 1.000000000000000082E-05 ), #1648, 'distance_accuracy_value', 'NONE');
#847 = ORIENTED_EDGE ( 'NONE', *, *, #899, .F. ) ;
#848 =( NAMED_UNIT ( * ) SI_UNIT ( $, .STERADIAN. ) SOLID_ANGLE_UNIT ( ) );
#849 = PLANE ( 'NONE',  #18 ) ;
#850 = EDGE_LOOP ( 'NONE', ( #139, #1652, #63, #1224 ) ) ;
#851 = LINE ( 'NONE', #655, #328 ) ;
#852 = ORIENTED_EDGE ( 'NONE', *, *, #1837, .T. ) ;
#853 =( GEOMETRIC_REPRESENTATION_CONTEXT ( 3 ) GLOBAL_UNCERTAINTY_ASSIGNED_CONTEXT ( ( #2123 ) ) GLOBAL_UNIT_ASSIGNED_CONTEXT ( ( #2520, #1122, #1739 ) ) REPRESENTATION_CONTEXT ( 'NONE', 'WORKASPACE' ) );
#854 = ADVANCED_FACE ( 'NONE', ( #234 ), #849, .F. ) ;
#855 = ADVANCED_FACE ( 'NONE', ( #2101 ), #1037, .F. ) ;
#856 = SURFACE_STYLE_FILL_AREA ( #608 ) ;
#857 = CIRCLE ( 'NONE', #403, 0.02927791450000000184 ) ;
#858 = CARTESIAN_POINT ( 'NONE',  ( 0.05699712422196933498, 1.343002875778030347, 0.6983174997805546846 ) ) ;
#859 = LINE ( 'NONE', #2510, #673 ) ;
#860 = PRESENTATION_STYLE_ASSIGNMENT (( #1399 ) ) ;
#861 = STYLED_ITEM ( 'NONE', ( #1758 ), #1756 ) ;
#862 = EDGE_LOOP ( 'NONE', ( #2488, #2200, #2081, #1415 ) ) ;
#863 = PRESENTATION_LAYER_ASSIGNMENT (  '', '', ( #414 ) ) ;
#864 = CARTESIAN_POINT ( 'NONE',  ( 1.264999999999999902, 1.500000000000000000, 0.5999999999999999778 ) ) ;
#865 = FACE_OUTER_BOUND ( 'NONE', #1945, .T. ) ;
#866 = MECHANICAL_DESIGN_GEOMETRIC_PRESENTATION_REPRESENTATION (  '', ( #2015 ), #2275 ) ;
#867 = VERTEX_POINT ( 'NONE', #1474 ) ;
#868 = PLANE ( 'NONE',  #598 ) ;
#869 = CIRCLE ( 'NONE', #1893, 0.1250000000000000000 ) ;
#870 = LINE ( 'NONE', #2296, #1753 ) ;
#871 = FILL_AREA_STYLE ('',( #1461 ) ) ;
#872 = EDGE_CURVE ( 'NONE', #2208, #965, #1022, .T. ) ;
#873 = UNCERTAINTY_MEASURE_WITH_UNIT (LENGTH_MEASURE( 1.000000000000000082E-05 ), #652, 'distance_accuracy_value', 'NONE');
#874 = PRESENTATION_STYLE_ASSIGNMENT (( #1061 ) ) ;
#875 = FACE_OUTER_BOUND ( 'NONE', #163, .T. ) ;
#876 = ORIENTED_EDGE ( 'NONE', *, *, #404, .T. ) ;
#877 = LINE ( 'NONE', #666, #1933 ) ;
#878 = DIRECTION ( 'NONE',  ( 1.000000000000000000, -0.000000000000000000, 0.000000000000000000 ) ) ;
#879 = VERTEX_POINT ( 'NONE', #1718 ) ;
#880 =( NAMED_UNIT ( * ) PLANE_ANGLE_UNIT ( ) SI_UNIT ( $, .RADIAN. ) );
#881 = EDGE_CURVE ( 'NONE', #1387, #1239, #1292, .T. ) ;
#882 = DIRECTION ( 'NONE',  ( 0.000000000000000000, 8.679234450810698363E-16, -1.000000000000000000 ) ) ;
#883 = VERTEX_POINT ( 'NONE', #2550 ) ;
#884 = FILL_AREA_STYLE_COLOUR ( '', #1592 ) ;
#885 = DIRECTION ( 'NONE',  ( 1.000000000000000000, -0.000000000000000000, 0.000000000000000000 ) ) ;
#886 = ORIENTED_EDGE ( 'NONE', *, *, #2559, .F. ) ;
#887 = FILL_AREA_STYLE ('',( #2069 ) ) ;
#888 = CIRCLE ( 'NONE', #2041, 0.08000000000000000167 ) ;
#889 = FACE_OUTER_BOUND ( 'NONE', #1093, .T. ) ;
#890 = VERTEX_POINT ( 'NONE', #2140 ) ;
#891 = AXIS2_PLACEMENT_3D ( 'NONE', #469, #1296, #1139 ) ;
#892 = UNCERTAINTY_MEASURE_WITH_UNIT (LENGTH_MEASURE( 1.000000000000000082E-05 ), #54, 'distance_accuracy_value', 'NONE');
#893 = PRESENTATION_LAYER_ASSIGNMENT (  '', '', ( #1711 ) ) ;
#894 = AXIS2_PLACEMENT_3D ( 'NONE', #1100, #1869, #9 ) ;
#895 = STYLED_ITEM ( 'NONE', ( #1861 ), #1131 ) ;
#896 =( NAMED_UNIT ( * ) PLANE_ANGLE_UNIT ( ) SI_UNIT ( $, .RADIAN. ) );
#897 = AXIS2_PLACEMENT_3D ( 'NONE', #248, #24, #1696 ) ;
#898 = ORIENTED_EDGE ( 'NONE', *, *, #2411, .T. ) ;
#899 = EDGE_CURVE ( 'NONE', #2501, #2517, #184, .T. ) ;
#900 = CARTESIAN_POINT ( 'NONE',  ( 1.774999999999999911, 1.322931123615110005, 0.4500000000000000666 ) ) ;
#901 = VERTEX_POINT ( 'NONE', #1344 ) ;
#902 = AXIS2_PLACEMENT_3D ( 'NONE', #1209, #2218, #171 ) ;
#903 = SURFACE_STYLE_USAGE ( .BOTH. , #1779 ) ;
#904 = VERTEX_POINT ( 'NONE', #505 ) ;
#905 = AXIS2_PLACEMENT_3D ( 'NONE', #864, #1021, #1844 ) ;
#906 = FILL_AREA_STYLE_COLOUR ( '', #1075 ) ;
#907 = VECTOR ( 'NONE', #1562, 1000.000000000000000 ) ;
#908 = DIRECTION ( 'NONE',  ( 0.000000000000000000, 0.000000000000000000, -1.000000000000000000 ) ) ;
#909 =( NAMED_UNIT ( * ) PLANE_ANGLE_UNIT ( ) SI_UNIT ( $, .RADIAN. ) );
#910 = ORIENTED_EDGE ( 'NONE', *, *, #426, .T. ) ;
#911 = DIRECTION ( 'NONE',  ( 0.000000000000000000, 1.000000000000000000, 0.000000000000000000 ) ) ;
#912 = EDGE_CURVE ( 'NONE', #1019, #2122, #691, .T. ) ;
#913 = ORIENTED_EDGE ( 'NONE', *, *, #2629, .T. ) ;
#914 = LINE ( 'NONE', #1738, #781 ) ;
#915 = ADVANCED_FACE ( 'NONE', ( #922 ), #2539, .T. ) ;
#916 = ADVANCED_FACE ( 'NONE', ( #2319 ), #677, .T. ) ;
#917 = FILL_AREA_STYLE_COLOUR ( '', #1621 ) ;
#918 = ORIENTED_EDGE ( 'NONE', *, *, #2424, .F. ) ;
#919 = CARTESIAN_POINT ( 'NONE',  ( 0.2400000000000000189, -0.1499999999999999944, 0.5621473127346620080 ) ) ;
#920 = UNCERTAINTY_MEASURE_WITH_UNIT (LENGTH_MEASURE( 1.000000000000000082E-05 ), #1613, 'distance_accuracy_value', 'NONE');
#921 = CARTESIAN_POINT ( 'NONE',  ( 2.790000000000000036, -0.09255887880480241636, 0.5382218490863940330 ) ) ;
#922 = FACE_OUTER_BOUND ( 'NONE', #1601, .T. ) ;
#923 = DIRECTION ( 'NONE',  ( 0.000000000000000000, 8.679234450810698363E-16, -1.000000000000000000 ) ) ;
#924 = VERTEX_POINT ( 'NONE', #288 ) ;
#925 = CYLINDRICAL_SURFACE ( 'NONE', #1457, 0.06222467529000028780 ) ;
#926 = ORIENTED_EDGE ( 'NONE', *, *, #2391, .F. ) ;
#927 = LINE ( 'NONE', #2375, #2405 ) ;
#928 = CARTESIAN_POINT ( 'NONE',  ( 1.264999999999999902, 1.414957070696510000, 0.08999999999999996891 ) ) ;
#929 = PRESENTATION_STYLE_ASSIGNMENT (( #1133 ) ) ;
#930 = ORIENTED_EDGE ( 'NONE', *, *, #79, .T. ) ;
#931 = CYLINDRICAL_SURFACE ( 'NONE', #323, 0.04999999999999999584 ) ;
#932 = EDGE_CURVE ( 'NONE', #1350, #2529, #1333, .T. ) ;
#933 = CIRCLE ( 'NONE', #981, 0.04999999999999999584 ) ;
#934 = MECHANICAL_DESIGN_GEOMETRIC_PRESENTATION_REPRESENTATION (  '', ( #1064 ), #1665 ) ;
#935 = DIRECTION ( 'NONE',  ( 0.000000000000000000, -8.711995421691974113E-16, -1.000000000000000000 ) ) ;
#936 =( LENGTH_UNIT ( ) NAMED_UNIT ( * ) SI_UNIT ( .MILLI., .METRE. ) );
#937 = AXIS2_PLACEMENT_3D ( 'NONE', #1241, #1662, #1436 ) ;
#938 = EDGE_LOOP ( 'NONE', ( #2185, #1792, #125, #37 ) ) ;
#939 = STYLED_ITEM ( 'NONE', ( #53 ), #1218 ) ;
#940 = CARTESIAN_POINT ( 'NONE',  ( 2.279999999999999805, -0.01495707069651279995, -0.09999999999999999167 ) ) ;
#941 = VECTOR ( 'NONE', #336, 1000.000000000000000 ) ;
#942 = ORIENTED_EDGE ( 'NONE', *, *, #1098, .T. ) ;
#943 = VECTOR ( 'NONE', #2176, 1000.000000000000000 ) ;
#944 = DIRECTION ( 'NONE',  ( 0.000000000000000000, 0.3845012213685810032, 0.9231244828115380274 ) ) ;
#945 = MECHANICAL_DESIGN_GEOMETRIC_PRESENTATION_REPRESENTATION (  '', ( #2009 ), #1275 ) ;
#946 = ORIENTED_EDGE ( 'NONE', *, *, #1931, .T. ) ;
#947 = DIRECTION ( 'NONE',  ( 0.000000000000000000, 0.000000000000000000, -1.000000000000000000 ) ) ;
#948 = AXIS2_PLACEMENT_3D ( 'NONE', #1409, #2614, #779 ) ;
#949 = CARTESIAN_POINT ( 'NONE',  ( 0.05699712422196933498, 0.05699712422196959172, 0.6983174997805546846 ) ) ;
#950 = UNCERTAINTY_MEASURE_WITH_UNIT (LENGTH_MEASURE( 1.000000000000000082E-05 ), #1370, 'distance_accuracy_value', 'NONE');
#951 = DIRECTION ( 'NONE',  ( 0.000000000000000000, -0.9999773699223397649, -0.006727528758750788741 ) ) ;
#952 = SURFACE_STYLE_FILL_AREA ( #1514 ) ;
#953 = EDGE_CURVE ( 'NONE', #1411, #747, #1760, .T. ) ;
#954 = VECTOR ( 'NONE', #1365, 999.9999999999998863 ) ;
#955 = FILL_AREA_STYLE_COLOUR ( '', #1032 ) ;
#956 = DIRECTION ( 'NONE',  ( -0.06958737431666436879, 0.06958737431666468798, -0.9951458157835084695 ) ) ;
#957 = CARTESIAN_POINT ( 'NONE',  ( 0.1713890419415909916, 0.2719486573742276869, 1.199999999999999956 ) ) ;
#958 = ADVANCED_FACE ( 'NONE', ( #1127 ), #325, .T. ) ;
#959 = ORIENTED_EDGE ( 'NONE', *, *, #1867, .F. ) ;
#960 = PRESENTATION_LAYER_ASSIGNMENT (  '', '', ( #1498 ) ) ;
#961 = CARTESIAN_POINT ( 'NONE',  ( 2.983002875778030472, 0.007118921708978343324, 0.7018053234677604779 ) ) ;
#962 = ORIENTED_EDGE ( 'NONE', *, *, #715, .F. ) ;
#963 = CARTESIAN_POINT ( 'NONE',  ( 0.2400000000000000189, -0.04198423037712570305, 0.4313596955915999787 ) ) ;
#964 = CARTESIAN_POINT ( 'NONE',  ( 1.264999999999999902, 2.000000000000000000, -0.09999999999999971412 ) ) ;
#965 = VERTEX_POINT ( 'NONE', #1942 ) ;
#966 = DIRECTION ( 'NONE',  ( 0.000000000000000000, 0.000000000000000000, -1.000000000000000000 ) ) ;
#967 = CARTESIAN_POINT ( 'NONE',  ( 0.2399999999999998523, 0.01052032924172510014, 0.4495522826033620523 ) ) ;
#968 = SURFACE_SIDE_STYLE ('',( #298 ) ) ;
#969 = ORIENTED_EDGE ( 'NONE', *, *, #1039, .T. ) ;
#970 = ADVANCED_FACE ( 'NONE', ( #1184 ), #530, .F. ) ;
#971 = DIRECTION ( 'NONE',  ( 0.000000000000000000, 0.000000000000000000, -1.000000000000000000 ) ) ;
#972 = CARTESIAN_POINT ( 'NONE',  ( 2.279999999999999805, -0.5999999999999999778, -0.09999999999999971412 ) ) ;
#973 = ORIENTED_EDGE ( 'NONE', *, *, #841, .F. ) ;
#974 = DIRECTION ( 'NONE',  ( -0.000000000000000000, 1.000000000000000000, 0.000000000000000000 ) ) ;
#975 = CARTESIAN_POINT ( 'NONE',  ( 1.774999999999999911, 1.549999999999998934, 0.5621473127346624521 ) ) ;
#976 = ORIENTED_EDGE ( 'NONE', *, *, #2342, .T. ) ;
#977 = DIRECTION ( 'NONE',  ( 0.06958737431666442430, 0.06958737431666470186, -0.9951458157835086915 ) ) ;
#978 = FILL_AREA_STYLE ('',( #2220 ) ) ;
#979 = CARTESIAN_POINT ( 'NONE',  ( 1.264999999999999902, 1.729982582445990014, -0.09999999999999978351 ) ) ;
#980 = FILL_AREA_STYLE ('',( #2005 ) ) ;
#981 = AXIS2_PLACEMENT_3D ( 'NONE', #528, #502, #297 ) ;
#982 = VERTEX_POINT ( 'NONE', #564 ) ;
#983 = STYLED_ITEM ( 'NONE', ( #1502 ), #542 ) ;
#984 = CARTESIAN_POINT ( 'NONE',  ( 2.279999999999999805, -0.3261500413750766381, 0.1392399022905142503 ) ) ;
#985 = MECHANICAL_DESIGN_GEOMETRIC_PRESENTATION_REPRESENTATION (  '', ( #1800 ), #1026 ) ;
#986 = ORIENTED_EDGE ( 'NONE', *, *, #2677, .F. ) ;
#987 = DIRECTION ( 'NONE',  ( 0.000000000000000000, 5.421010862427510337E-16, -1.000000000000000000 ) ) ;
#988 = DIRECTION ( 'NONE',  ( 0.000000000000000000, -0.06975647374412531632, -0.9975640502598241977 ) ) ;
#989 = EDGE_LOOP ( 'NONE', ( #2591, #519, #2425, #128, #2627, #1051, #1323, #2066, #2284, #605, #806, #1233 ) ) ;
#990 = DIRECTION ( 'NONE',  ( -0.06958737431666470186, -0.06958737431666470186, 0.9951458157835086915 ) ) ;
#991 = CARTESIAN_POINT ( 'NONE',  ( 1.264999999999999902, 1.726150041375077437, 0.1392399022905128902 ) ) ;
#992 = VECTOR ( 'NONE', #1818, 1000.000000000000000 ) ;
#993 = DIRECTION ( 'NONE',  ( 0.000000000000000000, -0.006727528758750789609, 0.9999773699223398760 ) ) ;
#994 = VECTOR ( 'NONE', #216, 1000.000000000000000 ) ;
#995 = DIRECTION ( 'NONE',  ( 0.000000000000000000, 0.000000000000000000, 1.000000000000000000 ) ) ;
#996 = PLANE ( 'NONE',  #2353 ) ;
#997 = PRESENTATION_LAYER_ASSIGNMENT (  '', '', ( #648 ) ) ;
#998 = DIRECTION ( 'NONE',  ( 0.000000000000000000, 0.9999773699223398760, 0.006727528758738340366 ) ) ;
#999 = CYLINDRICAL_SURFACE ( 'NONE', #1688, 0.05000000000000000278 ) ;
#1000 = DIRECTION ( 'NONE',  ( 0.000000000000000000, -0.9975640502598243087, 0.06975647374412533019 ) ) ;
#1001 = VERTEX_POINT ( 'NONE', #341 ) ;
#1002 = EDGE_CURVE ( 'NONE', #596, #192, #2633, .T. ) ;
#1003 = ADVANCED_FACE ( 'NONE', ( #2587 ), #996, .F. ) ;
#1004 = UNCERTAINTY_MEASURE_WITH_UNIT (LENGTH_MEASURE( 1.000000000000000082E-05 ), #1455, 'distance_accuracy_value', 'NONE');
#1005 = SURFACE_SIDE_STYLE ('',( #1197 ) ) ;
#1006 = PLANE ( 'NONE',  #1104 ) ;
#1007 = LINE ( 'NONE', #2221, #1444 ) ;
#1008 = EDGE_LOOP ( 'NONE', ( #1010, #292, #7, #782 ) ) ;
#1009 = DIRECTION ( 'NONE',  ( -1.000000000000000000, -0.000000000000000000, -0.000000000000000000 ) ) ;
#1010 = ORIENTED_EDGE ( 'NONE', *, *, #1918, .F. ) ;
#1011 = CARTESIAN_POINT ( 'NONE',  ( 1.264999999999999902, 1.800000000000000266, 0.1700000000000000122 ) ) ;
#1012 = CARTESIAN_POINT ( 'NONE',  ( 2.790000000000000036, -0.3299825824459929891, -0.09999999999999988065 ) ) ;
#1013 = ORIENTED_EDGE ( 'NONE', *, *, #716, .T. ) ;
#1014 = CARTESIAN_POINT ( 'NONE',  ( 0.08858184147298928113, 1.311418158527010602, 1.149999999999999911 ) ) ;
#1015 = CARTESIAN_POINT ( 'NONE',  ( 2.279999999999999805, -0.3299825824459929891, 2.168404344971010347E-16 ) ) ;
#1016 = FILL_AREA_STYLE_COLOUR ( '', #318 ) ;
#1017 = VERTEX_POINT ( 'NONE', #164 ) ;
#1018 = VECTOR ( 'NONE', #2562, 1000.000000000000000 ) ;
#1019 = VERTEX_POINT ( 'NONE', #1966 ) ;
#1020 = COLOUR_RGB ( '',0.2862745098039215508, 0.2862745098039215508, 0.2862745098039215508 ) ;
#1021 = DIRECTION ( 'NONE',  ( 0.000000000000000000, 0.000000000000000000, 1.000000000000000000 ) ) ;
#1022 = CIRCLE ( 'NONE', #2525, 0.06222467529000028780 ) ;
#1023 = SPHERICAL_SURFACE ( 'NONE', #894, 0.05000000000000000278 ) ;
#1024 = VECTOR ( 'NONE', #2381, 1000.000000000000114 ) ;
#1025 = ORIENTED_EDGE ( 'NONE', *, *, #1790, .T. ) ;
#1026 =( GEOMETRIC_REPRESENTATION_CONTEXT ( 3 ) GLOBAL_UNCERTAINTY_ASSIGNED_CONTEXT ( ( #122 ) ) GLOBAL_UNIT_ASSIGNED_CONTEXT ( ( #936, #1785, #1199 ) ) REPRESENTATION_CONTEXT ( 'NONE', 'WORKASPACE' ) );
#1027 = DIRECTION ( 'NONE',  ( -1.000000000000000000, -0.000000000000000000, -0.000000000000000000 ) ) ;
#1028 = UNCERTAINTY_MEASURE_WITH_UNIT (LENGTH_MEASURE( 1.000000000000000082E-05 ), #2251, 'distance_accuracy_value', 'NONE');
#1029 =( LENGTH_UNIT ( ) NAMED_UNIT ( * ) SI_UNIT ( .MILLI., .METRE. ) );
#1030 = VECTOR ( 'NONE', #1781, 1000.000000000000000 ) ;
#1031 = FACE_OUTER_BOUND ( 'NONE', #2429, .T. ) ;
#1032 = COLOUR_RGB ( '',0.2862745098039215508, 0.2862745098039215508, 0.2862745098039215508 ) ;
#1033 = EDGE_CURVE ( 'NONE', #2638, #2265, #1007, .T. ) ;
#1034 = LINE ( 'NONE', #1076, #55 ) ;
#1035 = VECTOR ( 'NONE', #1701, 1000.000000000000227 ) ;
#1036 = EDGE_LOOP ( 'NONE', ( #1476, #1268, #2492, #584 ) ) ;
#1037 = PLANE ( 'NONE',  #1529 ) ;
#1038 = COLOUR_RGB ( '',0.2862745098039215508, 0.2862745098039215508, 0.2862745098039215508 ) ;
#1039 = EDGE_CURVE ( 'NONE', #2557, #867, #1159, .T. ) ;
#1040 = VERTEX_POINT ( 'NONE', #761 ) ;
#1041 =( GEOMETRIC_REPRESENTATION_CONTEXT ( 3 ) GLOBAL_UNCERTAINTY_ASSIGNED_CONTEXT ( ( #150 ) ) GLOBAL_UNIT_ASSIGNED_CONTEXT ( ( #2144, #1954, #1337 ) ) REPRESENTATION_CONTEXT ( 'NONE', 'WORKASPACE' ) );
#1042 = FILL_AREA_STYLE_COLOUR ( '', #199 ) ;
#1043 = VECTOR ( 'NONE', #127, 1000.000000000000000 ) ;
#1044 = ORIENTED_EDGE ( 'NONE', *, *, #2124, .F. ) ;
#1045 =( LENGTH_UNIT ( ) NAMED_UNIT ( * ) SI_UNIT ( .MILLI., .METRE. ) );
#1046 = SURFACE_SIDE_STYLE ('',( #856 ) ) ;
#1047 = ORIENTED_EDGE ( 'NONE', *, *, #1741, .T. ) ;
#1048 = ORIENTED_EDGE ( 'NONE', *, *, #423, .T. ) ;
#1049 = PRESENTATION_STYLE_ASSIGNMENT (( #206 ) ) ;
#1050 = DIRECTION ( 'NONE',  ( 1.000000000000000000, 0.000000000000000000, 0.000000000000000000 ) ) ;
#1051 = ORIENTED_EDGE ( 'NONE', *, *, #2374, .F. ) ;
#1052 = ADVANCED_FACE ( 'NONE', ( #1819 ), #1772, .T. ) ;
#1053 = EDGE_CURVE ( 'NONE', #428, #2636, #590, .T. ) ;
#1054 = DIRECTION ( 'NONE',  ( 0.06975647374412502488, 0.000000000000000000, 0.9975640502598243087 ) ) ;
#1055 = EDGE_LOOP ( 'NONE', ( #467, #1622, #112, #1366 ) ) ;
#1056 = DIRECTION ( 'NONE',  ( 1.000000000000000000, 0.000000000000000000, -0.000000000000000000 ) ) ;
#1057 = DIRECTION ( 'NONE',  ( 0.000000000000000000, 1.000000000000000000, 8.131516293641281283E-16 ) ) ;
#1058 = CARTESIAN_POINT ( 'NONE',  ( 2.951418158527010949, 1.361296361040001734, 1.153487823687206149 ) ) ;
#1059 = CYLINDRICAL_SURFACE ( 'NONE', #2398, 0.04999999999999991951 ) ;
#1060 = UNCERTAINTY_MEASURE_WITH_UNIT (LENGTH_MEASURE( 1.000000000000000082E-05 ), #792, 'distance_accuracy_value', 'NONE');
#1061 = SURFACE_STYLE_USAGE ( .BOTH. , #2086 ) ;
#1062 = DIRECTION ( 'NONE',  ( 1.000000000000000000, 0.000000000000000000, 0.000000000000000000 ) ) ;
#1063 = ORIENTED_EDGE ( 'NONE', *, *, #2342, .F. ) ;
#1064 = STYLED_ITEM ( 'NONE', ( #1072 ), #472 ) ;
#1065 = LINE ( 'NONE', #1653, #2278 ) ;
#1066 = LINE ( 'NONE', #1895, #1362 ) ;
#1067 = EDGE_CURVE ( 'NONE', #632, #2332, #835, .T. ) ;
#1068 = STYLED_ITEM ( 'NONE', ( #1219 ), #490 ) ;
#1069 = VERTEX_POINT ( 'NONE', #820 ) ;
#1070 =( NAMED_UNIT ( * ) PLANE_ANGLE_UNIT ( ) SI_UNIT ( $, .RADIAN. ) );
#1071 =( GEOMETRIC_REPRESENTATION_CONTEXT ( 3 ) GLOBAL_UNCERTAINTY_ASSIGNED_CONTEXT ( ( #873 ) ) GLOBAL_UNIT_ASSIGNED_CONTEXT ( ( #652, #435, #1916 ) ) REPRESENTATION_CONTEXT ( 'NONE', 'WORKASPACE' ) );
#1072 = PRESENTATION_STYLE_ASSIGNMENT (( #2286 ) ) ;
#1073 = AXIS2_PLACEMENT_3D ( 'NONE', #2263, #410, #653 ) ;
#1074 = CARTESIAN_POINT ( 'NONE',  ( 0.08858184147298908684, 1.361296361040001734, 1.153487823687206149 ) ) ;
#1075 = COLOUR_RGB ( '',0.2862745098039215508, 0.2862745098039215508, 0.2862745098039215508 ) ;
#1076 = CARTESIAN_POINT ( 'NONE',  ( 0.003148151524262537103, 0.05302635403725379504, 0.6450206642740373697 ) ) ;
#1077 = AXIS2_PLACEMENT_3D ( 'NONE', #546, #2377, #526 ) ;
#1078 = LINE ( 'NONE', #2456, #275 ) ;
#1079 = DIRECTION ( 'NONE',  ( 0.000000000000000000, 0.000000000000000000, -1.000000000000000000 ) ) ;
#1080 = AXIS2_PLACEMENT_3D ( 'NONE', #675, #256, #908 ) ;
#1081 = VERTEX_POINT ( 'NONE', #2453 ) ;
#1082 = DIRECTION ( 'NONE',  ( 0.000000000000000000, 1.000000000000000000, 0.000000000000000000 ) ) ;
#1083 = ORIENTED_EDGE ( 'NONE', *, *, #1349, .T. ) ;
#1084 = DIRECTION ( 'NONE',  ( 0.000000000000000000, 0.000000000000000000, -1.000000000000000000 ) ) ;
#1085 = LINE ( 'NONE', #42, #271 ) ;
#1086 = FILL_AREA_STYLE_COLOUR ( '', #1020 ) ;
#1087 = EDGE_CURVE ( 'NONE', #1017, #1735, #619, .T. ) ;
#1088 = PRESENTATION_STYLE_ASSIGNMENT (( #712 ) ) ;
#1089 = CARTESIAN_POINT ( 'NONE',  ( 2.790000000000000036, -0.1499999999999999112, 0.5621473127346622300 ) ) ;
#1090 = ORIENTED_EDGE ( 'NONE', *, *, #1918, .T. ) ;
#1091 = SURFACE_STYLE_USAGE ( .BOTH. , #479 ) ;
#1092 = CYLINDRICAL_SURFACE ( 'NONE', #2310, 0.06222467529000028780 ) ;
#1093 = EDGE_LOOP ( 'NONE', ( #417, #838, #1320 ) ) ;
#1094 = PRESENTATION_STYLE_ASSIGNMENT (( #1 ) ) ;
#1095 = DIRECTION ( 'NONE',  ( 1.000000000000000000, 0.000000000000000000, 0.000000000000000000 ) ) ;
#1096 = ORIENTED_EDGE ( 'NONE', *, *, #1513, .F. ) ;
#1097 = SURFACE_STYLE_FILL_AREA ( #1290 ) ;
#1098 = EDGE_CURVE ( 'NONE', #235, #2089, #433, .T. ) ;
#1099 = SURFACE_SIDE_STYLE ('',( #257 ) ) ;
#1100 = CARTESIAN_POINT ( 'NONE',  ( 0.08858184147298935052, 1.311418158527010602, 0.05000000000000000278 ) ) ;
#1101 = ORIENTED_EDGE ( 'NONE', *, *, #160, .F. ) ;
#1102 = DIRECTION ( 'NONE',  ( -0.000000000000000000, -1.000000000000000000, -0.000000000000000000 ) ) ;
#1103 = ORIENTED_EDGE ( 'NONE', *, *, #562, .F. ) ;
#1104 = AXIS2_PLACEMENT_3D ( 'NONE', #214, #2245, #43 ) ;
#1105 = SURFACE_SIDE_STYLE ('',( #1959 ) ) ;
#1106 = ORIENTED_EDGE ( 'NONE', *, *, #2424, .T. ) ;
#1107 = PRESENTATION_LAYER_ASSIGNMENT (  '', '', ( #1068 ) ) ;
#1108 =( LENGTH_UNIT ( ) NAMED_UNIT ( * ) SI_UNIT ( .MILLI., .METRE. ) );
#1109 = UNCERTAINTY_MEASURE_WITH_UNIT (LENGTH_MEASURE( 1.000000000000000082E-05 ), #1903, 'distance_accuracy_value', 'NONE');
#1110 = COLOUR_RGB ( '',0.2862745098039215508, 0.2862745098039215508, 0.2862745098039215508 ) ;
#1111 = DIRECTION ( 'NONE',  ( 0.9975640502598243087, 0.000000000000000000, 0.06975647374412533019 ) ) ;
#1112 = VECTOR ( 'NONE', #1575, 1000.000000000000114 ) ;
#1113 = EDGE_CURVE ( 'NONE', #1939, #2385, #1223, .T. ) ;
#1114 = DIRECTION ( 'NONE',  ( 0.000000000000000000, -0.06975647374412531632, -0.9975640502598241977 ) ) ;
#1115 = CARTESIAN_POINT ( 'NONE',  ( 3.040000000000000036, 0.04987820251299123625, 0.5999999999999999778 ) ) ;
#1116 = AXIS2_PLACEMENT_3D ( 'NONE', #963, #346, #1778 ) ;
#1117 = ADVANCED_FACE ( 'NONE', ( #34 ), #2043, .F. ) ;
#1118 = DIRECTION ( 'NONE',  ( 0.000000000000000000, -8.711995421691974113E-16, -1.000000000000000000 ) ) ;
#1119 = ORIENTED_EDGE ( 'NONE', *, *, #1584, .T. ) ;
#1120 = AXIS2_PLACEMENT_3D ( 'NONE', #2337, #1940, #1730 ) ;
#1121 = FILL_AREA_STYLE ('',( #2325 ) ) ;
#1122 =( NAMED_UNIT ( * ) PLANE_ANGLE_UNIT ( ) SI_UNIT ( $, .RADIAN. ) );
#1123 = CIRCLE ( 'NONE', #1202, 0.06222467529000028780 ) ;
#1124 = FACE_OUTER_BOUND ( 'NONE', #720, .T. ) ;
#1125 = CARTESIAN_POINT ( 'NONE',  ( 0.2400000000000000189, -0.01515403870830779598, 0.4493795536457455553 ) ) ;
#1126 = SURFACE_STYLE_USAGE ( .BOTH. , #968 ) ;
#1127 = FACE_OUTER_BOUND ( 'NONE', #2664, .T. ) ;
#1128 = VERTEX_POINT ( 'NONE', #1235 ) ;
#1129 = CARTESIAN_POINT ( 'NONE',  ( 2.790000000000000036, -0.04198423037712575856, 0.4313596955915994235 ) ) ;
#1130 = ORIENTED_EDGE ( 'NONE', *, *, #1416, .T. ) ;
#1131 = ADVANCED_FACE ( 'NONE', ( #661 ), #1059, .T. ) ;
#1132 =( LENGTH_UNIT ( ) NAMED_UNIT ( * ) SI_UNIT ( .MILLI., .METRE. ) );
#1133 = SURFACE_STYLE_USAGE ( .BOTH. , #294 ) ;
#1134 = ORIENTED_EDGE ( 'NONE', *, *, #106, .F. ) ;
#1135 = CARTESIAN_POINT ( 'NONE',  ( 1.264999999999999902, 2.000000000000000000, -0.09999999999999917288 ) ) ;
#1136 = FILL_AREA_STYLE_COLOUR ( '', #1110 ) ;
#1137 = CARTESIAN_POINT ( 'NONE',  ( 2.279999999999999805, 0.01052032924172510014, 0.4495522826033620523 ) ) ;
#1138 = EDGE_CURVE ( 'NONE', #86, #1452, #1680, .T. ) ;
#1139 = DIRECTION ( 'NONE',  ( 1.000000000000000000, 0.000000000000000000, 0.000000000000000000 ) ) ;
#1140 = ORIENTED_EDGE ( 'NONE', *, *, #1935, .T. ) ;
#1141 = ADVANCED_FACE ( 'NONE', ( #2508 ), #1503, .F. ) ;
#1142 = LINE ( 'NONE', #103, #943 ) ;
#1143 = FACE_OUTER_BOUND ( 'NONE', #170, .T. ) ;
#1144 = CIRCLE ( 'NONE', #2652, 0.02927791450000000184 ) ;
#1145 = VECTOR ( 'NONE', #2316, 1000.000000000000000 ) ;
#1146 = AXIS2_PLACEMENT_3D ( 'NONE', #1211, #337, #1369 ) ;
#1147 = AXIS2_PLACEMENT_3D ( 'NONE', #2080, #2503, #592 ) ;
#1148 = ORIENTED_EDGE ( 'NONE', *, *, #2374, .T. ) ;
#1149 = DIRECTION ( 'NONE',  ( 0.000000000000000000, 0.000000000000000000, 1.000000000000000000 ) ) ;
#1150 = MECHANICAL_DESIGN_GEOMETRIC_PRESENTATION_REPRESENTATION (  '', ( #548 ), #731 ) ;
#1151 = ORIENTED_EDGE ( 'NONE', *, *, #293, .T. ) ;
#1152 = DIRECTION ( 'NONE',  ( 1.000000000000000000, 0.000000000000000000, 0.000000000000000000 ) ) ;
#1153 = UNCERTAINTY_MEASURE_WITH_UNIT (LENGTH_MEASURE( 1.000000000000000082E-05 ), #2388, 'distance_accuracy_value', 'NONE');
#1154 = SURFACE_STYLE_FILL_AREA ( #322 ) ;
#1155 = SURFACE_STYLE_FILL_AREA ( #1591 ) ;
#1156 = VECTOR ( 'NONE', #1984, 1000.000000000000000 ) ;
#1157 = EDGE_CURVE ( 'NONE', #1897, #2363, #1742, .T. ) ;
#1158 = CARTESIAN_POINT ( 'NONE',  ( 0.7500000000000001110, -0.5999999999999999778, 0.08999999999999998279 ) ) ;
#1159 = LINE ( 'NONE', #1978, #2528 ) ;
#1160 = VECTOR ( 'NONE', #599, 1000.000000000000000 ) ;
#1161 = FILL_AREA_STYLE_COLOUR ( '', #1880 ) ;
#1162 = CARTESIAN_POINT ( 'NONE',  ( 0.2400000000000000189, -0.4000000000000000222, 0.1700000000000000122 ) ) ;
#1163 = DIRECTION ( 'NONE',  ( -0.000000000000000000, -1.000000000000000000, 0.000000000000000000 ) ) ;
#1164 = ORIENTED_EDGE ( 'NONE', *, *, #716, .F. ) ;
#1165 = CARTESIAN_POINT ( 'NONE',  ( 2.951418158527010949, 0.08858184147298935052, 0.05000000000000000278 ) ) ;
#1166 = DIRECTION ( 'NONE',  ( -0.000000000000000000, -1.000000000000000000, -0.000000000000000000 ) ) ;
#1167 = DIRECTION ( 'NONE',  ( 1.000000000000000000, -0.000000000000000000, 0.000000000000000000 ) ) ;
#1168 =( LENGTH_UNIT ( ) NAMED_UNIT ( * ) SI_UNIT ( .MILLI., .METRE. ) );
#1169 = DIRECTION ( 'NONE',  ( 0.000000000000000000, 0.000000000000000000, -1.000000000000000000 ) ) ;
#1170 = LINE ( 'NONE', #1964, #281 ) ;
#1171 = PRESENTATION_STYLE_ASSIGNMENT (( #803 ) ) ;
#1172 = ADVANCED_FACE ( 'NONE', ( #1312 ), #2114, .T. ) ;
#1173 = DIRECTION ( 'NONE',  ( 0.06958737431666438267, 0.06958737431666468798, -0.9951458157835084695 ) ) ;
#1174 = CARTESIAN_POINT ( 'NONE',  ( 0.2400000000000000189, -0.1500000000000000222, 0.5621473127346620080 ) ) ;
#1175 = ORIENTED_EDGE ( 'NONE', *, *, #290, .T. ) ;
#1176 = FACE_OUTER_BOUND ( 'NONE', #1876, .T. ) ;
#1177 = DIRECTION ( 'NONE',  ( 0.000000000000000000, 1.000000000000000000, 0.000000000000000000 ) ) ;
#1178 = ORIENTED_EDGE ( 'NONE', *, *, #354, .T. ) ;
#1179 = DIRECTION ( 'NONE',  ( 0.9975640502598241977, 0.000000000000000000, 0.06975647374412534407 ) ) ;
#1180 = CARTESIAN_POINT ( 'NONE',  ( 1.264999999999999902, 2.000000000000000000, 0.08999999999999999667 ) ) ;
#1181 =( LENGTH_UNIT ( ) NAMED_UNIT ( * ) SI_UNIT ( .MILLI., .METRE. ) );
#1182 =( LENGTH_UNIT ( ) NAMED_UNIT ( * ) SI_UNIT ( .MILLI., .METRE. ) );
#1183 = FACE_OUTER_BOUND ( 'NONE', #2033, .T. ) ;
#1184 = FACE_OUTER_BOUND ( 'NONE', #2234, .T. ) ;
#1185 = LINE ( 'NONE', #1623, #1160 ) ;
#1186 = AXIS2_PLACEMENT_3D ( 'NONE', #2063, #208, #2290 ) ;
#1187 = AXIS2_PLACEMENT_3D ( 'NONE', #382, #993, #951 ) ;
#1188 = ORIENTED_EDGE ( 'NONE', *, *, #839, .T. ) ;
#1189 = ADVANCED_FACE ( 'NONE', ( #1927 ), #2548, .F. ) ;
#1190 = EDGE_CURVE ( 'NONE', #507, #235, #1901, .T. ) ;
#1191 =( LENGTH_UNIT ( ) NAMED_UNIT ( * ) SI_UNIT ( .MILLI., .METRE. ) );
#1192 = AXIS2_PLACEMENT_3D ( 'NONE', #2084, #2259, #405 ) ;
#1193 = VERTEX_POINT ( 'NONE', #2135 ) ;
#1194 = SURFACE_SIDE_STYLE ('',( #363 ) ) ;
#1195 = CARTESIAN_POINT ( 'NONE',  ( 0.7500000000000000000, -0.01515403870830761730, 0.4493795536457457773 ) ) ;
#1196 = PRESENTATION_LAYER_ASSIGNMENT (  '', '', ( #861 ) ) ;
#1197 = SURFACE_STYLE_FILL_AREA ( #978 ) ;
#1198 = SURFACE_STYLE_USAGE ( .BOTH. , #818 ) ;
#1199 =( NAMED_UNIT ( * ) SI_UNIT ( $, .STERADIAN. ) SOLID_ANGLE_UNIT ( ) );
#1200 = CIRCLE ( 'NONE', #1635, 0.05000000000000000278 ) ;
#1201 = VERTEX_POINT ( 'NONE', #285 ) ;
#1202 = AXIS2_PLACEMENT_3D ( 'NONE', #2579, #694, #1118 ) ;
#1203 = CARTESIAN_POINT ( 'NONE',  ( 0.4213890419415910471, 0.2719486573742276869, 1.199999999999999956 ) ) ;
#1204 = DIRECTION ( 'NONE',  ( 0.000000000000000000, 0.000000000000000000, 1.000000000000000000 ) ) ;
#1205 = ORIENTED_EDGE ( 'NONE', *, *, #615, .T. ) ;
#1206 = LINE ( 'NONE', #180, #2362 ) ;
#1207 = ADVANCED_FACE ( 'NONE', ( #1124 ), #2299, .F. ) ;
#1208 = ORIENTED_EDGE ( 'NONE', *, *, #221, .T. ) ;
#1209 = CARTESIAN_POINT ( 'NONE',  ( 0.08858184147298936439, 1.311418158527010602, 1.149999999999999911 ) ) ;
#1210 = CARTESIAN_POINT ( 'NONE',  ( 0.08858184147298908684, 1.361296361040001734, 0.04651217631279374459 ) ) ;
#1211 = CARTESIAN_POINT ( 'NONE',  ( 1.520000000000000018, 0.000000000000000000, 0.5999999999999999778 ) ) ;
#1212 = CARTESIAN_POINT ( 'NONE',  ( 1.520000000000000018, 0.6999999999999999556, 0.000000000000000000 ) ) ;
#1213 = ORIENTED_EDGE ( 'NONE', *, *, #2341, .T. ) ;
#1214 = CARTESIAN_POINT ( 'NONE',  ( 0.04987820251299004970, 1.399999999999999911, 0.5999999999999999778 ) ) ;
#1215 = EDGE_LOOP ( 'NONE', ( #2013, #2037, #177, #259 ) ) ;
#1216 = DIRECTION ( 'NONE',  ( 1.000000000000000000, -1.897353801849628026E-15, 0.000000000000000000 ) ) ;
#1217 = ORIENTED_EDGE ( 'NONE', *, *, #1349, .F. ) ;
#1218 = ADVANCED_FACE ( 'NONE', ( #1526 ), #266, .T. ) ;
#1219 = PRESENTATION_STYLE_ASSIGNMENT (( #1431 ) ) ;
#1220 = ADVANCED_FACE ( 'NONE', ( #1826 ), #2639, .F. ) ;
#1221 = DIRECTION ( 'NONE',  ( -1.000000000000000000, 0.000000000000000000, -0.000000000000000000 ) ) ;
#1222 = ADVANCED_FACE ( 'NONE', ( #1393 ), #306, .F. ) ;
#1223 = LINE ( 'NONE', #1462, #1669 ) ;
#1224 = ORIENTED_EDGE ( 'NONE', *, *, #2341, .F. ) ;
#1225 = CARTESIAN_POINT ( 'NONE',  ( 0.08858184147298928113, 1.358043912833891032, 0.000000000000000000 ) ) ;
#1226 = AXIS2_PLACEMENT_3D ( 'NONE', #2541, #176, #2210 ) ;
#1227 = EDGE_LOOP ( 'NONE', ( #1539, #1822, #1363, #751 ) ) ;
#1228 = MECHANICAL_DESIGN_GEOMETRIC_PRESENTATION_REPRESENTATION (  '', ( #2389 ), #1071 ) ;
#1229 = ORIENTED_EDGE ( 'NONE', *, *, #1704, .F. ) ;
#1230 =( GEOMETRIC_REPRESENTATION_CONTEXT ( 3 ) GLOBAL_UNCERTAINTY_ASSIGNED_CONTEXT ( ( #2152 ) ) GLOBAL_UNIT_ASSIGNED_CONTEXT ( ( #1619, #124, #1559 ) ) REPRESENTATION_CONTEXT ( 'NONE', 'WORKASPACE' ) );
#1231 = CARTESIAN_POINT ( 'NONE',  ( 2.951418158527010949, 0.6999999999999999556, 1.149999999999999911 ) ) ;
#1232 = VECTOR ( 'NONE', #173, 1000.000000000000000 ) ;
#1233 = ORIENTED_EDGE ( 'NONE', *, *, #2059, .T. ) ;
#1234 = PRESENTATION_LAYER_ASSIGNMENT (  '', '', ( #2009 ) ) ;
#1235 = CARTESIAN_POINT ( 'NONE',  ( 0.03870363895999813508, 0.08858184147298935052, 1.153487823687206149 ) ) ;
#1236 = UNCERTAINTY_MEASURE_WITH_UNIT (LENGTH_MEASURE( 1.000000000000000082E-05 ), #1168, 'distance_accuracy_value', 'NONE');
#1237 = EDGE_CURVE ( 'NONE', #657, #2501, #1544, .T. ) ;
#1238 = EDGE_CURVE ( 'NONE', #965, #704, #514, .T. ) ;
#1239 = VERTEX_POINT ( 'NONE', #2421 ) ;
#1240 = LINE ( 'NONE', #2190, #2356 ) ;
#1241 = CARTESIAN_POINT ( 'NONE',  ( 1.774999999999999911, 1.800000000000000266, 0.1700000000000000122 ) ) ;
#1242 = VECTOR ( 'NONE', #1823, 1000.000000000000114 ) ;
#1243 = VERTEX_POINT ( 'NONE', #1589 ) ;
#1244 = VECTOR ( 'NONE', #1537, 1000.000000000000000 ) ;
#1245 = CARTESIAN_POINT ( 'NONE',  ( 2.951418158527010949, 1.311418158527010824, 1.149999999999999911 ) ) ;
#1246 = COLOUR_RGB ( '',0.2862745098039215508, 0.2862745098039215508, 0.2862745098039215508 ) ;
#1247 = PRESENTATION_STYLE_ASSIGNMENT (( #2663 ) ) ;
#1248 = VERTEX_POINT ( 'NONE', #1195 ) ;
#1249 = FACE_OUTER_BOUND ( 'NONE', #1227, .T. ) ;
#1250 = CARTESIAN_POINT ( 'NONE',  ( 3.040000000000000924, 1.379369139644410769, 0.6000000000000005329 ) ) ;
#1251 = CYLINDRICAL_SURFACE ( 'NONE', #2003, 0.05000000000000000278 ) ;
#1252 = ORIENTED_EDGE ( 'NONE', *, *, #1087, .F. ) ;
#1253 =( NAMED_UNIT ( * ) SI_UNIT ( $, .STERADIAN. ) SOLID_ANGLE_UNIT ( ) );
#1254 = CARTESIAN_POINT ( 'NONE',  ( 0.2400000000000000189, -0.01495707069651279995, 0.4201023017072240129 ) ) ;
#1255 = DIRECTION ( 'NONE',  ( 0.000000000000000000, 0.000000000000000000, -1.000000000000000000 ) ) ;
#1256 = EDGE_LOOP ( 'NONE', ( #2203, #1991, #2129, #574, #1434, #430, #654, #647, #2678, #942, #2656, #1379 ) ) ;
#1257 = ADVANCED_FACE ( 'NONE', ( #757 ), #2631, .T. ) ;
#1258 = DIRECTION ( 'NONE',  ( -1.000000000000000000, -4.336808689942006692E-15, 0.000000000000000000 ) ) ;
#1259 = VERTEX_POINT ( 'NONE', #1353 ) ;
#1260 = DIRECTION ( 'NONE',  ( 0.000000000000000000, -0.9975640502598243087, 0.06975647374412533019 ) ) ;
#1261 = CARTESIAN_POINT ( 'NONE',  ( 2.951418158527010949, 1.358043912833891032, 1.199999999999999956 ) ) ;
#1262 = ORIENTED_EDGE ( 'NONE', *, *, #1113, .F. ) ;
#1263 = VECTOR ( 'NONE', #1545, 1000.000000000000000 ) ;
#1264 = CARTESIAN_POINT ( 'NONE',  ( 0.000000000000000000, 0.6999999999999999556, 0.5999999999999999778 ) ) ;
#1265 = CARTESIAN_POINT ( 'NONE',  ( 0.2400000000000000189, -0.3299825824459929891, -0.09999999999999988065 ) ) ;
#1266 = PRESENTATION_LAYER_ASSIGNMENT (  '', '', ( #585 ) ) ;
#1267 = ADVANCED_FACE ( 'NONE', ( #2583 ), #744, .T. ) ;
#1268 = ORIENTED_EDGE ( 'NONE', *, *, #1067, .F. ) ;
#1269 = EDGE_CURVE ( 'NONE', #1551, #1243, #1570, .T. ) ;
#1270 = VECTOR ( 'NONE', #1308, 1000.000000000000000 ) ;
#1271 = MECHANICAL_DESIGN_GEOMETRIC_PRESENTATION_REPRESENTATION (  '', ( #152 ), #1484 ) ;
#1272 = VECTOR ( 'NONE', #2178, 1000.000000000000000 ) ;
#1273 = LINE ( 'NONE', #2072, #994 ) ;
#1274 = CARTESIAN_POINT ( 'NONE',  ( 2.279999999999999805, -0.3299825824459929891, 2.168404344971010347E-16 ) ) ;
#1275 =( GEOMETRIC_REPRESENTATION_CONTEXT ( 3 ) GLOBAL_UNCERTAINTY_ASSIGNED_CONTEXT ( ( #699 ) ) GLOBAL_UNIT_ASSIGNED_CONTEXT ( ( #2606, #333, #848 ) ) REPRESENTATION_CONTEXT ( 'NONE', 'WORKASPACE' ) );
#1276 = DIRECTION ( 'NONE',  ( 0.06975647374412531632, 0.000000000000000000, -0.9975640502598241977 ) ) ;
#1277 = DIRECTION ( 'NONE',  ( -1.000000000000000000, -0.000000000000000000, -0.000000000000000000 ) ) ;
#1278 = DIRECTION ( 'NONE',  ( 1.000000000000000000, 0.000000000000000000, 0.000000000000000000 ) ) ;
#1279 = AXIS2_PLACEMENT_3D ( 'NONE', #1574, #1332, #340 ) ;
#1280 = VERTEX_POINT ( 'NONE', #2164 ) ;
#1281 =( GEOMETRIC_REPRESENTATION_CONTEXT ( 3 ) GLOBAL_UNCERTAINTY_ASSIGNED_CONTEXT ( ( #920 ) ) GLOBAL_UNIT_ASSIGNED_CONTEXT ( ( #1613, #1646, #591 ) ) REPRESENTATION_CONTEXT ( 'NONE', 'WORKASPACE' ) );
#1282 = DIRECTION ( 'NONE',  ( 0.000000000000000000, 0.000000000000000000, -1.000000000000000000 ) ) ;
#1283 = COLOUR_RGB ( '',0.2862745098039215508, 0.2862745098039215508, 0.2862745098039215508 ) ;
#1284 = VERTEX_POINT ( 'NONE', #1603 ) ;
#1285 = VECTOR ( 'NONE', #2644, 1000.000000000000227 ) ;
#1286 = DIRECTION ( 'NONE',  ( 1.000000000000000000, 0.000000000000000000, 0.000000000000000000 ) ) ;
#1287 = EDGE_CURVE ( 'NONE', #2118, #1019, #1142, .T. ) ;
#1288 = CARTESIAN_POINT ( 'NONE',  ( 2.279999999999999805, -0.3261500413750764715, 0.1392399022905138339 ) ) ;
#1289 = AXIS2_PLACEMENT_3D ( 'NONE', #2213, #344, #2021 ) ;
#1290 = FILL_AREA_STYLE ('',( #906 ) ) ;
#1291 = UNCERTAINTY_MEASURE_WITH_UNIT (LENGTH_MEASURE( 1.000000000000000082E-05 ), #258, 'distance_accuracy_value', 'NONE');
#1292 = LINE ( 'NONE', #2369, #1357 ) ;
#1293 = ORIENTED_EDGE ( 'NONE', *, *, #1464, .T. ) ;
#1294 = CARTESIAN_POINT ( 'NONE',  ( 0.05699712422196933498, 1.343002875778030347, 0.5016825002194452710 ) ) ;
#1295 = DIRECTION ( 'NONE',  ( 0.000000000000000000, 0.000000000000000000, -1.000000000000000000 ) ) ;
#1296 = DIRECTION ( 'NONE',  ( 0.000000000000000000, 1.000000000000000000, 0.000000000000000000 ) ) ;
#1297 = ORIENTED_EDGE ( 'NONE', *, *, #2576, .F. ) ;
#1298 = EDGE_CURVE ( 'NONE', #867, #1904, #2440, .T. ) ;
#1299 = SURFACE_SIDE_STYLE ('',( #1097 ) ) ;
#1300 = CARTESIAN_POINT ( 'NONE',  ( 2.790000000000000036, -0.01495707069651279995, 0.4201023017072240129 ) ) ;
#1301 = ADVANCED_FACE ( 'NONE', ( #2412 ), #321, .T. ) ;
#1302 = DIRECTION ( 'NONE',  ( -1.000000000000000000, -0.000000000000000000, -0.000000000000000000 ) ) ;
#1303 =( NAMED_UNIT ( * ) PLANE_ANGLE_UNIT ( ) SI_UNIT ( $, .RADIAN. ) );
#1304 = ORIENTED_EDGE ( 'NONE', *, *, #2257, .F. ) ;
#1305 = CARTESIAN_POINT ( 'NONE',  ( 0.7500000000000000000, -0.1000000000000000056, 0.5999999999999999778 ) ) ;
#1306 = EDGE_LOOP ( 'NONE', ( #1346, #2671, #1737 ) ) ;
#1307 = CARTESIAN_POINT ( 'NONE',  ( 0.7500000000000000000, -0.3299825824459929891, 2.168404344971010347E-16 ) ) ;
#1308 = DIRECTION ( 'NONE',  ( -0.000000000000000000, -1.000000000000000000, -0.000000000000000000 ) ) ;
#1309 = COLOUR_RGB ( '',0.2862745098039215508, 0.2862745098039215508, 0.2862745098039215508 ) ;
#1310 = CARTESIAN_POINT ( 'NONE',  ( 0.7500000000000000000, -0.5999999999999999778, 0.4201023017072240129 ) ) ;
#1311 = ORIENTED_EDGE ( 'NONE', *, *, #628, .T. ) ;
#1312 = FACE_OUTER_BOUND ( 'NONE', #2572, .T. ) ;
#1313 = UNCERTAINTY_MEASURE_WITH_UNIT (LENGTH_MEASURE( 1.000000000000000082E-05 ), #525, 'distance_accuracy_value', 'NONE');
#1314 = FACE_OUTER_BOUND ( 'NONE', #568, .T. ) ;
#1315 = COLOUR_RGB ( '',0.2862745098039215508, 0.2862745098039215508, 0.2862745098039215508 ) ;
#1316 = DIRECTION ( 'NONE',  ( -1.000000000000000000, -0.000000000000000000, -0.000000000000000000 ) ) ;
#1317 = EDGE_CURVE ( 'NONE', #785, #428, #559, .T. ) ;
#1318 = PRODUCT ( 'BAT54S', 'BAT54S', '', ( #397 ) ) ;
#1319 = AXIS2_PLACEMENT_3D ( 'NONE', #162, #1973, #2395 ) ;
#1320 = ORIENTED_EDGE ( 'NONE', *, *, #2095, .F. ) ;
#1321 = FACE_OUTER_BOUND ( 'NONE', #88, .T. ) ;
#1322 = PRESENTATION_LAYER_ASSIGNMENT (  '', '', ( #370 ) ) ;
#1323 = ORIENTED_EDGE ( 'NONE', *, *, #1087, .T. ) ;
#1324 = PRESENTATION_LAYER_ASSIGNMENT (  '', '', ( #2490 ) ) ;
#1325 = SURFACE_SIDE_STYLE ('',( #301 ) ) ;
#1326 = DIRECTION ( 'NONE',  ( 0.000000000000000000, 1.000000000000000000, -0.000000000000000000 ) ) ;
#1327 = LINE ( 'NONE', #1541, #1877 ) ;
#1328 = EDGE_LOOP ( 'NONE', ( #886, #1599, #1175, #2068 ) ) ;
#1329 = AXIS2_PLACEMENT_3D ( 'NONE', #763, #2441, #1820 ) ;
#1330 = DIRECTION ( 'NONE',  ( 0.000000000000000000, -1.000000000000000000, 3.061669739711679975E-15 ) ) ;
#1331 = LINE ( 'NONE', #515, #625 ) ;
#1332 = DIRECTION ( 'NONE',  ( 1.000000000000000000, 0.000000000000000000, 0.000000000000000000 ) ) ;
#1333 = LINE ( 'NONE', #1547, #765 ) ;
#1334 = LINE ( 'NONE', #692, #2526 ) ;
#1335 = ORIENTED_EDGE ( 'NONE', *, *, #2112, .T. ) ;
#1336 = EDGE_CURVE ( 'NONE', #1001, #360, #134, .T. ) ;
#1337 =( NAMED_UNIT ( * ) SI_UNIT ( $, .STERADIAN. ) SOLID_ANGLE_UNIT ( ) );
#1338 = EDGE_LOOP ( 'NONE', ( #589, #709, #638, #962 ) ) ;
#1339 = EDGE_CURVE ( 'NONE', #1081, #1350, #279, .T. ) ;
#1340 = FACE_OUTER_BOUND ( 'NONE', #2215, .T. ) ;
#1341 = ORIENTED_EDGE ( 'NONE', *, *, #562, .T. ) ;
#1342 = DIRECTION ( 'NONE',  ( 1.000000000000000000, 0.000000000000000000, 0.000000000000000000 ) ) ;
#1343 =( NAMED_UNIT ( * ) PLANE_ANGLE_UNIT ( ) SI_UNIT ( $, .RADIAN. ) );
#1344 = CARTESIAN_POINT ( 'NONE',  ( 1.264999999999999680, 1.389479670758272389, 0.4495522826033618302 ) ) ;
#1345 = CARTESIAN_POINT ( 'NONE',  ( 0.2400000000000000189, -0.4000000000000000222, 0.1700000000000000122 ) ) ;
#1346 = ORIENTED_EDGE ( 'NONE', *, *, #10, .F. ) ;
#1347 = FILL_AREA_STYLE_COLOUR ( '', #2222 ) ;
#1348 = EDGE_CURVE ( 'NONE', #742, #196, #1380, .T. ) ;
#1349 = EDGE_CURVE ( 'NONE', #2401, #2173, #790, .T. ) ;
#1350 = VERTEX_POINT ( 'NONE', #656 ) ;
#1351 = PRESENTATION_STYLE_ASSIGNMENT (( #1569 ) ) ;
#1352 = VECTOR ( 'NONE', #575, 1000.000000000000000 ) ;
#1353 = CARTESIAN_POINT ( 'NONE',  ( 1.264999999999999902, 2.000000000000000000, 0.08999999999999998279 ) ) ;
#1354 = DIRECTION ( 'NONE',  ( -0.06958737431666507656, 0.06958737431666482676, -0.9951458157835086915 ) ) ;
#1355 = CARTESIAN_POINT ( 'NONE',  ( 2.951418158527010949, 0.04195608716610625677, 0.000000000000000000 ) ) ;
#1356 = SURFACE_SIDE_STYLE ('',( #1373 ) ) ;
#1357 = VECTOR ( 'NONE', #2577, 1000.000000000000114 ) ;
#1358 = CLOSED_SHELL ( 'NONE', ( #1976, #2065, #439, #1003, #1189, #508, #1606, #2078, #2279, #2197, #1786, #970, #1267, #2473, #1811, #1773, #1398, #735, #2423, #1726, #1220, #1301, #302, #1207, #1643, #1385, #107, #1948, #1257, #2113, #915, #56, #33, #1724, #1531, #602, #1141, #1693, #855, #2512, #2254, #854, #1980, #2145, #1172, #1117, #1222, #1605, #684, #2014, #1564, #1947, #207, #2497, #1052, #1218, #1756, #472, #542, #2336, #273, #1917, #958, #1992, #90, #61, #2209, #1131, #490, #2676, #682, #916, #563, #375 ) ) ;
#1359 = VECTOR ( 'NONE', #228, 1000.000000000000114 ) ;
#1360 = CARTESIAN_POINT ( 'NONE',  ( 1.520000000000000018, 1.311418158527010602, 1.149999999999999911 ) ) ;
#1361 = DIRECTION ( 'NONE',  ( 0.9975640502598241977, 8.131516293641284241E-16, -0.06975647374412534407 ) ) ;
#1362 = VECTOR ( 'NONE', #1879, 1000.000000000000000 ) ;
#1363 = ORIENTED_EDGE ( 'NONE', *, *, #583, .F. ) ;
#1364 = MECHANICAL_DESIGN_GEOMETRIC_PRESENTATION_REPRESENTATION (  '', ( #1717 ), #2053 ) ;
#1365 = DIRECTION ( 'NONE',  ( 0.000000000000000000, 0.3845012213685869984, -0.9231244828115355849 ) ) ;
#1366 = ORIENTED_EDGE ( 'NONE', *, *, #339, .T. ) ;
#1367 = AXIS2_PLACEMENT_3D ( 'NONE', #2091, #23, #1054 ) ;
#1368 = DIRECTION ( 'NONE',  ( 0.000000000000000000, 0.000000000000000000, -1.000000000000000000 ) ) ;
#1369 = DIRECTION ( 'NONE',  ( 0.000000000000000000, -0.06975647374412531632, 0.9975640502598241977 ) ) ;
#1370 =( LENGTH_UNIT ( ) NAMED_UNIT ( * ) SI_UNIT ( .MILLI., .METRE. ) );
#1371 = PLANE ( 'NONE',  #2443 ) ;
#1372 = EDGE_CURVE ( 'NONE', #1847, #1708, #1706, .T. ) ;
#1373 = SURFACE_STYLE_FILL_AREA ( #1383 ) ;
#1374 = ORIENTED_EDGE ( 'NONE', *, *, #145, .F. ) ;
#1375 = FACE_OUTER_BOUND ( 'NONE', #1560, .T. ) ;
#1376 = ORIENTED_EDGE ( 'NONE', *, *, #662, .T. ) ;
#1377 = CARTESIAN_POINT ( 'NONE',  ( 0.2400000000000000189, -0.5999999999999999778, 0.08999999999999998279 ) ) ;
#1378 = CYLINDRICAL_SURFACE ( 'NONE', #1765, 0.08000000000000000167 ) ;
#1379 = ORIENTED_EDGE ( 'NONE', *, *, #2172, .T. ) ;
#1380 = LINE ( 'NONE', #348, #817 ) ;
#1381 = PRESENTATION_STYLE_ASSIGNMENT (( #791 ) ) ;
#1382 = EDGE_CURVE ( 'NONE', #2621, #1735, #2306, .T. ) ;
#1383 = FILL_AREA_STYLE ('',( #2018 ) ) ;
#1384 = DIRECTION ( 'NONE',  ( 1.000000000000000000, 0.000000000000000000, 0.000000000000000000 ) ) ;
#1385 = ADVANCED_FACE ( 'NONE', ( #865 ), #607, .T. ) ;
#1386 = EDGE_CURVE ( 'NONE', #2363, #924, #2136, .T. ) ;
#1387 = VERTEX_POINT ( 'NONE', #2107 ) ;
#1388 = CARTESIAN_POINT ( 'NONE',  ( 2.279999999999999805, -0.1000000000000000056, 0.5999999999999999778 ) ) ;
#1389 = CARTESIAN_POINT ( 'NONE',  ( 2.986973645962746282, 0.05302635403725368402, 0.5584671594131687122 ) ) ;
#1390 = LINE ( 'NONE', #567, #734 ) ;
#1391 = ORIENTED_EDGE ( 'NONE', *, *, #1500, .F. ) ;
#1392 = FACE_OUTER_BOUND ( 'NONE', #1306, .T. ) ;
#1393 = FACE_OUTER_BOUND ( 'NONE', #101, .T. ) ;
#1394 = SURFACE_STYLE_FILL_AREA ( #1783 ) ;
#1395 = PRESENTATION_LAYER_ASSIGNMENT (  '', '', ( #1064 ) ) ;
#1396 = ORIENTED_EDGE ( 'NONE', *, *, #912, .T. ) ;
#1397 = PRESENTATION_LAYER_ASSIGNMENT (  '', '', ( #2570 ) ) ;
#1398 = ADVANCED_FACE ( 'NONE', ( #1614 ), #1092, .T. ) ;
#1399 = SURFACE_STYLE_USAGE ( .BOTH. , #1609 ) ;
#1400 = MECHANICAL_DESIGN_GEOMETRIC_PRESENTATION_REPRESENTATION (  '', ( #2223 ), #1437 ) ;
#1401 = ORIENTED_EDGE ( 'NONE', *, *, #1511, .T. ) ;
#1402 =( NAMED_UNIT ( * ) PLANE_ANGLE_UNIT ( ) SI_UNIT ( $, .RADIAN. ) );
#1403 = VECTOR ( 'NONE', #1471, 1000.000000000000000 ) ;
#1404 = CARTESIAN_POINT ( 'NONE',  ( 1.264999999999999902, 1.729982582445990014, -0.1000000000000000056 ) ) ;
#1405 = ORIENTED_EDGE ( 'NONE', *, *, #1190, .T. ) ;
#1406 = DIRECTION ( 'NONE',  ( 0.000000000000000000, 1.000000000000000000, -0.000000000000000000 ) ) ;
#1407 = AXIS2_PLACEMENT_3D ( 'NONE', #1977, #2004, #995 ) ;
#1408 = VECTOR ( 'NONE', #1860, 1000.000000000000000 ) ;
#1409 = CARTESIAN_POINT ( 'NONE',  ( 0.2400000000000000189, -0.1000000000000000056, 0.5999999999999999778 ) ) ;
#1410 = MECHANICAL_DESIGN_GEOMETRIC_PRESENTATION_REPRESENTATION (  '', ( #2235 ), #1813 ) ;
#1411 = VERTEX_POINT ( 'NONE', #1906 ) ;
#1412 = VECTOR ( 'NONE', #1173, 1000.000000000000114 ) ;
#1413 = CARTESIAN_POINT ( 'NONE',  ( 2.998043912833899149, 0.03870363895999812814, 0.04651217631279373765 ) ) ;
#1414 = VECTOR ( 'NONE', #2442, 1000.000000000000114 ) ;
#1415 = ORIENTED_EDGE ( 'NONE', *, *, #1453, .F. ) ;
#1416 = EDGE_CURVE ( 'NONE', #904, #1452, #1965, .T. ) ;
#1417 = ORIENTED_EDGE ( 'NONE', *, *, #1899, .T. ) ;
#1418 = DIRECTION ( 'NONE',  ( -4.347398734760385700E-15, 1.000000000000000000, 0.000000000000000000 ) ) ;
#1419 = DIRECTION ( 'NONE',  ( -1.000000000000000000, 0.000000000000000000, 0.000000000000000000 ) ) ;
#1420 = DIRECTION ( 'NONE',  ( -1.000000000000000000, 0.000000000000000000, -0.000000000000000000 ) ) ;
#1421 = CARTESIAN_POINT ( 'NONE',  ( 3.036851848475737636, 1.346973645962746380, 0.5549793357259624749 ) ) ;
#1422 = ORIENTED_EDGE ( 'NONE', *, *, #771, .F. ) ;
#1423 = DIRECTION ( 'NONE',  ( 0.000000000000000000, 1.000000000000000000, 5.421010862427510337E-16 ) ) ;
#1424 = DIRECTION ( 'NONE',  ( 0.000000000000000000, -0.3845012213685797819, -0.9231244828115384715 ) ) ;
#1425 = ORIENTED_EDGE ( 'NONE', *, *, #404, .F. ) ;
#1426 = DIRECTION ( 'NONE',  ( 0.06958737431666450757, 0.06958737431666511819, -0.9951458157835085805 ) ) ;
#1427 = EDGE_LOOP ( 'NONE', ( #452, #1134, #211, #1425, #1725, #813, #1769, #438, #622, #767, #2420, #578 ) ) ;
#1428 = PLANE ( 'NONE',  #644 ) ;
#1429 = EDGE_CURVE ( 'NONE', #1201, #1280, #1686, .T. ) ;
#1430 = EDGE_CURVE ( 'NONE', #2122, #1411, #815, .T. ) ;
#1431 = SURFACE_STYLE_USAGE ( .BOTH. , #1046 ) ;
#1432 = PRESENTATION_STYLE_ASSIGNMENT (( #1198 ) ) ;
#1433 = DIRECTION ( 'NONE',  ( 1.000000000000000000, 0.000000000000000000, 0.000000000000000000 ) ) ;
#1434 = ORIENTED_EDGE ( 'NONE', *, *, #636, .T. ) ;
#1435 = DIRECTION ( 'NONE',  ( 1.000000000000000000, 0.000000000000000000, 0.000000000000000000 ) ) ;
#1436 = DIRECTION ( 'NONE',  ( 0.000000000000000000, 0.000000000000000000, -1.000000000000000000 ) ) ;
#1437 =( GEOMETRIC_REPRESENTATION_CONTEXT ( 3 ) GLOBAL_UNCERTAINTY_ASSIGNED_CONTEXT ( ( #1913 ) ) GLOBAL_UNIT_ASSIGNED_CONTEXT ( ( #1979, #1303, #565 ) ) REPRESENTATION_CONTEXT ( 'NONE', 'WORKASPACE' ) );
#1438 = CARTESIAN_POINT ( 'NONE',  ( 1.520000000000000018, 0.08858184147298939215, 0.05000000000000000278 ) ) ;
#1439 = ORIENTED_EDGE ( 'NONE', *, *, #2229, .F. ) ;
#1440 = DIRECTION ( 'NONE',  ( 0.000000000000000000, 0.9999773699223398760, 0.006727528758738340366 ) ) ;
#1441 =( GEOMETRIC_REPRESENTATION_CONTEXT ( 3 ) GLOBAL_UNCERTAINTY_ASSIGNED_CONTEXT ( ( #1153 ) ) GLOBAL_UNIT_ASSIGNED_CONTEXT ( ( #2388, #553, #1994 ) ) REPRESENTATION_CONTEXT ( 'NONE', 'WORKASPACE' ) );
#1442 = CIRCLE ( 'NONE', #722, 0.04999999999999999584 ) ;
#1443 = ORIENTED_EDGE ( 'NONE', *, *, #427, .F. ) ;
#1444 = VECTOR ( 'NONE', #2380, 1000.000000000000000 ) ;
#1445 = SURFACE_STYLE_FILL_AREA ( #1656 ) ;
#1446 = SURFACE_SIDE_STYLE ('',( #2285 ) ) ;
#1447 = VECTOR ( 'NONE', #1406, 1000.000000000000000 ) ;
#1448 = ORIENTED_EDGE ( 'NONE', *, *, #636, .F. ) ;
#1449 = CARTESIAN_POINT ( 'NONE',  ( 1.264999999999999902, 1.415154038708309914, 0.4493795536457459994 ) ) ;
#1450 = SURFACE_STYLE_FILL_AREA ( #2058 ) ;
#1451 = AXIS2_PLACEMENT_3D ( 'NONE', #283, #2595, #947 ) ;
#1452 = VERTEX_POINT ( 'NONE', #1210 ) ;
#1453 = EDGE_CURVE ( 'NONE', #1284, #1812, #667, .T. ) ;
#1454 = DIRECTION ( 'NONE',  ( 0.000000000000000000, 1.000000000000000000, 5.421010862427510337E-16 ) ) ;
#1455 =( LENGTH_UNIT ( ) NAMED_UNIT ( * ) SI_UNIT ( .MILLI., .METRE. ) );
#1456 = ORIENTED_EDGE ( 'NONE', *, *, #1298, .F. ) ;
#1457 = AXIS2_PLACEMENT_3D ( 'NONE', #1747, #723, #2158 ) ;
#1458 = FACE_OUTER_BOUND ( 'NONE', #2521, .T. ) ;
#1459 = AXIS2_PLACEMENT_3D ( 'NONE', #330, #167, #1361 ) ;
#1460 = EDGE_LOOP ( 'NONE', ( #312, #52, #22, #1934 ) ) ;
#1461 = FILL_AREA_STYLE_COLOUR ( '', #1573 ) ;
#1462 = CARTESIAN_POINT ( 'NONE',  ( 0.2400000000000000189, -0.5999999999999999778, -0.09999999999999917288 ) ) ;
#1463 = LINE ( 'NONE', #1681, #98 ) ;
#1464 = EDGE_CURVE ( 'NONE', #2517, #842, #2029, .T. ) ;
#1465 = ORIENTED_EDGE ( 'NONE', *, *, #1588, .F. ) ;
#1466 = SURFACE_STYLE_FILL_AREA ( #1856 ) ;
#1467 = CARTESIAN_POINT ( 'NONE',  ( 2.279999999999999805, -0.4000000000000000222, 0.09000000000000009381 ) ) ;
#1468 = ORIENTED_EDGE ( 'NONE', *, *, #771, .T. ) ;
#1469 = CARTESIAN_POINT ( 'NONE',  ( 2.790000000000000924, 0.01052032924172510361, 0.4495522826033620523 ) ) ;
#1470 = FACE_OUTER_BOUND ( 'NONE', #1838, .T. ) ;
#1471 = DIRECTION ( 'NONE',  ( 0.000000000000000000, 0.000000000000000000, -1.000000000000000000 ) ) ;
#1472 = DIRECTION ( 'NONE',  ( 0.000000000000000000, 1.000000000000000000, 0.000000000000000000 ) ) ;
#1473 = CARTESIAN_POINT ( 'NONE',  ( 0.000000000000000000, 0.6999999999999999556, 0.5999999999999999778 ) ) ;
#1474 = CARTESIAN_POINT ( 'NONE',  ( 3.001296361040002303, 0.08858184147298929501, 0.04651217631279374459 ) ) ;
#1475 = PRESENTATION_STYLE_ASSIGNMENT (( #2500 ) ) ;
#1476 = ORIENTED_EDGE ( 'NONE', *, *, #583, .T. ) ;
#1477 = AXIS2_PLACEMENT_3D ( 'NONE', #821, #2454, #1384 ) ;
#1478 = LINE ( 'NONE', #2067, #2451 ) ;
#1479 = CARTESIAN_POINT ( 'NONE',  ( 0.2400000000000000189, -0.4000000000000000222, 0.09000000000000009381 ) ) ;
#1480 =( GEOMETRIC_REPRESENTATION_CONTEXT ( 3 ) GLOBAL_UNCERTAINTY_ASSIGNED_CONTEXT ( ( #1862 ) ) GLOBAL_UNIT_ASSIGNED_CONTEXT ( ( #1029, #202, #1886 ) ) REPRESENTATION_CONTEXT ( 'NONE', 'WORKASPACE' ) );
#1481 = ORIENTED_EDGE ( 'NONE', *, *, #1981, .F. ) ;
#1482 = DIRECTION ( 'NONE',  ( 0.000000000000000000, -0.9975640502598241977, -0.06975647374412545509 ) ) ;
#1483 = AXIS2_PLACEMENT_3D ( 'NONE', #1608, #580, #2225 ) ;
#1484 =( GEOMETRIC_REPRESENTATION_CONTEXT ( 3 ) GLOBAL_UNCERTAINTY_ASSIGNED_CONTEXT ( ( #846 ) ) GLOBAL_UNIT_ASSIGNED_CONTEXT ( ( #1648, #187, #650 ) ) REPRESENTATION_CONTEXT ( 'NONE', 'WORKASPACE' ) );
#1485 = DIRECTION ( 'NONE',  ( 0.000000000000000000, 0.000000000000000000, 1.000000000000000000 ) ) ;
#1486 =( NAMED_UNIT ( * ) SI_UNIT ( $, .STERADIAN. ) SOLID_ANGLE_UNIT ( ) );
#1487 = AXIS2_PLACEMENT_3D ( 'NONE', #1014, #2650, #2449 ) ;
#1488 = SURFACE_STYLE_USAGE ( .BOTH. , #1952 ) ;
#1489 = FACE_OUTER_BOUND ( 'NONE', #2361, .T. ) ;
#1490 = AXIS2_PLACEMENT_3D ( 'NONE', #421, #44, #2314 ) ;
#1491 = VERTEX_POINT ( 'NONE', #1265 ) ;
#1492 = VECTOR ( 'NONE', #1177, 1000.000000000000000 ) ;
#1493 = LINE ( 'NONE', #1305, #2146 ) ;
#1494 = EDGE_CURVE ( 'NONE', #1843, #1284, #2657, .T. ) ;
#1495 = VECTOR ( 'NONE', #2347, 1000.000000000000000 ) ;
#1496 = ORIENTED_EDGE ( 'NONE', *, *, #1372, .T. ) ;
#1497 = CARTESIAN_POINT ( 'NONE',  ( 0.02063086035558856293, 3.073072045329121728E-16, 0.6000000000000007550 ) ) ;
#1498 = STYLED_ITEM ( 'NONE', ( #1475 ), #2022 ) ;
#1499 = LINE ( 'NONE', #2110, #2567 ) ;
#1500 = EDGE_CURVE ( 'NONE', #2089, #132, #2092, .T. ) ;
#1501 = EDGE_CURVE ( 'NONE', #2404, #785, #773, .T. ) ;
#1502 = PRESENTATION_STYLE_ASSIGNMENT (( #2571 ) ) ;
#1503 = PLANE ( 'NONE',  #1841 ) ;
#1504 = DIRECTION ( 'NONE',  ( 0.000000000000000000, 2.439454888092384977E-15, -1.000000000000000000 ) ) ;
#1505 = CARTESIAN_POINT ( 'NONE',  ( 2.951418158527010949, 1.311418158527010602, 0.05000000000000000278 ) ) ;
#1506 = ORIENTED_EDGE ( 'NONE', *, *, #1382, .F. ) ;
#1507 = DIRECTION ( 'NONE',  ( 0.06958737431666468798, -0.06958737431666468798, -0.9951458157835084695 ) ) ;
#1508 = VERTEX_POINT ( 'NONE', #220 ) ;
#1509 = CARTESIAN_POINT ( 'NONE',  ( 1.264999999999999902, 1.414957070696510000, 0.4201023017072240129 ) ) ;
#1510 = EDGE_LOOP ( 'NONE', ( #2206, #2597, #1729, #345, #1930, #1780 ) ) ;
#1511 = EDGE_CURVE ( 'NONE', #698, #1201, #1066, .T. ) ;
#1512 = FILL_AREA_STYLE ('',( #484 ) ) ;
#1513 = EDGE_CURVE ( 'NONE', #1904, #2638, #1580, .T. ) ;
#1514 = FILL_AREA_STYLE ('',( #485 ) ) ;
#1515 = CARTESIAN_POINT ( 'NONE',  ( 0.7500000000000000000, -0.3261500413750764715, 0.1392399022905138339 ) ) ;
#1516 = CARTESIAN_POINT ( 'NONE',  ( 1.264999999999999902, 1.500000000000000000, 0.5999999999999999778 ) ) ;
#1517 = CARTESIAN_POINT ( 'NONE',  ( 1.264999999999999902, 2.000000000000000000, 0.4201023017072240129 ) ) ;
#1518 = CARTESIAN_POINT ( 'NONE',  ( 0.04195608716610582656, 1.311418158527010602, 1.199999999999999956 ) ) ;
#1519 = ORIENTED_EDGE ( 'NONE', *, *, #1993, .F. ) ;
#1520 = FACE_OUTER_BOUND ( 'NONE', #249, .T. ) ;
#1521 = PRESENTATION_LAYER_ASSIGNMENT (  '', '', ( #2605 ) ) ;
#1522 = CARTESIAN_POINT ( 'NONE',  ( 0.04195608716610582656, 0.03870363895999813508, 1.153487823687206149 ) ) ;
#1523 = ORIENTED_EDGE ( 'NONE', *, *, #144, .F. ) ;
#1524 = AXIS2_PLACEMENT_3D ( 'NONE', #1924, #91, #67 ) ;
#1525 = SURFACE_STYLE_FILL_AREA ( #1512 ) ;
#1526 = FACE_OUTER_BOUND ( 'NONE', #1338, .T. ) ;
#1527 =( BOUNDED_CURVE ( )  B_SPLINE_CURVE ( 3, ( #2519, #432, #1250, #1672 ),
 .UNSPECIFIED., .F., .T. ) 
 B_SPLINE_CURVE_WITH_KNOTS ( ( 4, 4 ),
 ( 5.500220136198081811, 7.066150478161120851 ),
 .UNSPECIFIED. ) 
 CURVE ( )  GEOMETRIC_REPRESENTATION_ITEM ( )  RATIONAL_B_SPLINE_CURVE ( ( 1.000000000000000000, 0.8058833813892067877, 0.8058833813892067877, 1.000000000000000000 ) ) 
 REPRESENTATION_ITEM ( '' )  );
#1528 = CARTESIAN_POINT ( 'NONE',  ( 0.7500000000000000000, -0.01495707069651279995, 0.08999999999999996891 ) ) ;
#1529 = AXIS2_PLACEMENT_3D ( 'NONE', #1853, #641, #1454 ) ;
#1530 = PRODUCT_RELATED_PRODUCT_CATEGORY ( 'part', '', ( #1318 ) ) ;
#1531 = ADVANCED_FACE ( 'NONE', ( #1807 ), #556, .F. ) ;
#1532 = CARTESIAN_POINT ( 'NONE',  ( 1.774999999999999911, 2.000000000000000000, 0.4201023017072240129 ) ) ;
#1533 = DIRECTION ( 'NONE',  ( 0.000000000000000000, 0.000000000000000000, -1.000000000000000000 ) ) ;
#1534 = FILL_AREA_STYLE ('',( #1161 ) ) ;
#1535 = EDGE_CURVE ( 'NONE', #395, #2189, #409, .T. ) ;
#1536 = EDGE_LOOP ( 'NONE', ( #2269, #643, #1047, #2281 ) ) ;
#1537 = DIRECTION ( 'NONE',  ( 1.000000000000000000, 0.000000000000000000, 0.000000000000000000 ) ) ;
#1538 = CIRCLE ( 'NONE', #1968, 0.04999999999999991257 ) ;
#1539 = ORIENTED_EDGE ( 'NONE', *, *, #2229, .T. ) ;
#1540 = AXIS2_PLACEMENT_3D ( 'NONE', #393, #2042, #186 ) ;
#1541 = CARTESIAN_POINT ( 'NONE',  ( 3.040000000000000036, 0.6999999999999999556, 0.5999999999999999778 ) ) ;
#1542 = EDGE_LOOP ( 'NONE', ( #442, #380, #300, #539 ) ) ;
#1543 = VECTOR ( 'NONE', #1009, 1000.000000000000000 ) ;
#1544 = LINE ( 'NONE', #2367, #941 ) ;
#1545 = DIRECTION ( 'NONE',  ( -0.000000000000000000, -1.000000000000000000, -0.000000000000000000 ) ) ;
#1546 =( LENGTH_UNIT ( ) NAMED_UNIT ( * ) SI_UNIT ( .MILLI., .METRE. ) );
#1547 = CARTESIAN_POINT ( 'NONE',  ( 0.003148151524262537537, 0.05302635403725368402, 0.5549793357259624749 ) ) ;
#1548 = ORIENTED_EDGE ( 'NONE', *, *, #1053, .F. ) ;
#1549 = EDGE_CURVE ( 'NONE', #965, #511, #194, .T. ) ;
#1550 = CARTESIAN_POINT ( 'NONE',  ( 0.003148151524262537537, 1.346973645962746380, 0.5549793357259624749 ) ) ;
#1551 = VERTEX_POINT ( 'NONE', #1852 ) ;
#1552 = DIRECTION ( 'NONE',  ( 0.000000000000000000, 0.000000000000000000, -1.000000000000000000 ) ) ;
#1553 = CYLINDRICAL_SURFACE ( 'NONE', #2090, 0.04999999999999999584 ) ;
#1554 = ORIENTED_EDGE ( 'NONE', *, *, #140, .F. ) ;
#1555 = CARTESIAN_POINT ( 'NONE',  ( 0.05302635403725375340, 0.05302635403725368402, 0.5584671594131687122 ) ) ;
#1556 = CARTESIAN_POINT ( 'NONE',  ( 2.279999999999999805, -0.5999999999999999778, -0.1000000000000000056 ) ) ;
#1557 = ORIENTED_EDGE ( 'NONE', *, *, #1336, .F. ) ;
#1558 = SURFACE_STYLE_USAGE ( .BOTH. , #690 ) ;
#1559 =( NAMED_UNIT ( * ) SI_UNIT ( $, .STERADIAN. ) SOLID_ANGLE_UNIT ( ) );
#1560 = EDGE_LOOP ( 'NONE', ( #2006, #209, #1096, #527 ) ) ;
#1561 = LINE ( 'NONE', #2416, #1285 ) ;
#1562 = DIRECTION ( 'NONE',  ( -1.000000000000000000, 0.000000000000000000, -0.000000000000000000 ) ) ;
#1563 = ORIENTED_EDGE ( 'NONE', *, *, #1837, .F. ) ;
#1564 = ADVANCED_FACE ( 'NONE', ( #2169 ), #1582, .T. ) ;
#1565 = CARTESIAN_POINT ( 'NONE',  ( 2.951418158527010949, 1.311418158527010602, 1.149999999999999911 ) ) ;
#1566 = CARTESIAN_POINT ( 'NONE',  ( 1.774999999999999911, 1.550000000000000266, 0.5621473127346620080 ) ) ;
#1567 = LINE ( 'NONE', #928, #231 ) ;
#1568 = VERTEX_POINT ( 'NONE', #1377 ) ;
#1569 = SURFACE_STYLE_USAGE ( .BOTH. , #710 ) ;
#1570 = LINE ( 'NONE', #1768, #193 ) ;
#1571 = FACE_OUTER_BOUND ( 'NONE', #1055, .T. ) ;
#1572 = LINE ( 'NONE', #2195, #2522 ) ;
#1573 = COLOUR_RGB ( '',0.2862745098039215508, 0.2862745098039215508, 0.2862745098039215508 ) ;
#1574 = CARTESIAN_POINT ( 'NONE',  ( 0.2400000000000000189, -0.01495707069651279995, 0.4201023017072240129 ) ) ;
#1575 = DIRECTION ( 'NONE',  ( 0.000000000000000000, -0.06975647374412528856, 0.9975640502598241977 ) ) ;
#1576 = AXIS2_PLACEMENT_3D ( 'NONE', #1505, #2358, #270 ) ;
#1577 = CARTESIAN_POINT ( 'NONE',  ( 0.05699712422196955008, 0.007118921708978372814, 0.4981946765322389781 ) ) ;
#1578 = CARTESIAN_POINT ( 'NONE',  ( 2.983002875778030472, 1.392881078291021479, 0.7018053234677604779 ) ) ;
#1579 = CARTESIAN_POINT ( 'NONE',  ( 0.000000000000000000, 0.04987820251299091012, 0.5999999999999999778 ) ) ;
#1580 = CIRCLE ( 'NONE', #2267, 0.05000000000000000278 ) ;
#1581 = ORIENTED_EDGE ( 'NONE', *, *, #1348, .T. ) ;
#1582 = CYLINDRICAL_SURFACE ( 'NONE', #2184, 0.04999999999999991257 ) ;
#1583 = DIRECTION ( 'NONE',  ( 1.000000000000000000, 0.000000000000000000, 0.000000000000000000 ) ) ;
#1584 = EDGE_CURVE ( 'NONE', #499, #2404, #1538, .T. ) ;
#1585 = COLOUR_RGB ( '',0.2862745098039215508, 0.2862745098039215508, 0.2862745098039215508 ) ;
#1586 = EDGE_LOOP ( 'NONE', ( #2418, #1151, #2048 ) ) ;
#1587 = EDGE_CURVE ( 'NONE', #2211, #2363, #2406, .T. ) ;
#1588 = EDGE_CURVE ( 'NONE', #132, #883, #1240, .T. ) ;
#1589 = CARTESIAN_POINT ( 'NONE',  ( 1.774999999999999911, 1.415154038708307471, 0.4493795536457455553 ) ) ;
#1590 =( NAMED_UNIT ( * ) SI_UNIT ( $, .STERADIAN. ) SOLID_ANGLE_UNIT ( ) );
#1591 = FILL_AREA_STYLE ('',( #777 ) ) ;
#1592 = COLOUR_RGB ( '',0.2862745098039215508, 0.2862745098039215508, 0.2862745098039215508 ) ;
#1593 =( NAMED_UNIT ( * ) PLANE_ANGLE_UNIT ( ) SI_UNIT ( $, .RADIAN. ) );
#1594 = PRESENTATION_STYLE_ASSIGNMENT (( #780 ) ) ;
#1595 = COLOUR_RGB ( '',0.8431372549019607865, 0.8431372549019607865, 0.8431372549019607865 ) ;
#1596 = ORIENTED_EDGE ( 'NONE', *, *, #391, .T. ) ;
#1597 = DIRECTION ( 'NONE',  ( -0.06958737431666438267, 0.06958737431666468798, 0.9951458157835084695 ) ) ;
#1598 = CARTESIAN_POINT ( 'NONE',  ( 0.02063086035558822640, 1.399999999999999689, 0.6000000000000007550 ) ) ;
#1599 = ORIENTED_EDGE ( 'NONE', *, *, #841, .T. ) ;
#1600 = DIRECTION ( 'NONE',  ( -1.000000000000000000, -0.000000000000000000, -0.000000000000000000 ) ) ;
#1601 = EDGE_LOOP ( 'NONE', ( #2469, #371, #2352, #398 ) ) ;
#1602 = CARTESIAN_POINT ( 'NONE',  ( 0.2400000000000000189, -0.5999999999999999778, -0.09999999999999971412 ) ) ;
#1603 = CARTESIAN_POINT ( 'NONE',  ( 0.08858184147298928113, 1.311418158527010602, 1.199999999999999956 ) ) ;
#1604 =( NAMED_UNIT ( * ) PLANE_ANGLE_UNIT ( ) SI_UNIT ( $, .RADIAN. ) );
#1605 = ADVANCED_FACE ( 'NONE', ( #1176 ), #1997, .F. ) ;
#1606 = ADVANCED_FACE ( 'NONE', ( #2125 ), #2509, .F. ) ;
#1607 = SURFACE_STYLE_USAGE ( .BOTH. , #2201 ) ;
#1608 = CARTESIAN_POINT ( 'NONE',  ( 2.279999999999999805, -0.4000000000000000222, 0.1700000000000000122 ) ) ;
#1609 = SURFACE_SIDE_STYLE ('',( #795 ) ) ;
#1610 = ORIENTED_EDGE ( 'NONE', *, *, #2143, .F. ) ;
#1611 = PLANE ( 'NONE',  #1367 ) ;
#1612 = EDGE_LOOP ( 'NONE', ( #1103, #1178, #1649, #1311 ) ) ;
#1613 =( LENGTH_UNIT ( ) NAMED_UNIT ( * ) SI_UNIT ( .MILLI., .METRE. ) );
#1614 = FACE_OUTER_BOUND ( 'NONE', #316, .T. ) ;
#1615 = UNCERTAINTY_MEASURE_WITH_UNIT (LENGTH_MEASURE( 1.000000000000000082E-05 ), #1132, 'distance_accuracy_value', 'NONE');
#1616 = CARTESIAN_POINT ( 'NONE',  ( 3.001296361040002303, 0.08858184147298935052, 1.153487823687206149 ) ) ;
#1617 = CIRCLE ( 'NONE', #2476, 0.04999999999999991257 ) ;
#1618 = FACE_OUTER_BOUND ( 'NONE', #520, .T. ) ;
#1619 =( LENGTH_UNIT ( ) NAMED_UNIT ( * ) SI_UNIT ( .MILLI., .METRE. ) );
#1620 = EDGE_CURVE ( 'NONE', #1411, #2010, #1703, .T. ) ;
#1621 = COLOUR_RGB ( '',0.2862745098039215508, 0.2862745098039215508, 0.2862745098039215508 ) ;
#1622 = ORIENTED_EDGE ( 'NONE', *, *, #290, .F. ) ;
#1623 = CARTESIAN_POINT ( 'NONE',  ( 1.264999999999999902, 1.637670134164844082, -0.03845012213685622404 ) ) ;
#1624 = EDGE_CURVE ( 'NONE', #1491, #2109, #104, .T. ) ;
#1625 = AXIS2_PLACEMENT_3D ( 'NONE', #422, #2478, #1260 ) ;
#1626 = COLOUR_RGB ( '',0.2862745098039215508, 0.2862745098039215508, 0.2862745098039215508 ) ;
#1627 = ORIENTED_EDGE ( 'NONE', *, *, #1671, .F. ) ;
#1628 = AXIS2_PLACEMENT_3D ( 'NONE', #774, #977, #1794 ) ;
#1629 = AXIS2_PLACEMENT_3D ( 'NONE', #516, #529, #137 ) ;
#1630 = DIRECTION ( 'NONE',  ( 1.000000000000000000, 0.000000000000000000, 0.000000000000000000 ) ) ;
#1631 = CIRCLE ( 'NONE', #1451, 0.06222467529000028780 ) ;
#1632 = DIRECTION ( 'NONE',  ( -0.000000000000000000, -1.000000000000000000, 0.000000000000000000 ) ) ;
#1633 = AXIS2_PLACEMENT_3D ( 'NONE', #2271, #418, #1908 ) ;
#1634 = SPHERICAL_SURFACE ( 'NONE', #1477, 0.05000000000000000278 ) ;
#1635 = AXIS2_PLACEMENT_3D ( 'NONE', #2311, #250, #1946 ) ;
#1636 = ORIENTED_EDGE ( 'NONE', *, *, #144, .T. ) ;
#1637 = CARTESIAN_POINT ( 'NONE',  ( 2.279999999999999805, -0.1499999999999999944, 0.5621473127346620080 ) ) ;
#1638 = AXIS2_PLACEMENT_3D ( 'NONE', #1360, #166, #1803 ) ;
#1639 = PLANE ( 'NONE',  #1186 ) ;
#1640 =( NAMED_UNIT ( * ) PLANE_ANGLE_UNIT ( ) SI_UNIT ( $, .RADIAN. ) );
#1641 = EDGE_LOOP ( 'NONE', ( #1217, #1335, #930, #203 ) ) ;
#1642 = EDGE_CURVE ( 'NONE', #1280, #543, #640, .T. ) ;
#1643 = ADVANCED_FACE ( 'NONE', ( #1143 ), #1951, .T. ) ;
#1644 = DIRECTION ( 'NONE',  ( 1.000000000000000000, 0.000000000000000000, 0.000000000000000000 ) ) ;
#1645 = VERTEX_POINT ( 'NONE', #1158 ) ;
#1646 =( NAMED_UNIT ( * ) PLANE_ANGLE_UNIT ( ) SI_UNIT ( $, .RADIAN. ) );
#1647 = DIRECTION ( 'NONE',  ( -0.000000000000000000, 1.000000000000000000, -0.000000000000000000 ) ) ;
#1648 =( LENGTH_UNIT ( ) NAMED_UNIT ( * ) SI_UNIT ( .MILLI., .METRE. ) );
#1649 = ORIENTED_EDGE ( 'NONE', *, *, #1317, .T. ) ;
#1650 = LINE ( 'NONE', #20, #1961 ) ;
#1651 =( LENGTH_UNIT ( ) NAMED_UNIT ( * ) SI_UNIT ( .MILLI., .METRE. ) );
#1652 = ORIENTED_EDGE ( 'NONE', *, *, #2214, .F. ) ;
#1653 = CARTESIAN_POINT ( 'NONE',  ( 0.05699712422196933498, 1.392881078291021479, 0.4981946765322389781 ) ) ;
#1654 = EDGE_CURVE ( 'NONE', #1411, #2118, #1170, .T. ) ;
#1655 = ORIENTED_EDGE ( 'NONE', *, *, #789, .T. ) ;
#1656 = FILL_AREA_STYLE ('',( #431 ) ) ;
#1657 = LINE ( 'NONE', #659, #314 ) ;
#1658 = LINE ( 'NONE', #2475, #358 ) ;
#1659 =( NAMED_UNIT ( * ) PLANE_ANGLE_UNIT ( ) SI_UNIT ( $, .RADIAN. ) );
#1660 = ORIENTED_EDGE ( 'NONE', *, *, #1511, .F. ) ;
#1661 = DIRECTION ( 'NONE',  ( 0.000000000000000000, 0.000000000000000000, -1.000000000000000000 ) ) ;
#1662 = DIRECTION ( 'NONE',  ( 1.000000000000000000, 0.000000000000000000, 0.000000000000000000 ) ) ;
#1663 = COLOUR_RGB ( '',0.2862745098039215508, 0.2862745098039215508, 0.2862745098039215508 ) ;
#1664 = ORIENTED_EDGE ( 'NONE', *, *, #1039, .F. ) ;
#1665 =( GEOMETRIC_REPRESENTATION_CONTEXT ( 3 ) GLOBAL_UNCERTAINTY_ASSIGNED_CONTEXT ( ( #474 ) ) GLOBAL_UNIT_ASSIGNED_CONTEXT ( ( #2273, #2255, #242 ) ) REPRESENTATION_CONTEXT ( 'NONE', 'WORKASPACE' ) );
#1666 =( NAMED_UNIT ( * ) SI_UNIT ( $, .STERADIAN. ) SOLID_ANGLE_UNIT ( ) );
#1667 = AXIS2_PLACEMENT_3D ( 'NONE', #309, #2564, #718 ) ;
#1668 = STYLED_ITEM ( 'NONE', ( #1247 ), #90 ) ;
#1669 = VECTOR ( 'NONE', #1433, 1000.000000000000000 ) ;
#1670 =( LENGTH_UNIT ( ) NAMED_UNIT ( * ) SI_UNIT ( .MILLI., .METRE. ) );
#1671 = EDGE_CURVE ( 'NONE', #657, #543, #2343, .T. ) ;
#1672 = CARTESIAN_POINT ( 'NONE',  ( 3.040000000000000036, 1.350121797487008779, 0.5999999999999999778 ) ) ;
#1673 = CARTESIAN_POINT ( 'NONE',  ( 2.279999999999999805, -0.5999999999999999778, 0.08999999999999998279 ) ) ;
#1674 = AXIS2_PLACEMENT_3D ( 'NONE', #2611, #1152, #1368 ) ;
#1675 = ORIENTED_EDGE ( 'NONE', *, *, #2172, .F. ) ;
#1676 = EDGE_CURVE ( 'NONE', #867, #632, #701, .T. ) ;
#1677 = CARTESIAN_POINT ( 'NONE',  ( 0.08858184147298928113, 1.311418158527010602, 0.000000000000000000 ) ) ;
#1678 = EDGE_CURVE ( 'NONE', #513, #86, #454, .T. ) ;
#1679 = VECTOR ( 'NONE', #123, 1000.000000000000000 ) ;
#1680 = LINE ( 'NONE', #2495, #21 ) ;
#1681 = CARTESIAN_POINT ( 'NONE',  ( 1.520000000000000018, 0.000000000000000000, 0.5999999999999999778 ) ) ;
#1682 = CIRCLE ( 'NONE', #503, 0.05000000000000012768 ) ;
#1683 = FILL_AREA_STYLE ('',( #825 ) ) ;
#1684 = ORIENTED_EDGE ( 'NONE', *, *, #752, .F. ) ;
#1685 = PRESENTATION_STYLE_ASSIGNMENT (( #2266 ) ) ;
#1686 = LINE ( 'NONE', #1832, #1447 ) ;
#1687 = PRODUCT_DEFINITION_CONTEXT ( 'detailed design', #2298, 'design' ) ;
#1688 = AXIS2_PLACEMENT_3D ( 'NONE', #1438, #1278, #1255 ) ;
#1689 = EDGE_LOOP ( 'NONE', ( #1523, #830, #2324, #1627 ) ) ;
#1690 = FACE_OUTER_BOUND ( 'NONE', #1215, .T. ) ;
#1691 = CARTESIAN_POINT ( 'NONE',  ( 2.279999999999999805, -0.4000000000000000222, 0.09000000000000003830 ) ) ;
#1692 =( NAMED_UNIT ( * ) SI_UNIT ( $, .STERADIAN. ) SOLID_ANGLE_UNIT ( ) );
#1693 = ADVANCED_FACE ( 'NONE', ( #1733 ), #549, .F. ) ;
#1694 = CARTESIAN_POINT ( 'NONE',  ( 1.774999999999999911, 1.414957070696510000, 0.4201023017072240129 ) ) ;
#1695 = ORIENTED_EDGE ( 'NONE', *, *, #1789, .F. ) ;
#1696 = DIRECTION ( 'NONE',  ( 0.000000000000000000, 8.679234450810698363E-16, -1.000000000000000000 ) ) ;
#1697 = ORIENTED_EDGE ( 'NONE', *, *, #1053, .T. ) ;
#1698 = CARTESIAN_POINT ( 'NONE',  ( 1.264999999999999902, 1.492558878804800093, 0.5382218490863940330 ) ) ;
#1699 = CYLINDRICAL_SURFACE ( 'NONE', #17, 0.1000000000000000056 ) ;
#1700 = CYLINDRICAL_SURFACE ( 'NONE', #1797, 0.04999999999999991257 ) ;
#1701 = DIRECTION ( 'NONE',  ( 0.000000000000000000, -0.9999773699223398760, 0.006727528758736520641 ) ) ;
#1702 = CARTESIAN_POINT ( 'NONE',  ( 2.790000000000000036, -0.2376701341648400079, -0.03845012213685790325 ) ) ;
#1703 = LINE ( 'NONE', #72, #547 ) ;
#1704 = EDGE_CURVE ( 'NONE', #428, #2023, #2313, .T. ) ;
#1705 = ORIENTED_EDGE ( 'NONE', *, *, #1287, .F. ) ;
#1706 = LINE ( 'NONE', #1467, #319 ) ;
#1707 = VECTOR ( 'NONE', #729, 1000.000000000000000 ) ;
#1708 = VERTEX_POINT ( 'NONE', #2198 ) ;
#1709 = DIRECTION ( 'NONE',  ( 0.000000000000000000, -0.000000000000000000, 1.000000000000000000 ) ) ;
#1710 = DIRECTION ( 'NONE',  ( 0.000000000000000000, 0.3845012213685869984, -0.9231244828115355849 ) ) ;
#1711 = STYLED_ITEM ( 'NONE', ( #517 ), #916 ) ;
#1712 = PRESENTATION_LAYER_ASSIGNMENT (  '', '', ( #2223 ) ) ;
#1713 = SURFACE_STYLE_FILL_AREA ( #251 ) ;
#1714 = ORIENTED_EDGE ( 'NONE', *, *, #1269, .T. ) ;
#1715 = DIRECTION ( 'NONE',  ( 0.000000000000000000, 0.000000000000000000, -1.000000000000000000 ) ) ;
#1716 = LINE ( 'NONE', #1125, #1793 ) ;
#1717 = STYLED_ITEM ( 'NONE', ( #874 ), #1606 ) ;
#1718 = CARTESIAN_POINT ( 'NONE',  ( 0.2400000000000000189, -0.04198423037712575856, 0.4313596955915994235 ) ) ;
#1719 = DIRECTION ( 'NONE',  ( 1.000000000000000000, 0.000000000000000000, 0.000000000000000000 ) ) ;
#1720 = EDGE_LOOP ( 'NONE', ( #1881, #1944, #385 ) ) ;
#1721 = STYLED_ITEM ( 'NONE', ( #1685 ), #2209 ) ;
#1722 = LINE ( 'NONE', #1518, #1495 ) ;
#1723 = AXIS2_PLACEMENT_3D ( 'NONE', #2470, #440, #2502 ) ;
#1724 = ADVANCED_FACE ( 'NONE', ( #1990 ), #109, .F. ) ;
#1725 = ORIENTED_EDGE ( 'NONE', *, *, #2390, .F. ) ;
#1726 = ADVANCED_FACE ( 'NONE', ( #746 ), #1371, .T. ) ;
#1727 = SURFACE_STYLE_USAGE ( .BOTH. , #1325 ) ;
#1728 = PRESENTATION_STYLE_ASSIGNMENT (( #903 ) ) ;
#1729 = ORIENTED_EDGE ( 'NONE', *, *, #1620, .F. ) ;
#1730 = DIRECTION ( 'NONE',  ( 1.626303258728256651E-15, -1.000000000000000000, 0.000000000000000000 ) ) ;
#1731 = DIRECTION ( 'NONE',  ( -0.000000000000000000, 3.061669739711679975E-15, 1.000000000000000000 ) ) ;
#1732 = UNCERTAINTY_MEASURE_WITH_UNIT (LENGTH_MEASURE( 1.000000000000000082E-05 ), #462, 'distance_accuracy_value', 'NONE');
#1733 = FACE_OUTER_BOUND ( 'NONE', #68, .T. ) ;
#1734 = FILL_AREA_STYLE_COLOUR ( '', #1315 ) ;
#1735 = VERTEX_POINT ( 'NONE', #1515 ) ;
#1736 = FACE_OUTER_BOUND ( 'NONE', #850, .T. ) ;
#1737 = ORIENTED_EDGE ( 'NONE', *, *, #1494, .F. ) ;
#1738 = CARTESIAN_POINT ( 'NONE',  ( 0.2400000000000000189, -0.01515403870830779945, 0.4493795536457459994 ) ) ;
#1739 =( NAMED_UNIT ( * ) SI_UNIT ( $, .STERADIAN. ) SOLID_ANGLE_UNIT ( ) );
#1740 = ORIENTED_EDGE ( 'NONE', *, *, #140, .T. ) ;
#1741 = EDGE_CURVE ( 'NONE', #704, #890, #730, .T. ) ;
#1742 = LINE ( 'NONE', #1702, #1926 ) ;
#1743 = CARTESIAN_POINT ( 'NONE',  ( 1.520000000000000018, 0.01052032924172510708, 0.4495522826033620523 ) ) ;
#1744 = CARTESIAN_POINT ( 'NONE',  ( 2.951418158527010949, 0.08858184147298935052, 1.149999999999999911 ) ) ;
#1745 = CARTESIAN_POINT ( 'NONE',  ( 2.279999999999999805, 0.01052032924172510014, 0.4495522826033620523 ) ) ;
#1746 = ORIENTED_EDGE ( 'NONE', *, *, #1138, .T. ) ;
#1747 = CARTESIAN_POINT ( 'NONE',  ( 0.2400000000000000189, -0.09255887880480241636, 0.5382218490863940330 ) ) ;
#1748 = EDGE_LOOP ( 'NONE', ( #2149, #1376, #796, #1949 ) ) ;
#1749 = AXIS2_PLACEMENT_3D ( 'NONE', #1300, #2165, #267 ) ;
#1750 = SURFACE_STYLE_FILL_AREA ( #1121 ) ;
#1751 = DIRECTION ( 'NONE',  ( 0.000000000000000000, 0.3845012213685802260, 0.9231244828115382495 ) ) ;
#1752 = SURFACE_SIDE_STYLE ('',( #1713 ) ) ;
#1753 = VECTOR ( 'NONE', #13, 1000.000000000000227 ) ;
#1754 =( NAMED_UNIT ( * ) PLANE_ANGLE_UNIT ( ) SI_UNIT ( $, .RADIAN. ) );
#1755 = DIRECTION ( 'NONE',  ( -0.06958737431666468798, 0.06958737431666468798, -0.9951458157835084695 ) ) ;
#1756 = ADVANCED_FACE ( 'NONE', ( #2563 ), #324, .T. ) ;
#1757 = EDGE_CURVE ( 'NONE', #1708, #235, #576, .T. ) ;
#1758 = PRESENTATION_STYLE_ASSIGNMENT (( #1126 ) ) ;
#1759 =( GEOMETRIC_REPRESENTATION_CONTEXT ( 3 ) GLOBAL_UNCERTAINTY_ASSIGNED_CONTEXT ( ( #1732 ) ) GLOBAL_UNIT_ASSIGNED_CONTEXT ( ( #462, #1754, #1486 ) ) REPRESENTATION_CONTEXT ( 'NONE', 'WORKASPACE' ) );
#1760 = LINE ( 'NONE', #2344, #2262 ) ;
#1761 = CARTESIAN_POINT ( 'NONE',  ( 2.790000000000000924, -4.235164736271501695E-19, 0.5999999999999999778 ) ) ;
#1762 = EDGE_LOOP ( 'NONE', ( #1563, #1714, #898, #706 ) ) ;
#1763 = VECTOR ( 'NONE', #94, 1000.000000000000000 ) ;
#1764 = CIRCLE ( 'NONE', #1490, 0.05000000000000000971 ) ;
#1765 = AXIS2_PLACEMENT_3D ( 'NONE', #1011, #1583, #2593 ) ;
#1766 = MECHANICAL_DESIGN_GEOMETRIC_PRESENTATION_REPRESENTATION (  '', ( #648 ), #463 ) ;
#1767 = CARTESIAN_POINT ( 'NONE',  ( 2.951418158527010949, 0.03870363895999812814, 0.04651217631279373765 ) ) ;
#1768 = CARTESIAN_POINT ( 'NONE',  ( 1.264999999999999902, 1.415154038708309914, 0.4493795536457455553 ) ) ;
#1769 = ORIENTED_EDGE ( 'NONE', *, *, #2027, .F. ) ;
#1770 = CARTESIAN_POINT ( 'NONE',  ( 0.003148151524262537537, 1.346973645962746380, 0.6450206642740373697 ) ) ;
#1771 =( NAMED_UNIT ( * ) SI_UNIT ( $, .STERADIAN. ) SOLID_ANGLE_UNIT ( ) );
#1772 = CYLINDRICAL_SURFACE ( 'NONE', #2134, 0.04999999999999999584 ) ;
#1773 = ADVANCED_FACE ( 'NONE', ( #1183 ), #2246, .T. ) ;
#1774 = CARTESIAN_POINT ( 'NONE',  ( 3.039999999999999147, 0.02063086035558946152, 0.5999999999999989786 ) ) ;
#1775 = EDGE_LOOP ( 'NONE', ( #1697, #918, #1101, #40 ) ) ;
#1776 = LINE ( 'NONE', #1413, #76 ) ;
#1777 = ORIENTED_EDGE ( 'NONE', *, *, #748, .F. ) ;
#1778 = DIRECTION ( 'NONE',  ( 0.000000000000000000, -0.3845012213685810032, -0.9231244828115380274 ) ) ;
#1779 = SURFACE_SIDE_STYLE ('',( #119 ) ) ;
#1780 = ORIENTED_EDGE ( 'NONE', *, *, #1870, .T. ) ;
#1781 = DIRECTION ( 'NONE',  ( 1.000000000000000000, 0.000000000000000000, 0.000000000000000000 ) ) ;
#1782 = FACE_OUTER_BOUND ( 'NONE', #1586, .T. ) ;
#1783 = FILL_AREA_STYLE ('',( #2179 ) ) ;
#1784 = DIRECTION ( 'NONE',  ( -0.000000000000000000, 1.000000000000000000, 0.000000000000000000 ) ) ;
#1785 =( NAMED_UNIT ( * ) PLANE_ANGLE_UNIT ( ) SI_UNIT ( $, .RADIAN. ) );
#1786 = ADVANCED_FACE ( 'NONE', ( #1618 ), #2436, .F. ) ;
#1787 = DIRECTION ( 'NONE',  ( 1.000000000000000000, 0.000000000000000000, 0.000000000000000000 ) ) ;
#1788 = ORIENTED_EDGE ( 'NONE', *, *, #1113, .T. ) ;
#1789 = EDGE_CURVE ( 'NONE', #2581, #58, #2315, .T. ) ;
#1790 = EDGE_CURVE ( 'NONE', #1239, #196, #2239, .T. ) ;
#1791 = CARTESIAN_POINT ( 'NONE',  ( 2.790000000000000036, -0.3299825824459929891, 2.168404344971010347E-16 ) ) ;
#1792 = ORIENTED_EDGE ( 'NONE', *, *, #2414, .F. ) ;
#1793 = VECTOR ( 'NONE', #1941, 1000.000000000000000 ) ;
#1794 = DIRECTION ( 'NONE',  ( 0.000000000000000000, 0.9975640502598243087, 0.06975647374412533019 ) ) ;
#1795 = PRESENTATION_STYLE_ASSIGNMENT (( #560 ) ) ;
#1796 = CARTESIAN_POINT ( 'NONE',  ( 2.951418158527010949, 0.6999999999999999556, 0.05000000000000000278 ) ) ;
#1797 = AXIS2_PLACEMENT_3D ( 'NONE', #1231, #2083, #392 ) ;
#1798 =( NAMED_UNIT ( * ) SI_UNIT ( $, .STERADIAN. ) SOLID_ANGLE_UNIT ( ) );
#1799 = SURFACE_STYLE_FILL_AREA ( #980 ) ;
#1800 = STYLED_ITEM ( 'NONE', ( #73 ), #958 ) ;
#1801 = ORIENTED_EDGE ( 'NONE', *, *, #486, .T. ) ;
#1802 = PRESENTATION_LAYER_ASSIGNMENT (  '', '', ( #448 ) ) ;
#1803 = DIRECTION ( 'NONE',  ( 0.000000000000000000, 0.000000000000000000, -1.000000000000000000 ) ) ;
#1804 = CARTESIAN_POINT ( 'NONE',  ( 2.998043912833897373, 1.361296361040001734, 1.153487823687206149 ) ) ;
#1805 = VECTOR ( 'NONE', #2592, 1000.000000000000000 ) ;
#1806 = ORIENTED_EDGE ( 'NONE', *, *, #1549, .T. ) ;
#1807 = FACE_OUTER_BOUND ( 'NONE', #1748, .T. ) ;
#1808 = MECHANICAL_DESIGN_GEOMETRIC_PRESENTATION_REPRESENTATION (  '', ( #861 ), #642 ) ;
#1809 = CARTESIAN_POINT ( 'NONE',  ( 0.2400000000000000189, -0.2376701341648400634, -0.03845012213685768815 ) ) ;
#1810 = EDGE_CURVE ( 'NONE', #1812, #246, #29, .T. ) ;
#1811 = ADVANCED_FACE ( 'NONE', ( #1031 ), #834, .F. ) ;
#1812 = VERTEX_POINT ( 'NONE', #845 ) ;
#1813 =( GEOMETRIC_REPRESENTATION_CONTEXT ( 3 ) GLOBAL_UNCERTAINTY_ASSIGNED_CONTEXT ( ( #1615 ) ) GLOBAL_UNIT_ASSIGNED_CONTEXT ( ( #1132, #2531, #768 ) ) REPRESENTATION_CONTEXT ( 'NONE', 'WORKASPACE' ) );
#1814 = DIRECTION ( 'NONE',  ( 1.000000000000000000, 0.000000000000000000, 0.000000000000000000 ) ) ;
#1815 =( NAMED_UNIT ( * ) PLANE_ANGLE_UNIT ( ) SI_UNIT ( $, .RADIAN. ) );
#1816 =( NAMED_UNIT ( * ) SI_UNIT ( $, .STERADIAN. ) SOLID_ANGLE_UNIT ( ) );
#1817 = AXIS2_PLACEMENT_3D ( 'NONE', #2402, #141, #579 ) ;
#1818 = DIRECTION ( 'NONE',  ( -0.000000000000000000, -1.000000000000000000, -0.000000000000000000 ) ) ;
#1819 = FACE_OUTER_BOUND ( 'NONE', #1460, .T. ) ;
#1820 = DIRECTION ( 'NONE',  ( 1.000000000000000000, 8.131516293641284241E-16, 0.000000000000000000 ) ) ;
#1821 = FILL_AREA_STYLE_COLOUR ( '', #1246 ) ;
#1822 = ORIENTED_EDGE ( 'NONE', *, *, #354, .F. ) ;
#1823 = DIRECTION ( 'NONE',  ( -0.000000000000000000, 0.06975647374412531632, 0.9975640502598241977 ) ) ;
#1824 = DIRECTION ( 'NONE',  ( 1.102025953895894539E-30, 1.000000000000000000, 8.131516293641283255E-16 ) ) ;
#1825 = VERTEX_POINT ( 'NONE', #2477 ) ;
#1826 = FACE_OUTER_BOUND ( 'NONE', #1427, .T. ) ;
#1827 = DIRECTION ( 'NONE',  ( 0.000000000000000000, 0.000000000000000000, -1.000000000000000000 ) ) ;
#1828 = ORIENTED_EDGE ( 'NONE', *, *, #2390, .T. ) ;
#1829 = CARTESIAN_POINT ( 'NONE',  ( 1.774999999999999911, 1.729982582445990014, -0.09999999999999988065 ) ) ;
#1830 = VERTEX_POINT ( 'NONE', #1677 ) ;
#1831 = SURFACE_STYLE_USAGE ( .BOTH. , #169 ) ;
#1832 = CARTESIAN_POINT ( 'NONE',  ( 1.774999999999999911, 1.414957070696510000, 0.08999999999999996891 ) ) ;
#1833 = CARTESIAN_POINT ( 'NONE',  ( 2.279999999999999805, -0.2376701341648400634, -0.03845012213685768815 ) ) ;
#1834 = MECHANICAL_DESIGN_GEOMETRIC_PRESENTATION_REPRESENTATION (  '', ( #487 ), #143 ) ;
#1835 = CARTESIAN_POINT ( 'NONE',  ( 2.790000000000000036, -0.01495707069651279995, 0.08999999999999996891 ) ) ;
#1836 = LINE ( 'NONE', #1577, #224 ) ;
#1837 = EDGE_CURVE ( 'NONE', #1551, #901, #227, .T. ) ;
#1838 = EDGE_LOOP ( 'NONE', ( #626, #1925, #1229, #2020 ) ) ;
#1839 = CIRCLE ( 'NONE', #2435, 0.02927791450000000184 ) ;
#1840 = CIRCLE ( 'NONE', #19, 0.08000000000000000167 ) ;
#1841 = AXIS2_PLACEMENT_3D ( 'NONE', #2326, #1731, #1330 ) ;
#1842 = VECTOR ( 'NONE', #2523, 1000.000000000000000 ) ;
#1843 = VERTEX_POINT ( 'NONE', #1074 ) ;
#1844 = DIRECTION ( 'NONE',  ( 1.000000000000000000, 0.000000000000000000, -0.000000000000000000 ) ) ;
#1845 = VECTOR ( 'NONE', #1082, 1000.000000000000000 ) ;
#1846 = FILL_AREA_STYLE_COLOUR ( '', #315 ) ;
#1847 = VERTEX_POINT ( 'NONE', #1691 ) ;
#1848 = AXIS2_PLACEMENT_3D ( 'NONE', #146, #987, #1423 ) ;
#1849 = DIRECTION ( 'NONE',  ( 0.000000000000000000, -6.776263578034402713E-16, -1.000000000000000000 ) ) ;
#1850 = CIRCLE ( 'NONE', #416, 0.1000000000000000056 ) ;
#1851 = ORIENTED_EDGE ( 'NONE', *, *, #1238, .F. ) ;
#1852 = CARTESIAN_POINT ( 'NONE',  ( 1.264999999999999902, 1.415154038708307249, 0.4493795536457458328 ) ) ;
#1853 = CARTESIAN_POINT ( 'NONE',  ( 0.2400000000000000189, -0.5999999999999999778, 0.08999999999999999667 ) ) ;
#1854 =( NAMED_UNIT ( * ) SI_UNIT ( $, .STERADIAN. ) SOLID_ANGLE_UNIT ( ) );
#1855 = VERTEX_POINT ( 'NONE', #2276 ) ;
#1856 = FILL_AREA_STYLE ('',( #1042 ) ) ;
#1857 = EDGE_CURVE ( 'NONE', #1830, #1452, #1764, .T. ) ;
#1858 = CARTESIAN_POINT ( 'NONE',  ( 2.279999999999999805, -0.01495707069651279995, 0.4201023017072240129 ) ) ;
#1859 = ORIENTED_EDGE ( 'NONE', *, *, #1981, .T. ) ;
#1860 = DIRECTION ( 'NONE',  ( 0.000000000000000000, 0.000000000000000000, -1.000000000000000000 ) ) ;
#1861 = PRESENTATION_STYLE_ASSIGNMENT (( #2277 ) ) ;
#1862 = UNCERTAINTY_MEASURE_WITH_UNIT (LENGTH_MEASURE( 1.000000000000000082E-05 ), #1029, 'distance_accuracy_value', 'NONE');
#1863 = ORIENTED_EDGE ( 'NONE', *, *, #1237, .F. ) ;
#1864 = LINE ( 'NONE', #837, #812 ) ;
#1865 = APPLICATION_PROTOCOL_DEFINITION ( 'draft international standard', 'automotive_design', 1998, #2298 ) ;
#1866 = EDGE_LOOP ( 'NONE', ( #274, #2303, #2600, #1252 ) ) ;
#1867 = EDGE_CURVE ( 'NONE', #2643, #2089, #1273, .T. ) ;
#1868 =( NAMED_UNIT ( * ) PLANE_ANGLE_UNIT ( ) SI_UNIT ( $, .RADIAN. ) );
#1869 = DIRECTION ( 'NONE',  ( 0.000000000000000000, 1.000000000000000000, 0.000000000000000000 ) ) ;
#1870 = EDGE_CURVE ( 'NONE', #2514, #1843, #2097, .T. ) ;
#1871 = ORIENTED_EDGE ( 'NONE', *, *, #1002, .F. ) ;
#1872 = EDGE_CURVE ( 'NONE', #1081, #2265, #2446, .T. ) ;
#1873 = FACE_OUTER_BOUND ( 'NONE', #2392, .T. ) ;
#1874 = CARTESIAN_POINT ( 'NONE',  ( 2.986973645962746282, 1.346973645962746380, 0.5584671594131687122 ) ) ;
#1875 = DIRECTION ( 'NONE',  ( 0.000000000000000000, 0.3845012213685802260, 0.9231244828115382495 ) ) ;
#1876 = EDGE_LOOP ( 'NONE', ( #11, #2661, #1405, #2096 ) ) ;
#1877 = VECTOR ( 'NONE', #2133, 1000.000000000000000 ) ;
#1878 = FACE_OUTER_BOUND ( 'NONE', #1866, .T. ) ;
#1879 = DIRECTION ( 'NONE',  ( 1.000000000000000000, 0.000000000000000000, 0.000000000000000000 ) ) ;
#1880 = COLOUR_RGB ( '',0.2862745098039215508, 0.2862745098039215508, 0.2862745098039215508 ) ;
#1881 = ORIENTED_EDGE ( 'NONE', *, *, #1678, .T. ) ;
#1882 =( BOUNDED_CURVE ( )  B_SPLINE_CURVE ( 3, ( #2202, #784, #1598, #157 ),
 .UNSPECIFIED., .F., .T. ) 
 B_SPLINE_CURVE_WITH_KNOTS ( ( 4, 4 ),
 ( 5.500220136198058718, 7.066150478161098647 ),
 .UNSPECIFIED. ) 
 CURVE ( )  GEOMETRIC_REPRESENTATION_ITEM ( )  RATIONAL_B_SPLINE_CURVE ( ( 1.000000000000000000, 0.8058833813892066766, 0.8058833813892066766, 1.000000000000000000 ) ) 
 REPRESENTATION_ITEM ( '' )  );
#1883 = STYLED_ITEM ( 'NONE', ( #1171 ), #1003 ) ;
#1884 = DIRECTION ( 'NONE',  ( 0.000000000000000000, 1.000000000000000000, 0.000000000000000000 ) ) ;
#1885 = EDGE_CURVE ( 'NONE', #1040, #2621, #2163, .T. ) ;
#1886 =( NAMED_UNIT ( * ) SI_UNIT ( $, .STERADIAN. ) SOLID_ANGLE_UNIT ( ) );
#1887 = AXIS2_PLACEMENT_3D ( 'NONE', #573, #1167, #966 ) ;
#1888 = FILL_AREA_STYLE_COLOUR ( '', #2534 ) ;
#1889 = CARTESIAN_POINT ( 'NONE',  ( 2.279999999999999805, 0.07706887638489069714, 0.4500000000000000666 ) ) ;
#1890 = PRESENTATION_LAYER_ASSIGNMENT (  '', '', ( #1932 ) ) ;
#1891 =( NAMED_UNIT ( * ) SI_UNIT ( $, .STERADIAN. ) SOLID_ANGLE_UNIT ( ) );
#1892 = ORIENTED_EDGE ( 'NONE', *, *, #426, .F. ) ;
#1893 = AXIS2_PLACEMENT_3D ( 'NONE', #2602, #1204, #2428 ) ;
#1894 = DIRECTION ( 'NONE',  ( 0.000000000000000000, 1.000000000000000000, 0.000000000000000000 ) ) ;
#1895 = CARTESIAN_POINT ( 'NONE',  ( 1.264999999999999902, 1.800000000000000266, 0.09000000000000009381 ) ) ;
#1896 = AXIS2_PLACEMENT_3D ( 'NONE', #451, #2103, #1079 ) ;
#1897 = VERTEX_POINT ( 'NONE', #2366 ) ;
#1898 = CYLINDRICAL_SURFACE ( 'NONE', #461, 0.04999999999999991951 ) ;
#1899 = EDGE_CURVE ( 'NONE', #2189, #1040, #1631, .T. ) ;
#1900 = CARTESIAN_POINT ( 'NONE',  ( 0.05699712422196933498, 1.392881078291021479, 0.7018053234677609220 ) ) ;
#1901 = LINE ( 'NONE', #2560, #1145 ) ;
#1902 = CARTESIAN_POINT ( 'NONE',  ( 0.08858184147298936439, 1.311418158527010602, 1.149999999999999911 ) ) ;
#1903 =( LENGTH_UNIT ( ) NAMED_UNIT ( * ) SI_UNIT ( .MILLI., .METRE. ) );
#1904 = VERTEX_POINT ( 'NONE', #1767 ) ;
#1905 = CYLINDRICAL_SURFACE ( 'NONE', #2191, 0.04999999999999999584 ) ;
#1906 = CARTESIAN_POINT ( 'NONE',  ( 1.774999999999999911, 1.399999999999999911, 0.5999999999999999778 ) ) ;
#1907 = ORIENTED_EDGE ( 'NONE', *, *, #1190, .F. ) ;
#1908 = DIRECTION ( 'NONE',  ( 0.000000000000000000, 0.000000000000000000, -1.000000000000000000 ) ) ;
#1909 = SPHERICAL_SURFACE ( 'NONE', #2088, 0.05000000000000000278 ) ;
#1910 =( NAMED_UNIT ( * ) SI_UNIT ( $, .STERADIAN. ) SOLID_ANGLE_UNIT ( ) );
#1911 = ORIENTED_EDGE ( 'NONE', *, *, #2610, .T. ) ;
#1912 = SURFACE_STYLE_USAGE ( .BOTH. , #1299 ) ;
#1913 = UNCERTAINTY_MEASURE_WITH_UNIT (LENGTH_MEASURE( 1.000000000000000082E-05 ), #1979, 'distance_accuracy_value', 'NONE');
#1914 = PLANE ( 'NONE',  #1749 ) ;
#1915 = DIRECTION ( 'NONE',  ( 1.000000000000000000, 0.000000000000000000, 0.000000000000000000 ) ) ;
#1916 =( NAMED_UNIT ( * ) SI_UNIT ( $, .STERADIAN. ) SOLID_ANGLE_UNIT ( ) );
#1917 = ADVANCED_FACE ( 'NONE', ( #756 ), #931, .T. ) ;
#1918 = EDGE_CURVE ( 'NONE', #374, #1897, #2000, .T. ) ;
#1919 = ORIENTED_EDGE ( 'NONE', *, *, #2513, .F. ) ;
#1920 = PRESENTATION_LAYER_ASSIGNMENT (  '', '', ( #532 ) ) ;
#1921 = CARTESIAN_POINT ( 'NONE',  ( 0.2400000000000000189, -0.4000000000000000222, 0.09000000000000003830 ) ) ;
#1922 = ORIENTED_EDGE ( 'NONE', *, *, #2590, .F. ) ;
#1923 = DIRECTION ( 'NONE',  ( 0.000000000000000000, 0.9999773699223398760, 0.006727528758738340366 ) ) ;
#1924 = CARTESIAN_POINT ( 'NONE',  ( 1.520000000000000018, 0.000000000000000000, 0.5999999999999999778 ) ) ;
#1925 = ORIENTED_EDGE ( 'NONE', *, *, #839, .F. ) ;
#1926 = VECTOR ( 'NONE', #2354, 1000.000000000000114 ) ;
#1927 = FACE_OUTER_BOUND ( 'NONE', #1612, .T. ) ;
#1928 = FILL_AREA_STYLE ('',( #1136 ) ) ;
#1929 = AXIS2_PLACEMENT_3D ( 'NONE', #2536, #2, #1485 ) ;
#1930 = ORIENTED_EDGE ( 'NONE', *, *, #753, .F. ) ;
#1931 = EDGE_CURVE ( 'NONE', #511, #1847, #685, .T. ) ;
#1932 = STYLED_ITEM ( 'NONE', ( #2647 ), #2197 ) ;
#1933 = VECTOR ( 'NONE', #2305, 1000.000000000000114 ) ;
#1934 = ORIENTED_EDGE ( 'NONE', *, *, #272, .F. ) ;
#1935 = EDGE_CURVE ( 'NONE', #688, #168, #2187, .T. ) ;
#1936 = FACE_BOUND ( 'NONE', #75, .T. ) ;
#1937 = CIRCLE ( 'NONE', #1896, 0.06222467529000028780 ) ;
#1938 = FILL_AREA_STYLE ('',( #708 ) ) ;
#1939 = VERTEX_POINT ( 'NONE', #1602 ) ;
#1940 = DIRECTION ( 'NONE',  ( 1.000000000000000000, 1.630274525535147596E-15, 0.000000000000000000 ) ) ;
#1941 = DIRECTION ( 'NONE',  ( 1.000000000000000000, 0.000000000000000000, 0.000000000000000000 ) ) ;
#1942 = CARTESIAN_POINT ( 'NONE',  ( 2.279999999999999805, -0.1499999999999999112, 0.5621473127346622300 ) ) ;
#1943 = CARTESIAN_POINT ( 'NONE',  ( 2.990121797487010014, 0.000000000000000000, 0.5999999999999999778 ) ) ;
#1944 = ORIENTED_EDGE ( 'NONE', *, *, #210, .T. ) ;
#1945 = EDGE_LOOP ( 'NONE', ( #847, #910, #2142, #2481 ) ) ;
#1946 = DIRECTION ( 'NONE',  ( 0.000000000000000000, 0.000000000000000000, 1.000000000000000000 ) ) ;
#1947 = ADVANCED_FACE ( 'NONE', ( #1392 ), #606, .T. ) ;
#1948 = ADVANCED_FACE ( 'NONE', ( #2244 ), #1428, .T. ) ;
#1949 = ORIENTED_EDGE ( 'NONE', *, *, #2289, .F. ) ;
#1950 = CYLINDRICAL_SURFACE ( 'NONE', #670, 0.05000000000000000278 ) ;
#1951 = PLANE ( 'NONE',  #1629 ) ;
#1952 = SURFACE_SIDE_STYLE ('',( #2155 ) ) ;
#1953 = CARTESIAN_POINT ( 'NONE',  ( 0.7500000000000000000, -0.4000000000000000222, 0.1700000000000000122 ) ) ;
#1954 =( NAMED_UNIT ( * ) PLANE_ANGLE_UNIT ( ) SI_UNIT ( $, .RADIAN. ) );
#1955 = ORIENTED_EDGE ( 'NONE', *, *, #106, .T. ) ;
#1956 =( GEOMETRIC_REPRESENTATION_CONTEXT ( 3 ) GLOBAL_UNCERTAINTY_ASSIGNED_CONTEXT ( ( #892 ) ) GLOBAL_UNIT_ASSIGNED_CONTEXT ( ( #54, #2586, #2355 ) ) REPRESENTATION_CONTEXT ( 'NONE', 'WORKASPACE' ) );
#1957 = CARTESIAN_POINT ( 'NONE',  ( 2.990121797487010014, 1.399999999999999911, 0.5999999999999999778 ) ) ;
#1958 = MECHANICAL_DESIGN_GEOMETRIC_PRESENTATION_REPRESENTATION (  '', ( #585 ), #402 ) ;
#1959 = SURFACE_STYLE_FILL_AREA ( #871 ) ;
#1960 = ORIENTED_EDGE ( 'NONE', *, *, #881, .F. ) ;
#1961 = VECTOR ( 'NONE', #823, 1000.000000000000114 ) ;
#1962 = EDGE_CURVE ( 'NONE', #1568, #1939, #459, .T. ) ;
#1963 = DIRECTION ( 'NONE',  ( -0.06958737431666436879, -0.06958737431666468798, 0.9951458157835084695 ) ) ;
#1964 = CARTESIAN_POINT ( 'NONE',  ( 1.774999999999999911, 1.500000000000000000, 0.5999999999999999778 ) ) ;
#1965 = CIRCLE ( 'NONE', #1147, 0.05000000000000000278 ) ;
#1966 = CARTESIAN_POINT ( 'NONE',  ( 1.264999999999999902, 1.500000000000001776, 0.5999999999999999778 ) ) ;
#1967 = SURFACE_STYLE_FILL_AREA ( #1534 ) ;
#1968 = AXIS2_PLACEMENT_3D ( 'NONE', #1565, #610, #1661 ) ;
#1969 = AXIS2_PLACEMENT_3D ( 'NONE', #572, #788, #832 ) ;
#1970 = DIRECTION ( 'NONE',  ( 1.000000000000000000, 0.000000000000000000, -0.000000000000000000 ) ) ;
#1971 = LINE ( 'NONE', #741, #587 ) ;
#1972 = CIRCLE ( 'NONE', #376, 0.02927791450000000184 ) ;
#1973 = DIRECTION ( 'NONE',  ( -1.000000000000000000, 0.000000000000000000, 0.000000000000000000 ) ) ;
#1974 = SURFACE_STYLE_USAGE ( .BOTH. , #367 ) ;
#1975 =( GEOMETRIC_REPRESENTATION_CONTEXT ( 3 ) GLOBAL_UNCERTAINTY_ASSIGNED_CONTEXT ( ( #1004 ) ) GLOBAL_UNIT_ASSIGNED_CONTEXT ( ( #1455, #2064, #1891 ) ) REPRESENTATION_CONTEXT ( 'NONE', 'WORKASPACE' ) );
#1976 = ADVANCED_FACE ( 'NONE', ( #843 ), #868, .T. ) ;
#1977 = CARTESIAN_POINT ( 'NONE',  ( 1.520000000000000018, 0.08858184147298939215, 1.149999999999999911 ) ) ;
#1978 = CARTESIAN_POINT ( 'NONE',  ( 3.036851848475737636, 0.05302635403725368402, 0.5549793357259624749 ) ) ;
#1979 =( LENGTH_UNIT ( ) NAMED_UNIT ( * ) SI_UNIT ( .MILLI., .METRE. ) );
#1980 = ADVANCED_FACE ( 'NONE', ( #212 ), #12, .F. ) ;
#1981 = EDGE_CURVE ( 'NONE', #1019, #2370, #108, .T. ) ;
#1982 = VERTEX_POINT ( 'NONE', #658 ) ;
#1983 = LINE ( 'NONE', #764, #2580 ) ;
#1984 = DIRECTION ( 'NONE',  ( 0.000000000000000000, -0.3845012213685735647, 0.9231244828115410250 ) ) ;
#1985 = ORIENTED_EDGE ( 'NONE', *, *, #2604, .F. ) ;
#1986 = LINE ( 'NONE', #1566, #954 ) ;
#1987 = DIRECTION ( 'NONE',  ( -0.000000000000000000, -1.000000000000000000, -0.000000000000000000 ) ) ;
#1988 = CARTESIAN_POINT ( 'NONE',  ( 1.774999999999999911, 1.637670134164841640, -0.03845012213685596730 ) ) ;
#1989 = SURFACE_SIDE_STYLE ('',( #1394 ) ) ;
#1990 = FACE_OUTER_BOUND ( 'NONE', #1328, .T. ) ;
#1991 = ORIENTED_EDGE ( 'NONE', *, *, #1386, .T. ) ;
#1992 = ADVANCED_FACE ( 'NONE', ( #1249 ), #1898, .T. ) ;
#1993 = EDGE_CURVE ( 'NONE', #1830, #904, #1200, .T. ) ;
#1994 =( NAMED_UNIT ( * ) SI_UNIT ( $, .STERADIAN. ) SOLID_ANGLE_UNIT ( ) );
#1995 = DIRECTION ( 'NONE',  ( 1.000000000000000000, -0.000000000000000000, -0.000000000000000000 ) ) ;
#1996 = ORIENTED_EDGE ( 'NONE', *, *, #2308, .T. ) ;
#1997 = PLANE ( 'NONE',  #1848 ) ;
#1998 = FACE_OUTER_BOUND ( 'NONE', #1008, .T. ) ;
#1999 = EDGE_LOOP ( 'NONE', ( #2052, #555, #1581, #2026, #1996, #2309, #2157, #1106 ) ) ;
#2000 = LINE ( 'NONE', #2038, #2272 ) ;
#2001 = AXIS2_PLACEMENT_3D ( 'NONE', #1796, #350, #802 ) ;
#2002 = DIRECTION ( 'NONE',  ( -0.000000000000000000, 1.000000000000000000, 5.706327223607940234E-16 ) ) ;
#2003 = AXIS2_PLACEMENT_3D ( 'NONE', #2071, #1419, #30 ) ;
#2004 = DIRECTION ( 'NONE',  ( -1.000000000000000000, 0.000000000000000000, 0.000000000000000000 ) ) ;
#2005 = FILL_AREA_STYLE_COLOUR ( '', #2180 ) ;
#2006 = ORIENTED_EDGE ( 'NONE', *, *, #1872, .T. ) ;
#2007 = MECHANICAL_DESIGN_GEOMETRIC_PRESENTATION_REPRESENTATION (  '', ( #1883 ), #1230 ) ;
#2008 = LINE ( 'NONE', #1578, #1412 ) ;
#2009 = STYLED_ITEM ( 'NONE', ( #1049 ), #1564 ) ;
#2010 = VERTEX_POINT ( 'NONE', #1957 ) ;
#2011 = MECHANICAL_DESIGN_GEOMETRIC_PRESENTATION_REPRESENTATION (  '', ( #370 ), #2012 ) ;
#2012 =( GEOMETRIC_REPRESENTATION_CONTEXT ( 3 ) GLOBAL_UNCERTAINTY_ASSIGNED_CONTEXT ( ( #1060 ) ) GLOBAL_UNIT_ASSIGNED_CONTEXT ( ( #792, #1593, #1798 ) ) REPRESENTATION_CONTEXT ( 'NONE', 'WORKASPACE' ) );
#2013 = ORIENTED_EDGE ( 'NONE', *, *, #1624, .T. ) ;
#2014 = ADVANCED_FACE ( 'NONE', ( #1520 ), #2569, .F. ) ;
#2015 = STYLED_ITEM ( 'NONE', ( #443 ), #1992 ) ;
#2016 = DIRECTION ( 'NONE',  ( 0.000000000000000000, -1.000000000000000000, 5.421010862427510337E-16 ) ) ;
#2017 =( NAMED_UNIT ( * ) SI_UNIT ( $, .STERADIAN. ) SOLID_ANGLE_UNIT ( ) );
#2018 = FILL_AREA_STYLE_COLOUR ( '', #2485 ) ;
#2019 = CIRCLE ( 'NONE', #1459, 0.04999999999999999584 ) ;
#2020 = ORIENTED_EDGE ( 'NONE', *, *, #1317, .F. ) ;
#2021 = DIRECTION ( 'NONE',  ( 0.000000000000000000, 0.000000000000000000, -1.000000000000000000 ) ) ;
#2022 = ADVANCED_BREP_SHAPE_REPRESENTATION ( 'BAT54S', ( #623, #2667 ), #1975 ) ;
#2023 = VERTEX_POINT ( 'NONE', #2333 ) ;
#2024 = CARTESIAN_POINT ( 'NONE',  ( 0.2400000000000000189, -0.1000000000000000056, 0.5999999999999999778 ) ) ;
#2025 = DIRECTION ( 'NONE',  ( 0.000000000000000000, 1.000000000000000000, 3.061669739711679975E-15 ) ) ;
#2026 = ORIENTED_EDGE ( 'NONE', *, *, #1790, .F. ) ;
#2027 = EDGE_CURVE ( 'NONE', #1847, #507, #927, .T. ) ;
#2028 = EDGE_CURVE ( 'NONE', #357, #4, #914, .T. ) ;
#2029 = LINE ( 'NONE', #2283, #64 ) ;
#2030 = DIRECTION ( 'NONE',  ( -1.000000000000000000, -0.000000000000000000, -0.000000000000000000 ) ) ;
#2031 = DIRECTION ( 'NONE',  ( -1.000000000000000000, -0.000000000000000000, -0.000000000000000000 ) ) ;
#2032 = DIRECTION ( 'NONE',  ( 0.06958737431666436879, 0.06958737431666468798, 0.9951458157835084695 ) ) ;
#2033 = EDGE_LOOP ( 'NONE', ( #976, #480, #2104, #1655 ) ) ;
#2034 = DIRECTION ( 'NONE',  ( 1.000000000000000000, 0.000000000000000000, 0.000000000000000000 ) ) ;
#2035 = ORIENTED_EDGE ( 'NONE', *, *, #2371, .F. ) ;
#2036 = LINE ( 'NONE', #586, #2102 ) ;
#2037 = ORIENTED_EDGE ( 'NONE', *, *, #191, .T. ) ;
#2038 = CARTESIAN_POINT ( 'NONE',  ( 2.279999999999999805, -0.2376701341648403132, -0.03845012213685784774 ) ) ;
#2039 = DIRECTION ( 'NONE',  ( 0.000000000000000000, 1.000000000000000000, 0.000000000000000000 ) ) ;
#2040 = EDGE_CURVE ( 'NONE', #742, #2529, #46, .T. ) ;
#2041 = AXIS2_PLACEMENT_3D ( 'NONE', #2670, #189, #230 ) ;
#2042 = DIRECTION ( 'NONE',  ( 1.000000000000000000, -2.463981046284532351E-16, -3.523657060577895327E-15 ) ) ;
#2043 = PLANE ( 'NONE',  #1192 ) ;
#2044 = VECTOR ( 'NONE', #1647, 1000.000000000000000 ) ;
#2045 = ORIENTED_EDGE ( 'NONE', *, *, #2630, .F. ) ;
#2046 = CIRCLE ( 'NONE', #60, 0.08000000000000000167 ) ;
#2047 = DIRECTION ( 'NONE',  ( 0.000000000000000000, -0.9999773699223397649, -0.006727528758750788741 ) ) ;
#2048 = ORIENTED_EDGE ( 'NONE', *, *, #1872, .F. ) ;
#2049 = CARTESIAN_POINT ( 'NONE',  ( 2.279999999999999805, -0.04198423037712575856, 0.4313596955915994235 ) ) ;
#2050 = VECTOR ( 'NONE', #878, 1000.000000000000000 ) ;
#2051 = SURFACE_STYLE_FILL_AREA ( #379 ) ;
#2052 = ORIENTED_EDGE ( 'NONE', *, *, #510, .T. ) ;
#2053 =( GEOMETRIC_REPRESENTATION_CONTEXT ( 3 ) GLOBAL_UNCERTAINTY_ASSIGNED_CONTEXT ( ( #2339 ) ) GLOBAL_UNIT_ASSIGNED_CONTEXT ( ( #217, #2074, #1253 ) ) REPRESENTATION_CONTEXT ( 'NONE', 'WORKASPACE' ) );
#2054 = SURFACE_STYLE_FILL_AREA ( #887 ) ;
#2055 = FILL_AREA_STYLE_COLOUR ( '', #711 ) ;
#2056 = ORIENTED_EDGE ( 'NONE', *, *, #353, .T. ) ;
#2057 = AXIS2_PLACEMENT_3D ( 'NONE', #89, #740, #944 ) ;
#2058 = FILL_AREA_STYLE ('',( #1016 ) ) ;
#2059 = EDGE_CURVE ( 'NONE', #1069, #282, #243, .T. ) ;
#2060 = VECTOR ( 'NONE', #1644, 1000.000000000000000 ) ;
#2061 = EDGE_LOOP ( 'NONE', ( #959, #1828, #1465, #1391 ) ) ;
#2062 = SURFACE_STYLE_FILL_AREA ( #2261 ) ;
#2063 = CARTESIAN_POINT ( 'NONE',  ( 0.2400000000000000189, -0.01495707069651279995, 0.4201023017072240129 ) ) ;
#2064 =( NAMED_UNIT ( * ) PLANE_ANGLE_UNIT ( ) SI_UNIT ( $, .RADIAN. ) );
#2065 = ADVANCED_FACE ( 'NONE', ( #1936, #522 ), #707, .T. ) ;
#2066 = ORIENTED_EDGE ( 'NONE', *, *, #145, .T. ) ;
#2067 = CARTESIAN_POINT ( 'NONE',  ( 2.790000000000000036, -0.01515403870830779945, 0.4493795536457459994 ) ) ;
#2068 = ORIENTED_EDGE ( 'NONE', *, *, #172, .F. ) ;
#2069 = FILL_AREA_STYLE_COLOUR ( '', #31 ) ;
#2070 = PRESENTATION_STYLE_ASSIGNMENT (( #28 ) ) ;
#2071 = CARTESIAN_POINT ( 'NONE',  ( 1.520000000000000018, 1.311418158527010602, 0.05000000000000000278 ) ) ;
#2072 = CARTESIAN_POINT ( 'NONE',  ( 2.279999999999999805, -0.5999999999999999778, -0.09999999999999917288 ) ) ;
#2073 = UNCERTAINTY_MEASURE_WITH_UNIT (LENGTH_MEASURE( 1.000000000000000082E-05 ), #1546, 'distance_accuracy_value', 'NONE');
#2074 =( NAMED_UNIT ( * ) PLANE_ANGLE_UNIT ( ) SI_UNIT ( $, .RADIAN. ) );
#2075 = DIRECTION ( 'NONE',  ( -0.000000000000000000, 1.000000000000000000, 0.000000000000000000 ) ) ;
#2076 = ORIENTED_EDGE ( 'NONE', *, *, #2359, .F. ) ;
#2077 = EDGE_CURVE ( 'NONE', #842, #1551, #1972, .T. ) ;
#2078 = ADVANCED_FACE ( 'NONE', ( #1340 ), #2349, .F. ) ;
#2079 = FACE_OUTER_BOUND ( 'NONE', #1775, .T. ) ;
#2080 = CARTESIAN_POINT ( 'NONE',  ( 0.08858184147298935052, 1.311418158527010602, 0.05000000000000000971 ) ) ;
#2081 = ORIENTED_EDGE ( 'NONE', *, *, #2494, .F. ) ;
#2082 =( NAMED_UNIT ( * ) SI_UNIT ( $, .STERADIAN. ) SOLID_ANGLE_UNIT ( ) );
#2083 = DIRECTION ( 'NONE',  ( 0.000000000000000000, -1.000000000000000000, 0.000000000000000000 ) ) ;
#2084 = CARTESIAN_POINT ( 'NONE',  ( 2.279999999999999805, -0.3299825824459929891, -0.1000000000000000056 ) ) ;
#2085 = AXIS2_PLACEMENT_3D ( 'NONE', #475, #2153, #1504 ) ;
#2086 = SURFACE_SIDE_STYLE ('',( #269 ) ) ;
#2087 = DIRECTION ( 'NONE',  ( 1.000000000000000000, 0.000000000000000000, 0.000000000000000000 ) ) ;
#2088 = AXIS2_PLACEMENT_3D ( 'NONE', #444, #263, #1057 ) ;
#2089 = VERTEX_POINT ( 'NONE', #334 ) ;
#2090 = AXIS2_PLACEMENT_3D ( 'NONE', #1389, #2212, #355 ) ;
#2091 = CARTESIAN_POINT ( 'NONE',  ( 3.040000000000000036, 0.6999999999999999556, 0.5999999999999999778 ) ) ;
#2092 = LINE ( 'NONE', #237, #1845 ) ;
#2093 =( GEOMETRIC_REPRESENTATION_CONTEXT ( 3 ) GLOBAL_UNCERTAINTY_ASSIGNED_CONTEXT ( ( #70 ) ) GLOBAL_UNIT_ASSIGNED_CONTEXT ( ( #3, #1659, #1692 ) ) REPRESENTATION_CONTEXT ( 'NONE', 'WORKASPACE' ) );
#2094 = PRESENTATION_LAYER_ASSIGNMENT (  '', '', ( #2307 ) ) ;
#2095 = EDGE_CURVE ( 'NONE', #867, #2638, #1682, .T. ) ;
#2096 = ORIENTED_EDGE ( 'NONE', *, *, #1757, .F. ) ;
#2097 = LINE ( 'NONE', #1900, #500 ) ;
#2098 = AXIS2_PLACEMENT_3D ( 'NONE', #2357, #504, #2379 ) ;
#2099 = CARTESIAN_POINT ( 'NONE',  ( 1.264999999999999902, 1.414957070696510000, 0.4201023017072240129 ) ) ;
#2100 = COLOUR_RGB ( '',0.9607843137254902244, 0.9607843137254902244, 0.9607843137254902244 ) ;
#2101 = FACE_OUTER_BOUND ( 'NONE', #1641, .T. ) ;
#2102 = VECTOR ( 'NONE', #1166, 1000.000000000000000 ) ;
#2103 = DIRECTION ( 'NONE',  ( -1.000000000000000000, -0.000000000000000000, -0.000000000000000000 ) ) ;
#2104 = ORIENTED_EDGE ( 'NONE', *, *, #1033, .T. ) ;
#2105 = VECTOR ( 'NONE', #260, 1000.000000000000000 ) ;
#2106 = LINE ( 'NONE', #614, #2060 ) ;
#2107 = CARTESIAN_POINT ( 'NONE',  ( 0.7499999999999997780, 0.01052032924172510361, 0.4495522826033620523 ) ) ;
#2108 = UNCERTAINTY_MEASURE_WITH_UNIT (LENGTH_MEASURE( 1.000000000000000082E-05 ), #1651, 'distance_accuracy_value', 'NONE');
#2109 = VERTEX_POINT ( 'NONE', #1809 ) ;
#2110 = CARTESIAN_POINT ( 'NONE',  ( 2.279999999999999805, -0.01515403870830779598, 0.4493795536457455553 ) ) ;
#2111 = CARTESIAN_POINT ( 'NONE',  ( 2.951418158527010949, 1.311418158527010602, 0.000000000000000000 ) ) ;
#2112 = EDGE_CURVE ( 'NONE', #2401, #1568, #2036, .T. ) ;
#2113 = ADVANCED_FACE ( 'NONE', ( #811 ), #1378, .F. ) ;
#2114 = CYLINDRICAL_SURFACE ( 'NONE', #368, 0.1000000000000000056 ) ;
#2115 = DIRECTION ( 'NONE',  ( 0.000000000000000000, -1.000000000000000000, -0.000000000000000000 ) ) ;
#2116 = ORIENTED_EDGE ( 'NONE', *, *, #635, .T. ) ;
#2117 = CARTESIAN_POINT ( 'NONE',  ( 2.998043912833898705, 1.311418158527010602, 0.000000000000000000 ) ) ;
#2118 = VERTEX_POINT ( 'NONE', #2231 ) ;
#2119 = FILL_AREA_STYLE ('',( #100 ) ) ;
#2120 = CARTESIAN_POINT ( 'NONE',  ( 0.2400000000000000189, -0.3299825824459929891, 2.168404344971010347E-16 ) ) ;
#2121 = DIRECTION ( 'NONE',  ( -1.000000000000000000, -0.000000000000000000, -0.000000000000000000 ) ) ;
#2122 = VERTEX_POINT ( 'NONE', #377 ) ;
#2123 = UNCERTAINTY_MEASURE_WITH_UNIT (LENGTH_MEASURE( 1.000000000000000082E-05 ), #2520, 'distance_accuracy_value', 'NONE');
#2124 = EDGE_CURVE ( 'NONE', #2189, #196, #131, .T. ) ;
#2125 = FACE_OUTER_BOUND ( 'NONE', #295, .T. ) ;
#2126 = LINE ( 'NONE', #1517, #674 ) ;
#2127 = ORIENTED_EDGE ( 'NONE', *, *, #662, .F. ) ;
#2128 = CARTESIAN_POINT ( 'NONE',  ( 2.951418158527010949, 1.311418158527010602, 1.199999999999999956 ) ) ;
#2129 = ORIENTED_EDGE ( 'NONE', *, *, #2257, .T. ) ;
#2130 = DIRECTION ( 'NONE',  ( 1.000000000000000000, 0.000000000000000000, 0.000000000000000000 ) ) ;
#2131 = PRESENTATION_LAYER_ASSIGNMENT (  '', '', ( #1800 ) ) ;
#2132 = MECHANICAL_DESIGN_GEOMETRIC_PRESENTATION_REPRESENTATION (  '', ( #2394 ), #2654 ) ;
#2133 = DIRECTION ( 'NONE',  ( -0.000000000000000000, -1.000000000000000000, 0.000000000000000000 ) ) ;
#2134 = AXIS2_PLACEMENT_3D ( 'NONE', #858, #2669, #2464 ) ;
#2135 = CARTESIAN_POINT ( 'NONE',  ( 0.03870363895999813508, 1.311418158527010602, 1.153487823687206149 ) ) ;
#2136 = CIRCLE ( 'NONE', #897, 0.02927791450000000184 ) ;
#2137 = DIRECTION ( 'NONE',  ( 0.000000000000000000, 0.000000000000000000, -1.000000000000000000 ) ) ;
#2138 = CARTESIAN_POINT ( 'NONE',  ( 2.951418158527010949, 1.311418158527010602, 0.05000000000000000278 ) ) ;
#2139 = EDGE_CURVE ( 'NONE', #901, #2122, #2387, .T. ) ;
#2140 = CARTESIAN_POINT ( 'NONE',  ( 2.790000000000000036, -0.1000000000000030309, 0.5999999999999999778 ) ) ;
#2141 = AXIS2_PLACEMENT_3D ( 'NONE', #800, #1027, #1849 ) ;
#2142 = ORIENTED_EDGE ( 'NONE', *, *, #1789, .T. ) ;
#2143 = EDGE_CURVE ( 'NONE', #2159, #1001, #1986, .T. ) ;
#2144 =( LENGTH_UNIT ( ) NAMED_UNIT ( * ) SI_UNIT ( .MILLI., .METRE. ) );
#2145 = ADVANCED_FACE ( 'NONE', ( #1998 ), #2407, .F. ) ;
#2146 = VECTOR ( 'NONE', #1102, 1000.000000000000000 ) ;
#2147 = ORIENTED_EDGE ( 'NONE', *, *, #1587, .F. ) ;
#2148 = SURFACE_STYLE_FILL_AREA ( #1938 ) ;
#2149 = ORIENTED_EDGE ( 'NONE', *, *, #191, .F. ) ;
#2150 =( NAMED_UNIT ( * ) SI_UNIT ( $, .STERADIAN. ) SOLID_ANGLE_UNIT ( ) );
#2151 = FILL_AREA_STYLE ('',( #296 ) ) ;
#2152 = UNCERTAINTY_MEASURE_WITH_UNIT (LENGTH_MEASURE( 1.000000000000000082E-05 ), #1619, 'distance_accuracy_value', 'NONE');
#2153 = DIRECTION ( 'NONE',  ( 1.705833032043135051E-16, -1.000000000000000000, -2.439454888092384977E-15 ) ) ;
#2154 = DIRECTION ( 'NONE',  ( 0.000000000000000000, 0.000000000000000000, -1.000000000000000000 ) ) ;
#2155 = SURFACE_STYLE_FILL_AREA ( #1928 ) ;
#2156 = DIRECTION ( 'NONE',  ( -1.000000000000000000, -0.000000000000000000, -0.000000000000000000 ) ) ;
#2157 = ORIENTED_EDGE ( 'NONE', *, *, #804, .T. ) ;
#2158 = DIRECTION ( 'NONE',  ( 0.000000000000000000, 0.000000000000000000, -1.000000000000000000 ) ) ;
#2159 = VERTEX_POINT ( 'NONE', #975 ) ;
#2160 =( NAMED_UNIT ( * ) PLANE_ANGLE_UNIT ( ) SI_UNIT ( $, .RADIAN. ) );
#2161 = ORIENTED_EDGE ( 'NONE', *, *, #953, .T. ) ;
#2162 = APPLICATION_CONTEXT ( 'automotive_design' ) ;
#2163 = LINE ( 'NONE', #919, #778 ) ;
#2164 = CARTESIAN_POINT ( 'NONE',  ( 1.774999999999999911, 2.000000000000000000, 0.08999999999999998279 ) ) ;
#2165 = DIRECTION ( 'NONE',  ( 1.000000000000000000, -0.000000000000000000, 0.000000000000000000 ) ) ;
#2166 = DIRECTION ( 'NONE',  ( -1.000000000000000000, 0.000000000000000000, -0.000000000000000000 ) ) ;
#2167 = ORIENTED_EDGE ( 'NONE', *, *, #2677, .T. ) ;
#2168 = AXIS2_PLACEMENT_3D ( 'NONE', #1015, #2434, #1169 ) ;
#2169 = FACE_OUTER_BOUND ( 'NONE', #862, .T. ) ;
#2170 = CARTESIAN_POINT ( 'NONE',  ( 1.520000000000000018, 0.6999999999999999556, 1.199999999999999956 ) ) ;
#2171 = FILL_AREA_STYLE ('',( #1347 ) ) ;
#2172 = EDGE_CURVE ( 'NONE', #132, #1897, #1850, .T. ) ;
#2173 = VERTEX_POINT ( 'NONE', #557 ) ;
#2174 = VECTOR ( 'NONE', #2075, 1000.000000000000000 ) ;
#2175 = AXIS2_PLACEMENT_3D ( 'NONE', #85, #2156, #923 ) ;
#2176 = DIRECTION ( 'NONE',  ( -1.000000000000000000, -0.000000000000000000, 0.000000000000000000 ) ) ;
#2177 = UNCERTAINTY_MEASURE_WITH_UNIT (LENGTH_MEASURE( 1.000000000000000082E-05 ), #2312, 'distance_accuracy_value', 'NONE');
#2178 = DIRECTION ( 'NONE',  ( 1.000000000000000000, -0.000000000000000000, 0.000000000000000000 ) ) ;
#2179 = FILL_AREA_STYLE_COLOUR ( '', #1309 ) ;
#2180 = COLOUR_RGB ( '',0.2862745098039215508, 0.2862745098039215508, 0.2862745098039215508 ) ;
#2181 = VECTOR ( 'NONE', #1630, 1000.000000000000000 ) ;
#2182 = DIRECTION ( 'NONE',  ( 0.000000000000000000, -1.000000000000000000, 0.000000000000000000 ) ) ;
#2183 = DIRECTION ( 'NONE',  ( -1.000000000000000000, -0.000000000000000000, -0.000000000000000000 ) ) ;
#2184 = AXIS2_PLACEMENT_3D ( 'NONE', #754, #974, #2466 ) ;
#2185 = ORIENTED_EDGE ( 'NONE', *, *, #1494, .T. ) ;
#2186 = CARTESIAN_POINT ( 'NONE',  ( 2.279999999999999805, -0.01515403870830779945, 0.4493795536457459994 ) ) ;
#2187 = CIRCLE ( 'NONE', #1969, 0.1250000000000000000 ) ;
#2188 = LINE ( 'NONE', #1174, #1043 ) ;
#2189 = VERTEX_POINT ( 'NONE', #2623 ) ;
#2190 = CARTESIAN_POINT ( 'NONE',  ( 2.279999999999999805, -0.3299825824459929891, -0.09999999999999978351 ) ) ;
#2191 = AXIS2_PLACEMENT_3D ( 'NONE', #1294, #291, #2323 ) ;
#2192 = ORIENTED_EDGE ( 'NONE', *, *, #2077, .F. ) ;
#2193 = CARTESIAN_POINT ( 'NONE',  ( 3.001296361040002303, 0.04195608716610625677, 1.153487823687206149 ) ) ;
#2194 = SURFACE_SIDE_STYLE ('',( #1154 ) ) ;
#2195 = CARTESIAN_POINT ( 'NONE',  ( 0.03870363895999812814, 0.04195608716610625677, 0.04651217631279374459 ) ) ;
#2196 = EDGE_CURVE ( 'NONE', #1069, #1491, #1206, .T. ) ;
#2197 = ADVANCED_FACE ( 'NONE', ( #603 ), #1611, .F. ) ;
#2198 = CARTESIAN_POINT ( 'NONE',  ( 2.790000000000000036, -0.4000000000000000222, 0.09000000000000003830 ) ) ;
#2199 = CARTESIAN_POINT ( 'NONE',  ( 2.279999999999999805, -0.1000000000000000056, 0.5999999999999999778 ) ) ;
#2200 = ORIENTED_EDGE ( 'NONE', *, *, #486, .F. ) ;
#2201 = SURFACE_SIDE_STYLE ('',( #793 ) ) ;
#2202 = CARTESIAN_POINT ( 'NONE',  ( 0.000000000000000000, 1.350121797487009001, 0.5999999999999999778 ) ) ;
#2203 = ORIENTED_EDGE ( 'NONE', *, *, #1157, .T. ) ;
#2204 = DIRECTION ( 'NONE',  ( -1.000000000000000000, -0.000000000000000000, -0.000000000000000000 ) ) ;
#2205 = FILL_AREA_STYLE_COLOUR ( '', #1038 ) ;
#2206 = ORIENTED_EDGE ( 'NONE', *, *, #2655, .T. ) ;
#2207 = DIRECTION ( 'NONE',  ( -1.000000000000000000, -0.000000000000000000, -0.000000000000000000 ) ) ;
#2208 = VERTEX_POINT ( 'NONE', #840 ) ;
#2209 = ADVANCED_FACE ( 'NONE', ( #2079 ), #624, .T. ) ;
#2210 = DIRECTION ( 'NONE',  ( 0.000000000000000000, 0.9975640502598241977, -0.06975647374412559387 ) ) ;
#2211 = VERTEX_POINT ( 'NONE', #2049 ) ;
#2212 = DIRECTION ( 'NONE',  ( -0.06958737431666439655, 0.06958737431666470186, -0.9951458157835086915 ) ) ;
#2213 = CARTESIAN_POINT ( 'NONE',  ( 2.951418158527010949, 0.08858184147298939215, 1.149999999999999911 ) ) ;
#2214 = EDGE_CURVE ( 'NONE', #1452, #2514, #1065, .T. ) ;
#2215 = EDGE_LOOP ( 'NONE', ( #2335, #571, #1746, #551, #50, #2542, #680, #616 ) ) ;
#2216 = VECTOR ( 'NONE', #2030, 1000.000000000000000 ) ;
#2217 = ORIENTED_EDGE ( 'NONE', *, *, #1704, .T. ) ;
#2218 = DIRECTION ( 'NONE',  ( 0.000000000000000000, 1.000000000000000000, -0.000000000000000000 ) ) ;
#2219 = DIRECTION ( 'NONE',  ( -0.9975640502598241977, 0.000000000000000000, 0.06975647374412534407 ) ) ;
#2220 = FILL_AREA_STYLE_COLOUR ( '', #1626 ) ;
#2221 = CARTESIAN_POINT ( 'NONE',  ( 0.04195608716610538941, 0.08858184147298939215, 0.000000000000000000 ) ) ;
#2222 = COLOUR_RGB ( '',0.2862745098039215508, 0.2862745098039215508, 0.2862745098039215508 ) ;
#2223 = STYLED_ITEM ( 'NONE', ( #531 ), #207 ) ;
#2224 = AXIS2_PLACEMENT_3D ( 'NONE', #2574, #732, #253 ) ;
#2225 = DIRECTION ( 'NONE',  ( 0.000000000000000000, 0.000000000000000000, -1.000000000000000000 ) ) ;
#2226 = LINE ( 'NONE', #373, #1543 ) ;
#2227 = AXIS2_PLACEMENT_3D ( 'NONE', #1180, #149, #2016 ) ;
#2228 = ORIENTED_EDGE ( 'NONE', *, *, #804, .F. ) ;
#2229 = EDGE_CURVE ( 'NONE', #499, #785, #74, .T. ) ;
#2230 = PRESENTATION_LAYER_ASSIGNMENT (  '', '', ( #1717 ) ) ;
#2231 = CARTESIAN_POINT ( 'NONE',  ( 1.774999999999999911, 1.500000000000001776, 0.5999999999999999778 ) ) ;
#2232 = DIRECTION ( 'NONE',  ( 0.000000000000000000, 3.061669739711679975E-15, -1.000000000000000000 ) ) ;
#2233 = COLOUR_RGB ( '',0.2862745098039215508, 0.2862745098039215508, 0.2862745098039215508 ) ;
#2234 = EDGE_LOOP ( 'NONE', ( #2294, #755, #1448, #913 ) ) ;
#2235 = STYLED_ITEM ( 'NONE', ( #280 ), #2078 ) ;
#2236 = DIRECTION ( 'NONE',  ( 1.000000000000000000, 0.000000000000000000, 0.000000000000000000 ) ) ;
#2237 = FACE_OUTER_BOUND ( 'NONE', #408, .T. ) ;
#2238 = CIRCLE ( 'NONE', #1289, 0.04999999999999991257 ) ;
#2239 = LINE ( 'NONE', #384, #372 ) ;
#2240 = DIRECTION ( 'NONE',  ( 0.000000000000000000, 0.06975647374412531632, -0.9975640502598241977 ) ) ;
#2241 = ORIENTED_EDGE ( 'NONE', *, *, #1588, .T. ) ;
#2242 = LINE ( 'NONE', #178, #1156 ) ;
#2243 = ORIENTED_EDGE ( 'NONE', *, *, #651, .F. ) ;
#2244 = FACE_OUTER_BOUND ( 'NONE', #1689, .T. ) ;
#2245 = DIRECTION ( 'NONE',  ( 0.9975640502598243087, 0.000000000000000000, -0.06975647374412533019 ) ) ;
#2246 = PLANE ( 'NONE',  #458 ) ;
#2247 = CARTESIAN_POINT ( 'NONE',  ( 0.7500000000000000000, -0.1499999999999999944, 0.5621473127346620080 ) ) ;
#2248 = ORIENTED_EDGE ( 'NONE', *, *, #1430, .T. ) ;
#2249 = CARTESIAN_POINT ( 'NONE',  ( 1.264999999999999902, 1.441984230377126641, 0.4313596955915993125 ) ) ;
#2250 = ORIENTED_EDGE ( 'NONE', *, *, #2494, .T. ) ;
#2251 =( LENGTH_UNIT ( ) NAMED_UNIT ( * ) SI_UNIT ( .MILLI., .METRE. ) );
#2252 = ORIENTED_EDGE ( 'NONE', *, *, #79, .F. ) ;
#2253 =( NAMED_UNIT ( * ) SI_UNIT ( $, .STERADIAN. ) SOLID_ANGLE_UNIT ( ) );
#2254 = ADVANCED_FACE ( 'NONE', ( #1878 ), #38, .F. ) ;
#2255 =( NAMED_UNIT ( * ) PLANE_ANGLE_UNIT ( ) SI_UNIT ( $, .RADIAN. ) );
#2256 =( GEOMETRIC_REPRESENTATION_CONTEXT ( 3 ) GLOBAL_UNCERTAINTY_ASSIGNED_CONTEXT ( ( #229 ) ) GLOBAL_UNIT_ASSIGNED_CONTEXT ( ( #1182, #151, #1816 ) ) REPRESENTATION_CONTEXT ( 'NONE', 'WORKASPACE' ) );
#2257 = EDGE_CURVE ( 'NONE', #924, #596, #1478, .T. ) ;
#2258 = EDGE_CURVE ( 'NONE', #2208, #982, #851, .T. ) ;
#2259 = DIRECTION ( 'NONE',  ( -0.000000000000000000, 3.061669739711679975E-15, 1.000000000000000000 ) ) ;
#2260 = ORIENTED_EDGE ( 'NONE', *, *, #1867, .T. ) ;
#2261 = FILL_AREA_STYLE ('',( #2658 ) ) ;
#2262 = VECTOR ( 'NONE', #1114, 1000.000000000000114 ) ;
#2263 = CARTESIAN_POINT ( 'NONE',  ( 1.264999999999999902, 1.800000000000000266, 0.1700000000000000122 ) ) ;
#2264 = AXIS2_PLACEMENT_3D ( 'NONE', #2437, #138, #2182 ) ;
#2265 = VERTEX_POINT ( 'NONE', #236 ) ;
#2266 = SURFACE_STYLE_USAGE ( .BOTH. , #2292 ) ;
#2267 = AXIS2_PLACEMENT_3D ( 'NONE', #1165, #1435, #2672 ) ;
#2268 = FACE_OUTER_BOUND ( 'NONE', #2348, .T. ) ;
#2269 = ORIENTED_EDGE ( 'NONE', *, *, #872, .T. ) ;
#2270 = AXIS2_PLACEMENT_3D ( 'NONE', #921, #1316, #935 ) ;
#2271 = CARTESIAN_POINT ( 'NONE',  ( 2.279999999999999805, -0.01495707069651279995, 0.4201023017072240129 ) ) ;
#2272 = VECTOR ( 'NONE', #2628, 1000.000000000000000 ) ;
#2273 =( LENGTH_UNIT ( ) NAMED_UNIT ( * ) SI_UNIT ( .MILLI., .METRE. ) );
#2274 = ORIENTED_EDGE ( 'NONE', *, *, #457, .T. ) ;
#2275 =( GEOMETRIC_REPRESENTATION_CONTEXT ( 3 ) GLOBAL_UNCERTAINTY_ASSIGNED_CONTEXT ( ( #238 ) ) GLOBAL_UNIT_ASSIGNED_CONTEXT ( ( #1670, #880, #2082 ) ) REPRESENTATION_CONTEXT ( 'NONE', 'WORKASPACE' ) );
#2276 = CARTESIAN_POINT ( 'NONE',  ( 2.990121797487010014, 0.000000000000000000, 0.5999999999999999778 ) ) ;
#2277 = SURFACE_STYLE_USAGE ( .BOTH. , #204 ) ;
#2278 = VECTOR ( 'NONE', #8, 1000.000000000000114 ) ;
#2279 = ADVANCED_FACE ( 'NONE', ( #1458 ), #828, .T. ) ;
#2280 = EDGE_CURVE ( 'NONE', #2529, #424, #2460, .T. ) ;
#2281 = ORIENTED_EDGE ( 'NONE', *, *, #2461, .T. ) ;
#2282 = CARTESIAN_POINT ( 'NONE',  ( 2.279999999999999805, -0.09255887880480241636, 0.5382218490863940330 ) ) ;
#2283 = CARTESIAN_POINT ( 'NONE',  ( 1.264999999999999902, 1.637670134164840086, -0.03845012213685779917 ) ) ;
#2284 = ORIENTED_EDGE ( 'NONE', *, *, #342, .T. ) ;
#2285 = SURFACE_STYLE_FILL_AREA ( #629 ) ;
#2286 = SURFACE_STYLE_USAGE ( .BOTH. , #833 ) ;
#2287 = ORIENTED_EDGE ( 'NONE', *, *, #1535, .F. ) ;
#2288 = DIRECTION ( 'NONE',  ( -1.000000000000000000, -0.000000000000000000, 0.000000000000000000 ) ) ;
#2289 = EDGE_CURVE ( 'NONE', #282, #1825, #877, .T. ) ;
#2290 = DIRECTION ( 'NONE',  ( 0.000000000000000000, 0.000000000000000000, -1.000000000000000000 ) ) ;
#2291 = ORIENTED_EDGE ( 'NONE', *, *, #1642, .F. ) ;
#2292 = SURFACE_SIDE_STYLE ('',( #1466 ) ) ;
#2293 = DIRECTION ( 'NONE',  ( 0.000000000000000000, -0.3845012213685735647, 0.9231244828115410250 ) ) ;
#2294 = ORIENTED_EDGE ( 'NONE', *, *, #2258, .F. ) ;
#2295 = SURFACE_SIDE_STYLE ('',( #2054 ) ) ;
#2296 = CARTESIAN_POINT ( 'NONE',  ( 3.036851848475737636, 0.05302635403725379504, 0.6450206642740373697 ) ) ;
#2297 = SURFACE_STYLE_FILL_AREA ( #618 ) ;
#2298 = APPLICATION_CONTEXT ( 'automotive_design' ) ;
#2299 = CYLINDRICAL_SURFACE ( 'NONE', #593, 0.02927791450000000184 ) ;
#2300 = DIRECTION ( 'NONE',  ( 0.06958737431666468798, 0.06958737431666468798, 0.9951458157835084695 ) ) ;
#2301 = PRESENTATION_LAYER_ASSIGNMENT (  '', '', ( #487 ) ) ;
#2302 = DIRECTION ( 'NONE',  ( 1.000000000000000000, 0.000000000000000000, 0.000000000000000000 ) ) ;
#2303 = ORIENTED_EDGE ( 'NONE', *, *, #1885, .T. ) ;
#2304 = MECHANICAL_DESIGN_GEOMETRIC_PRESENTATION_REPRESENTATION (  '', ( #2570 ), #1441 ) ;
#2305 = DIRECTION ( 'NONE',  ( 0.000000000000000000, 0.3845012213685802260, 0.9231244828115382495 ) ) ;
#2306 = LINE ( 'NONE', #455, #2181 ) ;
#2307 = STYLED_ITEM ( 'NONE', ( #776 ), #56 ) ;
#2308 = EDGE_CURVE ( 'NONE', #1239, #982, #2106, .T. ) ;
#2309 = ORIENTED_EDGE ( 'NONE', *, *, #2629, .F. ) ;
#2310 = AXIS2_PLACEMENT_3D ( 'NONE', #2432, #39, #2516 ) ;
#2311 = CARTESIAN_POINT ( 'NONE',  ( 0.08858184147298928113, 1.311418158527010602, 0.05000000000000000278 ) ) ;
#2312 =( LENGTH_UNIT ( ) NAMED_UNIT ( * ) SI_UNIT ( .MILLI., .METRE. ) );
#2313 = CIRCLE ( 'NONE', #2617, 0.04999999999999991257 ) ;
#2314 = DIRECTION ( 'NONE',  ( -3.794707603699264730E-15, 0.000000000000000000, 1.000000000000000000 ) ) ;
#2315 = CIRCLE ( 'NONE', #69, 0.1000000000000000056 ) ;
#2316 = DIRECTION ( 'NONE',  ( 1.000000000000000000, 0.000000000000000000, 0.000000000000000000 ) ) ;
#2317 = CARTESIAN_POINT ( 'NONE',  ( 0.08858184147298910072, 0.03870363895999813508, 1.153487823687206149 ) ) ;
#2318 = PRESENTATION_LAYER_ASSIGNMENT (  '', '', ( #601 ) ) ;
#2319 = FACE_OUTER_BOUND ( 'NONE', #1720, .T. ) ;
#2320 = VECTOR ( 'NONE', #62, 1000.000000000000000 ) ;
#2321 = ORIENTED_EDGE ( 'NONE', *, *, #1810, .F. ) ;
#2322 = CIRCLE ( 'NONE', #1329, 0.04999999999999999584 ) ;
#2323 = DIRECTION ( 'NONE',  ( 0.9975640502598241977, 0.000000000000000000, 0.06975647374412534407 ) ) ;
#2324 = ORIENTED_EDGE ( 'NONE', *, *, #1642, .T. ) ;
#2325 = FILL_AREA_STYLE_COLOUR ( '', #550 ) ;
#2326 = CARTESIAN_POINT ( 'NONE',  ( 0.2400000000000000189, -0.3299825824459929891, -0.1000000000000000056 ) ) ;
#2327 = DIRECTION ( 'NONE',  ( 0.000000000000000000, -1.000000000000000000, 0.000000000000000000 ) ) ;
#2328 = DIRECTION ( 'NONE',  ( -0.06958737431666468798, -0.06958737431666468798, 0.9951458157835084695 ) ) ;
#2329 = DIRECTION ( 'NONE',  ( 0.000000000000000000, -6.776263578034402713E-16, -1.000000000000000000 ) ) ;
#2330 = EDGE_LOOP ( 'NONE', ( #225, #116, #1341, #969 ) ) ;
#2331 = DIRECTION ( 'NONE',  ( -0.000000000000000000, -0.9999773699223397649, 0.006727528758750779200 ) ) ;
#2332 = VERTEX_POINT ( 'NONE', #738 ) ;
#2333 = CARTESIAN_POINT ( 'NONE',  ( 2.951418158527010949, 0.08858184147298939215, 1.199999999999999956 ) ) ;
#2334 = SPHERICAL_SURFACE ( 'NONE', #891, 0.05000000000000000278 ) ;
#2335 = ORIENTED_EDGE ( 'NONE', *, *, #1620, .T. ) ;
#2336 = ADVANCED_FACE ( 'NONE', ( #1736 ), #1905, .T. ) ;
#2337 = CARTESIAN_POINT ( 'NONE',  ( 0.08858184147298928113, 0.08858184147298939215, 0.05000000000000000278 ) ) ;
#2338 =( NAMED_UNIT ( * ) PLANE_ANGLE_UNIT ( ) SI_UNIT ( $, .RADIAN. ) );
#2339 = UNCERTAINTY_MEASURE_WITH_UNIT (LENGTH_MEASURE( 1.000000000000000082E-05 ), #217, 'distance_accuracy_value', 'NONE');
#2340 = PRESENTATION_STYLE_ASSIGNMENT (( #1558 ) ) ;
#2341 = EDGE_CURVE ( 'NONE', #424, #904, #87, .T. ) ;
#2342 = EDGE_CURVE ( 'NONE', #1830, #513, #77, .T. ) ;
#2343 = LINE ( 'NONE', #1135, #498 ) ;
#2344 = CARTESIAN_POINT ( 'NONE',  ( 1.775000000000000133, 1.399999999999999911, 0.5999999999999999778 ) ) ;
#2345 = ORIENTED_EDGE ( 'NONE', *, *, #2411, .F. ) ;
#2346 = MECHANICAL_DESIGN_GEOMETRIC_PRESENTATION_REPRESENTATION (  '', ( #532 ), #2256 ) ;
#2347 = DIRECTION ( 'NONE',  ( -1.000000000000000000, 0.000000000000000000, 0.000000000000000000 ) ) ;
#2348 = EDGE_LOOP ( 'NONE', ( #142, #1130, #26 ) ) ;
#2349 = PLANE ( 'NONE',  #2622 ) ;
#2350 = MECHANICAL_DESIGN_GEOMETRIC_PRESENTATION_REPRESENTATION (  '', ( #1668 ), #766 ) ;
#2351 = SURFACE_STYLE_USAGE ( .BOTH. , #1105 ) ;
#2352 = ORIENTED_EDGE ( 'NONE', *, *, #2143, .T. ) ;
#2353 = AXIS2_PLACEMENT_3D ( 'NONE', #110, #351, #2240 ) ;
#2354 = DIRECTION ( 'NONE',  ( 0.000000000000000000, 0.3845012213685802260, 0.9231244828115382495 ) ) ;
#2355 =( NAMED_UNIT ( * ) SI_UNIT ( $, .STERADIAN. ) SOLID_ANGLE_UNIT ( ) );
#2356 = VECTOR ( 'NONE', #2204, 1000.000000000000000 ) ;
#2357 = CARTESIAN_POINT ( 'NONE',  ( 0.2400000000000000189, -0.5999999999999999778, -0.1000000000000000056 ) ) ;
#2358 = DIRECTION ( 'NONE',  ( 0.000000000000000000, 1.000000000000000000, 0.000000000000000000 ) ) ;
#2359 = EDGE_CURVE ( 'NONE', #2385, #1069, #276, .T. ) ;
#2360 = AXIS2_PLACEMENT_3D ( 'NONE', #1698, #240, #1084 ) ;
#2361 = EDGE_LOOP ( 'NONE', ( #1863, #222, #299, #1892 ) ) ;
#2362 = VECTOR ( 'NONE', #1600, 1000.000000000000000 ) ;
#2363 = VERTEX_POINT ( 'NONE', #1129 ) ;
#2364 = PRESENTATION_STYLE_ASSIGNMENT (( #317 ) ) ;
#2365 = ORIENTED_EDGE ( 'NONE', *, *, #471, .T. ) ;
#2366 = CARTESIAN_POINT ( 'NONE',  ( 2.790000000000000036, -0.2376701341648400634, -0.03845012213685768815 ) ) ;
#2367 = CARTESIAN_POINT ( 'NONE',  ( 1.264999999999999902, 1.414957070696510000, -0.09999999999999999167 ) ) ;
#2368 = CARTESIAN_POINT ( 'NONE',  ( 0.7500000000000000000, -0.2376701341648400634, -0.03845012213685768815 ) ) ;
#2369 = CARTESIAN_POINT ( 'NONE',  ( 0.7500000000000000000, 0.01052032924172510014, 0.4495522826033620523 ) ) ;
#2370 = VERTEX_POINT ( 'NONE', #681 ) ;
#2371 = EDGE_CURVE ( 'NONE', #1259, #1280, #48, .T. ) ;
#2372 = FILL_AREA_STYLE ('',( #884 ) ) ;
#2373 = ORIENTED_EDGE ( 'NONE', *, *, #510, .F. ) ;
#2374 = EDGE_CURVE ( 'NONE', #1017, #395, #1123, .T. ) ;
#2375 = CARTESIAN_POINT ( 'NONE',  ( 2.279999999999999805, -0.01495707069651279995, 0.08999999999999996891 ) ) ;
#2376 = ORIENTED_EDGE ( 'NONE', *, *, #2112, .F. ) ;
#2377 = DIRECTION ( 'NONE',  ( -0.06958737431666424389, 0.06958737431666463247, -0.9951458157835086915 ) ) ;
#2378 = ORIENTED_EDGE ( 'NONE', *, *, #1899, .F. ) ;
#2379 = DIRECTION ( 'NONE',  ( 0.000000000000000000, -5.706327223607940234E-16, 1.000000000000000000 ) ) ;
#2380 = DIRECTION ( 'NONE',  ( -1.000000000000000000, 0.000000000000000000, 0.000000000000000000 ) ) ;
#2381 = DIRECTION ( 'NONE',  ( 0.000000000000000000, -0.06975647374412528856, 0.9975640502598241977 ) ) ;
#2382 = EDGE_LOOP ( 'NONE', ( #2321, #2250, #1985 ) ) ;
#2383 =( LENGTH_UNIT ( ) NAMED_UNIT ( * ) SI_UNIT ( .MILLI., .METRE. ) );
#2384 = LINE ( 'NONE', #984, #2498 ) ;
#2385 = VERTEX_POINT ( 'NONE', #97 ) ;
#2386 = CARTESIAN_POINT ( 'NONE',  ( 2.279999999999999805, -0.04198423037712534917, 0.4313596955915998121 ) ) ;
#2387 = LINE ( 'NONE', #786, #1242 ) ;
#2388 =( LENGTH_UNIT ( ) NAMED_UNIT ( * ) SI_UNIT ( .MILLI., .METRE. ) );
#2389 = STYLED_ITEM ( 'NONE', ( #929 ), #563 ) ;
#2390 = EDGE_CURVE ( 'NONE', #2643, #883, #2527, .T. ) ;
#2391 = EDGE_CURVE ( 'NONE', #1239, #395, #1493, .T. ) ;
#2392 = EDGE_LOOP ( 'NONE', ( #2431, #665, #327, #1063 ) ) ;
#2393 = VECTOR ( 'NONE', #2115, 1000.000000000000000 ) ;
#2394 = STYLED_ITEM ( 'NONE', ( #1795 ), #61 ) ;
#2395 = DIRECTION ( 'NONE',  ( 0.000000000000000000, 0.000000000000000000, 1.000000000000000000 ) ) ;
#2396 = DIRECTION ( 'NONE',  ( 0.9975640502598241977, 0.000000000000000000, -0.06975647374412534407 ) ) ;
#2397 = PRESENTATION_STYLE_ASSIGNMENT (( #1974 ) ) ;
#2398 = AXIS2_PLACEMENT_3D ( 'NONE', #1874, #175, #16 ) ;
#2399 = DIRECTION ( 'NONE',  ( -5.686110106810445239E-17, -1.000000000000000000, 8.131516293641297060E-16 ) ) ;
#2400 = VECTOR ( 'NONE', #2236, 1000.000000000000000 ) ;
#2401 = VERTEX_POINT ( 'NONE', #1921 ) ;
#2402 = CARTESIAN_POINT ( 'NONE',  ( 1.264999999999999902, 1.322931123615110005, 0.4500000000000000666 ) ) ;
#2403 = CARTESIAN_POINT ( 'NONE',  ( 0.2400000000000000189, -0.3261500413750764715, 0.1392399022905138339 ) ) ;
#2404 = VERTEX_POINT ( 'NONE', #2128 ) ;
#2405 = VECTOR ( 'NONE', #65, 1000.000000000000000 ) ;
#2406 = LINE ( 'NONE', #2386, #775 ) ;
#2407 = PLANE ( 'NONE',  #2448 ) ;
#2408 = STYLED_ITEM ( 'NONE', ( #2553 ), #2336 ) ;
#2409 = ORIENTED_EDGE ( 'NONE', *, *, #912, .F. ) ;
#2410 =( GEOMETRIC_REPRESENTATION_CONTEXT ( 3 ) GLOBAL_UNCERTAINTY_ASSIGNED_CONTEXT ( ( #2612 ) ) GLOBAL_UNIT_ASSIGNED_CONTEXT ( ( #2468, #1640, #2457 ) ) REPRESENTATION_CONTEXT ( 'NONE', 'WORKASPACE' ) );
#2411 = EDGE_CURVE ( 'NONE', #1243, #747, #509, .T. ) ;
#2412 = FACE_OUTER_BOUND ( 'NONE', #1536, .T. ) ;
#2413 = CARTESIAN_POINT ( 'NONE',  ( 1.774999999999999911, 1.729982582445990014, 2.168404344971010347E-16 ) ) ;
#2414 = EDGE_CURVE ( 'NONE', #2404, #1284, #1722, .T. ) ;
#2415 = VERTEX_POINT ( 'NONE', #1137 ) ;
#2416 = CARTESIAN_POINT ( 'NONE',  ( 0.7500000000000000000, -0.01515403870830779945, 0.4493795536457459994 ) ) ;
#2417 = CARTESIAN_POINT ( 'NONE',  ( 2.951418158527010949, 0.03870363895999813508, 1.153487823687206149 ) ) ;
#2418 = ORIENTED_EDGE ( 'NONE', *, *, #1339, .T. ) ;
#2419 = FILL_AREA_STYLE ('',( #2205 ) ) ;
#2420 = ORIENTED_EDGE ( 'NONE', *, *, #2258, .T. ) ;
#2421 = CARTESIAN_POINT ( 'NONE',  ( 0.7499999999999995559, -2.117662981399743637E-18, 0.5999999999999999778 ) ) ;
#2422 =( NAMED_UNIT ( * ) SI_UNIT ( $, .STERADIAN. ) SOLID_ANGLE_UNIT ( ) );
#2423 = ADVANCED_FACE ( 'NONE', ( #1321 ), #925, .T. ) ;
#2424 = EDGE_CURVE ( 'NONE', #1855, #2636, #2426, .T. ) ;
#2425 = ORIENTED_EDGE ( 'NONE', *, *, #2459, .T. ) ;
#2426 = LINE ( 'NONE', #961, #2625 ) ;
#2427 = FACE_OUTER_BOUND ( 'NONE', #836, .T. ) ;
#2428 = DIRECTION ( 'NONE',  ( 1.000000000000000000, 0.000000000000000000, 0.000000000000000000 ) ) ;
#2429 = EDGE_LOOP ( 'NONE', ( #2345, #1684, #2603, #1695, #1919, #2291, #2566, #1164, #1610, #986, #215, #2161 ) ) ;
#2430 = COLOUR_RGB ( '',0.2862745098039215508, 0.2862745098039215508, 0.2862745098039215508 ) ;
#2431 = ORIENTED_EDGE ( 'NONE', *, *, #1857, .T. ) ;
#2432 = CARTESIAN_POINT ( 'NONE',  ( 1.264999999999999902, 1.492558878804800093, 0.5382218490863940330 ) ) ;
#2433 = CARTESIAN_POINT ( 'NONE',  ( 0.08858184147298908684, 1.311418158527010602, 1.149999999999999911 ) ) ;
#2434 = DIRECTION ( 'NONE',  ( 1.000000000000000000, 0.000000000000000000, 0.000000000000000000 ) ) ;
#2435 = AXIS2_PLACEMENT_3D ( 'NONE', #1694, #2087, #396 ) ;
#2436 = PLANE ( 'NONE',  #948 ) ;
#2437 = CARTESIAN_POINT ( 'NONE',  ( 2.951418158527010949, 0.08858184147298935052, 1.149999999999999911 ) ) ;
#2438 = PRESENTATION_LAYER_ASSIGNMENT (  '', '', ( #939 ) ) ;
#2439 = ORIENTED_EDGE ( 'NONE', *, *, #1810, .T. ) ;
#2440 = CIRCLE ( 'NONE', #1077, 0.05000000000000000971 ) ;
#2441 = DIRECTION ( 'NONE',  ( 8.151372627675756714E-16, -1.000000000000000000, 0.000000000000000000 ) ) ;
#2442 = DIRECTION ( 'NONE',  ( 0.000000000000000000, -0.06975647374412528856, 0.9975640502598241977 ) ) ;
#2443 = AXIS2_PLACEMENT_3D ( 'NONE', #488, #2549, #2154 ) ;
#2444 = ORIENTED_EDGE ( 'NONE', *, *, #2558, .F. ) ;
#2445 = DIRECTION ( 'NONE',  ( 1.901986946457668744E-15, 1.000000000000000000, 0.000000000000000000 ) ) ;
#2446 = CIRCLE ( 'NONE', #1120, 0.05000000000000000278 ) ;
#2447 = EDGE_LOOP ( 'NONE', ( #2243, #1401, #2618, #2035 ) ) ;
#2448 = AXIS2_PLACEMENT_3D ( 'NONE', #797, #541, #2637 ) ;
#2449 = DIRECTION ( 'NONE',  ( 3.794707603699271830E-15, -1.000000000000000000, 0.000000000000000000 ) ) ;
#2450 = CARTESIAN_POINT ( 'NONE',  ( 0.7500000000000000000, -0.1000000000000030309, 0.5999999999999999778 ) ) ;
#2451 = VECTOR ( 'NONE', #1440, 1000.000000000000227 ) ;
#2452 = DIRECTION ( 'NONE',  ( 0.000000000000000000, 0.000000000000000000, -1.000000000000000000 ) ) ;
#2453 = CARTESIAN_POINT ( 'NONE',  ( 0.08858184147298936439, 0.03870363895999812814, 0.04651217631279373765 ) ) ;
#2454 = DIRECTION ( 'NONE',  ( 0.000000000000000000, 1.000000000000000000, -8.131516293641298046E-16 ) ) ;
#2455 = ORIENTED_EDGE ( 'NONE', *, *, #2028, .F. ) ;
#2456 = CARTESIAN_POINT ( 'NONE',  ( 1.520000000000000018, 1.399999999999999911, 0.5999999999999999778 ) ) ;
#2457 =( NAMED_UNIT ( * ) SI_UNIT ( $, .STERADIAN. ) SOLID_ANGLE_UNIT ( ) );
#2458 = EDGE_LOOP ( 'NONE', ( #1140, #335 ) ) ;
#2459 = EDGE_CURVE ( 'NONE', #1248, #1387, #1561, .T. ) ;
#2460 = LINE ( 'NONE', #1264, #289 ) ;
#2461 = EDGE_CURVE ( 'NONE', #890, #2208, #566, .T. ) ;
#2462 = ORIENTED_EDGE ( 'NONE', *, *, #2590, .T. ) ;
#2463 = EDGE_CURVE ( 'NONE', #499, #2010, #2008, .T. ) ;
#2464 = DIRECTION ( 'NONE',  ( 0.9975640502598241977, 0.000000000000000000, -0.06975647374412534407 ) ) ;
#2465 = EDGE_LOOP ( 'NONE', ( #1506, #1740, #1083, #1374 ) ) ;
#2466 = DIRECTION ( 'NONE',  ( 0.000000000000000000, 0.000000000000000000, 1.000000000000000000 ) ) ;
#2467 = DIRECTION ( 'NONE',  ( 0.000000000000000000, 8.679234450810698363E-16, -1.000000000000000000 ) ) ;
#2468 =( LENGTH_UNIT ( ) NAMED_UNIT ( * ) SI_UNIT ( .MILLI., .METRE. ) );
#2469 = ORIENTED_EDGE ( 'NONE', *, *, #577, .F. ) ;
#2470 = CARTESIAN_POINT ( 'NONE',  ( 0.2400000000000000189, -0.3261500413750760274, 0.1392399022905140005 ) ) ;
#2471 = ORIENTED_EDGE ( 'NONE', *, *, #2196, .F. ) ;
#2472 = FILL_AREA_STYLE_COLOUR ( '', #226 ) ;
#2473 = ADVANCED_FACE ( 'NONE', ( #155 ), #749, .T. ) ;
#2474 = EDGE_CURVE ( 'NONE', #668, #2415, #2601, .T. ) ;
#2475 = CARTESIAN_POINT ( 'NONE',  ( 1.264999999999999902, 1.441984230377123533, 0.4313596955915972586 ) ) ;
#2476 = AXIS2_PLACEMENT_3D ( 'NONE', #1902, #1472, #637 ) ;
#2477 = CARTESIAN_POINT ( 'NONE',  ( 0.7500000000000000000, -0.04198423037712575856, 0.4313596955915994235 ) ) ;
#2478 = DIRECTION ( 'NONE',  ( 0.06958737431666447981, -0.06958737431666468798, -0.9951458157835085805 ) ) ;
#2479 = UNCERTAINTY_MEASURE_WITH_UNIT (LENGTH_MEASURE( 1.000000000000000082E-05 ), #1108, 'distance_accuracy_value', 'NONE');
#2480 = PRESENTATION_LAYER_ASSIGNMENT (  '', '', ( #983 ) ) ;
#2481 = ORIENTED_EDGE ( 'NONE', *, *, #2589, .F. ) ;
#2482 = CIRCLE ( 'NONE', #937, 0.08000000000000000167 ) ;
#2483 = DIRECTION ( 'NONE',  ( 0.000000000000000000, -0.006727528758750789609, 0.9999773699223398760 ) ) ;
#2484 = CARTESIAN_POINT ( 'NONE',  ( 0.000000000000000000, 0.000000000000000000, 0.000000000000000000 ) ) ;
#2485 = COLOUR_RGB ( '',0.2862745098039215508, 0.2862745098039215508, 0.2862745098039215508 ) ;
#2486 = ORIENTED_EDGE ( 'NONE', *, *, #471, .F. ) ;
#2487 = DIRECTION ( 'NONE',  ( 0.000000000000000000, 1.000000000000000000, 0.000000000000000000 ) ) ;
#2488 = ORIENTED_EDGE ( 'NONE', *, *, #223, .F. ) ;
#2489 = COLOUR_RGB ( '',0.2862745098039215508, 0.2862745098039215508, 0.2862745098039215508 ) ;
#2490 = STYLED_ITEM ( 'NONE', ( #1094 ), #1976 ) ;
#2491 = FACE_OUTER_BOUND ( 'NONE', #1999, .T. ) ;
#2492 = ORIENTED_EDGE ( 'NONE', *, *, #210, .F. ) ;
#2493 = PRODUCT_DEFINITION ( 'UNKNOWN', '', #465, #1687 ) ;
#2494 = EDGE_CURVE ( 'NONE', #1812, #1128, #2322, .T. ) ;
#2495 = CARTESIAN_POINT ( 'NONE',  ( 0.04195608716610604166, 1.361296361040001734, 0.04651217631279374459 ) ) ;
#2496 = COLOUR_RGB ( '',0.2862745098039215508, 0.2862745098039215508, 0.2862745098039215508 ) ;
#2497 = ADVANCED_FACE ( 'NONE', ( #2634 ), #343, .T. ) ;
#2498 = VECTOR ( 'NONE', #1787, 1000.000000000000000 ) ;
#2499 = LINE ( 'NONE', #1261, #633 ) ;
#2500 = SURFACE_STYLE_USAGE ( .BOTH. , #6 ) ;
#2501 = VERTEX_POINT ( 'NONE', #2619 ) ;
#2502 = DIRECTION ( 'NONE',  ( 0.000000000000000000, 0.3845012213685810032, 0.9231244828115380274 ) ) ;
#2503 = DIRECTION ( 'NONE',  ( 0.06958737431666468798, -0.06958737431666443818, -0.9951458157835085805 ) ) ;
#2504 = ORIENTED_EDGE ( 'NONE', *, *, #272, .T. ) ;
#2505 = CARTESIAN_POINT ( 'NONE',  ( 1.520000000000000018, 0.6999999999999999556, 1.199999999999999956 ) ) ;
#2506 = CARTESIAN_POINT ( 'NONE',  ( 3.001296361040002303, 1.311418158527010602, 0.04651217631279374459 ) ) ;
#2507 = LINE ( 'NONE', #14, #2044 ) ;
#2508 = FACE_OUTER_BOUND ( 'NONE', #305, .T. ) ;
#2509 = PLANE ( 'NONE',  #412 ) ;
#2510 = CARTESIAN_POINT ( 'NONE',  ( 2.983002875778030472, 0.007118921708978343324, 0.4981946765322393667 ) ) ;
#2511 = DIRECTION ( 'NONE',  ( 0.000000000000000000, 0.000000000000000000, 1.000000000000000000 ) ) ;
#2512 = ADVANCED_FACE ( 'NONE', ( #807 ), #329, .F. ) ;
#2513 = EDGE_CURVE ( 'NONE', #543, #2581, #1983, .T. ) ;
#2514 = VERTEX_POINT ( 'NONE', #1214 ) ;
#2515 =( NAMED_UNIT ( * ) SI_UNIT ( $, .STERADIAN. ) SOLID_ANGLE_UNIT ( ) );
#2516 = DIRECTION ( 'NONE',  ( 0.000000000000000000, 0.000000000000000000, -1.000000000000000000 ) ) ;
#2517 = VERTEX_POINT ( 'NONE', #2645 ) ;
#2518 = DIRECTION ( 'NONE',  ( -0.06958737431666439655, -0.06958737431666470186, 0.9951458157835086915 ) ) ;
#2519 = CARTESIAN_POINT ( 'NONE',  ( 2.990121797487010014, 1.399999999999999911, 0.5999999999999999778 ) ) ;
#2520 =( LENGTH_UNIT ( ) NAMED_UNIT ( * ) SI_UNIT ( .MILLI., .METRE. ) );
#2521 = EDGE_LOOP ( 'NONE', ( #772, #332, #1396, #2248 ) ) ;
#2522 = VECTOR ( 'NONE', #1632, 1000.000000000000000 ) ;
#2523 = DIRECTION ( 'NONE',  ( 1.000000000000000000, 0.000000000000000000, 0.000000000000000000 ) ) ;
#2524 = ORIENTED_EDGE ( 'NONE', *, *, #2576, .T. ) ;
#2525 = AXIS2_PLACEMENT_3D ( 'NONE', #2282, #2302, #425 ) ;
#2526 = VECTOR ( 'NONE', #1719, 1000.000000000000000 ) ;
#2527 = LINE ( 'NONE', #940, #2105 ) ;
#2528 = VECTOR ( 'NONE', #956, 1000.000000000000227 ) ;
#2529 = VERTEX_POINT ( 'NONE', #1579 ) ;
#2530 = AXIS2_PLACEMENT_3D ( 'NONE', #429, #1418, #1258 ) ;
#2531 =( NAMED_UNIT ( * ) PLANE_ANGLE_UNIT ( ) SI_UNIT ( $, .RADIAN. ) );
#2532 = DIRECTION ( 'NONE',  ( 1.000000000000000000, 0.000000000000000000, 0.000000000000000000 ) ) ;
#2533 = FACE_OUTER_BOUND ( 'NONE', #2648, .T. ) ;
#2534 = COLOUR_RGB ( '',0.2862745098039215508, 0.2862745098039215508, 0.2862745098039215508 ) ;
#2535 = ORIENTED_EDGE ( 'NONE', *, *, #2280, .T. ) ;
#2536 = CARTESIAN_POINT ( 'NONE',  ( 1.774999999999999911, 1.414957070696510000, 0.4201023017072240129 ) ) ;
#2537 = FACE_OUTER_BOUND ( 'NONE', #1256, .T. ) ;
#2538 =( GEOMETRIC_REPRESENTATION_CONTEXT ( 3 ) GLOBAL_UNCERTAINTY_ASSIGNED_CONTEXT ( ( #365 ) ) GLOBAL_UNIT_ASSIGNED_CONTEXT ( ( #1191, #1402, #2515 ) ) REPRESENTATION_CONTEXT ( 'NONE', 'WORKASPACE' ) );
#2539 = PLANE ( 'NONE',  #1667 ) ;
#2540 = AXIS2_PLACEMENT_3D ( 'NONE', #645, #2662, #453 ) ;
#2541 = CARTESIAN_POINT ( 'NONE',  ( 2.951418158527010949, 1.311418158527010602, 0.04999999999999999584 ) ) ;
#2542 = ORIENTED_EDGE ( 'NONE', *, *, #2139, .F. ) ;
#2543 =( GEOMETRIC_REPRESENTATION_CONTEXT ( 3 ) GLOBAL_UNCERTAINTY_ASSIGNED_CONTEXT ( ( #2108 ) ) GLOBAL_UNIT_ASSIGNED_CONTEXT ( ( #1651, #411, #1854 ) ) REPRESENTATION_CONTEXT ( 'NONE', 'WORKASPACE' ) );
#2544 = CARTESIAN_POINT ( 'NONE',  ( 0.7500000000000000000, -0.01495707069651279995, -0.09999999999999999167 ) ) ;
#2545 = EDGE_CURVE ( 'NONE', #747, #901, #2226, .T. ) ;
#2546 = ORIENTED_EDGE ( 'NONE', *, *, #635, .F. ) ;
#2547 = EDGE_CURVE ( 'NONE', #58, #1508, #2242, .T. ) ;
#2548 = PLANE ( 'NONE',  #2224 ) ;
#2549 = DIRECTION ( 'NONE',  ( 1.000000000000000000, -0.000000000000000000, 0.000000000000000000 ) ) ;
#2550 = CARTESIAN_POINT ( 'NONE',  ( 2.279999999999999805, -0.3299825824459929891, -0.09999999999999988065 ) ) ;
#2551 = CARTESIAN_POINT ( 'NONE',  ( 3.019369139644412225, 6.869051528977647098E-16, 0.5999999999999989786 ) ) ;
#2552 = ORIENTED_EDGE ( 'NONE', *, *, #1501, .T. ) ;
#2553 = PRESENTATION_STYLE_ASSIGNMENT (( #1091 ) ) ;
#2554 = ORIENTED_EDGE ( 'NONE', *, *, #615, .F. ) ;
#2555 =( NAMED_UNIT ( * ) PLANE_ANGLE_UNIT ( ) SI_UNIT ( $, .RADIAN. ) );
#2556 = LINE ( 'NONE', #1310, #1707 ) ;
#2557 = VERTEX_POINT ( 'NONE', #809 ) ;
#2558 = EDGE_CURVE ( 'NONE', #168, #688, #869, .T. ) ;
#2559 = EDGE_CURVE ( 'NONE', #879, #1825, #1390, .T. ) ;
#2560 = CARTESIAN_POINT ( 'NONE',  ( 2.279999999999999805, -0.6000000000000000888, 0.09000000000000001055 ) ) ;
#2561 = UNCERTAINTY_MEASURE_WITH_UNIT (LENGTH_MEASURE( 1.000000000000000082E-05 ), #1045, 'distance_accuracy_value', 'NONE');
#2562 = DIRECTION ( 'NONE',  ( 1.000000000000000000, 0.000000000000000000, 0.000000000000000000 ) ) ;
#2563 = FACE_OUTER_BOUND ( 'NONE', #278, .T. ) ;
#2564 = DIRECTION ( 'NONE',  ( -0.000000000000000000, 0.9231244828115380274, 0.3845012213685810032 ) ) ;
#2565 = CARTESIAN_POINT ( 'NONE',  ( 0.2399999999999997136, -4.235567802591465162E-19, 0.5999999999999999778 ) ) ;
#2566 = ORIENTED_EDGE ( 'NONE', *, *, #1429, .F. ) ;
#2567 = VECTOR ( 'NONE', #1286, 1000.000000000000000 ) ;
#2568 = ORIENTED_EDGE ( 'NONE', *, *, #252, .F. ) ;
#2569 = PLANE ( 'NONE',  #2057 ) ;
#2570 = STYLED_ITEM ( 'NONE', ( #1728 ), #682 ) ;
#2571 = SURFACE_STYLE_USAGE ( .BOTH. , #1752 ) ;
#2572 = EDGE_LOOP ( 'NONE', ( #876, #1090, #1675, #2241 ) ) ;
#2573 = AXIS2_PLACEMENT_3D ( 'NONE', #2199, #1827, #595 ) ;
#2574 = CARTESIAN_POINT ( 'NONE',  ( 3.040000000000000036, 0.6999999999999999556, 0.5999999999999999778 ) ) ;
#2575 = DIRECTION ( 'NONE',  ( 0.000000000000000000, 0.000000000000000000, -1.000000000000000000 ) ) ;
#2576 = EDGE_CURVE ( 'NONE', #2023, #2636, #2238, .T. ) ;
#2577 = DIRECTION ( 'NONE',  ( 0.000000000000000000, -0.06975647374412533019, 0.9975640502598241977 ) ) ;
#2578 = AXIS2_PLACEMENT_3D ( 'NONE', #1307, #2130, #1552 ) ;
#2579 = CARTESIAN_POINT ( 'NONE',  ( 0.7500000000000000000, -0.09255887880480241636, 0.5382218490863940330 ) ) ;
#2580 = VECTOR ( 'NONE', #1163, 1000.000000000000000 ) ;
#2581 = VERTEX_POINT ( 'NONE', #1829 ) ;
#2582 = CARTESIAN_POINT ( 'NONE',  ( 0.000000000000000000, 0.04987820251299091012, 0.5999999999999999778 ) ) ;
#2583 = FACE_OUTER_BOUND ( 'NONE', #2646, .T. ) ;
#2584 = UNCERTAINTY_MEASURE_WITH_UNIT (LENGTH_MEASURE( 1.000000000000000082E-05 ), #687, 'distance_accuracy_value', 'NONE');
#2585 = CARTESIAN_POINT ( 'NONE',  ( 2.998043912833899149, 0.08858184147298939215, 1.199999999999999956 ) ) ;
#2586 =( NAMED_UNIT ( * ) PLANE_ANGLE_UNIT ( ) SI_UNIT ( $, .RADIAN. ) );
#2587 = FACE_OUTER_BOUND ( 'NONE', #1510, .T. ) ;
#2588 = SURFACE_STYLE_USAGE ( .BOTH. , #111 ) ;
#2589 = EDGE_CURVE ( 'NONE', #2517, #58, #1185, .T. ) ;
#2590 = EDGE_CURVE ( 'NONE', #4, #196, #356, .T. ) ;
#2591 = ORIENTED_EDGE ( 'NONE', *, *, #2289, .T. ) ;
#2592 = DIRECTION ( 'NONE',  ( -1.000000000000000000, 0.000000000000000000, -0.000000000000000000 ) ) ;
#2593 = DIRECTION ( 'NONE',  ( 0.000000000000000000, 0.000000000000000000, -1.000000000000000000 ) ) ;
#2594 = ORIENTED_EDGE ( 'NONE', *, *, #1624, .F. ) ;
#2595 = DIRECTION ( 'NONE',  ( 1.000000000000000000, 0.000000000000000000, 0.000000000000000000 ) ) ;
#2596 = DIRECTION ( 'NONE',  ( -0.06958737431666470186, -0.06958737431666470186, -0.9951458157835086915 ) ) ;
#2597 = ORIENTED_EDGE ( 'NONE', *, *, #2463, .T. ) ;
#2598 = FACE_OUTER_BOUND ( 'NONE', #413, .T. ) ;
#2599 = CARTESIAN_POINT ( 'NONE',  ( 3.001296361040002303, 1.358043912833891032, 0.04651217631279374459 ) ) ;
#2600 = ORIENTED_EDGE ( 'NONE', *, *, #1382, .T. ) ;
#2601 = LINE ( 'NONE', #2186, #827 ) ;
#2602 = CARTESIAN_POINT ( 'NONE',  ( 0.2963890419415910471, 0.2719486573742276869, 1.199999999999999956 ) ) ;
#2603 = ORIENTED_EDGE ( 'NONE', *, *, #2547, .F. ) ;
#2604 = EDGE_CURVE ( 'NONE', #246, #1128, #2019, .T. ) ;
#2605 = STYLED_ITEM ( 'NONE', ( #2340 ), #273 ) ;
#2606 =( LENGTH_UNIT ( ) NAMED_UNIT ( * ) SI_UNIT ( .MILLI., .METRE. ) );
#2607 = DIRECTION ( 'NONE',  ( 0.000000000000000000, 0.000000000000000000, -1.000000000000000000 ) ) ;
#2608 = PRESENTATION_LAYER_ASSIGNMENT (  '', '', ( #630 ) ) ;
#2609 = EDGE_LOOP ( 'NONE', ( #1660, #1422, #1557, #1013 ) ) ;
#2610 = EDGE_CURVE ( 'NONE', #1081, #1904, #1776, .T. ) ;
#2611 = CARTESIAN_POINT ( 'NONE',  ( 2.279999999999999805, -0.09255887880480241636, 0.5382218490863940330 ) ) ;
#2612 = UNCERTAINTY_MEASURE_WITH_UNIT (LENGTH_MEASURE( 1.000000000000000082E-05 ), #2468, 'distance_accuracy_value', 'NONE');
#2613 = CARTESIAN_POINT ( 'NONE',  ( 0.000000000000000000, 1.350121797487009001, 0.5999999999999999778 ) ) ;
#2614 = DIRECTION ( 'NONE',  ( 0.000000000000000000, 0.000000000000000000, -1.000000000000000000 ) ) ;
#2615 = AXIS2_PLACEMENT_3D ( 'NONE', #949, #2596, #2219 ) ;
#2616 = SURFACE_SIDE_STYLE ('',( #1799 ) ) ;
#2617 = AXIS2_PLACEMENT_3D ( 'NONE', #1744, #2399, #308 ) ;
#2618 = ORIENTED_EDGE ( 'NONE', *, *, #1429, .T. ) ;
#2619 = CARTESIAN_POINT ( 'NONE',  ( 1.264999999999999902, 1.729982582445990014, -0.09999999999999988065 ) ) ;
#2620 = CARTESIAN_POINT ( 'NONE',  ( 2.951418158527010949, 0.08858184147298939215, 0.000000000000000000 ) ) ;
#2621 = VERTEX_POINT ( 'NONE', #2403 ) ;
#2622 = AXIS2_PLACEMENT_3D ( 'NONE', #159, #1000, #988 ) ;
#2623 = CARTESIAN_POINT ( 'NONE',  ( 0.2400000000000000189, -0.1000000000000030309, 0.5999999999999999778 ) ) ;
#2624 = EDGE_CURVE ( 'NONE', #1040, #1017, #2188, .T. ) ;
#2625 = VECTOR ( 'NONE', #1597, 1000.000000000000114 ) ;
#2626 = SPHERICAL_SURFACE ( 'NONE', #362, 0.05000000000000000278 ) ;
#2627 = ORIENTED_EDGE ( 'NONE', *, *, #2391, .T. ) ;
#2628 = DIRECTION ( 'NONE',  ( 1.000000000000000000, 0.000000000000000000, 0.000000000000000000 ) ) ;
#2629 = EDGE_CURVE ( 'NONE', #192, #982, #536, .T. ) ;
#2630 = EDGE_CURVE ( 'NONE', #511, #1982, #2384, .T. ) ;
#2631 = PLANE ( 'NONE',  #2227 ) ;
#2632 = LINE ( 'NONE', #1355, #181 ) ;
#2633 = LINE ( 'NONE', #2642, #1112 ) ;
#2634 = FACE_OUTER_BOUND ( 'NONE', #938, .T. ) ;
#2635 = FILL_AREA_STYLE ('',( #1821 ) ) ;
#2636 = VERTEX_POINT ( 'NONE', #2417 ) ;
#2637 = DIRECTION ( 'NONE',  ( 0.000000000000000000, -0.3845012213685810032, -0.9231244828115380274 ) ) ;
#2638 = VERTEX_POINT ( 'NONE', #2620 ) ;
#2639 = PLANE ( 'NONE',  #1887 ) ;
#2640 = LINE ( 'NONE', #2585, #1272 ) ;
#2641 = DIRECTION ( 'NONE',  ( 0.000000000000000000, 0.000000000000000000, -1.000000000000000000 ) ) ;
#2642 = CARTESIAN_POINT ( 'NONE',  ( 2.790000000000000036, 0.01052032924172510014, 0.4495522826033620523 ) ) ;
#2643 = VERTEX_POINT ( 'NONE', #972 ) ;
#2644 = DIRECTION ( 'NONE',  ( 0.000000000000000000, 0.9999773699223398760, 0.006727528758738340366 ) ) ;
#2645 = CARTESIAN_POINT ( 'NONE',  ( 1.264999999999999902, 1.637670134164841640, -0.03845012213685596730 ) ) ;
#2646 = EDGE_LOOP ( 'NONE', ( #1293, #92, #852, #352, #2409, #1859, #179, #1468, #387, #1636, #810, #762 ) ) ;
#2647 = PRESENTATION_STYLE_ASSIGNMENT (( #1831 ) ) ;
#2648 = EDGE_LOOP ( 'NONE', ( #1119, #2552, #1439 ) ) ;
#2649 = SURFACE_STYLE_USAGE ( .BOTH. , #1194 ) ;
#2650 = DIRECTION ( 'NONE',  ( 1.000000000000000000, 3.803973892915354053E-15, -0.000000000000000000 ) ) ;
#2651 = CARTESIAN_POINT ( 'NONE',  ( 1.264999999999999902, 1.726150041375078770, 0.1392399022905135009 ) ) ;
#2652 = AXIS2_PLACEMENT_3D ( 'NONE', #1254, #1277, #2467 ) ;
#2653 = PRESENTATION_LAYER_ASSIGNMENT (  '', '', ( #895 ) ) ;
#2654 =( GEOMETRIC_REPRESENTATION_CONTEXT ( 3 ) GLOBAL_UNCERTAINTY_ASSIGNED_CONTEXT ( ( #447 ) ) GLOBAL_UNIT_ASSIGNED_CONTEXT ( ( #1181, #1815, #2017 ) ) REPRESENTATION_CONTEXT ( 'NONE', 'WORKASPACE' ) );
#2655 = EDGE_CURVE ( 'NONE', #1843, #499, #554, .T. ) ;
#2656 = ORIENTED_EDGE ( 'NONE', *, *, #1500, .T. ) ;
#2657 = CIRCLE ( 'NONE', #1487, 0.04999999999999991257 ) ;
#2658 = FILL_AREA_STYLE_COLOUR ( '', #496 ) ;
#2659 = CARTESIAN_POINT ( 'NONE',  ( 2.279999999999999805, -0.2376701341648400079, -0.03845012213685790325 ) ) ;
#2660 = EDGE_CURVE ( 'NONE', #424, #2514, #1882, .T. ) ;
#2661 = ORIENTED_EDGE ( 'NONE', *, *, #2027, .T. ) ;
#2662 = DIRECTION ( 'NONE',  ( -0.06958737431666439655, 0.06958737431666470186, 0.9951458157835086915 ) ) ;
#2663 = SURFACE_STYLE_USAGE ( .BOTH. , #415 ) ;
#2664 = EDGE_LOOP ( 'NONE', ( #2217, #2524, #1548 ) ) ;
#2665 = AXIS2_PLACEMENT_3D ( 'NONE', #1162, #126, #971 ) ;
#2666 = DIRECTION ( 'NONE',  ( -1.000000000000000000, -0.000000000000000000, -0.000000000000000000 ) ) ;
#2667 = AXIS2_PLACEMENT_3D ( 'NONE', #2484, #2511, #612 ) ;
#2668 = FILL_AREA_STYLE_COLOUR ( '', #2489 ) ;
#2669 = DIRECTION ( 'NONE',  ( 0.06958737431666470186, -0.06958737431666470186, 0.9951458157835086915 ) ) ;
#2670 = CARTESIAN_POINT ( 'NONE',  ( 2.790000000000000036, -0.4000000000000000222, 0.1700000000000000122 ) ) ;
#2671 = ORIENTED_EDGE ( 'NONE', *, *, #223, .T. ) ;
#2672 = DIRECTION ( 'NONE',  ( 0.000000000000000000, 0.000000000000000000, -1.000000000000000000 ) ) ;
#2673 = CARTESIAN_POINT ( 'NONE',  ( 1.774999999999999911, 1.389479670758273722, 0.4495522826033617747 ) ) ;
#2674 = SURFACE_STYLE_FILL_AREA ( #1683 ) ;
#2675 = ORIENTED_EDGE ( 'NONE', *, *, #1098, .F. ) ;
#2676 = ADVANCED_FACE ( 'NONE', ( #1375 ), #999, .T. ) ;
#2677 = EDGE_CURVE ( 'NONE', #2118, #2159, #1937, .T. ) ;
#2678 = ORIENTED_EDGE ( 'NONE', *, *, #1757, .T. ) ;
ENDSEC;
END-ISO-10303-21;
