ISO-10303-21;
HEADER;
FILE_DESCRIPTION (( 'STEP AP214' ),
    '1' );
FILE_NAME ('NTMFS0D55N03CGT1G.STEP',
    '2024-07-19T14:59:39',
    ( '' ),
    ( '' ),
    'SwSTEP 2.0',
    'SolidWorks 2023',
    '' );
FILE_SCHEMA (( 'AUTOMOTIVE_DESIGN' ));
ENDSEC;

DATA;
#1 = EDGE_LOOP ( 'NONE', ( #5153, #1399, #1212, #3905 ) ) ;
#3 = VERTEX_POINT ( 'NONE', #5453 ) ;
#2 = SURFACE_STYLE_FILL_AREA ( #4015 ) ;
#4 = SURFACE_SIDE_STYLE ('',( #1019 ) ) ;
#5 = FACE_OUTER_BOUND ( 'NONE', #5433, .T. ) ;
#6 = CARTESIAN_POINT ( 'NONE',  ( -0.1161417322834645688, 0.01692913385826776140, 0.0009842519685039369942 ) ) ;
#7 = FACE_OUTER_BOUND ( 'NONE', #2684, .T. ) ;
#8 = VERTEX_POINT ( 'NONE', #3139 ) ;
#9 = MECHANICAL_DESIGN_GEOMETRIC_PRESENTATION_REPRESENTATION (  '', ( #2832 ), #5560 ) ;
#10 = VERTEX_POINT ( 'NONE', #5491 ) ;
#11 = PRESENTATION_STYLE_ASSIGNMENT (( #5523 ) ) ;
#12 = LINE ( 'NONE', #3632, #1726 ) ;
#13 = FACE_OUTER_BOUND ( 'NONE', #3636, .T. ) ;
#14 = LINE ( 'NONE', #2784, #4991 ) ;
#15 = ORIENTED_EDGE ( 'NONE', *, *, #1849, .T. ) ;
#16 = DIRECTION ( 'NONE',  ( -0.000000000000000000, 1.000000000000000000, 0.000000000000000000 ) ) ;
#17 = ORIENTED_EDGE ( 'NONE', *, *, #1434, .T. ) ;
#18 = SHAPE_DEFINITION_REPRESENTATION ( #4790, #3731 ) ;
#19 = ADVANCED_FACE ( 'NONE', ( #2690 ), #3168, .T. ) ;
#20 =( LENGTH_UNIT ( ) NAMED_UNIT ( * ) SI_UNIT ( $, .METRE. ) );
#21 = PLANE ( 'NONE',  #132 ) ;
#22 = PRESENTATION_LAYER_ASSIGNMENT (  '', '', ( #4388 ) ) ;
#23 = LENGTH_MEASURE_WITH_UNIT ( LENGTH_MEASURE( 0.02539999999999999897 ), #4090 );
#24 =( NAMED_UNIT ( * ) SI_UNIT ( $, .STERADIAN. ) SOLID_ANGLE_UNIT ( ) );
#25 = SURFACE_STYLE_USAGE ( .BOTH. , #4972 ) ;
#26 =( GEOMETRIC_REPRESENTATION_CONTEXT ( 3 ) GLOBAL_UNCERTAINTY_ASSIGNED_CONTEXT ( ( #5558 ) ) GLOBAL_UNIT_ASSIGNED_CONTEXT ( ( #4344, #3887, #288 ) ) REPRESENTATION_CONTEXT ( 'NONE', 'WORKASPACE' ) );
#27 = FILL_AREA_STYLE_COLOUR ( '', #591 ) ;
#28 = PRESENTATION_LAYER_ASSIGNMENT (  '', '', ( #5385 ) ) ;
#29 =( NAMED_UNIT ( * ) PLANE_ANGLE_UNIT ( ) SI_UNIT ( $, .RADIAN. ) );
#30 = VECTOR ( 'NONE', #2297, 39.37007874015748143 ) ;
#31 = COLOUR_RGB ( '',0.2862745098039215508, 0.2862745098039215508, 0.2862745098039215508 ) ;
#32 = ORIENTED_EDGE ( 'NONE', *, *, #3111, .T. ) ;
#33 = DIRECTION ( 'NONE',  ( -0.000000000000000000, -0.000000000000000000, 1.000000000000000000 ) ) ;
#34 = MECHANICAL_DESIGN_GEOMETRIC_PRESENTATION_REPRESENTATION (  '', ( #2869 ), #301 ) ;
#35 = SURFACE_STYLE_USAGE ( .BOTH. , #4 ) ;
#36 = DIRECTION ( 'NONE',  ( 0.000000000000000000, 0.000000000000000000, 1.000000000000000000 ) ) ;
#37 = CARTESIAN_POINT ( 'NONE',  ( 2.185478394931409404E-17, 2.185478394931409404E-17, 0.04330708661417323468 ) ) ;
#38 = VECTOR ( 'NONE', #1375, 39.37007874015748143 ) ;
#39 = EDGE_LOOP ( 'NONE', ( #3973, #2350, #2781, #1237 ) ) ;
#40 = VERTEX_POINT ( 'NONE', #2403 ) ;
#41 = COLOUR_RGB ( '',0.2862745098039215508, 0.2862745098039215508, 0.2862745098039215508 ) ;
#42 = EDGE_CURVE ( 'NONE', #667, #3457, #4718, .T. ) ;
#43 = DIMENSIONAL_EXPONENTS ( 1.000000000000000000, 0.000000000000000000, 0.000000000000000000, 0.000000000000000000, 0.000000000000000000, 0.000000000000000000, 0.000000000000000000 ) ;
#44 = PRESENTATION_STYLE_ASSIGNMENT (( #1335 ) ) ;
#45 = DIRECTION ( 'NONE',  ( 0.000000000000000000, 0.000000000000000000, 1.000000000000000000 ) ) ;
#46 = CLOSED_SHELL ( 'NONE', ( #2384, #1987, #1955, #1288, #5049, #1691, #2815, #3701, #3130, #2033, #2170, #555, #4244, #117, #4097, #1843, #3625, #4420, #1178, #216, #739, #5911, #2794, #1329, #719, #5550, #4658, #2509, #2062, #346, #255, #625, #3993, #19, #3064, #2116, #3509, #1332, #3964, #2937, #63, #2629, #2577, #131, #5155, #1777, #3777, #3140, #2438, #756, #464, #5260, #2951, #3467, #4435, #4903, #2537, #4773, #533, #169, #4448, #948, #2957, #883, #2877, #1277, #3855, #1791, #5431, #245, #3895, #3628, #290, #1600, #3218 ) ) ;
#47 = CARTESIAN_POINT ( 'NONE',  ( -0.09842519685039370636, -0.08307086614173228578, 0.000000000000000000 ) ) ;
#48 = SURFACE_STYLE_USAGE ( .BOTH. , #1872 ) ;
#49 = LINE ( 'NONE', #3146, #38 ) ;
#50 = ORIENTED_EDGE ( 'NONE', *, *, #2348, .F. ) ;
#51 = FACE_OUTER_BOUND ( 'NONE', #5891, .T. ) ;
#52 = UNCERTAINTY_MEASURE_WITH_UNIT (LENGTH_MEASURE( 1.000000000000000082E-05 ), #1513, 'distance_accuracy_value', 'NONE');
#53 = VERTEX_POINT ( 'NONE', #744 ) ;
#54 = CARTESIAN_POINT ( 'NONE',  ( 0.000000000000000000, 0.000000000000000000, 0.000000000000000000 ) ) ;
#55 = VECTOR ( 'NONE', #5564, 39.37007874015748143 ) ;
#56 = AXIS2_PLACEMENT_3D ( 'NONE', #4473, #4429, #1316 ) ;
#57 = EDGE_LOOP ( 'NONE', ( #4580, #3861, #4934, #67 ) ) ;
#58 =( NAMED_UNIT ( * ) PLANE_ANGLE_UNIT ( ) SI_UNIT ( $, .RADIAN. ) );
#59 = DIRECTION ( 'NONE',  ( 1.000000000000000000, 0.000000000000000000, 0.000000000000000000 ) ) ;
#60 =( GEOMETRIC_REPRESENTATION_CONTEXT ( 3 ) GLOBAL_UNCERTAINTY_ASSIGNED_CONTEXT ( ( #3074 ) ) GLOBAL_UNIT_ASSIGNED_CONTEXT ( ( #240, #4860, #3412 ) ) REPRESENTATION_CONTEXT ( 'NONE', 'WORKASPACE' ) );
#61 =( NAMED_UNIT ( * ) SI_UNIT ( $, .STERADIAN. ) SOLID_ANGLE_UNIT ( ) );
#62 = SURFACE_STYLE_USAGE ( .BOTH. , #4121 ) ;
#63 = ADVANCED_FACE ( 'NONE', ( #1020 ), #4679, .F. ) ;
#64 = PRESENTATION_STYLE_ASSIGNMENT (( #3983 ) ) ;
#65 = FILL_AREA_STYLE_COLOUR ( '', #1391 ) ;
#66 = LINE ( 'NONE', #1860, #5672 ) ;
#67 = ORIENTED_EDGE ( 'NONE', *, *, #3758, .T. ) ;
#68 = CARTESIAN_POINT ( 'NONE',  ( -0.009645669291338582543, -0.09645669291338582196, 0.01102362204724408913 ) ) ;
#69 = AXIS2_PLACEMENT_3D ( 'NONE', #1654, #1189, #1373 ) ;
#70 = CARTESIAN_POINT ( 'NONE',  ( 0.1092037056162346448, -0.09343410677910188311, 0.03978160812310117117 ) ) ;
#71 = DIRECTION ( 'NONE',  ( 1.000000000000000000, 2.265761274745219945E-16, 0.000000000000000000 ) ) ;
#72 = SURFACE_STYLE_FILL_AREA ( #4101 ) ;
#73 = ORIENTED_EDGE ( 'NONE', *, *, #5068, .T. ) ;
#74 = ORIENTED_EDGE ( 'NONE', *, *, #2899, .F. ) ;
#75 = MECHANICAL_DESIGN_GEOMETRIC_PRESENTATION_REPRESENTATION (  '', ( #2335 ), #4926 ) ;
#76 = LENGTH_MEASURE_WITH_UNIT ( LENGTH_MEASURE( 0.02539999999999999897 ), #445 );
#77 = DIRECTION ( 'NONE',  ( 0.000000000000000000, -0.000000000000000000, -1.000000000000000000 ) ) ;
#78 = ORIENTED_EDGE ( 'NONE', *, *, #1472, .F. ) ;
#79 = CARTESIAN_POINT ( 'NONE',  ( -0.02578740157480310588, 0.09645669291338582196, 0.0009842519685039369942 ) ) ;
#80 = EDGE_CURVE ( 'NONE', #4280, #5401, #5890, .T. ) ;
#81 = CARTESIAN_POINT ( 'NONE',  ( 2.185478394931409404E-17, 0.07874015748031495954, 0.0009842519685039369942 ) ) ;
#82 = ORIENTED_EDGE ( 'NONE', *, *, #723, .F. ) ;
#83 = DIRECTION ( 'NONE',  ( 1.000000000000000000, 0.000000000000000000, -0.000000000000000000 ) ) ;
#84 = EDGE_LOOP ( 'NONE', ( #2250, #2141, #3970, #1001 ) ) ;
#85 = PRODUCT_CONTEXT ( 'NONE', #3586, 'mechanical' ) ;
#86 = PRESENTATION_LAYER_ASSIGNMENT (  '', '', ( #174 ) ) ;
#87 = CARTESIAN_POINT ( 'NONE',  ( -0.09842519685039370636, -0.03307086614173224137, 0.01102362204724409607 ) ) ;
#88 = PLANE ( 'NONE',  #686 ) ;
#89 = MECHANICAL_DESIGN_GEOMETRIC_PRESENTATION_REPRESENTATION (  '', ( #5241 ), #1459 ) ;
#90 = SURFACE_STYLE_FILL_AREA ( #1512 ) ;
#91 =( NAMED_UNIT ( * ) PLANE_ANGLE_UNIT ( ) SI_UNIT ( $, .RADIAN. ) );
#92 = DIRECTION ( 'NONE',  ( 1.000000000000000000, 0.000000000000000000, 0.000000000000000000 ) ) ;
#93 = VECTOR ( 'NONE', #3086, 39.37007874015748143 ) ;
#94 = LINE ( 'NONE', #5512, #2798 ) ;
#95 = LINE ( 'NONE', #860, #4589 ) ;
#96 = FILL_AREA_STYLE ('',( #2332 ) ) ;
#97 = FILL_AREA_STYLE_COLOUR ( '', #956 ) ;
#98 = EDGE_CURVE ( 'NONE', #3770, #3624, #1660, .T. ) ;
#99 = DIRECTION ( 'NONE',  ( -1.000000000000000000, -0.000000000000000000, 0.000000000000000000 ) ) ;
#100 =( NAMED_UNIT ( * ) SI_UNIT ( $, .STERADIAN. ) SOLID_ANGLE_UNIT ( ) );
#101 = VERTEX_POINT ( 'NONE', #2559 ) ;
#102 = ORIENTED_EDGE ( 'NONE', *, *, #2455, .F. ) ;
#103 = LENGTH_MEASURE_WITH_UNIT ( LENGTH_MEASURE( 0.02539999999999999897 ), #5216 );
#104 = CARTESIAN_POINT ( 'NONE',  ( 0.09842519685039370636, 0.07874015748031495954, 0.01102362204724409607 ) ) ;
#105 = CARTESIAN_POINT ( 'NONE',  ( 0.08464566929133858497, 0.07874015748031495954, 0.000000000000000000 ) ) ;
#106 = ORIENTED_EDGE ( 'NONE', *, *, #1453, .F. ) ;
#107 = DIRECTION ( 'NONE',  ( -0.000000000000000000, -0.000000000000000000, -1.000000000000000000 ) ) ;
#108 = DIMENSIONAL_EXPONENTS ( 1.000000000000000000, 0.000000000000000000, 0.000000000000000000, 0.000000000000000000, 0.000000000000000000, 0.000000000000000000, 0.000000000000000000 ) ;
#109 = ORIENTED_EDGE ( 'NONE', *, *, #80, .T. ) ;
#110 = APPLICATION_PROTOCOL_DEFINITION ( 'draft international standard', 'automotive_design', 1998, #4543 ) ;
#111 = VECTOR ( 'NONE', #3766, 39.37007874015748143 ) ;
#112 = EDGE_CURVE ( 'NONE', #2670, #5499, #3326, .T. ) ;
#113 = CARTESIAN_POINT ( 'NONE',  ( 0.09842519685039370636, -0.06692913385826770867, 0.000000000000000000 ) ) ;
#114 =( NAMED_UNIT ( * ) PLANE_ANGLE_UNIT ( ) SI_UNIT ( $, .RADIAN. ) );
#115 = FILL_AREA_STYLE ('',( #915 ) ) ;
#116 = PRODUCT_DEFINITION ( 'UNKNOWN', '', #4760, #1622 ) ;
#117 = ADVANCED_FACE ( 'NONE', ( #1346 ), #3611, .T. ) ;
#118 = CARTESIAN_POINT ( 'NONE',  ( 0.1113147800263711573, 0.09162974065629243825, 0.04193654726125711080 ) ) ;
#119 = PRESENTATION_STYLE_ASSIGNMENT (( #2359 ) ) ;
#120 =( NAMED_UNIT ( * ) SI_UNIT ( $, .STERADIAN. ) SOLID_ANGLE_UNIT ( ) );
#121 = PRESENTATION_LAYER_ASSIGNMENT (  '', '', ( #308 ) ) ;
#122 = LENGTH_MEASURE_WITH_UNIT ( LENGTH_MEASURE( 0.02539999999999999897 ), #615 );
#123 = PRESENTATION_LAYER_ASSIGNMENT (  '', '', ( #309 ) ) ;
#124 = ORIENTED_EDGE ( 'NONE', *, *, #1072, .T. ) ;
#125 = AXIS2_PLACEMENT_3D ( 'NONE', #3134, #1782, #4986 ) ;
#126 =( NAMED_UNIT ( * ) PLANE_ANGLE_UNIT ( ) SI_UNIT ( $, .RADIAN. ) );
#127 = AXIS2_PLACEMENT_3D ( 'NONE', #1721, #268, #4840 ) ;
#128 = CARTESIAN_POINT ( 'NONE',  ( -0.1092037056162346448, 0.08951866624615589796, 0.03937007874015747977 ) ) ;
#129 = FILL_AREA_STYLE ('',( #3268 ) ) ;
#130 = VERTEX_POINT ( 'NONE', #2213 ) ;
#131 = ADVANCED_FACE ( 'NONE', ( #2156 ), #4091, .T. ) ;
#132 = AXIS2_PLACEMENT_3D ( 'NONE', #2890, #5160, #5686 ) ;
#133 = UNCERTAINTY_MEASURE_WITH_UNIT (LENGTH_MEASURE( 1.000000000000000082E-05 ), #4683, 'distance_accuracy_value', 'NONE');
#134 = FILL_AREA_STYLE ('',( #5554 ) ) ;
#135 =( NAMED_UNIT ( * ) SI_UNIT ( $, .STERADIAN. ) SOLID_ANGLE_UNIT ( ) );
#136 = AXIS2_PLACEMENT_3D ( 'NONE', #3546, #3929, #5399 ) ;
#137 = SURFACE_SIDE_STYLE ('',( #4657 ) ) ;
#138 = PRESENTATION_STYLE_ASSIGNMENT (( #911 ) ) ;
#139 =( NAMED_UNIT ( * ) PLANE_ANGLE_UNIT ( ) SI_UNIT ( $, .RADIAN. ) );
#140 = VECTOR ( 'NONE', #3409, 39.37007874015748143 ) ;
#141 = ORIENTED_EDGE ( 'NONE', *, *, #4160, .F. ) ;
#142 = FILL_AREA_STYLE ('',( #1875 ) ) ;
#143 = EDGE_LOOP ( 'NONE', ( #1467, #3125, #3866, #4200 ) ) ;
#144 = PRODUCT_CONTEXT ( 'NONE', #5446, 'mechanical' ) ;
#145 = VECTOR ( 'NONE', #3485, 39.37007874015748143 ) ;
#146 =( NAMED_UNIT ( * ) SI_UNIT ( $, .STERADIAN. ) SOLID_ANGLE_UNIT ( ) );
#147 = ORIENTED_EDGE ( 'NONE', *, *, #840, .T. ) ;
#148 = PLANE ( 'NONE',  #954 ) ;
#149 = LINE ( 'NONE', #1885, #1653 ) ;
#150 = LINE ( 'NONE', #2382, #2662 ) ;
#151 = PRESENTATION_LAYER_ASSIGNMENT (  '', '', ( #5107 ) ) ;
#152 = DIMENSIONAL_EXPONENTS ( 1.000000000000000000, 0.000000000000000000, 0.000000000000000000, 0.000000000000000000, 0.000000000000000000, 0.000000000000000000, 0.000000000000000000 ) ;
#153 = MECHANICAL_DESIGN_GEOMETRIC_PRESENTATION_REPRESENTATION (  '', ( #1478 ), #3463 ) ;
#154 = LENGTH_MEASURE_WITH_UNIT ( LENGTH_MEASURE( 0.02539999999999999897 ), #3406 );
#155 = STYLED_ITEM ( 'NONE', ( #2187 ), #333 ) ;
#156 = ORIENTED_EDGE ( 'NONE', *, *, #5809, .F. ) ;
#157 = EDGE_CURVE ( 'NONE', #53, #654, #4970, .T. ) ;
#158 = FILL_AREA_STYLE ('',( #97 ) ) ;
#159 = ORIENTED_EDGE ( 'NONE', *, *, #2150, .F. ) ;
#160 = CARTESIAN_POINT ( 'NONE',  ( -0.1113147800263711573, -0.09162974065629242437, 0.04193654726125713161 ) ) ;
#161 = PRESENTATION_STYLE_ASSIGNMENT (( #4235 ) ) ;
#162 =( NAMED_UNIT ( * ) SI_UNIT ( $, .STERADIAN. ) SOLID_ANGLE_UNIT ( ) );
#163 = FILL_AREA_STYLE_COLOUR ( '', #4680 ) ;
#164 = LINE ( 'NONE', #1966, #2271 ) ;
#165 =( NAMED_UNIT ( * ) PLANE_ANGLE_UNIT ( ) SI_UNIT ( $, .RADIAN. ) );
#166 = VERTEX_POINT ( 'NONE', #5470 ) ;
#167 = EDGE_LOOP ( 'NONE', ( #561, #543, #5700, #1897 ) ) ;
#168 = VECTOR ( 'NONE', #4178, 39.37007874015748143 ) ;
#169 = ADVANCED_FACE ( 'NONE', ( #5353 ), #1217, .T. ) ;
#170 = PLANE ( 'NONE',  #5689 ) ;
#171 = CARTESIAN_POINT ( 'NONE',  ( -0.1093882995916244105, 0.08970326022154566370, 0.03761378438224634302 ) ) ;
#172 = UNCERTAINTY_MEASURE_WITH_UNIT (LENGTH_MEASURE( 1.000000000000000082E-05 ), #4651, 'distance_accuracy_value', 'NONE');
#173 = ORIENTED_EDGE ( 'NONE', *, *, #3160, .F. ) ;
#174 = STYLED_ITEM ( 'NONE', ( #2605 ), #3064 ) ;
#175 = CARTESIAN_POINT ( 'NONE',  ( -0.1210629921259842590, 0.06692913385826770867, 0.000000000000000000 ) ) ;
#176 = DIRECTION ( 'NONE',  ( 1.000000000000000000, 0.000000000000000000, -0.000000000000000000 ) ) ;
#177 = ORIENTED_EDGE ( 'NONE', *, *, #1412, .T. ) ;
#178 = ADVANCED_FACE ( 'NONE', ( #1828 ), #1385, .T. ) ;
#179 = CARTESIAN_POINT ( 'NONE',  ( 0.1097440944881889757, -0.08307086614173228578, 0.000000000000000000 ) ) ;
#180 = DIMENSIONAL_EXPONENTS ( 1.000000000000000000, 0.000000000000000000, 0.000000000000000000, 0.000000000000000000, 0.000000000000000000, 0.000000000000000000, 0.000000000000000000 ) ;
#181 =( CONVERSION_BASED_UNIT ( 'INCH', #4261 ) LENGTH_UNIT ( ) NAMED_UNIT ( #5143 ) );
#182 = SURFACE_STYLE_FILL_AREA ( #4262 ) ;
#183 = DIRECTION ( 'NONE',  ( -0.000000000000000000, 1.000000000000000000, 0.000000000000000000 ) ) ;
#184 = UNCERTAINTY_MEASURE_WITH_UNIT (LENGTH_MEASURE( 1.000000000000000082E-05 ), #1173, 'distance_accuracy_value', 'NONE');
#185 = PRESENTATION_STYLE_ASSIGNMENT (( #1057 ) ) ;
#186 = CARTESIAN_POINT ( 'NONE',  ( -0.1101764426499053512, 0.08544681273289443657, 0.04552465181471837541 ) ) ;
#187 = LINE ( 'NONE', #4816, #5243 ) ;
#188 = DIRECTION ( 'NONE',  ( -1.000000000000000000, -0.000000000000000000, 0.000000000000000000 ) ) ;
#189 = ORIENTED_EDGE ( 'NONE', *, *, #4620, .T. ) ;
#190 = VERTEX_POINT ( 'NONE', #3250 ) ;
#191 =( LENGTH_UNIT ( ) NAMED_UNIT ( * ) SI_UNIT ( $, .METRE. ) );
#192 = DIRECTION ( 'NONE',  ( 0.3406351650717811541, -0.8440827718217314146, 0.4141158758490952052 ) ) ;
#193 = CARTESIAN_POINT ( 'NONE',  ( -0.02578740157480311282, 0.1013779527559055121, 0.000000000000000000 ) ) ;
#194 = CARTESIAN_POINT ( 'NONE',  ( -0.05118110236220473064, -0.07874015748031495954, 0.000000000000000000 ) ) ;
#195 = PRESENTATION_LAYER_ASSIGNMENT (  '', '', ( #4189 ) ) ;
#196 = STYLED_ITEM ( 'NONE', ( #2132 ), #1987 ) ;
#197 = ADVANCED_FACE ( 'NONE', ( #2855 ), #3190, .T. ) ;
#198 = UNCERTAINTY_MEASURE_WITH_UNIT (LENGTH_MEASURE( 1.000000000000000082E-05 ), #3941, 'distance_accuracy_value', 'NONE');
#199 = EDGE_LOOP ( 'NONE', ( #978, #4387, #3850, #1090 ) ) ;
#200 = VECTOR ( 'NONE', #4241, 39.37007874015748143 ) ;
#201 =( GEOMETRIC_REPRESENTATION_CONTEXT ( 3 ) GLOBAL_UNCERTAINTY_ASSIGNED_CONTEXT ( ( #892 ) ) GLOBAL_UNIT_ASSIGNED_CONTEXT ( ( #4697, #3342, #1573 ) ) REPRESENTATION_CONTEXT ( 'NONE', 'WORKASPACE' ) );
#202 = SURFACE_STYLE_USAGE ( .BOTH. , #4766 ) ;
#203 =( NAMED_UNIT ( * ) SI_UNIT ( $, .STERADIAN. ) SOLID_ANGLE_UNIT ( ) );
#204 = CARTESIAN_POINT ( 'NONE',  ( -0.009645669291338582543, -0.07874015748031495954, 0.01102362204724409607 ) ) ;
#205 = ORIENTED_EDGE ( 'NONE', *, *, #3607, .F. ) ;
#206 =( NAMED_UNIT ( * ) PLANE_ANGLE_UNIT ( ) SI_UNIT ( $, .RADIAN. ) );
#207 =( NAMED_UNIT ( * ) SI_UNIT ( $, .STERADIAN. ) SOLID_ANGLE_UNIT ( ) );
#208 = PLANE ( 'NONE',  #4647 ) ;
#209 = COLOUR_RGB ( '',0.2862745098039215508, 0.2862745098039215508, 0.2862745098039215508 ) ;
#210 = CARTESIAN_POINT ( 'NONE',  ( -0.1210629921259842590, -0.03307086614173224137, 0.000000000000000000 ) ) ;
#211 = AXIS2_PLACEMENT_3D ( 'NONE', #193, #3061, #2002 ) ;
#212 = CARTESIAN_POINT ( 'NONE',  ( 2.185478394931409404E-17, -0.08951866624615589796, 0.04330708661417323468 ) ) ;
#213 = CARTESIAN_POINT ( 'NONE',  ( -0.09842519685039370636, -0.03307086614173224831, 0.01102362204724409607 ) ) ;
#214 =( NAMED_UNIT ( * ) SI_UNIT ( $, .STERADIAN. ) SOLID_ANGLE_UNIT ( ) );
#215 = FACE_OUTER_BOUND ( 'NONE', #2054, .T. ) ;
#216 = ADVANCED_FACE ( 'NONE', ( #5280 ), #2955, .T. ) ;
#217 = ORIENTED_EDGE ( 'NONE', *, *, #1222, .T. ) ;
#218 = LINE ( 'NONE', #2078, #668 ) ;
#219 = EDGE_CURVE ( 'NONE', #2550, #130, #3429, .T. ) ;
#220 = ORIENTED_EDGE ( 'NONE', *, *, #4194, .T. ) ;
#221 = PRESENTATION_LAYER_ASSIGNMENT (  '', '', ( #4298 ) ) ;
#222 = AXIS2_PLACEMENT_3D ( 'NONE', #508, #4143, #77 ) ;
#223 = MECHANICAL_DESIGN_GEOMETRIC_PRESENTATION_REPRESENTATION (  '', ( #2202 ), #5772 ) ;
#224 = PLANE ( 'NONE',  #2944 ) ;
#225 = PRESENTATION_LAYER_ASSIGNMENT (  '', '', ( #4694 ) ) ;
#226 = CARTESIAN_POINT ( 'NONE',  ( -0.1161417322834645272, -0.09251968503937008093, 0.000000000000000000 ) ) ;
#227 = FILL_AREA_STYLE_COLOUR ( '', #784 ) ;
#228 = SURFACE_STYLE_USAGE ( .BOTH. , #4933 ) ;
#229 = COLOUR_RGB ( '',0.2862745098039215508, 0.2862745098039215508, 0.2862745098039215508 ) ;
#230 = AXIS2_PLACEMENT_3D ( 'NONE', #5710, #2025, #1533 ) ;
#231 = UNCERTAINTY_MEASURE_WITH_UNIT (LENGTH_MEASURE( 1.000000000000000082E-05 ), #735, 'distance_accuracy_value', 'NONE');
#232 = SURFACE_STYLE_USAGE ( .BOTH. , #2928 ) ;
#233 = COLOUR_RGB ( '',0.8313725490196077761, 0.8313725490196077761, 0.8313725490196077761 ) ;
#234 = EDGE_LOOP ( 'NONE', ( #1487, #2273, #450, #967 ) ) ;
#235 = SURFACE_SIDE_STYLE ('',( #2421 ) ) ;
#236 = FILL_AREA_STYLE ('',( #2897 ) ) ;
#237 = EDGE_CURVE ( 'NONE', #3770, #4528, #1619, .T. ) ;
#238 = CARTESIAN_POINT ( 'NONE',  ( -0.1161417322834645688, 0.06692913385826770867, 0.0009842519685039369942 ) ) ;
#239 = PRESENTATION_STYLE_ASSIGNMENT (( #4311 ) ) ;
#240 =( CONVERSION_BASED_UNIT ( 'INCH', #4314 ) LENGTH_UNIT ( ) NAMED_UNIT ( #5449 ) );
#241 = AXIS2_PLACEMENT_3D ( 'NONE', #4511, #3946, #804 ) ;
#242 = ORIENTED_EDGE ( 'NONE', *, *, #1084, .T. ) ;
#243 = DIRECTION ( 'NONE',  ( 0.9945218953682734009, 2.253349197411650802E-16, 0.1045284632676530268 ) ) ;
#244 = DIRECTION ( 'NONE',  ( 0.000000000000000000, 1.000000000000000000, 0.000000000000000000 ) ) ;
#245 = ADVANCED_FACE ( 'NONE', ( #4795 ), #5293, .F. ) ;
#246 =( BOUNDED_CURVE ( )  B_SPLINE_CURVE ( 3, ( #1881, #4562, #1413, #909 ),
 .UNSPECIFIED., .F., .F. ) 
 B_SPLINE_CURVE_WITH_KNOTS ( ( 4, 4 ),
 ( 2.358929794881231778, 3.924255512298353121 ),
 .UNSPECIFIED. ) 
 CURVE ( )  GEOMETRIC_REPRESENTATION_ITEM ( )  RATIONAL_B_SPLINE_CURVE ( ( 1.000000000000000000, 0.8060255240148501699, 0.8060255240148501699, 1.000000000000000000 ) ) 
 REPRESENTATION_ITEM ( '' )  );
#247 = LINE ( 'NONE', #2535, #4943 ) ;
#248 = FACE_OUTER_BOUND ( 'NONE', #4049, .T. ) ;
#249 = LINE ( 'NONE', #4288, #3021 ) ;
#250 =( NAMED_UNIT ( * ) PLANE_ANGLE_UNIT ( ) SI_UNIT ( $, .RADIAN. ) );
#251 = ORIENTED_EDGE ( 'NONE', *, *, #3449, .F. ) ;
#252 = SURFACE_STYLE_FILL_AREA ( #4332 ) ;
#253 = ORIENTED_EDGE ( 'NONE', *, *, #4918, .T. ) ;
#254 = CYLINDRICAL_SURFACE ( 'NONE', #4670, 0.003937007874015741038 ) ;
#255 = ADVANCED_FACE ( 'NONE', ( #4399 ), #289, .T. ) ;
#256 = MECHANICAL_DESIGN_GEOMETRIC_PRESENTATION_REPRESENTATION (  '', ( #5024 ), #4345 ) ;
#257 = DIRECTION ( 'NONE',  ( 0.000000000000000000, 0.000000000000000000, 1.000000000000000000 ) ) ;
#258 =( NAMED_UNIT ( * ) PLANE_ANGLE_UNIT ( ) SI_UNIT ( $, .RADIAN. ) );
#259 = VECTOR ( 'NONE', #4716, 39.37007874015748143 ) ;
#260 = MECHANICAL_DESIGN_GEOMETRIC_PRESENTATION_REPRESENTATION (  '', ( #3387 ), #3955 ) ;
#261 = UNCERTAINTY_MEASURE_WITH_UNIT (LENGTH_MEASURE( 1.000000000000000082E-05 ), #2588, 'distance_accuracy_value', 'NONE');
#262 =( NAMED_UNIT ( * ) PLANE_ANGLE_UNIT ( ) SI_UNIT ( $, .RADIAN. ) );
#263 = ORIENTED_EDGE ( 'NONE', *, *, #1395, .F. ) ;
#264 = FACE_OUTER_BOUND ( 'NONE', #365, .T. ) ;
#265 = FACE_OUTER_BOUND ( 'NONE', #5259, .T. ) ;
#266 = AXIS2_PLACEMENT_3D ( 'NONE', #1496, #5078, #2939 ) ;
#267 = FACE_OUTER_BOUND ( 'NONE', #4550, .T. ) ;
#268 = DIRECTION ( 'NONE',  ( 0.000000000000000000, 1.000000000000000000, 0.000000000000000000 ) ) ;
#269 = ADVANCED_FACE ( 'NONE', ( #2933 ), #4887, .T. ) ;
#270 = LINE ( 'NONE', #5732, #2207 ) ;
#271 = DIRECTION ( 'NONE',  ( -1.000000000000000000, -0.000000000000000000, 0.000000000000000000 ) ) ;
#272 = VECTOR ( 'NONE', #4267, 39.37007874015748143 ) ;
#273 = CARTESIAN_POINT ( 'NONE',  ( 0.1161417322834645827, -0.06692913385826770867, 0.0009842519685039369942 ) ) ;
#274 =( NAMED_UNIT ( * ) PLANE_ANGLE_UNIT ( ) SI_UNIT ( $, .RADIAN. ) );
#275 = VERTEX_POINT ( 'NONE', #401 ) ;
#276 = FILL_AREA_STYLE_COLOUR ( '', #4003 ) ;
#277 = EDGE_LOOP ( 'NONE', ( #1789, #2579, #1698, #5201 ) ) ;
#278 = LENGTH_MEASURE_WITH_UNIT ( LENGTH_MEASURE( 0.02539999999999999897 ), #4383 );
#279 = SURFACE_STYLE_FILL_AREA ( #4275 ) ;
#280 = SURFACE_STYLE_FILL_AREA ( #4362 ) ;
#281 = SURFACE_SIDE_STYLE ('',( #1155 ) ) ;
#282 = CARTESIAN_POINT ( 'NONE',  ( -0.09842519685039370636, 0.07499999999999999722, 0.01102362204724409607 ) ) ;
#283 = ORIENTED_EDGE ( 'NONE', *, *, #3389, .T. ) ;
#284 = CARTESIAN_POINT ( 'NONE',  ( -0.1131191461491805883, 0.02411417322834646243, 0.03978160812310117117 ) ) ;
#285 = LINE ( 'NONE', #4001, #830 ) ;
#286 = VECTOR ( 'NONE', #4583, 39.37007874015748143 ) ;
#287 = LINE ( 'NONE', #2091, #1156 ) ;
#288 =( NAMED_UNIT ( * ) SI_UNIT ( $, .STERADIAN. ) SOLID_ANGLE_UNIT ( ) );
#289 = PLANE ( 'NONE',  #2129 ) ;
#290 = ADVANCED_FACE ( 'NONE', ( #3589 ), #916, .F. ) ;
#291 = AXIS2_PLACEMENT_3D ( 'NONE', #2252, #876, #3631 ) ;
#292 = SURFACE_SIDE_STYLE ('',( #4371 ) ) ;
#293 = LINE ( 'NONE', #1695, #4142 ) ;
#294 = CARTESIAN_POINT ( 'NONE',  ( -0.1113147800263711851, -0.09162974065629245213, 0.04193654726125713855 ) ) ;
#295 = DIRECTION ( 'NONE',  ( -0.000000000000000000, 0.000000000000000000, 1.000000000000000000 ) ) ;
#296 = DIMENSIONAL_EXPONENTS ( 1.000000000000000000, 0.000000000000000000, 0.000000000000000000, 0.000000000000000000, 0.000000000000000000, 0.000000000000000000, 0.000000000000000000 ) ;
#297 = VERTEX_POINT ( 'NONE', #4474 ) ;
#298 =( LENGTH_UNIT ( ) NAMED_UNIT ( * ) SI_UNIT ( $, .METRE. ) );
#299 = CARTESIAN_POINT ( 'NONE',  ( -0.1210629921259842590, -0.03307086614173224137, 0.000000000000000000 ) ) ;
#300 = DIRECTION ( 'NONE',  ( 1.000000000000000000, 0.000000000000000000, -0.000000000000000000 ) ) ;
#301 =( GEOMETRIC_REPRESENTATION_CONTEXT ( 3 ) GLOBAL_UNCERTAINTY_ASSIGNED_CONTEXT ( ( #1499 ) ) GLOBAL_UNIT_ASSIGNED_CONTEXT ( ( #4426, #1713, #5837 ) ) REPRESENTATION_CONTEXT ( 'NONE', 'WORKASPACE' ) );
#302 = AXIS2_PLACEMENT_3D ( 'NONE', #1275, #3096, #388 ) ;
#303 = DIRECTION ( 'NONE',  ( -0.000000000000000000, 1.000000000000000000, 0.000000000000000000 ) ) ;
#304 = ADVANCED_FACE ( 'NONE', ( #4537 ), #805, .F. ) ;
#305 = EDGE_LOOP ( 'NONE', ( #2404, #4841, #4772, #2552 ) ) ;
#306 = SURFACE_SIDE_STYLE ('',( #2109 ) ) ;
#307 = VERTEX_POINT ( 'NONE', #4002 ) ;
#308 = STYLED_ITEM ( 'NONE', ( #2786 ), #5793 ) ;
#309 = STYLED_ITEM ( 'NONE', ( #3287 ), #387 ) ;
#310 =( CONVERSION_BASED_UNIT ( 'INCH', #278 ) LENGTH_UNIT ( ) NAMED_UNIT ( #3600 ) );
#311 = LINE ( 'NONE', #5341, #3533 ) ;
#312 =( LENGTH_UNIT ( ) NAMED_UNIT ( * ) SI_UNIT ( $, .METRE. ) );
#313 = AXIS2_PLACEMENT_3D ( 'NONE', #4483, #5041, #5927 ) ;
#314 = VERTEX_POINT ( 'NONE', #3563 ) ;
#315 = MANIFOLD_SOLID_BREP ( 'Imported4', #5203 ) ;
#316 = DIRECTION ( 'NONE',  ( 0.000000000000000000, -0.000000000000000000, 1.000000000000000000 ) ) ;
#317 = VECTOR ( 'NONE', #2831, 39.37007874015748143 ) ;
#318 = LENGTH_MEASURE_WITH_UNIT ( LENGTH_MEASURE( 0.02539999999999999897 ), #4390 );
#319 = ORIENTED_EDGE ( 'NONE', *, *, #5642, .T. ) ;
#320 = CARTESIAN_POINT ( 'NONE',  ( 0.1161417322834645827, -0.09645669291338584972, 0.0009842519685039369942 ) ) ;
#321 = DIRECTION ( 'NONE',  ( 0.000000000000000000, -0.000000000000000000, 1.000000000000000000 ) ) ;
#322 = VECTOR ( 'NONE', #420, 39.37007874015748143 ) ;
#323 = LINE ( 'NONE', #4833, #4704 ) ;
#324 = SURFACE_STYLE_USAGE ( .BOTH. , #3472 ) ;
#325 = VECTOR ( 'NONE', #1161, 39.37007874015748143 ) ;
#326 = STYLED_ITEM ( 'NONE', ( #5204 ), #5236 ) ;
#327 = CLOSED_SHELL ( 'NONE', ( #5898, #387, #708, #4453, #4852, #1767 ) ) ;
#328 = LENGTH_MEASURE_WITH_UNIT ( LENGTH_MEASURE( 0.02539999999999999897 ), #5819 );
#329 = STYLED_ITEM ( 'NONE', ( #711 ), #5431 ) ;
#330 = COLOUR_RGB ( '',0.8313725490196077761, 0.8313725490196077761, 0.8313725490196077761 ) ;
#331 = CIRCLE ( 'NONE', #1070, 0.003937007874015755783 ) ;
#332 = ORIENTED_EDGE ( 'NONE', *, *, #3279, .T. ) ;
#333 = MANIFOLD_SOLID_BREP ( 'Imported2', #4415 ) ;
#334 =( LENGTH_UNIT ( ) NAMED_UNIT ( * ) SI_UNIT ( $, .METRE. ) );
#335 = LINE ( 'NONE', #5796, #3288 ) ;
#336 = LINE ( 'NONE', #2138, #901 ) ;
#337 = ORIENTED_EDGE ( 'NONE', *, *, #2736, .T. ) ;
#338 = ORIENTED_EDGE ( 'NONE', *, *, #4832, .F. ) ;
#339 = DIMENSIONAL_EXPONENTS ( 1.000000000000000000, 0.000000000000000000, 0.000000000000000000, 0.000000000000000000, 0.000000000000000000, 0.000000000000000000, 0.000000000000000000 ) ;
#340 = SURFACE_STYLE_FILL_AREA ( #1180 ) ;
#341 =( CONVERSION_BASED_UNIT ( 'INCH', #4908 ) LENGTH_UNIT ( ) NAMED_UNIT ( #3446 ) );
#342 = FILL_AREA_STYLE ('',( #2172 ) ) ;
#343 =( NAMED_UNIT ( * ) PLANE_ANGLE_UNIT ( ) SI_UNIT ( $, .RADIAN. ) );
#344 = ORIENTED_EDGE ( 'NONE', *, *, #3832, .F. ) ;
#345 = ORIENTED_EDGE ( 'NONE', *, *, #3816, .T. ) ;
#346 = ADVANCED_FACE ( 'NONE', ( #465 ), #1257, .F. ) ;
#347 = AXIS2_PLACEMENT_3D ( 'NONE', #5253, #2895, #2930 ) ;
#348 =( NAMED_UNIT ( * ) SI_UNIT ( $, .STERADIAN. ) SOLID_ANGLE_UNIT ( ) );
#349 = LENGTH_MEASURE_WITH_UNIT ( LENGTH_MEASURE( 0.02539999999999999897 ), #4858 );
#350 = DIRECTION ( 'NONE',  ( 1.353930517835559931E-15, 1.000000000000000000, 0.000000000000000000 ) ) ;
#351 =( CONVERSION_BASED_UNIT ( 'INCH', #5842 ) LENGTH_UNIT ( ) NAMED_UNIT ( #443 ) );
#352 = DIRECTION ( 'NONE',  ( -1.000000000000000000, 0.000000000000000000, 0.000000000000000000 ) ) ;
#353 = DIRECTION ( 'NONE',  ( 0.9945218953682731788, 0.000000000000000000, -0.1045284632676536374 ) ) ;
#354 = EDGE_CURVE ( 'NONE', #2901, #5917, #2682, .T. ) ;
#355 = CARTESIAN_POINT ( 'NONE',  ( 0.08464566929133858497, -0.07874015748031493178, 0.000000000000000000 ) ) ;
#356 = LINE ( 'NONE', #2164, #1219 ) ;
#357 =( CONVERSION_BASED_UNIT ( 'INCH', #814 ) LENGTH_UNIT ( ) NAMED_UNIT ( #5654 ) );
#358 =( CONVERSION_BASED_UNIT ( 'INCH', #5367 ) LENGTH_UNIT ( ) NAMED_UNIT ( #5619 ) );
#359 = CARTESIAN_POINT ( 'NONE',  ( -0.1092037056162347280, 0.08951866624615598123, 0.03937007874015768100 ) ) ;
#360 = VERTEX_POINT ( 'NONE', #5069 ) ;
#361 = ORIENTED_EDGE ( 'NONE', *, *, #5038, .F. ) ;
#362 = EDGE_CURVE ( 'NONE', #3763, #872, #1952, .T. ) ;
#363 = DIRECTION ( 'NONE',  ( 2.191229653865440203E-16, -1.000000000000000000, 0.000000000000000000 ) ) ;
#364 = ORIENTED_EDGE ( 'NONE', *, *, #80, .F. ) ;
#365 = EDGE_LOOP ( 'NONE', ( #4648, #741, #5726, #2787 ) ) ;
#366 =( NAMED_UNIT ( * ) PLANE_ANGLE_UNIT ( ) SI_UNIT ( $, .RADIAN. ) );
#367 = PRESENTATION_STYLE_ASSIGNMENT (( #2526 ) ) ;
#368 = ORIENTED_EDGE ( 'NONE', *, *, #4351, .T. ) ;
#369 = DIMENSIONAL_EXPONENTS ( 1.000000000000000000, 0.000000000000000000, 0.000000000000000000, 0.000000000000000000, 0.000000000000000000, 0.000000000000000000, 0.000000000000000000 ) ;
#370 = CARTESIAN_POINT ( 'NONE',  ( 0.1122047244094488277, 0.09645669291338584972, 0.0009842519685039369942 ) ) ;
#371 = CARTESIAN_POINT ( 'NONE',  ( -0.1092037056162346448, -0.08951866624615589796, 0.03937007874015747977 ) ) ;
#372 = FACE_OUTER_BOUND ( 'NONE', #441, .T. ) ;
#373 = EDGE_CURVE ( 'NONE', #4181, #3626, #1981, .T. ) ;
#374 = DIRECTION ( 'NONE',  ( 1.000000000000000000, 0.000000000000000000, -0.000000000000000000 ) ) ;
#375 = CARTESIAN_POINT ( 'NONE',  ( 0.1161417322834645827, -0.06692913385826770867, 0.000000000000000000 ) ) ;
#376 = CARTESIAN_POINT ( 'NONE',  ( -0.1103353514614928005, 0.09162974065629239662, 0.04274218604578640390 ) ) ;
#377 = SURFACE_STYLE_USAGE ( .BOTH. , #5013 ) ;
#378 = VECTOR ( 'NONE', #2160, 39.37007874015748143 ) ;
#379 =( NAMED_UNIT ( * ) PLANE_ANGLE_UNIT ( ) SI_UNIT ( $, .RADIAN. ) );
#380 = LINE ( 'NONE', #1761, #3774 ) ;
#381 = LINE ( 'NONE', #3113, #4158 ) ;
#382 = CARTESIAN_POINT ( 'NONE',  ( 0.1080246379609846458, 0.09077891420826739166, 0.04290866681146493500 ) ) ;
#383 = DIRECTION ( 'NONE',  ( 2.241005114736412675E-16, -1.000000000000000000, -2.355391288108391830E-17 ) ) ;
#384 = VERTEX_POINT ( 'NONE', #5172 ) ;
#385 = ORIENTED_EDGE ( 'NONE', *, *, #1859, .F. ) ;
#386 = CARTESIAN_POINT ( 'NONE',  ( -0.1092037056162346448, 0.08951866624615589796, 0.03937007874015750059 ) ) ;
#387 = ADVANCED_FACE ( 'NONE', ( #5540 ), #4672, .T. ) ;
#388 = DIRECTION ( 'NONE',  ( -0.5362129001746729351, -0.5362129001746817059, 0.6518830043593122348 ) ) ;
#389 = EDGE_CURVE ( 'NONE', #5141, #2847, #2394, .T. ) ;
#390 = CARTESIAN_POINT ( 'NONE',  ( -0.1113147800263711296, 0.09162974065629242437, 0.04193654726125711774 ) ) ;
#391 = CIRCLE ( 'NONE', #4475, 0.003937007874015741038 ) ;
#392 = ORIENTED_EDGE ( 'NONE', *, *, #5868, .F. ) ;
#393 = LINE ( 'NONE', #1309, #5381 ) ;
#394 = MECHANICAL_DESIGN_GEOMETRIC_PRESENTATION_REPRESENTATION (  '', ( #4975 ), #26 ) ;
#395 = COLOUR_RGB ( '',0.8313725490196077761, 0.8313725490196077761, 0.8313725490196077761 ) ;
#396 = COLOUR_RGB ( '',0.2862745098039215508, 0.2862745098039215508, 0.2862745098039215508 ) ;
#397 = DIRECTION ( 'NONE',  ( 1.000000000000000000, 0.000000000000000000, -0.000000000000000000 ) ) ;
#398 = SURFACE_STYLE_USAGE ( .BOTH. , #5839 ) ;
#399 = PRESENTATION_STYLE_ASSIGNMENT (( #2649 ) ) ;
#400 = STYLED_ITEM ( 'NONE', ( #3794 ), #4622 ) ;
#401 = CARTESIAN_POINT ( 'NONE',  ( 0.08464566929133858497, 0.07874015748031495954, 0.01102362204724409607 ) ) ;
#402 = CIRCLE ( 'NONE', #1055, 0.003937007874015721956 ) ;
#403 = COLOUR_RGB ( '',0.2862745098039215508, 0.2862745098039215508, 0.2862745098039215508 ) ;
#404 = EDGE_CURVE ( 'NONE', #1262, #5829, #950, .T. ) ;
#405 = DIRECTION ( 'NONE',  ( 0.000000000000000000, 1.000000000000000000, 0.000000000000000000 ) ) ;
#406 = AXIS2_PLACEMENT_3D ( 'NONE', #2076, #2884, #4783 ) ;
#407 =( LENGTH_UNIT ( ) NAMED_UNIT ( * ) SI_UNIT ( $, .METRE. ) );
#408 = DIMENSIONAL_EXPONENTS ( 1.000000000000000000, 0.000000000000000000, 0.000000000000000000, 0.000000000000000000, 0.000000000000000000, 0.000000000000000000, 0.000000000000000000 ) ;
#409 = CARTESIAN_POINT ( 'NONE',  ( -0.1210629921259842590, -0.08307086614173228578, 0.01102362204724409607 ) ) ;
#410 = AXIS2_PLACEMENT_3D ( 'NONE', #4578, #1398, #1519 ) ;
#411 = CIRCLE ( 'NONE', #5169, 0.003937007874015755783 ) ;
#412 = EDGE_CURVE ( 'NONE', #1433, #5092, #1080, .T. ) ;
#413 = ORIENTED_EDGE ( 'NONE', *, *, #4645, .F. ) ;
#414 =( GEOMETRIC_REPRESENTATION_CONTEXT ( 3 ) GLOBAL_UNCERTAINTY_ASSIGNED_CONTEXT ( ( #3347 ) ) GLOBAL_UNIT_ASSIGNED_CONTEXT ( ( #3796, #3013, #2084 ) ) REPRESENTATION_CONTEXT ( 'NONE', 'WORKASPACE' ) );
#415 = ORIENTED_EDGE ( 'NONE', *, *, #2736, .F. ) ;
#416 = ORIENTED_EDGE ( 'NONE', *, *, #2891, .F. ) ;
#417 = VECTOR ( 'NONE', #5409, 39.37007874015748143 ) ;
#418 =( NAMED_UNIT ( * ) PLANE_ANGLE_UNIT ( ) SI_UNIT ( $, .RADIAN. ) );
#419 = SURFACE_SIDE_STYLE ('',( #5373 ) ) ;
#420 = DIRECTION ( 'NONE',  ( 1.000000000000000000, 0.000000000000000000, -0.000000000000000000 ) ) ;
#421 = EDGE_LOOP ( 'NONE', ( #636, #3800, #4904, #1179 ) ) ;
#422 = LINE ( 'NONE', #3497, #417 ) ;
#423 = LENGTH_MEASURE_WITH_UNIT ( LENGTH_MEASURE( 0.02539999999999999897 ), #5347 );
#424 = EDGE_CURVE ( 'NONE', #5776, #4747, #2866, .T. ) ;
#425 = FILL_AREA_STYLE ('',( #4505 ) ) ;
#426 = CARTESIAN_POINT ( 'NONE',  ( -0.1122047244094488277, 0.09251968503937008093, 0.0009842519685039369942 ) ) ;
#427 = SURFACE_STYLE_FILL_AREA ( #5563 ) ;
#428 =( LENGTH_UNIT ( ) NAMED_UNIT ( * ) SI_UNIT ( $, .METRE. ) );
#429 =( NAMED_UNIT ( * ) SI_UNIT ( $, .STERADIAN. ) SOLID_ANGLE_UNIT ( ) );
#430 = DIRECTION ( 'NONE',  ( 0.000000000000000000, 0.000000000000000000, 1.000000000000000000 ) ) ;
#431 = PRESENTATION_LAYER_ASSIGNMENT (  '', '', ( #1183 ) ) ;
#432 = FILL_AREA_STYLE_COLOUR ( '', #770 ) ;
#433 = ORIENTED_EDGE ( 'NONE', *, *, #824, .T. ) ;
#434 = VECTOR ( 'NONE', #3481, 39.37007874015748143 ) ;
#435 = FACE_OUTER_BOUND ( 'NONE', #2827, .T. ) ;
#436 = DIRECTION ( 'NONE',  ( 0.000000000000000000, -0.000000000000000000, 1.000000000000000000 ) ) ;
#437 =( LENGTH_UNIT ( ) NAMED_UNIT ( * ) SI_UNIT ( $, .METRE. ) );
#438 = CARTESIAN_POINT ( 'NONE',  ( -0.02578740157480311282, 2.731847993664264143E-17, 0.0009842519685039369942 ) ) ;
#439 =( NAMED_UNIT ( * ) SI_UNIT ( $, .STERADIAN. ) SOLID_ANGLE_UNIT ( ) );
#440 = VERTEX_POINT ( 'NONE', #4571 ) ;
#441 = EDGE_LOOP ( 'NONE', ( #2004, #2743, #5030, #3734, #894, #4114 ) ) ;
#442 = EDGE_CURVE ( 'NONE', #5057, #1176, #4161, .T. ) ;
#443 = DIMENSIONAL_EXPONENTS ( 1.000000000000000000, 0.000000000000000000, 0.000000000000000000, 0.000000000000000000, 0.000000000000000000, 0.000000000000000000, 0.000000000000000000 ) ;
#444 = VECTOR ( 'NONE', #4617, 39.37007874015748143 ) ;
#445 =( LENGTH_UNIT ( ) NAMED_UNIT ( * ) SI_UNIT ( $, .METRE. ) );
#446 = FILL_AREA_STYLE ('',( #1686 ) ) ;
#447 = DIRECTION ( 'NONE',  ( 0.000000000000000000, -0.000000000000000000, -1.000000000000000000 ) ) ;
#448 = ORIENTED_EDGE ( 'NONE', *, *, #1347, .F. ) ;
#449 = CARTESIAN_POINT ( 'NONE',  ( -0.1161417322834645549, -0.03307086614173224831, 0.000000000000000000 ) ) ;
#450 = ORIENTED_EDGE ( 'NONE', *, *, #1419, .T. ) ;
#451 = MECHANICAL_DESIGN_GEOMETRIC_PRESENTATION_REPRESENTATION (  '', ( #4360 ), #3785 ) ;
#452 =( NAMED_UNIT ( * ) SI_UNIT ( $, .STERADIAN. ) SOLID_ANGLE_UNIT ( ) );
#453 =( CONVERSION_BASED_UNIT ( 'INCH', #5099 ) LENGTH_UNIT ( ) NAMED_UNIT ( #4140 ) );
#454 = CARTESIAN_POINT ( 'NONE',  ( -0.1092037056162346170, -0.08951866624615589796, 0.04330708661417323468 ) ) ;
#455 = SURFACE_STYLE_FILL_AREA ( #3127 ) ;
#456 = LENGTH_MEASURE_WITH_UNIT ( LENGTH_MEASURE( 0.02539999999999999897 ), #428 );
#457 = DIRECTION ( 'NONE',  ( 1.000000000000000000, 0.000000000000000000, -0.000000000000000000 ) ) ;
#458 = SURFACE_SIDE_STYLE ('',( #4917 ) ) ;
#459 = FILL_AREA_STYLE_COLOUR ( '', #3853 ) ;
#460 = LENGTH_MEASURE_WITH_UNIT ( LENGTH_MEASURE( 0.02539999999999999897 ), #4639 );
#461 = LENGTH_MEASURE_WITH_UNIT ( LENGTH_MEASURE( 0.02539999999999999897 ), #4159 );
#462 = EDGE_CURVE ( 'NONE', #2419, #4747, #66, .T. ) ;
#463 =( CONVERSION_BASED_UNIT ( 'INCH', #1858 ) LENGTH_UNIT ( ) NAMED_UNIT ( #2994 ) );
#464 = ADVANCED_FACE ( 'NONE', ( #2768 ), #4610, .F. ) ;
#465 = FACE_OUTER_BOUND ( 'NONE', #955, .T. ) ;
#466 = FACE_OUTER_BOUND ( 'NONE', #3960, .T. ) ;
#467 = ORIENTED_EDGE ( 'NONE', *, *, #3590, .T. ) ;
#468 = LENGTH_MEASURE_WITH_UNIT ( LENGTH_MEASURE( 0.02539999999999999897 ), #5018 );
#469 = CARTESIAN_POINT ( 'NONE',  ( -0.02578740157480310588, 0.1013779527559055121, 0.01102362204724409607 ) ) ;
#470 = LENGTH_MEASURE_WITH_UNIT ( LENGTH_MEASURE( 0.02539999999999999897 ), #1327 );
#471 = ORIENTED_EDGE ( 'NONE', *, *, #1934, .F. ) ;
#472 = PRESENTATION_LAYER_ASSIGNMENT (  '', '', ( #4374 ) ) ;
#473 = PRESENTATION_LAYER_ASSIGNMENT (  '', '', ( #5165 ) ) ;
#474 = ORIENTED_EDGE ( 'NONE', *, *, #2489, .T. ) ;
#475 = CIRCLE ( 'NONE', #3809, 0.003937007874015755783 ) ;
#476 = STYLED_ITEM ( 'NONE', ( #2953 ), #1891 ) ;
#477 =( NAMED_UNIT ( * ) PLANE_ANGLE_UNIT ( ) SI_UNIT ( $, .RADIAN. ) );
#478 = SURFACE_SIDE_STYLE ('',( #2088 ) ) ;
#479 =( CONVERSION_BASED_UNIT ( 'INCH', #4109 ) LENGTH_UNIT ( ) NAMED_UNIT ( #5465 ) );
#480 = ORIENTED_EDGE ( 'NONE', *, *, #1071, .T. ) ;
#481 = LINE ( 'NONE', #449, #1908 ) ;
#482 = ORIENTED_EDGE ( 'NONE', *, *, #3953, .T. ) ;
#483 = SURFACE_SIDE_STYLE ('',( #3608 ) ) ;
#484 = DIMENSIONAL_EXPONENTS ( 1.000000000000000000, 0.000000000000000000, 0.000000000000000000, 0.000000000000000000, 0.000000000000000000, 0.000000000000000000, 0.000000000000000000 ) ;
#485 = FILL_AREA_STYLE ('',( #885 ) ) ;
#486 = FILL_AREA_STYLE_COLOUR ( '', #4319 ) ;
#487 = CIRCLE ( 'NONE', #849, 0.003937007874015721956 ) ;
#488 = DIRECTION ( 'NONE',  ( 1.000000000000000000, 0.000000000000000000, -0.000000000000000000 ) ) ;
#489 = STYLED_ITEM ( 'NONE', ( #4786 ), #5898 ) ;
#490 = CARTESIAN_POINT ( 'NONE',  ( 0.1122047244094488277, 0.09645669291338584972, 0.000000000000000000 ) ) ;
#491 = COLOUR_RGB ( '',0.2862745098039215508, 0.2862745098039215508, 0.2862745098039215508 ) ;
#492 = CARTESIAN_POINT ( 'NONE',  ( 2.185478394931409404E-17, 0.07874015748031495954, 0.0009842519685039369942 ) ) ;
#493 = MECHANICAL_DESIGN_GEOMETRIC_PRESENTATION_REPRESENTATION (  '', ( #5478 ), #2199 ) ;
#494 = SURFACE_SIDE_STYLE ('',( #864 ) ) ;
#495 = VECTOR ( 'NONE', #660, 39.37007874015748143 ) ;
#496 = ORIENTED_EDGE ( 'NONE', *, *, #3816, .F. ) ;
#497 = EDGE_CURVE ( 'NONE', #3, #961, #1634, .T. ) ;
#498 = VECTOR ( 'NONE', #4228, 39.37007874015748143 ) ;
#499 = DIRECTION ( 'NONE',  ( -0.000000000000000000, -0.000000000000000000, -1.000000000000000000 ) ) ;
#500 = FILL_AREA_STYLE ('',( #3198 ) ) ;
#501 = DIRECTION ( 'NONE',  ( -0.1039620511844980000, -0.1039620511844970008, 0.9891328443778539814 ) ) ;
#502 = FILL_AREA_STYLE ('',( #3773 ) ) ;
#503 = VECTOR ( 'NONE', #5185, 39.37007874015748143 ) ;
#504 = SURFACE_STYLE_FILL_AREA ( #4579 ) ;
#505 = VERTEX_POINT ( 'NONE', #5812 ) ;
#506 = DIRECTION ( 'NONE',  ( 0.000000000000000000, -0.000000000000000000, 1.000000000000000000 ) ) ;
#507 = COLOUR_RGB ( '',0.8313725490196077761, 0.8313725490196077761, 0.8313725490196077761 ) ;
#508 = CARTESIAN_POINT ( 'NONE',  ( -0.1210629921259842590, 0.06692913385826770867, 0.000000000000000000 ) ) ;
#509 = COLOUR_RGB ( '',0.2862745098039215508, 0.2862745098039215508, 0.2862745098039215508 ) ;
#510 =( NAMED_UNIT ( * ) PLANE_ANGLE_UNIT ( ) SI_UNIT ( $, .RADIAN. ) );
#511 = LENGTH_MEASURE_WITH_UNIT ( LENGTH_MEASURE( 0.02539999999999999897 ), #2233 );
#512 = EDGE_LOOP ( 'NONE', ( #4883, #5221, #448, #3930, #1867 ) ) ;
#513 = DIRECTION ( 'NONE',  ( -0.000000000000000000, -0.000000000000000000, -1.000000000000000000 ) ) ;
#515 = UNCERTAINTY_MEASURE_WITH_UNIT (LENGTH_MEASURE( 1.000000000000000082E-05 ), #3169, 'distance_accuracy_value', 'NONE');
#514 = DIMENSIONAL_EXPONENTS ( 1.000000000000000000, 0.000000000000000000, 0.000000000000000000, 0.000000000000000000, 0.000000000000000000, 0.000000000000000000, 0.000000000000000000 ) ;
#516 = ORIENTED_EDGE ( 'NONE', *, *, #4123, .T. ) ;
#517 =( NAMED_UNIT ( * ) SI_UNIT ( $, .STERADIAN. ) SOLID_ANGLE_UNIT ( ) );
#518 = PRESENTATION_LAYER_ASSIGNMENT (  '', '', ( #2216 ) ) ;
#519 = DIRECTION ( 'NONE',  ( 0.000000000000000000, 0.000000000000000000, 1.000000000000000000 ) ) ;
#520 = CARTESIAN_POINT ( 'NONE',  ( 0.08464566929133858497, -0.07874015748031495954, 0.000000000000000000 ) ) ;
#521 = FACE_OUTER_BOUND ( 'NONE', #5073, .T. ) ;
#522 = ADVANCED_FACE ( 'NONE', ( #2093 ), #4744, .T. ) ;
#523 = SURFACE_SIDE_STYLE ('',( #1389 ) ) ;
#524 =( NAMED_UNIT ( * ) SI_UNIT ( $, .STERADIAN. ) SOLID_ANGLE_UNIT ( ) );
#525 = CARTESIAN_POINT ( 'NONE',  ( 0.1210629921259842590, -0.08307086614173228578, 0.000000000000000000 ) ) ;
#526 = ORIENTED_EDGE ( 'NONE', *, *, #5768, .F. ) ;
#527 = CARTESIAN_POINT ( 'NONE',  ( -0.02578740157480311282, 2.731847993664264143E-17, 0.0009842519685039369942 ) ) ;
#528 = CARTESIAN_POINT ( 'NONE',  ( -0.02578740157480310588, 0.09645669291338582196, 0.000000000000000000 ) ) ;
#529 = COLOUR_RGB ( '',0.2862745098039215508, 0.2862745098039215508, 0.2862745098039215508 ) ;
#530 = CARTESIAN_POINT ( 'NONE',  ( 0.09842519685039370636, 0.07874015748031495954, 0.01102362204724409607 ) ) ;
#531 = CARTESIAN_POINT ( 'NONE',  ( -0.009645669291338582543, 2.731847993664264143E-17, 0.0009842519685039369942 ) ) ;
#532 = ORIENTED_EDGE ( 'NONE', *, *, #4050, .T. ) ;
#533 = ADVANCED_FACE ( 'NONE', ( #265 ), #1584, .F. ) ;
#534 = ORIENTED_EDGE ( 'NONE', *, *, #2134, .F. ) ;
#535 =( GEOMETRIC_REPRESENTATION_CONTEXT ( 3 ) GLOBAL_UNCERTAINTY_ASSIGNED_CONTEXT ( ( #1544 ) ) GLOBAL_UNIT_ASSIGNED_CONTEXT ( ( #2069, #5753, #1631 ) ) REPRESENTATION_CONTEXT ( 'NONE', 'WORKASPACE' ) );
#536 = UNCERTAINTY_MEASURE_WITH_UNIT (LENGTH_MEASURE( 1.000000000000000082E-05 ), #5457, 'distance_accuracy_value', 'NONE');
#537 = CARTESIAN_POINT ( 'NONE',  ( -0.009645669291338582543, 0.06517566022095197531, 0.000000000000000000 ) ) ;
#538 = CARTESIAN_POINT ( 'NONE',  ( -0.1150550738846282672, 0.08544681273289443657, 0.04151168478572736520 ) ) ;
#539 =( CONVERSION_BASED_UNIT ( 'INCH', #2722 ) LENGTH_UNIT ( ) NAMED_UNIT ( #1312 ) );
#540 = CARTESIAN_POINT ( 'NONE',  ( 2.185478394931409404E-17, 2.185478394931409404E-17, 0.04330708661417323468 ) ) ;
#541 = EDGE_LOOP ( 'NONE', ( #5248, #1996, #283, #205 ) ) ;
#542 = LINE ( 'NONE', #4180, #3721 ) ;
#543 = ORIENTED_EDGE ( 'NONE', *, *, #3888, .F. ) ;
#544 = UNCERTAINTY_MEASURE_WITH_UNIT (LENGTH_MEASURE( 1.000000000000000082E-05 ), #4859, 'distance_accuracy_value', 'NONE');
#545 = PRESENTATION_LAYER_ASSIGNMENT (  '', '', ( #1688 ) ) ;
#546 = SURFACE_STYLE_USAGE ( .BOTH. , #2700 ) ;
#547 = MECHANICAL_DESIGN_GEOMETRIC_PRESENTATION_REPRESENTATION (  '', ( #3196 ), #4265 ) ;
#548 = CARTESIAN_POINT ( 'NONE',  ( 0.1092037056162346587, 0.08951866624615591184, 0.03937007874015747977 ) ) ;
#549 = CARTESIAN_POINT ( 'NONE',  ( -0.09842519685039370636, 0.01692913385826775793, 0.01102362204724409607 ) ) ;
#550 = PRESENTATION_STYLE_ASSIGNMENT (( #1417 ) ) ;
#551 = DIMENSIONAL_EXPONENTS ( 1.000000000000000000, 0.000000000000000000, 0.000000000000000000, 0.000000000000000000, 0.000000000000000000, 0.000000000000000000, 0.000000000000000000 ) ;
#552 = DIRECTION ( 'NONE',  ( -1.000000000000000000, -2.191229653865440203E-16, -0.000000000000000000 ) ) ;
#553 = PRESENTATION_LAYER_ASSIGNMENT (  '', '', ( #1516 ) ) ;
#554 = CARTESIAN_POINT ( 'NONE',  ( -0.05118110236220473064, -0.07874015748031495954, 0.000000000000000000 ) ) ;
#555 = ADVANCED_FACE ( 'NONE', ( #372 ), #5414, .T. ) ;
#556 = CARTESIAN_POINT ( 'NONE',  ( 0.09842519685039370636, -0.07499999999999999722, 0.000000000000000000 ) ) ;
#557 = ORIENTED_EDGE ( 'NONE', *, *, #1103, .T. ) ;
#558 = CARTESIAN_POINT ( 'NONE',  ( -0.05807086614173229133, -0.09645669291338572482, 0.01102362204724408393 ) ) ;
#559 = CARTESIAN_POINT ( 'NONE',  ( -0.1161417322834645549, -0.06692913385826770867, 0.000000000000000000 ) ) ;
#560 = CARTESIAN_POINT ( 'NONE',  ( -0.1210629921259842590, 0.06692913385826770867, 0.000000000000000000 ) ) ;
#561 = ORIENTED_EDGE ( 'NONE', *, *, #2899, .T. ) ;
#562 = PLANE ( 'NONE',  #5281 ) ;
#563 = SURFACE_STYLE_FILL_AREA ( #1528 ) ;
#564 = LINE ( 'NONE', #1901, #929 ) ;
#565 =( NAMED_UNIT ( * ) SI_UNIT ( $, .STERADIAN. ) SOLID_ANGLE_UNIT ( ) );
#566 = MECHANICAL_DESIGN_GEOMETRIC_PRESENTATION_REPRESENTATION (  '', ( #3124 ), #1026 ) ;
#567 = VERTEX_POINT ( 'NONE', #1416 ) ;
#568 = DIRECTION ( 'NONE',  ( 1.000000000000000000, 1.411300455031980070E-16, 0.000000000000000000 ) ) ;
#569 = ORIENTED_EDGE ( 'NONE', *, *, #1514, .F. ) ;
#570 = MECHANICAL_DESIGN_GEOMETRIC_PRESENTATION_REPRESENTATION (  '', ( #5751 ), #3320 ) ;
#571 = CARTESIAN_POINT ( 'NONE',  ( -0.05118110236220473064, -0.07874015748031495954, 0.000000000000000000 ) ) ;
#572 = EDGE_CURVE ( 'NONE', #879, #3963, #576, .T. ) ;
#573 = VERTEX_POINT ( 'NONE', #2416 ) ;
#574 = CARTESIAN_POINT ( 'NONE',  ( -0.1161417322834645549, -0.03307086614173224831, 0.0009842519685039369942 ) ) ;
#575 = PLANE ( 'NONE',  #4231 ) ;
#576 = LINE ( 'NONE', #5036, #1050 ) ;
#577 = CARTESIAN_POINT ( 'NONE',  ( 0.1161417322834644716, -0.04822834645669292486, 0.01102362204724408393 ) ) ;
#578 = ORIENTED_EDGE ( 'NONE', *, *, #3123, .F. ) ;
#579 = CARTESIAN_POINT ( 'NONE',  ( 0.1097440944881889757, -0.08307086614173228578, 0.01102362204724409607 ) ) ;
#580 = CARTESIAN_POINT ( 'NONE',  ( 0.09842519685039370636, 0.07874015748031495954, 0.01102362204724409607 ) ) ;
#581 = DIRECTION ( 'NONE',  ( -1.000000000000000000, 0.000000000000000000, 0.000000000000000000 ) ) ;
#582 = ORIENTED_EDGE ( 'NONE', *, *, #5301, .F. ) ;
#583 = DIMENSIONAL_EXPONENTS ( 1.000000000000000000, 0.000000000000000000, 0.000000000000000000, 0.000000000000000000, 0.000000000000000000, 0.000000000000000000, 0.000000000000000000 ) ;
#584 = CARTESIAN_POINT ( 'NONE',  ( 0.1111993392797841762, -0.08948880716714467665, 0.04379255050836116520 ) ) ;
#585 = VECTOR ( 'NONE', #5537, 39.37007874015748143 ) ;
#586 = LENGTH_MEASURE_WITH_UNIT ( LENGTH_MEASURE( 0.02539999999999999897 ), #960 );
#587 = PRESENTATION_LAYER_ASSIGNMENT (  '', '', ( #3736 ) ) ;
#588 = ORIENTED_EDGE ( 'NONE', *, *, #1491, .F. ) ;
#589 = COLOUR_RGB ( '',0.8313725490196077761, 0.8313725490196077761, 0.8313725490196077761 ) ;
#590 = UNCERTAINTY_MEASURE_WITH_UNIT (LENGTH_MEASURE( 1.000000000000000082E-05 ), #3210, 'distance_accuracy_value', 'NONE');
#591 = COLOUR_RGB ( '',0.2862745098039215508, 0.2862745098039215508, 0.2862745098039215508 ) ;
#592 = EDGE_CURVE ( 'NONE', #1704, #2550, #150, .T. ) ;
#593 = VECTOR ( 'NONE', #4366, 39.37007874015748143 ) ;
#594 =( LENGTH_UNIT ( ) NAMED_UNIT ( * ) SI_UNIT ( $, .METRE. ) );
#595 = FACE_OUTER_BOUND ( 'NONE', #3231, .T. ) ;
#596 = SURFACE_STYLE_USAGE ( .BOTH. , #5220 ) ;
#597 = MECHANICAL_DESIGN_GEOMETRIC_PRESENTATION_REPRESENTATION (  '', ( #1921 ), #5690 ) ;
#598 = EDGE_LOOP ( 'NONE', ( #4628, #1506, #2087, #5023, #730, #1184, #1603, #3996 ) ) ;
#599 = ORIENTED_EDGE ( 'NONE', *, *, #3297, .F. ) ;
#600 = VECTOR ( 'NONE', #303, 39.37007874015748143 ) ;
#601 = PRESENTATION_LAYER_ASSIGNMENT (  '', '', ( #1651 ) ) ;
#602 = ORIENTED_EDGE ( 'NONE', *, *, #5088, .F. ) ;
#603 =( NAMED_UNIT ( * ) SI_UNIT ( $, .STERADIAN. ) SOLID_ANGLE_UNIT ( ) );
#604 = SURFACE_STYLE_FILL_AREA ( #1909 ) ;
#605 = VECTOR ( 'NONE', #5442, 39.37007874015748143 ) ;
#606 = PLANE ( 'NONE',  #5207 ) ;
#607 = PRESENTATION_LAYER_ASSIGNMENT (  '', '', ( #3847 ) ) ;
#608 = EDGE_CURVE ( 'NONE', #1271, #1704, #976, .T. ) ;
#609 = VECTOR ( 'NONE', #4208, 39.37007874015748143 ) ;
#610 = UNCERTAINTY_MEASURE_WITH_UNIT (LENGTH_MEASURE( 1.000000000000000082E-05 ), #5586, 'distance_accuracy_value', 'NONE');
#611 = ORIENTED_EDGE ( 'NONE', *, *, #776, .T. ) ;
#612 =( NAMED_UNIT ( * ) PLANE_ANGLE_UNIT ( ) SI_UNIT ( $, .RADIAN. ) );
#613 = SURFACE_STYLE_FILL_AREA ( #502 ) ;
#614 = CARTESIAN_POINT ( 'NONE',  ( -0.02578740157480310588, -0.07499999999999999722, 0.01102362204724409607 ) ) ;
#615 =( LENGTH_UNIT ( ) NAMED_UNIT ( * ) SI_UNIT ( $, .METRE. ) );
#616 = EDGE_LOOP ( 'NONE', ( #5589, #5647, #2351, #3260 ) ) ;
#617 = LINE ( 'NONE', #5607, #4009 ) ;
#618 = CARTESIAN_POINT ( 'NONE',  ( -0.1092037056162346587, -0.08951866624615591184, 0.03937007874015750059 ) ) ;
#619 =( NAMED_UNIT ( * ) PLANE_ANGLE_UNIT ( ) SI_UNIT ( $, .RADIAN. ) );
#620 = LINE ( 'NONE', #4264, #5680 ) ;
#621 = CARTESIAN_POINT ( 'NONE',  ( -0.05118110236220473064, 0.07874015748031495954, 0.000000000000000000 ) ) ;
#622 = CARTESIAN_POINT ( 'NONE',  ( -0.1145001696830359739, 0.08727044563203963101, 0.04202883729956973652 ) ) ;
#623 = CARTESIAN_POINT ( 'NONE',  ( 0.1128641397494070664, -0.09132447417272140933, 0.04003988830560042261 ) ) ;
#624 = LINE ( 'NONE', #2347, #168 ) ;
#625 = ADVANCED_FACE ( 'NONE', ( #521 ), #4220, .T. ) ;
#626 = ORIENTED_EDGE ( 'NONE', *, *, #3111, .F. ) ;
#627 = FACE_OUTER_BOUND ( 'NONE', #1443, .T. ) ;
#628 = ORIENTED_EDGE ( 'NONE', *, *, #2685, .T. ) ;
#629 = SURFACE_STYLE_USAGE ( .BOTH. , #4732 ) ;
#630 =( NAMED_UNIT ( * ) SI_UNIT ( $, .STERADIAN. ) SOLID_ANGLE_UNIT ( ) );
#631 = CARTESIAN_POINT ( 'NONE',  ( 0.09842519685039370636, 0.07874015748031495954, 0.000000000000000000 ) ) ;
#632 = LENGTH_MEASURE_WITH_UNIT ( LENGTH_MEASURE( 0.02539999999999999897 ), #5197 );
#633 = SURFACE_STYLE_USAGE ( .BOTH. , #3376 ) ;
#634 = COLOUR_RGB ( '',0.2862745098039215508, 0.2862745098039215508, 0.2862745098039215508 ) ;
#635 = UNCERTAINTY_MEASURE_WITH_UNIT (LENGTH_MEASURE( 1.000000000000000082E-05 ), #5459, 'distance_accuracy_value', 'NONE');
#636 = ORIENTED_EDGE ( 'NONE', *, *, #2024, .F. ) ;
#637 =( GEOMETRIC_REPRESENTATION_CONTEXT ( 3 ) GLOBAL_UNCERTAINTY_ASSIGNED_CONTEXT ( ( #4278 ) ) GLOBAL_UNIT_ASSIGNED_CONTEXT ( ( #5264, #697, #2906 ) ) REPRESENTATION_CONTEXT ( 'NONE', 'WORKASPACE' ) );
#638 = FILL_AREA_STYLE_COLOUR ( '', #1916 ) ;
#639 = LENGTH_MEASURE_WITH_UNIT ( LENGTH_MEASURE( 0.02539999999999999897 ), #5780 );
#640 = LINE ( 'NONE', #5139, #317 ) ;
#641 = EDGE_LOOP ( 'NONE', ( #1227, #2751, #3095, #905, #3478 ) ) ;
#642 = SURFACE_STYLE_USAGE ( .BOTH. , #4835 ) ;
#643 = EDGE_CURVE ( 'NONE', #5591, #3520, #3283, .T. ) ;
#644 = LINE ( 'NONE', #5296, #2333 ) ;
#645 = LENGTH_MEASURE_WITH_UNIT ( LENGTH_MEASURE( 0.02539999999999999897 ), #4750 );
#646 = DIRECTION ( 'NONE',  ( 1.000000000000000000, 0.000000000000000000, -0.000000000000000000 ) ) ;
#647 = DIRECTION ( 'NONE',  ( 1.000000000000000000, 0.000000000000000000, -0.000000000000000000 ) ) ;
#648 =( NAMED_UNIT ( * ) SI_UNIT ( $, .STERADIAN. ) SOLID_ANGLE_UNIT ( ) );
#649 = PLANE ( 'NONE',  #136 ) ;
#650 = VERTEX_POINT ( 'NONE', #549 ) ;
#651 = SURFACE_STYLE_USAGE ( .BOTH. , #4358 ) ;
#652 = ORIENTED_EDGE ( 'NONE', *, *, #4147, .T. ) ;
#653 = EDGE_CURVE ( 'NONE', #166, #3385, #3215, .T. ) ;
#654 = VERTEX_POINT ( 'NONE', #2730 ) ;
#655 = CARTESIAN_POINT ( 'NONE',  ( -0.1161417322834645272, 0.01692913385826775793, 0.01102362204724408566 ) ) ;
#656 =( LENGTH_UNIT ( ) NAMED_UNIT ( * ) SI_UNIT ( $, .METRE. ) );
#657 = COLOUR_RGB ( '',0.2862745098039215508, 0.2862745098039215508, 0.2862745098039215508 ) ;
#658 = ADVANCED_FACE ( 'NONE', ( #4565 ), #1886, .T. ) ;
#659 = UNCERTAINTY_MEASURE_WITH_UNIT (LENGTH_MEASURE( 1.000000000000000082E-05 ), #5489, 'distance_accuracy_value', 'NONE');
#660 = DIRECTION ( 'NONE',  ( -2.241005114736412675E-16, 1.000000000000000000, -2.355391288108391830E-17 ) ) ;
#661 = ORIENTED_EDGE ( 'NONE', *, *, #5342, .T. ) ;
#662 =( GEOMETRIC_REPRESENTATION_CONTEXT ( 3 ) GLOBAL_UNCERTAINTY_ASSIGNED_CONTEXT ( ( #4239 ) ) GLOBAL_UNIT_ASSIGNED_CONTEXT ( ( #2909, #3723, #5148 ) ) REPRESENTATION_CONTEXT ( 'NONE', 'WORKASPACE' ) );
#663 = CARTESIAN_POINT ( 'NONE',  ( -0.09842519685039370636, 0.06692913385826770867, 0.000000000000000000 ) ) ;
#664 =( LENGTH_UNIT ( ) NAMED_UNIT ( * ) SI_UNIT ( $, .METRE. ) );
#665 = DIRECTION ( 'NONE',  ( 0.000000000000000000, -1.000000000000000000, 0.000000000000000000 ) ) ;
#666 = SURFACE_STYLE_FILL_AREA ( #1104 ) ;
#667 = VERTEX_POINT ( 'NONE', #5228 ) ;
#668 = VECTOR ( 'NONE', #705, 39.37007874015748143 ) ;
#669 = SURFACE_STYLE_USAGE ( .BOTH. , #2510 ) ;
#670 = VECTOR ( 'NONE', #3803, 39.37007874015748143 ) ;
#671 = ADVANCED_FACE ( 'NONE', ( #5687 ), #5370, .T. ) ;
#672 = CARTESIAN_POINT ( 'NONE',  ( 0.09842519685039370636, -0.06692913385826770867, 0.01102362204724409607 ) ) ;
#673 = PRESENTATION_STYLE_ASSIGNMENT (( #4354 ) ) ;
#674 = PLANE ( 'NONE',  #4845 ) ;
#675 = FILL_AREA_STYLE ('',( #5760 ) ) ;
#676 =( GEOMETRIC_REPRESENTATION_CONTEXT ( 3 ) GLOBAL_UNCERTAINTY_ASSIGNED_CONTEXT ( ( #3755 ) ) GLOBAL_UNIT_ASSIGNED_CONTEXT ( ( #3692, #1965, #994 ) ) REPRESENTATION_CONTEXT ( 'NONE', 'WORKASPACE' ) );
#677 = ORIENTED_EDGE ( 'NONE', *, *, #3010, .F. ) ;
#678 = CARTESIAN_POINT ( 'NONE',  ( -0.1161417029069161666, -0.09253043933335672322, 0.01102390154643147387 ) ) ;
#679 = ORIENTED_EDGE ( 'NONE', *, *, #1374, .T. ) ;
#680 =( GEOMETRIC_REPRESENTATION_CONTEXT ( 3 ) GLOBAL_UNCERTAINTY_ASSIGNED_CONTEXT ( ( #5147 ) ) GLOBAL_UNIT_ASSIGNED_CONTEXT ( ( #5824, #5705, #5360 ) ) REPRESENTATION_CONTEXT ( 'NONE', 'WORKASPACE' ) );
#681 = DIRECTION ( 'NONE',  ( 0.5362129001746783752, 0.5362129001746827051, 0.6518830043593070167 ) ) ;
#682 = FILL_AREA_STYLE_COLOUR ( '', #2496 ) ;
#683 = FILL_AREA_STYLE ('',( #4338 ) ) ;
#684 = MECHANICAL_DESIGN_GEOMETRIC_PRESENTATION_REPRESENTATION (  '', ( #3252 ), #2119 ) ;
#685 = VECTOR ( 'NONE', #1526, 39.37007874015748854 ) ;
#686 = AXIS2_PLACEMENT_3D ( 'NONE', #887, #59, #4060 ) ;
#687 = UNCERTAINTY_MEASURE_WITH_UNIT (LENGTH_MEASURE( 1.000000000000000082E-05 ), #3056, 'distance_accuracy_value', 'NONE');
#688 = AXIS2_PLACEMENT_3D ( 'NONE', #3428, #257, #3375 ) ;
#689 = ORIENTED_EDGE ( 'NONE', *, *, #643, .T. ) ;
#690 =( NAMED_UNIT ( * ) PLANE_ANGLE_UNIT ( ) SI_UNIT ( $, .RADIAN. ) );
#691 = SURFACE_STYLE_FILL_AREA ( #2962 ) ;
#692 = MECHANICAL_DESIGN_GEOMETRIC_PRESENTATION_REPRESENTATION (  '', ( #3560 ), #3648 ) ;
#693 = DIRECTION ( 'NONE',  ( 0.000000000000000000, -0.000000000000000000, -1.000000000000000000 ) ) ;
#694 = EDGE_CURVE ( 'NONE', #1176, #5591, #3327, .T. ) ;
#695 = ORIENTED_EDGE ( 'NONE', *, *, #1652, .F. ) ;
#696 = LINE ( 'NONE', #747, #2661 ) ;
#697 =( NAMED_UNIT ( * ) PLANE_ANGLE_UNIT ( ) SI_UNIT ( $, .RADIAN. ) );
#698 = DIMENSIONAL_EXPONENTS ( 1.000000000000000000, 0.000000000000000000, 0.000000000000000000, 0.000000000000000000, 0.000000000000000000, 0.000000000000000000, 0.000000000000000000 ) ;
#699 =( NAMED_UNIT ( * ) SI_UNIT ( $, .STERADIAN. ) SOLID_ANGLE_UNIT ( ) );
#700 = CARTESIAN_POINT ( 'NONE',  ( 0.1094713636432014525, -0.09377067414544017210, 0.04169182158321174669 ) ) ;
#701 = SURFACE_STYLE_USAGE ( .BOTH. , #1141 ) ;
#702 = SURFACE_SIDE_STYLE ('',( #3393 ) ) ;
#703 = PRESENTATION_STYLE_ASSIGNMENT (( #1729 ) ) ;
#704 = EDGE_LOOP ( 'NONE', ( #695, #3931, #1426, #4233, #15 ) ) ;
#705 = DIRECTION ( 'NONE',  ( 0.000000000000000000, -1.000000000000000000, -0.000000000000000000 ) ) ;
#706 = ORIENTED_EDGE ( 'NONE', *, *, #1395, .T. ) ;
#707 = EDGE_CURVE ( 'NONE', #2409, #101, #620, .T. ) ;
#708 = ADVANCED_FACE ( 'NONE', ( #1171 ), #5755, .T. ) ;
#709 = SURFACE_SIDE_STYLE ('',( #279 ) ) ;
#710 = VECTOR ( 'NONE', #3302, 39.37007874015748143 ) ;
#711 = PRESENTATION_STYLE_ASSIGNMENT (( #1598 ) ) ;
#712 = PRODUCT_DEFINITION_CONTEXT ( 'detailed design', #3627, 'design' ) ;
#713 = DIRECTION ( 'NONE',  ( -2.265761274745219945E-16, 1.000000000000000000, -0.000000000000000000 ) ) ;
#714 = UNCERTAINTY_MEASURE_WITH_UNIT (LENGTH_MEASURE( 1.000000000000000082E-05 ), #4759, 'distance_accuracy_value', 'NONE');
#715 = CARTESIAN_POINT ( 'NONE',  ( -0.09842519685039370636, -0.03307086614173224137, 0.000000000000000000 ) ) ;
#716 = PRODUCT ( 'NTMFS0D55N03CGT1G', 'NTMFS0D55N03CGT1G', '', ( #144 ) ) ;
#717 = DIRECTION ( 'NONE',  ( 0.000000000000000000, 1.000000000000000000, 0.000000000000000000 ) ) ;
#718 = CYLINDRICAL_SURFACE ( 'NONE', #5782, 0.003937007874015755783 ) ;
#719 = ADVANCED_FACE ( 'NONE', ( #5394 ), #3447, .T. ) ;
#720 = CARTESIAN_POINT ( 'NONE',  ( -0.1122047244094488277, 0.09645669291338580809, 0.0009842519685039369942 ) ) ;
#721 =( NAMED_UNIT ( * ) SI_UNIT ( $, .STERADIAN. ) SOLID_ANGLE_UNIT ( ) );
#722 = VECTOR ( 'NONE', #987, 39.37007874015748143 ) ;
#723 = EDGE_CURVE ( 'NONE', #4873, #3290, #921, .T. ) ;
#724 = CARTESIAN_POINT ( 'NONE',  ( -0.1113147800263712128, -0.09162974065629241049, 0.04193654726125715243 ) ) ;
#725 = PRESENTATION_STYLE_ASSIGNMENT (( #5242 ) ) ;
#726 = CARTESIAN_POINT ( 'NONE',  ( 0.1080246379609846180, -0.09077891420826737778, 0.04290866681146486561 ) ) ;
#727 = CARTESIAN_POINT ( 'NONE',  ( -0.09842519685039370636, 0.01692913385826775793, 0.000000000000000000 ) ) ;
#728 = ORIENTED_EDGE ( 'NONE', *, *, #2072, .F. ) ;
#729 = FILL_AREA_STYLE_COLOUR ( '', #1230 ) ;
#730 = ORIENTED_EDGE ( 'NONE', *, *, #4832, .T. ) ;
#731 = DIMENSIONAL_EXPONENTS ( 1.000000000000000000, 0.000000000000000000, 0.000000000000000000, 0.000000000000000000, 0.000000000000000000, 0.000000000000000000, 0.000000000000000000 ) ;
#732 = LENGTH_MEASURE_WITH_UNIT ( LENGTH_MEASURE( 0.02539999999999999897 ), #3522 );
#733 = FACE_OUTER_BOUND ( 'NONE', #5428, .T. ) ;
#734 = PRESENTATION_STYLE_ASSIGNMENT (( #3579 ) ) ;
#735 =( CONVERSION_BASED_UNIT ( 'INCH', #4853 ) LENGTH_UNIT ( ) NAMED_UNIT ( #2363 ) );
#736 = VERTEX_POINT ( 'NONE', #409 ) ;
#737 = SURFACE_STYLE_FILL_AREA ( #3102 ) ;
#738 = LENGTH_MEASURE_WITH_UNIT ( LENGTH_MEASURE( 0.02539999999999999897 ), #1649 );
#739 = ADVANCED_FACE ( 'NONE', ( #3615 ), #4516, .T. ) ;
#740 = SURFACE_SIDE_STYLE ('',( #3558 ) ) ;
#741 = ORIENTED_EDGE ( 'NONE', *, *, #862, .F. ) ;
#742 = LINE ( 'NONE', #2153, #4985 ) ;
#743 = FILL_AREA_STYLE ('',( #3833 ) ) ;
#744 = CARTESIAN_POINT ( 'NONE',  ( -0.02578740157480310588, 0.1013779527559055121, 0.000000000000000000 ) ) ;
#745 = SURFACE_SIDE_STYLE ('',( #4769 ) ) ;
#746 = VECTOR ( 'NONE', #1414, 39.37007874015748143 ) ;
#747 = CARTESIAN_POINT ( 'NONE',  ( -0.1161417322834644716, 0.04822834645669292486, 0.01102362204724408566 ) ) ;
#748 = CARTESIAN_POINT ( 'NONE',  ( 0.1113147800263711573, 0.09162974065629243825, 0.04193654726125711080 ) ) ;
#749 = CARTESIAN_POINT ( 'NONE',  ( -0.1145001696830361543, -0.08727044563203945060, 0.04202883729956978509 ) ) ;
#750 = FILL_AREA_STYLE ('',( #2875 ) ) ;
#751 = ORIENTED_EDGE ( 'NONE', *, *, #1616, .F. ) ;
#752 =( LENGTH_UNIT ( ) NAMED_UNIT ( * ) SI_UNIT ( $, .METRE. ) );
#753 = CARTESIAN_POINT ( 'NONE',  ( -0.1127188010209830837, -0.09120544190156104625, 0.03991681741988575144 ) ) ;
#754 = ORIENTED_EDGE ( 'NONE', *, *, #4538, .T. ) ;
#755 = VERTEX_POINT ( 'NONE', #5907 ) ;
#756 = ADVANCED_FACE ( 'NONE', ( #466 ), #5479, .F. ) ;
#757 = VECTOR ( 'NONE', #2846, 39.37007874015748143 ) ;
#758 = COLOUR_RGB ( '',0.2862745098039215508, 0.2862745098039215508, 0.2862745098039215508 ) ;
#759 = PRODUCT_DEFINITION_SHAPE ( 'NONE', 'NONE',  #882 ) ;
#760 = FACE_OUTER_BOUND ( 'NONE', #5761, .T. ) ;
#761 = APPLICATION_CONTEXT ( 'automotive_design' ) ;
#762 =( LENGTH_UNIT ( ) NAMED_UNIT ( * ) SI_UNIT ( $, .METRE. ) );
#763 = PRESENTATION_LAYER_ASSIGNMENT (  '', '', ( #3345 ) ) ;
#764 = FILL_AREA_STYLE ('',( #5343 ) ) ;
#765 = STYLED_ITEM ( 'NONE', ( #2761 ), #658 ) ;
#766 = VERTEX_POINT ( 'NONE', #2868 ) ;
#767 = FILL_AREA_STYLE_COLOUR ( '', #3162 ) ;
#768 = MECHANICAL_DESIGN_GEOMETRIC_PRESENTATION_REPRESENTATION (  '', ( #3736 ), #2291 ) ;
#769 = AXIS2_PLACEMENT_3D ( 'NONE', #1035, #2852, #2414 ) ;
#770 = COLOUR_RGB ( '',0.2862745098039215508, 0.2862745098039215508, 0.2862745098039215508 ) ;
#771 = MECHANICAL_DESIGN_GEOMETRIC_PRESENTATION_REPRESENTATION (  '', ( #4113 ), #2296 ) ;
#772 = DIMENSIONAL_EXPONENTS ( 1.000000000000000000, 0.000000000000000000, 0.000000000000000000, 0.000000000000000000, 0.000000000000000000, 0.000000000000000000, 0.000000000000000000 ) ;
#773 = FILL_AREA_STYLE_COLOUR ( '', #2513 ) ;
#774 = DIRECTION ( 'NONE',  ( 0.000000000000000000, -1.000000000000000000, -0.000000000000000000 ) ) ;
#775 = CARTESIAN_POINT ( 'NONE',  ( -0.09842519685039370636, 2.731847993664264143E-17, 0.0009842519685039369942 ) ) ;
#776 = EDGE_CURVE ( 'NONE', #4501, #4032, #5173, .T. ) ;
#777 = FILL_AREA_STYLE ('',( #4886 ) ) ;
#778 = AXIS2_PLACEMENT_3D ( 'NONE', #426, #2844, #2645 ) ;
#779 =( GEOMETRIC_REPRESENTATION_CONTEXT ( 3 ) GLOBAL_UNCERTAINTY_ASSIGNED_CONTEXT ( ( #4736 ) ) GLOBAL_UNIT_ASSIGNED_CONTEXT ( ( #5871, #1315, #2676 ) ) REPRESENTATION_CONTEXT ( 'NONE', 'WORKASPACE' ) );
#780 = SURFACE_STYLE_FILL_AREA ( #2596 ) ;
#781 = DIRECTION ( 'NONE',  ( 0.000000000000000000, 0.000000000000000000, 1.000000000000000000 ) ) ;
#782 = CARTESIAN_POINT ( 'NONE',  ( -0.1091548873361932320, 0.09132447417272138157, 0.04309097106227408047 ) ) ;
#783 = EDGE_CURVE ( 'NONE', #874, #2413, #4646, .T. ) ;
#784 = COLOUR_RGB ( '',0.2862745098039215508, 0.2862745098039215508, 0.2862745098039215508 ) ;
#785 = MECHANICAL_DESIGN_GEOMETRIC_PRESENTATION_REPRESENTATION (  '', ( #3847 ), #5209 ) ;
#786 = LINE ( 'NONE', #5039, #1918 ) ;
#788 = ORIENTED_EDGE ( 'NONE', *, *, #3564, .F. ) ;
#787 =( CONVERSION_BASED_UNIT ( 'INCH', #2074 ) LENGTH_UNIT ( ) NAMED_UNIT ( #5032 ) );
#789 = LINE ( 'NONE', #1809, #3295 ) ;
#790 = PLANE ( 'NONE',  #3747 ) ;
#791 = PLANE ( 'NONE',  #2675 ) ;
#792 = ORIENTED_EDGE ( 'NONE', *, *, #3411, .T. ) ;
#793 = ORIENTED_EDGE ( 'NONE', *, *, #442, .T. ) ;
#794 = SURFACE_SIDE_STYLE ('',( #340 ) ) ;
#795 = EDGE_CURVE ( 'NONE', #5002, #360, #3289, .T. ) ;
#796 = FACE_OUTER_BOUND ( 'NONE', #1144, .T. ) ;
#797 = CARTESIAN_POINT ( 'NONE',  ( -0.09842519685039370636, 0.06692913385826770867, 0.000000000000000000 ) ) ;
#798 = VERTEX_POINT ( 'NONE', #2769 ) ;
#799 = CARTESIAN_POINT ( 'NONE',  ( -0.09842519685039370636, -0.08307086614173228578, 0.0009842519685039369942 ) ) ;
#800 = SHAPE_REPRESENTATION_RELATIONSHIP ( 'NONE' , 'NONE' ,  #3731, #4294 ) ;
#801 = UNCERTAINTY_MEASURE_WITH_UNIT (LENGTH_MEASURE( 1.000000000000000082E-05 ), #4250, 'distance_accuracy_value', 'NONE');
#802 = COLOUR_RGB ( '',0.2862745098039215508, 0.2862745098039215508, 0.2862745098039215508 ) ;
#803 = VERTEX_POINT ( 'NONE', #2898 ) ;
#804 = DIRECTION ( 'NONE',  ( 0.000000000000000000, -0.000000000000000000, 1.000000000000000000 ) ) ;
#805 = PLANE ( 'NONE',  #4612 ) ;
#806 = MECHANICAL_DESIGN_GEOMETRIC_PRESENTATION_REPRESENTATION (  '', ( #3191 ), #535 ) ;
#807 = AXIS2_PLACEMENT_3D ( 'NONE', #949, #3649, #3194 ) ;
#808 = CARTESIAN_POINT ( 'NONE',  ( -0.09842519685039370636, -0.01692913385826767814, 0.000000000000000000 ) ) ;
#809 =( CONVERSION_BASED_UNIT ( 'INCH', #4921 ) LENGTH_UNIT ( ) NAMED_UNIT ( #1188 ) );
#810 = DIMENSIONAL_EXPONENTS ( 1.000000000000000000, 0.000000000000000000, 0.000000000000000000, 0.000000000000000000, 0.000000000000000000, 0.000000000000000000, 0.000000000000000000 ) ;
#811 = EDGE_CURVE ( 'NONE', #3624, #3668, #640, .T. ) ;
#812 = EDGE_CURVE ( 'NONE', #5559, #3008, #2447, .T. ) ;
#813 = ORIENTED_EDGE ( 'NONE', *, *, #3574, .F. ) ;
#814 = LENGTH_MEASURE_WITH_UNIT ( LENGTH_MEASURE( 0.02539999999999999897 ), #3596 );
#815 = DIRECTION ( 'NONE',  ( 0.000000000000000000, 1.000000000000000000, 0.000000000000000000 ) ) ;
#816 = FILL_AREA_STYLE ('',( #1728 ) ) ;
#817 = LINE ( 'NONE', #2140, #4222 ) ;
#818 = ORIENTED_EDGE ( 'NONE', *, *, #4724, .F. ) ;
#819 = ORIENTED_EDGE ( 'NONE', *, *, #5323, .F. ) ;
#820 = PLANE ( 'NONE',  #2266 ) ;
#821 = DIRECTION ( 'NONE',  ( 1.000000000000000000, 0.000000000000000000, -0.000000000000000000 ) ) ;
#822 = ORIENTED_EDGE ( 'NONE', *, *, #497, .T. ) ;
#823 = ORIENTED_EDGE ( 'NONE', *, *, #783, .T. ) ;
#824 = EDGE_CURVE ( 'NONE', #2919, #3, #402, .T. ) ;
#825 = DIRECTION ( 'NONE',  ( -0.000000000000000000, 1.000000000000000000, 0.000000000000000000 ) ) ;
#826 = VERTEX_POINT ( 'NONE', #204 ) ;
#827 = CARTESIAN_POINT ( 'NONE',  ( -0.009645669291338582543, -0.1013779527559055121, 0.000000000000000000 ) ) ;
#828 =( CONVERSION_BASED_UNIT ( 'INCH', #4063 ) LENGTH_UNIT ( ) NAMED_UNIT ( #4940 ) );
#829 = EDGE_CURVE ( 'NONE', #1643, #4195, #5634, .T. ) ;
#830 = VECTOR ( 'NONE', #321, 39.37007874015748143 ) ;
#831 =( NAMED_UNIT ( * ) SI_UNIT ( $, .STERADIAN. ) SOLID_ANGLE_UNIT ( ) );
#832 = DIRECTION ( 'NONE',  ( 0.000000000000000000, -0.000000000000000000, -1.000000000000000000 ) ) ;
#833 = COLOUR_RGB ( '',0.2862745098039215508, 0.2862745098039215508, 0.2862745098039215508 ) ;
#834 = AXIS2_PLACEMENT_3D ( 'NONE', #2177, #2555, #3502 ) ;
#835 =( CONVERSION_BASED_UNIT ( 'INCH', #468 ) LENGTH_UNIT ( ) NAMED_UNIT ( #4095 ) );
#836 =( NAMED_UNIT ( * ) PLANE_ANGLE_UNIT ( ) SI_UNIT ( $, .RADIAN. ) );
#837 = DIRECTION ( 'NONE',  ( -1.000000000000000000, -0.000000000000000000, 0.000000000000000000 ) ) ;
#838 = CARTESIAN_POINT ( 'NONE',  ( 0.1122942085912495280, 0.09162974065629245213, 0.04113090847672781075 ) ) ;
#839 = ORIENTED_EDGE ( 'NONE', *, *, #4077, .F. ) ;
#840 = EDGE_CURVE ( 'NONE', #3120, #1848, #3836, .T. ) ;
#841 = ORIENTED_EDGE ( 'NONE', *, *, #917, .F. ) ;
#842 = DIMENSIONAL_EXPONENTS ( 1.000000000000000000, 0.000000000000000000, 0.000000000000000000, 0.000000000000000000, 0.000000000000000000, 0.000000000000000000, 0.000000000000000000 ) ;
#843 = DIRECTION ( 'NONE',  ( -1.411300455031980070E-16, 1.000000000000000000, 0.000000000000000000 ) ) ;
#844 = FILL_AREA_STYLE_COLOUR ( '', #3820 ) ;
#845 = AXIS2_PLACEMENT_3D ( 'NONE', #5462, #4914, #5435 ) ;
#846 = ORIENTED_EDGE ( 'NONE', *, *, #4313, .T. ) ;
#847 =( NAMED_UNIT ( * ) PLANE_ANGLE_UNIT ( ) SI_UNIT ( $, .RADIAN. ) );
#848 =( GEOMETRIC_REPRESENTATION_CONTEXT ( 3 ) GLOBAL_UNCERTAINTY_ASSIGNED_CONTEXT ( ( #4944 ) ) GLOBAL_UNIT_ASSIGNED_CONTEXT ( ( #809, #4044, #5905 ) ) REPRESENTATION_CONTEXT ( 'NONE', 'WORKASPACE' ) );
#849 = AXIS2_PLACEMENT_3D ( 'NONE', #128, #4199, #1866 ) ;
#850 = VECTOR ( 'NONE', #33, 39.37007874015748143 ) ;
#851 = LINE ( 'NONE', #2672, #5775 ) ;
#852 =( BOUNDED_SURFACE ( )  B_SPLINE_SURFACE ( 3, 3, ( 
 ( #390, #2204, #2652, #3536 ),
 ( #376, #2221, #4008, #1256 ),
 ( #782, #1196, #2534, #4479 ),
 ( #3592, #4433, #4454, #2627 ) ),
 .UNSPECIFIED., .F., .F., .T. ) 
 B_SPLINE_SURFACE_WITH_KNOTS ( ( 4, 4 ),
 ( 4, 4 ),
 ( 0.000000000000000000, 1.000000000000000000 ),
 ( 0.000000000000000000, 1.000000000000000000 ),
 .UNSPECIFIED. ) 
 GEOMETRIC_REPRESENTATION_ITEM ( )  RATIONAL_B_SPLINE_SURFACE ( (
 ( 1.000000000000000000, 0.3333333333333315940, 0.3333333333333315940, 1.000000000000000000),
 ( 0.9290532412555558839, 0.3096844137518503515, 0.3096844137518503515, 0.9290532412555558839),
 ( 0.9290532412555558839, 0.3096844137518503515, 0.3096844137518503515, 0.9290532412555558839),
 ( 1.000000000000000000, 0.3333333333333315940, 0.3333333333333315940, 1.000000000000000000) ) ) 
 REPRESENTATION_ITEM ( '' )  SURFACE ( )  );
#853 =( LENGTH_UNIT ( ) NAMED_UNIT ( * ) SI_UNIT ( $, .METRE. ) );
#854 = DIRECTION ( 'NONE',  ( 0.000000000000000000, -1.000000000000000000, -0.000000000000000000 ) ) ;
#855 = PRESENTATION_LAYER_ASSIGNMENT (  '', '', ( #4484 ) ) ;
#856 = COLOUR_RGB ( '',0.8313725490196077761, 0.8313725490196077761, 0.8313725490196077761 ) ;
#857 = AXIS2_PLACEMENT_3D ( 'NONE', #2418, #5692, #5656 ) ;
#858 = VECTOR ( 'NONE', #4414, 39.37007874015748143 ) ;
#859 =( NAMED_UNIT ( * ) SI_UNIT ( $, .STERADIAN. ) SOLID_ANGLE_UNIT ( ) );
#860 = CARTESIAN_POINT ( 'NONE',  ( 0.1161417322834645827, -0.07499999999999999722, 0.01102362204724409607 ) ) ;
#861 = PRESENTATION_LAYER_ASSIGNMENT (  '', '', ( #1152 ) ) ;
#862 = EDGE_CURVE ( 'NONE', #4096, #2169, #952, .T. ) ;
#863 =( GEOMETRIC_REPRESENTATION_CONTEXT ( 3 ) GLOBAL_UNCERTAINTY_ASSIGNED_CONTEXT ( ( #1331 ) ) GLOBAL_UNIT_ASSIGNED_CONTEXT ( ( #1864, #1463, #3687 ) ) REPRESENTATION_CONTEXT ( 'NONE', 'WORKASPACE' ) );
#864 = SURFACE_STYLE_FILL_AREA ( #2737 ) ;
#865 = PRESENTATION_LAYER_ASSIGNMENT (  '', '', ( #2981 ) ) ;
#866 = ORIENTED_EDGE ( 'NONE', *, *, #2504, .T. ) ;
#867 = PRESENTATION_STYLE_ASSIGNMENT (( #5485 ) ) ;
#868 = SURFACE_STYLE_FILL_AREA ( #4490 ) ;
#869 = AXIS2_PLACEMENT_3D ( 'NONE', #371, #1216, #4885 ) ;
#870 = LINE ( 'NONE', #3622, #1657 ) ;
#871 =( NAMED_UNIT ( * ) PLANE_ANGLE_UNIT ( ) SI_UNIT ( $, .RADIAN. ) );
#872 = VERTEX_POINT ( 'NONE', #525 ) ;
#873 = VECTOR ( 'NONE', #2740, 39.37007874015748143 ) ;
#874 = VERTEX_POINT ( 'NONE', #2396 ) ;
#875 = VECTOR ( 'NONE', #107, 39.37007874015748143 ) ;
#876 = DIRECTION ( 'NONE',  ( 1.000000000000000000, 0.000000000000000000, 0.000000000000000000 ) ) ;
#877 = ORIENTED_EDGE ( 'NONE', *, *, #3182, .F. ) ;
#878 = LINE ( 'NONE', #2817, #3431 ) ;
#879 = VERTEX_POINT ( 'NONE', #4162 ) ;
#880 = PLANE ( 'NONE',  #5273 ) ;
#881 = SURFACE_STYLE_FILL_AREA ( #425 ) ;
#882 = PRODUCT_DEFINITION ( 'UNKNOWN', '', #5838, #712 ) ;
#883 = ADVANCED_FACE ( 'NONE', ( #4193 ), #4478, .T. ) ;
#884 = DIMENSIONAL_EXPONENTS ( 1.000000000000000000, 0.000000000000000000, 0.000000000000000000, 0.000000000000000000, 0.000000000000000000, 0.000000000000000000, 0.000000000000000000 ) ;
#885 = FILL_AREA_STYLE_COLOUR ( '', #2393 ) ;
#886 = FILL_AREA_STYLE ('',( #5467 ) ) ;
#887 = CARTESIAN_POINT ( 'NONE',  ( 0.08464566929133858497, -0.08307086614173228578, 0.000000000000000000 ) ) ;
#888 =( LENGTH_UNIT ( ) NAMED_UNIT ( * ) SI_UNIT ( $, .METRE. ) );
#889 = FILL_AREA_STYLE_COLOUR ( '', #5387 ) ;
#890 = FILL_AREA_STYLE ('',( #27 ) ) ;
#891 = VECTOR ( 'NONE', #1902, 39.37007874015748143 ) ;
#892 = UNCERTAINTY_MEASURE_WITH_UNIT (LENGTH_MEASURE( 1.000000000000000082E-05 ), #4697, 'distance_accuracy_value', 'NONE');
#893 = EDGE_CURVE ( 'NONE', #2029, #1807, #1422, .T. ) ;
#894 = ORIENTED_EDGE ( 'NONE', *, *, #4335, .T. ) ;
#895 =( LENGTH_UNIT ( ) NAMED_UNIT ( * ) SI_UNIT ( $, .METRE. ) );
#896 = FACE_OUTER_BOUND ( 'NONE', #2077, .T. ) ;
#897 = CARTESIAN_POINT ( 'NONE',  ( -0.1122154787034354423, -0.09645666353683743366, 0.01102390154643147734 ) ) ;
#898 = ORIENTED_EDGE ( 'NONE', *, *, #497, .F. ) ;
#899 = VECTOR ( 'NONE', #815, 39.37007874015748143 ) ;
#900 = VERTEX_POINT ( 'NONE', #2220 ) ;
#901 = VECTOR ( 'NONE', #1265, 39.37007874015748143 ) ;
#902 = CARTESIAN_POINT ( 'NONE',  ( 0.1092037056162347280, -0.08951866624615598123, 0.03937007874015766712 ) ) ;
#903 = LINE ( 'NONE', #47, #2387 ) ;
#904 = SURFACE_STYLE_FILL_AREA ( #4368 ) ;
#905 = ORIENTED_EDGE ( 'NONE', *, *, #5068, .F. ) ;
#906 = LINE ( 'NONE', #5500, #4507 ) ;
#907 = UNCERTAINTY_MEASURE_WITH_UNIT (LENGTH_MEASURE( 1.000000000000000082E-05 ), #2441, 'distance_accuracy_value', 'NONE');
#908 = VERTEX_POINT ( 'NONE', #2767 ) ;
#909 = CARTESIAN_POINT ( 'NONE',  ( -0.1161417029069161944, 0.09253043933335668159, 0.01102390154643142009 ) ) ;
#910 = FACE_OUTER_BOUND ( 'NONE', #1819, .T. ) ;
#911 = SURFACE_STYLE_USAGE ( .BOTH. , #2503 ) ;
#912 = LINE ( 'NONE', #5923, #4029 ) ;
#913 =( NAMED_UNIT ( * ) PLANE_ANGLE_UNIT ( ) SI_UNIT ( $, .RADIAN. ) );
#914 = CARTESIAN_POINT ( 'NONE',  ( -0.09842519685039370636, 0.03307086614173232464, 0.000000000000000000 ) ) ;
#915 = FILL_AREA_STYLE_COLOUR ( '', #330 ) ;
#916 = PLANE ( 'NONE',  #1940 ) ;
#917 = EDGE_CURVE ( 'NONE', #2102, #4316, #4404, .T. ) ;
#918 = LINE ( 'NONE', #490, #30 ) ;
#919 =( CONVERSION_BASED_UNIT ( 'INCH', #461 ) LENGTH_UNIT ( ) NAMED_UNIT ( #5349 ) );
#920 = DIMENSIONAL_EXPONENTS ( 1.000000000000000000, 0.000000000000000000, 0.000000000000000000, 0.000000000000000000, 0.000000000000000000, 0.000000000000000000, 0.000000000000000000 ) ;
#921 = LINE ( 'NONE', #4981, #2756 ) ;
#922 = VERTEX_POINT ( 'NONE', #4542 ) ;
#923 =( NAMED_UNIT ( * ) PLANE_ANGLE_UNIT ( ) SI_UNIT ( $, .RADIAN. ) );
#924 =( LENGTH_UNIT ( ) NAMED_UNIT ( * ) SI_UNIT ( $, .METRE. ) );
#925 = CARTESIAN_POINT ( 'NONE',  ( -0.1210629921259842590, -0.01692913385826767814, 0.01102362204724409607 ) ) ;
#926 = ORIENTED_EDGE ( 'NONE', *, *, #2522, .F. ) ;
#927 = MECHANICAL_DESIGN_GEOMETRIC_PRESENTATION_REPRESENTATION (  '', ( #1432 ), #3707 ) ;
#928 = VERTEX_POINT ( 'NONE', #1320 ) ;
#929 = VECTOR ( 'NONE', #3845, 39.37007874015748143 ) ;
#930 = FACE_OUTER_BOUND ( 'NONE', #3349, .T. ) ;
#931 = CARTESIAN_POINT ( 'NONE',  ( -0.09842519685039370636, 2.731847993664264143E-17, 0.0009842519685039369942 ) ) ;
#932 = FILL_AREA_STYLE_COLOUR ( '', #856 ) ;
#933 = ORIENTED_EDGE ( 'NONE', *, *, #811, .F. ) ;
#934 = FILL_AREA_STYLE ('',( #5052 ) ) ;
#935 = EDGE_CURVE ( 'NONE', #567, #1271, #95, .T. ) ;
#936 = EDGE_LOOP ( 'NONE', ( #4755, #4956, #3829, #2258 ) ) ;
#937 = CARTESIAN_POINT ( 'NONE',  ( -0.02578740157480310588, 0.07874015748031495954, 0.01102362204724409607 ) ) ;
#938 = VERTEX_POINT ( 'NONE', #1355 ) ;
#939 = DIRECTION ( 'NONE',  ( 0.000000000000000000, 0.000000000000000000, 1.000000000000000000 ) ) ;
#940 = FACE_OUTER_BOUND ( 'NONE', #234, .T. ) ;
#941 = SURFACE_STYLE_USAGE ( .BOTH. , #3672 ) ;
#942 = AXIS2_PLACEMENT_3D ( 'NONE', #540, #1336, #3695 ) ;
#943 = SURFACE_STYLE_FILL_AREA ( #2292 ) ;
#944 =( NAMED_UNIT ( * ) SI_UNIT ( $, .STERADIAN. ) SOLID_ANGLE_UNIT ( ) );
#945 = PRESENTATION_LAYER_ASSIGNMENT (  '', '', ( #5074 ) ) ;
#946 = DIMENSIONAL_EXPONENTS ( 1.000000000000000000, 0.000000000000000000, 0.000000000000000000, 0.000000000000000000, 0.000000000000000000, 0.000000000000000000, 0.000000000000000000 ) ;
#947 =( GEOMETRIC_REPRESENTATION_CONTEXT ( 3 ) GLOBAL_UNCERTAINTY_ASSIGNED_CONTEXT ( ( #2753 ) ) GLOBAL_UNIT_ASSIGNED_CONTEXT ( ( #3027, #1136, #2536 ) ) REPRESENTATION_CONTEXT ( 'NONE', 'WORKASPACE' ) );
#948 = ADVANCED_FACE ( 'NONE', ( #4042 ), #4093, .T. ) ;
#949 = CARTESIAN_POINT ( 'NONE',  ( 0.1092037056162346587, 0.08951866624615591184, 0.03937007874015747977 ) ) ;
#950 = LINE ( 'NONE', #5205, #670 ) ;
#951 = STYLED_ITEM ( 'NONE', ( #5571 ), #756 ) ;
#952 = LINE ( 'NONE', #4673, #4797 ) ;
#953 =( GEOMETRIC_REPRESENTATION_CONTEXT ( 3 ) GLOBAL_UNCERTAINTY_ASSIGNED_CONTEXT ( ( #3270 ) ) GLOBAL_UNIT_ASSIGNED_CONTEXT ( ( #3192, #3251, #2765 ) ) REPRESENTATION_CONTEXT ( 'NONE', 'WORKASPACE' ) );
#954 = AXIS2_PLACEMENT_3D ( 'NONE', #4563, #5505, #519 ) ;
#955 = EDGE_LOOP ( 'NONE', ( #4729, #1330, #1898, #2987 ) ) ;
#956 = COLOUR_RGB ( '',0.2862745098039215508, 0.2862745098039215508, 0.2862745098039215508 ) ;
#957 = EDGE_CURVE ( 'NONE', #2901, #1704, #1548, .T. ) ;
#958 = DIRECTION ( 'NONE',  ( -0.000000000000000000, 1.000000000000000000, 0.000000000000000000 ) ) ;
#959 = SURFACE_STYLE_USAGE ( .BOTH. , #1363 ) ;
#960 =( LENGTH_UNIT ( ) NAMED_UNIT ( * ) SI_UNIT ( $, .METRE. ) );
#961 = VERTEX_POINT ( 'NONE', #5630 ) ;
#962 = VERTEX_POINT ( 'NONE', #2896 ) ;
#963 =( GEOMETRIC_REPRESENTATION_CONTEXT ( 3 ) GLOBAL_UNCERTAINTY_ASSIGNED_CONTEXT ( ( #2927 ) ) GLOBAL_UNIT_ASSIGNED_CONTEXT ( ( #5800, #4848, #5309 ) ) REPRESENTATION_CONTEXT ( 'NONE', 'WORKASPACE' ) );
#964 = PLANE ( 'NONE',  #222 ) ;
#965 =( GEOMETRIC_REPRESENTATION_CONTEXT ( 3 ) GLOBAL_UNCERTAINTY_ASSIGNED_CONTEXT ( ( #1445 ) ) GLOBAL_UNIT_ASSIGNED_CONTEXT ( ( #2367, #619, #2427 ) ) REPRESENTATION_CONTEXT ( 'NONE', 'WORKASPACE' ) );
#966 = DIRECTION ( 'NONE',  ( -0.000000000000000000, 1.000000000000000000, 0.000000000000000000 ) ) ;
#967 = ORIENTED_EDGE ( 'NONE', *, *, #5283, .T. ) ;
#968 = LINE ( 'NONE', #2321, #2958 ) ;
#969 = ORIENTED_EDGE ( 'NONE', *, *, #98, .F. ) ;
#970 = AXIS2_PLACEMENT_3D ( 'NONE', #5625, #2760, #4601 ) ;
#971 = ADVANCED_FACE ( 'NONE', ( #2446 ), #4191, .T. ) ;
#972 = FACE_OUTER_BOUND ( 'NONE', #5493, .T. ) ;
#973 =( CONVERSION_BASED_UNIT ( 'INCH', #1448 ) LENGTH_UNIT ( ) NAMED_UNIT ( #4367 ) );
#974 =( CONVERSION_BASED_UNIT ( 'INCH', #1006 ) LENGTH_UNIT ( ) NAMED_UNIT ( #810 ) );
#975 = EDGE_CURVE ( 'NONE', #3689, #1807, #1045, .T. ) ;
#976 = LINE ( 'NONE', #5565, #4011 ) ;
#977 = FACE_OUTER_BOUND ( 'NONE', #512, .T. ) ;
#978 = ORIENTED_EDGE ( 'NONE', *, *, #3084, .T. ) ;
#979 = FACE_OUTER_BOUND ( 'NONE', #4083, .T. ) ;
#980 = CARTESIAN_POINT ( 'NONE',  ( 0.1161417029069162082, -0.09253043933335668159, 0.01102390154643142356 ) ) ;
#981 = CARTESIAN_POINT ( 'NONE',  ( 0.1210629921259842590, -0.07499999999999999722, 0.000000000000000000 ) ) ;
#982 = ORIENTED_EDGE ( 'NONE', *, *, #5016, .F. ) ;
#983 = CARTESIAN_POINT ( 'NONE',  ( -0.05118110236220468900, -0.07874015748031495954, 0.000000000000000000 ) ) ;
#984 = DIMENSIONAL_EXPONENTS ( 1.000000000000000000, 0.000000000000000000, 0.000000000000000000, 0.000000000000000000, 0.000000000000000000, 0.000000000000000000, 0.000000000000000000 ) ;
#985 = CARTESIAN_POINT ( 'NONE',  ( 0.1113147800263711573, -0.09162974065629247988, 0.04193654726125712467 ) ) ;
#986 = VECTOR ( 'NONE', #3801, 39.37007874015748143 ) ;
#987 = DIRECTION ( 'NONE',  ( 1.000000000000000000, 0.000000000000000000, -0.000000000000000000 ) ) ;
#988 = DIRECTION ( 'NONE',  ( 0.000000000000000000, -1.000000000000000000, -0.000000000000000000 ) ) ;
#989 =( NAMED_UNIT ( * ) SI_UNIT ( $, .STERADIAN. ) SOLID_ANGLE_UNIT ( ) );
#990 = ORIENTED_EDGE ( 'NONE', *, *, #2224, .F. ) ;
#991 = EDGE_CURVE ( 'NONE', #314, #3624, #5362, .T. ) ;
#992 = PRESENTATION_LAYER_ASSIGNMENT (  '', '', ( #3578 ) ) ;
#993 = UNCERTAINTY_MEASURE_WITH_UNIT (LENGTH_MEASURE( 1.000000000000000082E-05 ), #539, 'distance_accuracy_value', 'NONE');
#994 =( NAMED_UNIT ( * ) SI_UNIT ( $, .STERADIAN. ) SOLID_ANGLE_UNIT ( ) );
#995 = DIRECTION ( 'NONE',  ( 1.000000000000000000, 1.353930517835559931E-15, -0.000000000000000000 ) ) ;
#996 = CARTESIAN_POINT ( 'NONE',  ( 0.1161417322834645827, 0.09645669291338584972, 0.0009842519685039369942 ) ) ;
#997 = CARTESIAN_POINT ( 'NONE',  ( 2.185478394931409404E-17, 0.08307086614173228578, 0.0009842519685039369942 ) ) ;
#998 = DIRECTION ( 'NONE',  ( 0.000000000000000000, 0.000000000000000000, 1.000000000000000000 ) ) ;
#999 = ORIENTED_EDGE ( 'NONE', *, *, #1084, .F. ) ;
#1000 = DIRECTION ( 'NONE',  ( 0.000000000000000000, 1.000000000000000000, 0.000000000000000000 ) ) ;
#1001 = ORIENTED_EDGE ( 'NONE', *, *, #4260, .T. ) ;
#1002 = AXIS2_PLACEMENT_3D ( 'NONE', #1960, #1464, #3780 ) ;
#1003 = DIRECTION ( 'NONE',  ( -1.000000000000000000, -0.000000000000000000, 0.000000000000000000 ) ) ;
#1004 = EDGE_LOOP ( 'NONE', ( #3070, #1618, #4427, #4590 ) ) ;
#1005 = DIRECTION ( 'NONE',  ( 1.000000000000000000, 0.000000000000000000, 0.000000000000000000 ) ) ;
#1006 = LENGTH_MEASURE_WITH_UNIT ( LENGTH_MEASURE( 0.02539999999999999897 ), #5035 );
#1007 = CARTESIAN_POINT ( 'NONE',  ( -0.02578740157480310588, -0.07499999999999999722, 0.01102362204724409607 ) ) ;
#1008 = COLOUR_RGB ( '',0.8313725490196077761, 0.8313725490196077761, 0.8313725490196077761 ) ;
#1009 = CARTESIAN_POINT ( 'NONE',  ( 0.1122047244094488277, 0.09251968503937008093, 0.000000000000000000 ) ) ;
#1010 = EDGE_CURVE ( 'NONE', #4028, #3103, #3709, .T. ) ;
#1011 = SURFACE_STYLE_FILL_AREA ( #1602 ) ;
#1012 = ORIENTED_EDGE ( 'NONE', *, *, #707, .F. ) ;
#1013 = PRESENTATION_STYLE_ASSIGNMENT (( #2963 ) ) ;
#1014 = DIRECTION ( 'NONE',  ( 0.000000000000000000, -1.000000000000000000, -0.000000000000000000 ) ) ;
#1015 = EDGE_CURVE ( 'NONE', #4518, #5400, #3802, .T. ) ;
#1016 = DIRECTION ( 'NONE',  ( -0.3406351650717789892, -0.8440827718217309705, -0.4141158758490979808 ) ) ;
#1017 = ORIENTED_EDGE ( 'NONE', *, *, #1958, .F. ) ;
#1018 = CARTESIAN_POINT ( 'NONE',  ( -0.08744896344733746330, 0.07652153239043141264, 0.04330708661417323468 ) ) ;
#1019 = SURFACE_STYLE_FILL_AREA ( #5144 ) ;
#1020 = FACE_OUTER_BOUND ( 'NONE', #3373, .T. ) ;
#1021 = ORIENTED_EDGE ( 'NONE', *, *, #5413, .F. ) ;
#1022 = DIRECTION ( 'NONE',  ( 1.000000000000000000, 0.000000000000000000, 0.000000000000000000 ) ) ;
#1023 = UNCERTAINTY_MEASURE_WITH_UNIT (LENGTH_MEASURE( 1.000000000000000082E-05 ), #463, 'distance_accuracy_value', 'NONE');
#1024 = PRESENTATION_STYLE_ASSIGNMENT (( #3236 ) ) ;
#1025 = AXIS2_PLACEMENT_3D ( 'NONE', #2114, #363, #1207 ) ;
#1026 =( GEOMETRIC_REPRESENTATION_CONTEXT ( 3 ) GLOBAL_UNCERTAINTY_ASSIGNED_CONTEXT ( ( #2417 ) ) GLOBAL_UNIT_ASSIGNED_CONTEXT ( ( #3470, #1746, #4948 ) ) REPRESENTATION_CONTEXT ( 'NONE', 'WORKASPACE' ) );
#1027 = LINE ( 'NONE', #1968, #3480 ) ;
#1028 = EDGE_CURVE ( 'NONE', #4139, #874, #5661, .T. ) ;
#1029 =( NAMED_UNIT ( * ) PLANE_ANGLE_UNIT ( ) SI_UNIT ( $, .RADIAN. ) );
#1030 = ORIENTED_EDGE ( 'NONE', *, *, #2348, .T. ) ;
#1031 = LINE ( 'NONE', #2028, #757 ) ;
#1032 = DIMENSIONAL_EXPONENTS ( 1.000000000000000000, 0.000000000000000000, 0.000000000000000000, 0.000000000000000000, 0.000000000000000000, 0.000000000000000000, 0.000000000000000000 ) ;
#1033 = VERTEX_POINT ( 'NONE', #3351 ) ;
#1034 = PRESENTATION_LAYER_ASSIGNMENT (  '', '', ( #476 ) ) ;
#1035 = CARTESIAN_POINT ( 'NONE',  ( 0.1092037056162347280, -0.08951866624615598123, 0.03937007874015766712 ) ) ;
#1036 = FILL_AREA_STYLE_COLOUR ( '', #2272 ) ;
#1037 =( NAMED_UNIT ( * ) SI_UNIT ( $, .STERADIAN. ) SOLID_ANGLE_UNIT ( ) );
#1038 = DIRECTION ( 'NONE',  ( 0.000000000000000000, 0.000000000000000000, 1.000000000000000000 ) ) ;
#1039 = UNCERTAINTY_MEASURE_WITH_UNIT (LENGTH_MEASURE( 1.000000000000000082E-05 ), #2166, 'distance_accuracy_value', 'NONE');
#1040 = FILL_AREA_STYLE_COLOUR ( '', #3445 ) ;
#1041 = ORIENTED_EDGE ( 'NONE', *, *, #5031, .F. ) ;
#1042 = AXIS2_PLACEMENT_3D ( 'NONE', #2259, #1379, #1797 ) ;
#1043 = VECTOR ( 'NONE', #821, 39.37007874015748143 ) ;
#1044 = DIRECTION ( 'NONE',  ( -0.000000000000000000, 0.000000000000000000, -1.000000000000000000 ) ) ;
#1045 = LINE ( 'NONE', #580, #5683 ) ;
#1046 = LENGTH_MEASURE_WITH_UNIT ( LENGTH_MEASURE( 0.02539999999999999897 ), #2865 );
#1047 = CARTESIAN_POINT ( 'NONE',  ( -0.1161417322834645827, 0.09645669291338584972, 0.0009842519685039369942 ) ) ;
#1048 = ORIENTED_EDGE ( 'NONE', *, *, #4346, .T. ) ;
#1049 = EDGE_CURVE ( 'NONE', #4316, #2479, #1078, .T. ) ;
#1050 = VECTOR ( 'NONE', #5102, 39.37007874015748143 ) ;
#1051 = STYLED_ITEM ( 'NONE', ( #673 ), #1767 ) ;
#1052 = PLANE ( 'NONE',  #3683 ) ;
#1053 = CARTESIAN_POINT ( 'NONE',  ( -0.02578740157480311282, 0.07874015748031495954, 0.000000000000000000 ) ) ;
#1054 = UNCERTAINTY_MEASURE_WITH_UNIT (LENGTH_MEASURE( 1.000000000000000082E-05 ), #2412, 'distance_accuracy_value', 'NONE');
#1055 = AXIS2_PLACEMENT_3D ( 'NONE', #3775, #1016, #4284 ) ;
#1056 = MECHANICAL_DESIGN_GEOMETRIC_PRESENTATION_REPRESENTATION (  '', ( #4405 ), #1835 ) ;
#1057 = SURFACE_STYLE_USAGE ( .BOTH. , #3331 ) ;
#1058 = PRESENTATION_STYLE_ASSIGNMENT (( #2540 ) ) ;
#1059 = CIRCLE ( 'NONE', #2975, 0.008641567526184716630 ) ;
#1060 = CARTESIAN_POINT ( 'NONE',  ( 0.1210629921259842590, 0.06692913385826770867, 0.000000000000000000 ) ) ;
#1061 =( NAMED_UNIT ( * ) SI_UNIT ( $, .STERADIAN. ) SOLID_ANGLE_UNIT ( ) );
#1062 = ORIENTED_EDGE ( 'NONE', *, *, #1668, .T. ) ;
#1063 = ORIENTED_EDGE ( 'NONE', *, *, #1157, .T. ) ;
#1064 = AXIS2_PLACEMENT_3D ( 'NONE', #359, #4460, #2195 ) ;
#1065 = PRESENTATION_LAYER_ASSIGNMENT (  '', '', ( #1360 ) ) ;
#1066 = FILL_AREA_STYLE ('',( #5682 ) ) ;
#1067 = LENGTH_MEASURE_WITH_UNIT ( LENGTH_MEASURE( 0.02539999999999999897 ), #3884 );
#1068 = FILL_AREA_STYLE ('',( #1036 ) ) ;
#1069 = COLOUR_RGB ( '',0.8313725490196077761, 0.8313725490196077761, 0.8313725490196077761 ) ;
#1070 = AXIS2_PLACEMENT_3D ( 'NONE', #2804, #501, #5117 ) ;
#1071 = EDGE_CURVE ( 'NONE', #2102, #1241, #742, .T. ) ;
#1072 = EDGE_CURVE ( 'NONE', #3407, #3599, #2089, .T. ) ;
#1073 = UNCERTAINTY_MEASURE_WITH_UNIT (LENGTH_MEASURE( 1.000000000000000082E-05 ), #2052, 'distance_accuracy_value', 'NONE');
#1074 = CARTESIAN_POINT ( 'NONE',  ( -0.1092037056162346448, 0.02411417322834646243, 0.03937007874015747977 ) ) ;
#1075 = STYLED_ITEM ( 'NONE', ( #1692 ), #255 ) ;
#1076 = VERTEX_POINT ( 'NONE', #3527 ) ;
#1077 = DIRECTION ( 'NONE',  ( -1.000000000000000000, 0.000000000000000000, -0.000000000000000000 ) ) ;
#1078 = LINE ( 'NONE', #284, #3835 ) ;
#1079 = LINE ( 'NONE', #2529, #4996 ) ;
#1080 = LINE ( 'NONE', #1047, #3822 ) ;
#1081 = DIRECTION ( 'NONE',  ( 1.000000000000000000, 0.000000000000000000, -0.000000000000000000 ) ) ;
#1082 = VERTEX_POINT ( 'NONE', #5746 ) ;
#1083 = FILL_AREA_STYLE_COLOUR ( '', #3919 ) ;
#1084 = EDGE_CURVE ( 'NONE', #1461, #5549, #4343, .T. ) ;
#1085 = LINE ( 'NONE', #212, #1719 ) ;
#1086 = CARTESIAN_POINT ( 'NONE',  ( 0.1113147800263711434, -0.09162974065629242437, 0.04193654726125711080 ) ) ;
#1087 = LINE ( 'NONE', #2915, #3838 ) ;
#1088 = EDGE_LOOP ( 'NONE', ( #3754, #3569, #4823, #2390 ) ) ;
#1089 = CARTESIAN_POINT ( 'NONE',  ( 0.09842519685039370636, -0.06692913385826770867, 0.000000000000000000 ) ) ;
#1090 = ORIENTED_EDGE ( 'NONE', *, *, #5031, .T. ) ;
#1091 = COLOUR_RGB ( '',0.2862745098039215508, 0.2862745098039215508, 0.2862745098039215508 ) ;
#1092 = DIRECTION ( 'NONE',  ( 2.191229653865440203E-16, -1.000000000000000000, 0.000000000000000000 ) ) ;
#1093 = ORIENTED_EDGE ( 'NONE', *, *, #1120, .T. ) ;
#1094 = DIRECTION ( 'NONE',  ( 1.000000000000000000, 0.000000000000000000, 0.000000000000000000 ) ) ;
#1095 = SURFACE_STYLE_USAGE ( .BOTH. , #2001 ) ;
#1096 = AXIS2_PLACEMENT_3D ( 'NONE', #2913, #4782, #3422 ) ;
#1097 = UNCERTAINTY_MEASURE_WITH_UNIT (LENGTH_MEASURE( 1.000000000000000082E-05 ), #5475, 'distance_accuracy_value', 'NONE');
#1098 = DIRECTION ( 'NONE',  ( -2.265761274745219945E-16, 1.000000000000000000, 0.000000000000000000 ) ) ;
#1099 = ORIENTED_EDGE ( 'NONE', *, *, #4758, .F. ) ;
#1100 = CARTESIAN_POINT ( 'NONE',  ( 0.08464566929133858497, -0.08307086614173228578, 0.01102362204724409607 ) ) ;
#1101 =( CONVERSION_BASED_UNIT ( 'INCH', #3195 ) LENGTH_UNIT ( ) NAMED_UNIT ( #108 ) );
#1102 = DIRECTION ( 'NONE',  ( 1.000000000000000000, 0.000000000000000000, 0.000000000000000000 ) ) ;
#1103 = EDGE_CURVE ( 'NONE', #1811, #1723, #4393, .T. ) ;
#1104 = FILL_AREA_STYLE ('',( #3384 ) ) ;
#1105 =( LENGTH_UNIT ( ) NAMED_UNIT ( * ) SI_UNIT ( $, .METRE. ) );
#1106 = VECTOR ( 'NONE', #5515, 39.37007874015748143 ) ;
#1107 = ORIENTED_EDGE ( 'NONE', *, *, #4569, .F. ) ;
#1108 =( LENGTH_UNIT ( ) NAMED_UNIT ( * ) SI_UNIT ( $, .METRE. ) );
#1109 = LINE ( 'NONE', #4775, #4163 ) ;
#1110 = CARTESIAN_POINT ( 'NONE',  ( -0.009645669291338582543, 0.07874015748031495954, 0.0009842519685039369942 ) ) ;
#1111 =( NAMED_UNIT ( * ) SI_UNIT ( $, .STERADIAN. ) SOLID_ANGLE_UNIT ( ) );
#1112 = LINE ( 'NONE', #2943, #1879 ) ;
#1113 =( CONVERSION_BASED_UNIT ( 'INCH', #1638 ) LENGTH_UNIT ( ) NAMED_UNIT ( #152 ) );
#1114 = PLANE ( 'NONE',  #406 ) ;
#1115 = PRESENTATION_STYLE_ASSIGNMENT (( #596 ) ) ;
#1116 = ORIENTED_EDGE ( 'NONE', *, *, #442, .F. ) ;
#1117 = DIRECTION ( 'NONE',  ( 0.000000000000000000, -0.000000000000000000, -1.000000000000000000 ) ) ;
#1118 = ORIENTED_EDGE ( 'NONE', *, *, #2597, .T. ) ;
#1119 = LENGTH_MEASURE_WITH_UNIT ( LENGTH_MEASURE( 0.02539999999999999897 ), #1572 );
#1120 = EDGE_CURVE ( 'NONE', #3120, #275, #4369, .T. ) ;
#1121 = DIRECTION ( 'NONE',  ( 2.775557561562889872E-16, -1.000000000000000000, 0.000000000000000000 ) ) ;
#1122 =( NAMED_UNIT ( * ) PLANE_ANGLE_UNIT ( ) SI_UNIT ( $, .RADIAN. ) );
#1123 = CARTESIAN_POINT ( 'NONE',  ( 0.1131191461491805883, -0.02411417322834641733, 0.03978160812310117117 ) ) ;
#1124 = UNCERTAINTY_MEASURE_WITH_UNIT (LENGTH_MEASURE( 1.000000000000000082E-05 ), #4363, 'distance_accuracy_value', 'NONE');
#1125 = SURFACE_STYLE_USAGE ( .BOTH. , #1948 ) ;
#1126 = ORIENTED_EDGE ( 'NONE', *, *, #4183, .T. ) ;
#1127 = DIRECTION ( 'NONE',  ( -2.265761274745219945E-16, 1.000000000000000000, 0.000000000000000000 ) ) ;
#1128 = LINE ( 'NONE', #1606, #140 ) ;
#1129 = VERTEX_POINT ( 'NONE', #3077 ) ;
#1130 = ADVANCED_FACE ( 'NONE', ( #264 ), #1655, .F. ) ;
#1131 = CARTESIAN_POINT ( 'NONE',  ( -0.009645669291338582543, -0.1013779527559055121, 0.01102362204724409607 ) ) ;
#1132 = FILL_AREA_STYLE ('',( #2451 ) ) ;
#1133 = VECTOR ( 'NONE', #16, 39.37007874015748143 ) ;
#1134 = DIRECTION ( 'NONE',  ( -0.5362129001746732682, -0.5362129001746862578, 0.6518830043593081269 ) ) ;
#1135 = COLOUR_RGB ( '',0.8313725490196077761, 0.8313725490196077761, 0.8313725490196077761 ) ;
#1136 =( NAMED_UNIT ( * ) PLANE_ANGLE_UNIT ( ) SI_UNIT ( $, .RADIAN. ) );
#1137 = EDGE_CURVE ( 'NONE', #5092, #908, #1687, .T. ) ;
#1138 = EDGE_CURVE ( 'NONE', #3008, #5141, #5350, .T. ) ;
#1139 = SURFACE_SIDE_STYLE ('',( #1199 ) ) ;
#1140 = DIRECTION ( 'NONE',  ( -0.1039620511845041062, -0.1039620511844970702, -0.9891328443778532042 ) ) ;
#1141 = SURFACE_SIDE_STYLE ('',( #1174 ) ) ;
#1142 = SURFACE_STYLE_FILL_AREA ( #1594 ) ;
#1143 = MECHANICAL_DESIGN_GEOMETRIC_PRESENTATION_REPRESENTATION (  '', ( #4108 ), #3066 ) ;
#1144 = EDGE_LOOP ( 'NONE', ( #344, #2795, #2519, #2374 ) ) ;
#1145 = ORIENTED_EDGE ( 'NONE', *, *, #592, .F. ) ;
#1146 = AXIS2_PLACEMENT_3D ( 'NONE', #3355, #1917, #5206 ) ;
#1147 = PRESENTATION_LAYER_ASSIGNMENT (  '', '', ( #2972 ) ) ;
#1148 = VECTOR ( 'NONE', #1545, 39.37007874015748143 ) ;
#1149 = DIMENSIONAL_EXPONENTS ( 1.000000000000000000, 0.000000000000000000, 0.000000000000000000, 0.000000000000000000, 0.000000000000000000, 0.000000000000000000, 0.000000000000000000 ) ;
#1150 = STYLED_ITEM ( 'NONE', ( #1407 ), #4773 ) ;
#1151 = CARTESIAN_POINT ( 'NONE',  ( 0.1161417322834645549, 0.09251968503937008093, 0.0009842519685039369942 ) ) ;
#1152 = STYLED_ITEM ( 'NONE', ( #4900 ), #1329 ) ;
#1153 = DIRECTION ( 'NONE',  ( 1.000000000000000000, 0.000000000000000000, 0.000000000000000000 ) ) ;
#1154 = FILL_AREA_STYLE ('',( #5742 ) ) ;
#1155 = SURFACE_STYLE_FILL_AREA ( #683 ) ;
#1156 = VECTOR ( 'NONE', #3909, 39.37007874015748143 ) ;
#1157 = EDGE_CURVE ( 'NONE', #5549, #3668, #1128, .T. ) ;
#1158 = UNCERTAINTY_MEASURE_WITH_UNIT (LENGTH_MEASURE( 1.000000000000000082E-05 ), #1473, 'distance_accuracy_value', 'NONE');
#1159 = PRESENTATION_LAYER_ASSIGNMENT (  '', '', ( #5298 ) ) ;
#1160 = SURFACE_SIDE_STYLE ('',( #904 ) ) ;
#1161 = DIRECTION ( 'NONE',  ( 0.000000000000000000, 0.000000000000000000, 1.000000000000000000 ) ) ;
#1162 = CIRCLE ( 'NONE', #5300, 0.003937007874015741038 ) ;
#1163 = SURFACE_STYLE_USAGE ( .BOTH. , #5291 ) ;
#1164 =( NAMED_UNIT ( * ) PLANE_ANGLE_UNIT ( ) SI_UNIT ( $, .RADIAN. ) );
#1165 = FILL_AREA_STYLE_COLOUR ( '', #4510 ) ;
#1166 = VECTOR ( 'NONE', #2375, 39.37007874015748143 ) ;
#1167 = COLOUR_RGB ( '',0.8313725490196077761, 0.8313725490196077761, 0.8313725490196077761 ) ;
#1168 = FILL_AREA_STYLE_COLOUR ( '', #4296 ) ;
#1169 = CARTESIAN_POINT ( 'NONE',  ( -0.09842519685039370636, -0.02499999999999996322, 0.01102362204724409607 ) ) ;
#1170 =( NAMED_UNIT ( * ) PLANE_ANGLE_UNIT ( ) SI_UNIT ( $, .RADIAN. ) );
#1171 = FACE_OUTER_BOUND ( 'NONE', #4851, .T. ) ;
#1172 = SURFACE_SIDE_STYLE ('',( #4867 ) ) ;
#1173 =( CONVERSION_BASED_UNIT ( 'INCH', #1637 ) LENGTH_UNIT ( ) NAMED_UNIT ( #4552 ) );
#1174 = SURFACE_STYLE_FILL_AREA ( #2023 ) ;
#1175 = LINE ( 'NONE', #4021, #858 ) ;
#1176 = VERTEX_POINT ( 'NONE', #4831 ) ;
#1177 = DIRECTION ( 'NONE',  ( 1.000000000000000000, 0.000000000000000000, -0.000000000000000000 ) ) ;
#1178 = ADVANCED_FACE ( 'NONE', ( #4884 ), #718, .T. ) ;
#1179 = ORIENTED_EDGE ( 'NONE', *, *, #723, .T. ) ;
#1180 = FILL_AREA_STYLE ('',( #4875 ) ) ;
#1181 = PLANE ( 'NONE',  #942 ) ;
#1182 = SURFACE_STYLE_USAGE ( .BOTH. , #2083 ) ;
#1183 = STYLED_ITEM ( 'NONE', ( #1532 ), #2877 ) ;
#1184 = ORIENTED_EDGE ( 'NONE', *, *, #935, .F. ) ;
#1185 = FACE_OUTER_BOUND ( 'NONE', #2369, .T. ) ;
#1186 =( NAMED_UNIT ( * ) SI_UNIT ( $, .STERADIAN. ) SOLID_ANGLE_UNIT ( ) );
#1187 = LINE ( 'NONE', #282, #1831 ) ;
#1188 = DIMENSIONAL_EXPONENTS ( 1.000000000000000000, 0.000000000000000000, 0.000000000000000000, 0.000000000000000000, 0.000000000000000000, 0.000000000000000000, 0.000000000000000000 ) ;
#1189 = DIRECTION ( 'NONE',  ( -1.000000000000000000, -2.265761274745219945E-16, 0.000000000000000000 ) ) ;
#1190 = DIRECTION ( 'NONE',  ( 0.000000000000000000, 0.000000000000000000, -1.000000000000000000 ) ) ;
#1191 = CARTESIAN_POINT ( 'NONE',  ( -0.009645669291338582543, -0.1013779527559055121, 0.000000000000000000 ) ) ;
#1192 = LENGTH_MEASURE_WITH_UNIT ( LENGTH_MEASURE( 0.02539999999999999897 ), #3865 );
#1193 = CARTESIAN_POINT ( 'NONE',  ( 2.185478394931409404E-17, 2.731847993664264143E-17, 0.0009842519685039369942 ) ) ;
#1194 = COLOUR_RGB ( '',0.2862745098039215508, 0.2862745098039215508, 0.2862745098039215508 ) ;
#1195 = SURFACE_STYLE_FILL_AREA ( #5327 ) ;
#1196 = CARTESIAN_POINT ( 'NONE',  ( -0.1075188574025642413, 0.09537850271340313213, 0.04110202206830483596 ) ) ;
#1197 = EDGE_CURVE ( 'NONE', #1595, #5211, #2701, .T. ) ;
#1198 = AXIS2_PLACEMENT_3D ( 'NONE', #4018, #1700, #5397 ) ;
#1199 = SURFACE_STYLE_FILL_AREA ( #3390 ) ;
#1200 = DIRECTION ( 'NONE',  ( 0.000000000000000000, 0.000000000000000000, 1.000000000000000000 ) ) ;
#1201 = FILL_AREA_STYLE ('',( #3028 ) ) ;
#1202 = SURFACE_STYLE_FILL_AREA ( #1592 ) ;
#1203 = CARTESIAN_POINT ( 'NONE',  ( 0.1113147800263711851, 0.09162974065629247988, 0.04193654726125713855 ) ) ;
#1204 = CARTESIAN_POINT ( 'NONE',  ( -0.009645669291338582543, 0.06517566022095197531, 0.01102362204724409607 ) ) ;
#1205 = ORIENTED_EDGE ( 'NONE', *, *, #991, .F. ) ;
#1206 = ORIENTED_EDGE ( 'NONE', *, *, #2617, .T. ) ;
#1207 = DIRECTION ( 'NONE',  ( 1.000000000000000000, 2.191229653865440203E-16, 0.000000000000000000 ) ) ;
#1208 = EDGE_CURVE ( 'NONE', #3464, #3457, #4000, .T. ) ;
#1209 =( NAMED_UNIT ( * ) SI_UNIT ( $, .STERADIAN. ) SOLID_ANGLE_UNIT ( ) );
#1210 = ORIENTED_EDGE ( 'NONE', *, *, #1138, .F. ) ;
#1211 = CARTESIAN_POINT ( 'NONE',  ( -0.09842519685039370636, 0.08307086614173228578, 0.000000000000000000 ) ) ;
#1212 = ORIENTED_EDGE ( 'NONE', *, *, #1137, .T. ) ;
#1213 =( LENGTH_UNIT ( ) NAMED_UNIT ( * ) SI_UNIT ( $, .METRE. ) );
#1214 = CARTESIAN_POINT ( 'NONE',  ( -0.09842519685039370636, -0.03307086614173224137, 0.000000000000000000 ) ) ;
#1215 = VECTOR ( 'NONE', #1003, 39.37007874015748143 ) ;
#1216 = DIRECTION ( 'NONE',  ( 1.000000000000000000, -0.000000000000000000, -0.000000000000000000 ) ) ;
#1217 = CYLINDRICAL_SURFACE ( 'NONE', #5699, 0.003937007874015741038 ) ;
#1218 = SURFACE_STYLE_USAGE ( .BOTH. , #2999 ) ;
#1219 = VECTOR ( 'NONE', #2942, 39.37007874015748143 ) ;
#1220 = LENGTH_MEASURE_WITH_UNIT ( LENGTH_MEASURE( 0.02539999999999999897 ), #4920 );
#1221 = DIMENSIONAL_EXPONENTS ( 1.000000000000000000, 0.000000000000000000, 0.000000000000000000, 0.000000000000000000, 0.000000000000000000, 0.000000000000000000, 0.000000000000000000 ) ;
#1222 = EDGE_CURVE ( 'NONE', #5628, #2548, #3303, .T. ) ;
#1223 = LINE ( 'NONE', #355, #4017 ) ;
#1224 = LENGTH_MEASURE_WITH_UNIT ( LENGTH_MEASURE( 0.02539999999999999897 ), #5363 );
#1225 = SURFACE_STYLE_FILL_AREA ( #3571 ) ;
#1226 = SURFACE_STYLE_FILL_AREA ( #816 ) ;
#1227 = ORIENTED_EDGE ( 'NONE', *, *, #4796, .F. ) ;
#1228 = LENGTH_MEASURE_WITH_UNIT ( LENGTH_MEASURE( 0.02539999999999999897 ), #2637 );
#1229 = ORIENTED_EDGE ( 'NONE', *, *, #3824, .F. ) ;
#1230 = COLOUR_RGB ( '',0.2862745098039215508, 0.2862745098039215508, 0.2862745098039215508 ) ;
#1231 = MECHANICAL_DESIGN_GEOMETRIC_PRESENTATION_REPRESENTATION (  '', ( #155 ), #3904 ) ;
#1232 = SURFACE_STYLE_USAGE ( .BOTH. , #2058 ) ;
#1233 = PRESENTATION_STYLE_ASSIGNMENT (( #4053 ) ) ;
#1234 = PRESENTATION_LAYER_ASSIGNMENT (  '', '', ( #5277 ) ) ;
#1235 = PRESENTATION_STYLE_ASSIGNMENT (( #5374 ) ) ;
#1236 =( GEOMETRIC_REPRESENTATION_CONTEXT ( 3 ) GLOBAL_UNCERTAINTY_ASSIGNED_CONTEXT ( ( #5056 ) ) GLOBAL_UNIT_ASSIGNED_CONTEXT ( ( #1284, #2155, #3249 ) ) REPRESENTATION_CONTEXT ( 'NONE', 'WORKASPACE' ) );
#1237 = ORIENTED_EDGE ( 'NONE', *, *, #3398, .T. ) ;
#1238 =( BOUNDED_SURFACE ( )  B_SPLINE_SURFACE ( 3, 3, ( 
 ( #985, #2338, #2802, #1922 ),
 ( #5545, #3751, #584, #4070 ),
 ( #5487, #1429, #4098, #4574 ),
 ( #4168, #3714, #1837, #5609 ) ),
 .UNSPECIFIED., .F., .F., .F. ) 
 B_SPLINE_SURFACE_WITH_KNOTS ( ( 4, 4 ),
 ( 4, 4 ),
 ( 0.000000000000000000, 1.000000000000000000 ),
 ( 0.000000000000000000, 1.000000000000000000 ),
 .UNSPECIFIED. ) 
 GEOMETRIC_REPRESENTATION_ITEM ( )  RATIONAL_B_SPLINE_SURFACE ( (
 ( 1.000000000000000000, 0.3333333333333332038, 0.3333333333333332038, 1.000000000000000000),
 ( 0.9290532412555517761, 0.3096844137518504625, 0.3096844137518504625, 0.9290532412555517761),
 ( 0.9290532412555517761, 0.3096844137518504625, 0.3096844137518504625, 0.9290532412555517761),
 ( 1.000000000000000000, 0.3333333333333332038, 0.3333333333333332038, 1.000000000000000000) ) ) 
 REPRESENTATION_ITEM ( '' )  SURFACE ( )  );
#1239 = LINE ( 'NONE', #3071, #5304 ) ;
#1240 = VECTOR ( 'NONE', #552, 39.37007874015748143 ) ;
#1241 = VERTEX_POINT ( 'NONE', #454 ) ;
#1242 =( LENGTH_UNIT ( ) NAMED_UNIT ( * ) SI_UNIT ( $, .METRE. ) );
#1243 =( GEOMETRIC_REPRESENTATION_CONTEXT ( 3 ) GLOBAL_UNCERTAINTY_ASSIGNED_CONTEXT ( ( #1976 ) ) GLOBAL_UNIT_ASSIGNED_CONTEXT ( ( #3374, #3856, #603 ) ) REPRESENTATION_CONTEXT ( 'NONE', 'WORKASPACE' ) );
#1244 = PRESENTATION_LAYER_ASSIGNMENT (  '', '', ( #951 ) ) ;
#1245 = VERTEX_POINT ( 'NONE', #5151 ) ;
#1246 = DIRECTION ( 'NONE',  ( -2.265761274745219945E-16, 1.000000000000000000, 0.000000000000000000 ) ) ;
#1247 = SURFACE_STYLE_FILL_AREA ( #3908 ) ;
#1248 = AXIS2_PLACEMENT_3D ( 'NONE', #4145, #4554, #998 ) ;
#1249 = LINE ( 'NONE', #2179, #55 ) ;
#1250 = PRODUCT_RELATED_PRODUCT_CATEGORY ( 'part', '', ( #716 ) ) ;
#1251 =( NAMED_UNIT ( * ) PLANE_ANGLE_UNIT ( ) SI_UNIT ( $, .RADIAN. ) );
#1252 = CIRCLE ( 'NONE', #778, 0.003937007874015741038 ) ;
#1253 = SURFACE_STYLE_USAGE ( .BOTH. , #5900 ) ;
#1254 = EDGE_CURVE ( 'NONE', #5112, #4984, #1252, .T. ) ;
#1255 =( CONVERSION_BASED_UNIT ( 'INCH', #1754 ) LENGTH_UNIT ( ) NAMED_UNIT ( #3944 ) );
#1256 = CARTESIAN_POINT ( 'NONE',  ( -0.1122942085912494864, 0.09162974065629243825, 0.04113090847672780381 ) ) ;
#1257 = PLANE ( 'NONE',  #5572 ) ;
#1258 = VECTOR ( 'NONE', #3529, 39.37007874015748143 ) ;
#1259 = SURFACE_STYLE_USAGE ( .BOTH. , #5729 ) ;
#1260 = AXIS2_PLACEMENT_3D ( 'NONE', #3504, #2181, #1775 ) ;
#1261 = CARTESIAN_POINT ( 'NONE',  ( -0.02578740157480311282, -0.07874015748031495954, 0.000000000000000000 ) ) ;
#1262 = VERTEX_POINT ( 'NONE', #2239 ) ;
#1263 = SURFACE_SIDE_STYLE ('',( #2573 ) ) ;
#1264 = STYLED_ITEM ( 'NONE', ( #4452 ), #304 ) ;
#1265 = DIRECTION ( 'NONE',  ( 0.000000000000000000, -0.000000000000000000, 1.000000000000000000 ) ) ;
#1266 = FACE_OUTER_BOUND ( 'NONE', #936, .T. ) ;
#1267 = DIRECTION ( 'NONE',  ( -0.000000000000000000, 1.000000000000000000, 0.000000000000000000 ) ) ;
#1268 = ORIENTED_EDGE ( 'NONE', *, *, #3318, .F. ) ;
#1269 = ADVANCED_FACE ( 'NONE', ( #3640 ), #5922, .T. ) ;
#1270 = PRESENTATION_STYLE_ASSIGNMENT (( #228 ) ) ;
#1271 = VERTEX_POINT ( 'NONE', #2914 ) ;
#1272 = DIMENSIONAL_EXPONENTS ( 1.000000000000000000, 0.000000000000000000, 0.000000000000000000, 0.000000000000000000, 0.000000000000000000, 0.000000000000000000, 0.000000000000000000 ) ;
#1273 = LENGTH_MEASURE_WITH_UNIT ( LENGTH_MEASURE( 0.02539999999999999897 ), #5857 );
#1274 =( NAMED_UNIT ( * ) PLANE_ANGLE_UNIT ( ) SI_UNIT ( $, .RADIAN. ) );
#1275 = CARTESIAN_POINT ( 'NONE',  ( -0.1092037056162346448, -0.08951866624615589796, 0.03937007874015747977 ) ) ;
#1276 = SURFACE_STYLE_FILL_AREA ( #342 ) ;
#1277 = ADVANCED_FACE ( 'NONE', ( #2982 ), #1114, .T. ) ;
#1278 = ORIENTED_EDGE ( 'NONE', *, *, #5193, .T. ) ;
#1279 = CARTESIAN_POINT ( 'NONE',  ( -0.009645669291338582543, -0.07874015748031495954, 0.000000000000000000 ) ) ;
#1280 = UNCERTAINTY_MEASURE_WITH_UNIT (LENGTH_MEASURE( 1.000000000000000082E-05 ), #4122, 'distance_accuracy_value', 'NONE');
#1281 = VECTOR ( 'NONE', #2391, 39.37007874015748143 ) ;
#1282 = DIRECTION ( 'NONE',  ( 2.265761274745219945E-16, -1.000000000000000000, 0.000000000000000000 ) ) ;
#1283 = LINE ( 'NONE', #775, #3459 ) ;
#1284 =( CONVERSION_BASED_UNIT ( 'INCH', #1749 ) LENGTH_UNIT ( ) NAMED_UNIT ( #1149 ) );
#1285 = FILL_AREA_STYLE_COLOUR ( '', #4037 ) ;
#1286 = VECTOR ( 'NONE', #5886, 39.37007874015748143 ) ;
#1287 = CIRCLE ( 'NONE', #807, 0.003937007874015741038 ) ;
#1288 = ADVANCED_FACE ( 'NONE', ( #3894 ), #1682, .T. ) ;
#1289 =( LENGTH_UNIT ( ) NAMED_UNIT ( * ) SI_UNIT ( $, .METRE. ) );
#1290 = DIRECTION ( 'NONE',  ( -0.000000000000000000, -1.000000000000000000, -0.000000000000000000 ) ) ;
#1291 =( CONVERSION_BASED_UNIT ( 'INCH', #1220 ) LENGTH_UNIT ( ) NAMED_UNIT ( #2112 ) );
#1292 = CARTESIAN_POINT ( 'NONE',  ( 0.1161417322834645827, -0.09645669291338584972, 0.000000000000000000 ) ) ;
#1293 =( LENGTH_UNIT ( ) NAMED_UNIT ( * ) SI_UNIT ( $, .METRE. ) );
#1294 = FILL_AREA_STYLE_COLOUR ( '', #395 ) ;
#1295 = DIMENSIONAL_EXPONENTS ( 1.000000000000000000, 0.000000000000000000, 0.000000000000000000, 0.000000000000000000, 0.000000000000000000, 0.000000000000000000, 0.000000000000000000 ) ;
#1296 = LINE ( 'NONE', #4677, #3962 ) ;
#1297 = VECTOR ( 'NONE', #4624, 39.37007874015748143 ) ;
#1298 =( NAMED_UNIT ( * ) PLANE_ANGLE_UNIT ( ) SI_UNIT ( $, .RADIAN. ) );
#1299 = CARTESIAN_POINT ( 'NONE',  ( -0.1097440944881889757, -0.07499999999999999722, 0.01102362204724409607 ) ) ;
#1300 = ORIENTED_EDGE ( 'NONE', *, *, #3042, .T. ) ;
#1301 = EDGE_LOOP ( 'NONE', ( #2754, #4376, #706, #50 ) ) ;
#1302 = AXIS2_PLACEMENT_3D ( 'NONE', #1292, #5788, #5846 ) ;
#1303 = DIRECTION ( 'NONE',  ( -0.5362129001746727130, 0.5362129001746812618, 0.6518830043593126788 ) ) ;
#1304 = CARTESIAN_POINT ( 'NONE',  ( 0.09842519685039370636, -0.07874015748031495954, 0.000000000000000000 ) ) ;
#1305 = SURFACE_SIDE_STYLE ('',( #1276 ) ) ;
#1306 = VERTEX_POINT ( 'NONE', #4020 ) ;
#1307 = PRESENTATION_STYLE_ASSIGNMENT (( #4056 ) ) ;
#1308 = ORIENTED_EDGE ( 'NONE', *, *, #5831, .T. ) ;
#1309 = CARTESIAN_POINT ( 'NONE',  ( -0.1161417322834645688, 0.03307086614173231770, 0.000000000000000000 ) ) ;
#1310 = EDGE_CURVE ( 'NONE', #297, #826, #4847, .T. ) ;
#1311 = DIRECTION ( 'NONE',  ( 0.000000000000000000, -0.000000000000000000, 1.000000000000000000 ) ) ;
#1312 = DIMENSIONAL_EXPONENTS ( 1.000000000000000000, 0.000000000000000000, 0.000000000000000000, 0.000000000000000000, 0.000000000000000000, 0.000000000000000000, 0.000000000000000000 ) ;
#1313 = DIRECTION ( 'NONE',  ( -0.1039620511844980000, 0.1039620511844980000, 0.9891328443778539814 ) ) ;
#1314 = FILL_AREA_STYLE_COLOUR ( '', #3610 ) ;
#1315 =( NAMED_UNIT ( * ) PLANE_ANGLE_UNIT ( ) SI_UNIT ( $, .RADIAN. ) );
#1316 = DIRECTION ( 'NONE',  ( 0.1045284632676530129, 0.000000000000000000, 0.9945218953682732899 ) ) ;
#1317 = DIRECTION ( 'NONE',  ( 0.000000000000000000, -0.000000000000000000, 1.000000000000000000 ) ) ;
#1318 = AXIS2_PLACEMENT_3D ( 'NONE', #2996, #4450, #1282 ) ;
#1319 =( NAMED_UNIT ( * ) SI_UNIT ( $, .STERADIAN. ) SOLID_ANGLE_UNIT ( ) );
#1320 = CARTESIAN_POINT ( 'NONE',  ( 0.08464566929133858497, -0.07874015748031495954, 0.01102362204724409607 ) ) ;
#1321 = FILL_AREA_STYLE_COLOUR ( '', #758 ) ;
#1322 = MECHANICAL_DESIGN_GEOMETRIC_PRESENTATION_REPRESENTATION (  '', ( #2838 ), #5456 ) ;
#1323 = ORIENTED_EDGE ( 'NONE', *, *, #795, .T. ) ;
#1324 = CARTESIAN_POINT ( 'NONE',  ( 0.1122047244094488277, -0.09645669291338584972, 0.000000000000000000 ) ) ;
#1325 = CARTESIAN_POINT ( 'NONE',  ( 2.185478394931409404E-17, 2.731847993664264143E-17, 0.0009842519685039369942 ) ) ;
#1326 = LINE ( 'NONE', #438, #4608 ) ;
#1327 =( LENGTH_UNIT ( ) NAMED_UNIT ( * ) SI_UNIT ( $, .METRE. ) );
#1328 = EDGE_LOOP ( 'NONE', ( #3202, #1766, #3852, #3286 ) ) ;
#1329 = ADVANCED_FACE ( 'NONE', ( #1266 ), #5799, .F. ) ;
#1330 = ORIENTED_EDGE ( 'NONE', *, *, #3262, .F. ) ;
#1331 = UNCERTAINTY_MEASURE_WITH_UNIT (LENGTH_MEASURE( 1.000000000000000082E-05 ), #1864, 'distance_accuracy_value', 'NONE');
#1332 = ADVANCED_FACE ( 'NONE', ( #4459 ), #790, .T. ) ;
#1334 = PRESENTATION_LAYER_ASSIGNMENT (  '', '', ( #3132 ) ) ;
#1333 = STYLED_ITEM ( 'NONE', ( #5438 ), #3818 ) ;
#1335 = SURFACE_STYLE_USAGE ( .BOTH. , #4141 ) ;
#1336 = DIRECTION ( 'NONE',  ( 0.000000000000000000, 0.000000000000000000, 1.000000000000000000 ) ) ;
#1337 = LINE ( 'NONE', #5001, #503 ) ;
#1338 =( GEOMETRIC_REPRESENTATION_CONTEXT ( 3 ) GLOBAL_UNCERTAINTY_ASSIGNED_CONTEXT ( ( #3827 ) ) GLOBAL_UNIT_ASSIGNED_CONTEXT ( ( #1712, #366, #3605 ) ) REPRESENTATION_CONTEXT ( 'NONE', 'WORKASPACE' ) );
#1339 = ORIENTED_EDGE ( 'NONE', *, *, #3452, .F. ) ;
#1340 =( LENGTH_UNIT ( ) NAMED_UNIT ( * ) SI_UNIT ( $, .METRE. ) );
#1341 = PLANE ( 'NONE',  #1042 ) ;
#1342 = PRESENTATION_LAYER_ASSIGNMENT (  '', '', ( #4692 ) ) ;
#1343 = LINE ( 'NONE', #1824, #3145 ) ;
#1344 = CARTESIAN_POINT ( 'NONE',  ( 0.08464566929133858497, 0.08307086614173228578, 0.000000000000000000 ) ) ;
#1345 = LINE ( 'NONE', #4535, #605 ) ;
#1346 = FACE_OUTER_BOUND ( 'NONE', #4068, .T. ) ;
#1347 = EDGE_CURVE ( 'NONE', #8, #2894, #1162, .T. ) ;
#1348 = LENGTH_MEASURE_WITH_UNIT ( LENGTH_MEASURE( 0.02539999999999999897 ), #3612 );
#1349 = PRESENTATION_LAYER_ASSIGNMENT (  '', '', ( #2582 ) ) ;
#1350 = PRESENTATION_LAYER_ASSIGNMENT (  '', '', ( #4405 ) ) ;
#1351 =( GEOMETRIC_REPRESENTATION_CONTEXT ( 3 ) GLOBAL_UNCERTAINTY_ASSIGNED_CONTEXT ( ( #3329 ) ) GLOBAL_UNIT_ASSIGNED_CONTEXT ( ( #5097, #58, #2324 ) ) REPRESENTATION_CONTEXT ( 'NONE', 'WORKASPACE' ) );
#1352 = CARTESIAN_POINT ( 'NONE',  ( 0.1101764426499053234, 0.08544681273289429779, 0.04552465181471849337 ) ) ;
#1353 = STYLED_ITEM ( 'NONE', ( #1235 ), #4702 ) ;
#1354 = LINE ( 'NONE', #3158, #2520 ) ;
#1355 = CARTESIAN_POINT ( 'NONE',  ( -0.1161417029069161944, 0.09253043933335668159, 0.01102390154643142009 ) ) ;
#1356 = AXIS2_PLACEMENT_3D ( 'NONE', #3264, #3655, #436 ) ;
#1357 =( CONVERSION_BASED_UNIT ( 'INCH', #4010 ) LENGTH_UNIT ( ) NAMED_UNIT ( #5104 ) );
#1358 = DIMENSIONAL_EXPONENTS ( 1.000000000000000000, 0.000000000000000000, 0.000000000000000000, 0.000000000000000000, 0.000000000000000000, 0.000000000000000000, 0.000000000000000000 ) ;
#1359 = CIRCLE ( 'NONE', #1064, 0.003937007874015755783 ) ;
#1360 = STYLED_ITEM ( 'NONE', ( #4238 ), #19 ) ;
#1361 = CIRCLE ( 'NONE', #4597, 0.003937007874015741038 ) ;
#1362 = SURFACE_SIDE_STYLE ('',( #2 ) ) ;
#1363 = SURFACE_SIDE_STYLE ('',( #4134 ) ) ;
#1364 = VECTOR ( 'NONE', #1799, 39.37007874015748143 ) ;
#1365 =( NAMED_UNIT ( * ) SI_UNIT ( $, .STERADIAN. ) SOLID_ANGLE_UNIT ( ) );
#1366 = CARTESIAN_POINT ( 'NONE',  ( 0.1210629921259842590, 0.08307086614173228578, 0.01102362204724409607 ) ) ;
#1367 = CARTESIAN_POINT ( 'NONE',  ( -0.1161417322834645549, -0.01692913385826767467, 0.0009842519685039369942 ) ) ;
#1368 = ORIENTED_EDGE ( 'NONE', *, *, #3487, .T. ) ;
#1369 = ORIENTED_EDGE ( 'NONE', *, *, #4945, .F. ) ;
#1370 = MECHANICAL_DESIGN_GEOMETRIC_PRESENTATION_REPRESENTATION (  '', ( #1264 ), #1580 ) ;
#1371 = SURFACE_SIDE_STYLE ('',( #4498 ) ) ;
#1372 = DIRECTION ( 'NONE',  ( 0.000000000000000000, -0.000000000000000000, -1.000000000000000000 ) ) ;
#1373 = DIRECTION ( 'NONE',  ( 2.265761274745219945E-16, -1.000000000000000000, 0.000000000000000000 ) ) ;
#1374 = EDGE_CURVE ( 'NONE', #5678, #3726, #3229, .T. ) ;
#1375 = DIRECTION ( 'NONE',  ( -0.000000000000000000, -1.000000000000000000, -0.000000000000000000 ) ) ;
#1376 = EDGE_LOOP ( 'NONE', ( #2473, #5528, #2516, #5596 ) ) ;
#1377 = DIRECTION ( 'NONE',  ( 2.265761274745219945E-16, -1.000000000000000000, 0.000000000000000000 ) ) ;
#1378 = ORIENTED_EDGE ( 'NONE', *, *, #5749, .T. ) ;
#1379 = DIRECTION ( 'NONE',  ( 1.000000000000000000, 0.000000000000000000, 0.000000000000000000 ) ) ;
#1380 = FILL_AREA_STYLE_COLOUR ( '', #589 ) ;
#1381 = LENGTH_MEASURE_WITH_UNIT ( LENGTH_MEASURE( 0.02539999999999999897 ), #3187 );
#1382 = DIRECTION ( 'NONE',  ( -2.265761274745219945E-16, 1.000000000000000000, 0.000000000000000000 ) ) ;
#1383 = DIRECTION ( 'NONE',  ( -0.3406351650717810986, 0.8440827718217314146, -0.4141158758490953162 ) ) ;
#1384 = DIRECTION ( 'NONE',  ( 0.9945218953682731788, 0.000000000000000000, -0.1045284632676536374 ) ) ;
#1385 = PLANE ( 'NONE',  #3259 ) ;
#1386 = PRESENTATION_STYLE_ASSIGNMENT (( #1253 ) ) ;
#1387 =( GEOMETRIC_REPRESENTATION_CONTEXT ( 3 ) GLOBAL_UNCERTAINTY_ASSIGNED_CONTEXT ( ( #3430 ) ) GLOBAL_UNIT_ASSIGNED_CONTEXT ( ( #5914, #5319, #348 ) ) REPRESENTATION_CONTEXT ( 'NONE', 'WORKASPACE' ) );
#1388 = DIRECTION ( 'NONE',  ( 0.000000000000000000, 0.000000000000000000, 1.000000000000000000 ) ) ;
#1389 = SURFACE_STYLE_FILL_AREA ( #5066 ) ;
#1390 = DIRECTION ( 'NONE',  ( 0.000000000000000000, -0.000000000000000000, -1.000000000000000000 ) ) ;
#1391 = COLOUR_RGB ( '',0.2862745098039215508, 0.2862745098039215508, 0.2862745098039215508 ) ;
#1392 = UNCERTAINTY_MEASURE_WITH_UNIT (LENGTH_MEASURE( 1.000000000000000082E-05 ), #358, 'distance_accuracy_value', 'NONE');
#1393 = ORIENTED_EDGE ( 'NONE', *, *, #5513, .T. ) ;
#1394 = STYLED_ITEM ( 'NONE', ( #3292 ), #2384 ) ;
#1395 = EDGE_CURVE ( 'NONE', #5678, #3793, #870, .T. ) ;
#1396 = FILL_AREA_STYLE_COLOUR ( '', #2478 ) ;
#1397 = LENGTH_MEASURE_WITH_UNIT ( LENGTH_MEASURE( 0.02539999999999999897 ), #924 );
#1398 = DIRECTION ( 'NONE',  ( 0.3406351650717792112, 0.8440827718217308595, 0.4141158758490980363 ) ) ;
#1399 = ORIENTED_EDGE ( 'NONE', *, *, #412, .T. ) ;
#1400 =( GEOMETRIC_REPRESENTATION_CONTEXT ( 3 ) GLOBAL_UNCERTAINTY_ASSIGNED_CONTEXT ( ( #4828 ) ) GLOBAL_UNIT_ASSIGNED_CONTEXT ( ( #4328, #1298, #2633 ) ) REPRESENTATION_CONTEXT ( 'NONE', 'WORKASPACE' ) );
#1401 = ORIENTED_EDGE ( 'NONE', *, *, #2135, .F. ) ;
#1402 = DIMENSIONAL_EXPONENTS ( 1.000000000000000000, 0.000000000000000000, 0.000000000000000000, 0.000000000000000000, 0.000000000000000000, 0.000000000000000000, 0.000000000000000000 ) ;
#1403 = PRESENTATION_LAYER_ASSIGNMENT (  '', '', ( #5241 ) ) ;
#1404 = DIRECTION ( 'NONE',  ( 0.000000000000000000, -1.000000000000000000, -0.000000000000000000 ) ) ;
#1405 = CARTESIAN_POINT ( 'NONE',  ( -0.05118110236220473758, 0.07874015748031495954, 0.01102362204724409607 ) ) ;
#1406 = PLANE ( 'NONE',  #1959 ) ;
#1407 = PRESENTATION_STYLE_ASSIGNMENT (( #4588 ) ) ;
#1408 = ORIENTED_EDGE ( 'NONE', *, *, #5674, .T. ) ;
#1409 = DIRECTION ( 'NONE',  ( -1.000000000000000000, -0.000000000000000000, 0.000000000000000000 ) ) ;
#1410 = VERTEX_POINT ( 'NONE', #925 ) ;
#1411 = DIRECTION ( 'NONE',  ( 1.000000000000000000, 0.000000000000000000, 0.000000000000000000 ) ) ;
#1412 = EDGE_CURVE ( 'NONE', #4032, #4461, #4577, .T. ) ;
#1413 = CARTESIAN_POINT ( 'NONE',  ( -0.1161354366070604244, 0.09482670000232272522, 0.01114330708994912440 ) ) ;
#1414 = DIRECTION ( 'NONE',  ( 0.000000000000000000, 0.000000000000000000, -1.000000000000000000 ) ) ;
#1415 = SURFACE_SIDE_STYLE ('',( #90 ) ) ;
#1416 = CARTESIAN_POINT ( 'NONE',  ( 0.1161417322834645549, 0.08307086614173225803, 0.01102362204724408913 ) ) ;
#1417 = SURFACE_STYLE_USAGE ( .BOTH. , #2731 ) ;
#1418 = SURFACE_SIDE_STYLE ('',( #4949 ) ) ;
#1419 = EDGE_CURVE ( 'NONE', #803, #922, #1465, .T. ) ;
#1420 = DIRECTION ( 'NONE',  ( 1.000000000000000000, 0.000000000000000000, 0.000000000000000000 ) ) ;
#1421 = CARTESIAN_POINT ( 'NONE',  ( -0.1122047244094488277, 0.09251968503937008093, 0.000000000000000000 ) ) ;
#1422 = LINE ( 'NONE', #5444, #4894 ) ;
#1423 = CARTESIAN_POINT ( 'NONE',  ( -0.05118110236220468900, -0.07874015748031495954, 0.000000000000000000 ) ) ;
#1424 = DIRECTION ( 'NONE',  ( -1.000000000000000000, 0.000000000000000000, -0.000000000000000000 ) ) ;
#1425 = CARTESIAN_POINT ( 'NONE',  ( 0.08464566929133858497, 0.08307086614173228578, 0.000000000000000000 ) ) ;
#1426 = ORIENTED_EDGE ( 'NONE', *, *, #5340, .F. ) ;
#1427 = CARTESIAN_POINT ( 'NONE',  ( -0.1113147800263711851, -0.09162974065629243825, 0.04193654726125713161 ) ) ;
#1428 = DIMENSIONAL_EXPONENTS ( 1.000000000000000000, 0.000000000000000000, 0.000000000000000000, 0.000000000000000000, 0.000000000000000000, 0.000000000000000000, 0.000000000000000000 ) ;
#1429 = CARTESIAN_POINT ( 'NONE',  ( 0.1145001696830360849, -0.08727044563203957550, 0.04202883729956974346 ) ) ;
#1430 = LINE ( 'NONE', #4135, #2593 ) ;
#1431 = ORIENTED_EDGE ( 'NONE', *, *, #2829, .F. ) ;
#1432 = STYLED_ITEM ( 'NONE', ( #3067 ), #3964 ) ;
#1433 = VERTEX_POINT ( 'NONE', #6 ) ;
#1434 = EDGE_CURVE ( 'NONE', #2609, #962, #3200, .T. ) ;
#1435 = UNCERTAINTY_MEASURE_WITH_UNIT (LENGTH_MEASURE( 1.000000000000000082E-05 ), #2133, 'distance_accuracy_value', 'NONE');
#1436 =( NAMED_UNIT ( * ) PLANE_ANGLE_UNIT ( ) SI_UNIT ( $, .RADIAN. ) );
#1437 = PRESENTATION_LAYER_ASSIGNMENT (  '', '', ( #2183 ) ) ;
#1438 = CARTESIAN_POINT ( 'NONE',  ( -0.02578740157480311282, 0.1013779527559055121, 0.01102362204724409607 ) ) ;
#1439 = LINE ( 'NONE', #996, #2920 ) ;
#1440 = CARTESIAN_POINT ( 'NONE',  ( 0.1097440944881889757, 0.09645669291338584972, 0.01102362204724409607 ) ) ;
#1441 = ORIENTED_EDGE ( 'NONE', *, *, #975, .T. ) ;
#1442 = DIRECTION ( 'NONE',  ( 2.265761274745219945E-16, -1.000000000000000000, 0.000000000000000000 ) ) ;
#1443 = EDGE_LOOP ( 'NONE', ( #5548, #754, #2206, #3817 ) ) ;
#1444 = DIRECTION ( 'NONE',  ( 1.000000000000000000, 0.000000000000000000, 0.000000000000000000 ) ) ;
#1445 = UNCERTAINTY_MEASURE_WITH_UNIT (LENGTH_MEASURE( 1.000000000000000082E-05 ), #2367, 'distance_accuracy_value', 'NONE');
#1446 = VECTOR ( 'NONE', #3880, 39.37007874015748143 ) ;
#1447 = FILL_AREA_STYLE ('',( #1380 ) ) ;
#1448 = LENGTH_MEASURE_WITH_UNIT ( LENGTH_MEASURE( 0.02539999999999999897 ), #853 );
#1449 = COLOUR_RGB ( '',0.2862745098039215508, 0.2862745098039215508, 0.2862745098039215508 ) ;
#1450 = VECTOR ( 'NONE', #4614, 39.37007874015748143 ) ;
#1451 = DIRECTION ( 'NONE',  ( 0.000000000000000000, -1.000000000000000000, 0.000000000000000000 ) ) ;
#1452 = DIRECTION ( 'NONE',  ( 0.000000000000000000, 0.000000000000000000, 1.000000000000000000 ) ) ;
#1453 = EDGE_CURVE ( 'NONE', #798, #2419, #1326, .T. ) ;
#1454 = CARTESIAN_POINT ( 'NONE',  ( 0.1161354366070604105, -0.09482670000232275298, 0.01114330708994938461 ) ) ;
#1455 = EDGE_CURVE ( 'NONE', #3514, #1245, #331, .T. ) ;
#1456 = CARTESIAN_POINT ( 'NONE',  ( 0.1097440944881889757, -0.1013779527559055121, 0.000000000000000000 ) ) ;
#1457 = SURFACE_STYLE_FILL_AREA ( #158 ) ;
#1458 = AXIS2_PLACEMENT_3D ( 'NONE', #3848, #5708, #3090 ) ;
#1459 =( GEOMETRIC_REPRESENTATION_CONTEXT ( 3 ) GLOBAL_UNCERTAINTY_ASSIGNED_CONTEXT ( ( #993 ) ) GLOBAL_UNIT_ASSIGNED_CONTEXT ( ( #539, #165, #4584 ) ) REPRESENTATION_CONTEXT ( 'NONE', 'WORKASPACE' ) );
#1460 = VECTOR ( 'NONE', #188, 39.37007874015748143 ) ;
#1461 = VERTEX_POINT ( 'NONE', #4548 ) ;
#1462 = VECTOR ( 'NONE', #3863, 39.37007874015748143 ) ;
#1463 =( NAMED_UNIT ( * ) PLANE_ANGLE_UNIT ( ) SI_UNIT ( $, .RADIAN. ) );
#1464 = DIRECTION ( 'NONE',  ( 1.000000000000000000, 1.411300455031980070E-16, 0.000000000000000000 ) ) ;
#1465 = LINE ( 'NONE', #5578, #5790 ) ;
#1466 = EDGE_LOOP ( 'NONE', ( #1107, #2636, #4341, #2641 ) ) ;
#1467 = ORIENTED_EDGE ( 'NONE', *, *, #5000, .T. ) ;
#1468 = CARTESIAN_POINT ( 'NONE',  ( -0.09842519685039370636, 0.03307086614173232464, 0.0009842519685039369942 ) ) ;
#1469 = UNCERTAINTY_MEASURE_WITH_UNIT (LENGTH_MEASURE( 1.000000000000000082E-05 ), #5265, 'distance_accuracy_value', 'NONE');
#1470 = CARTESIAN_POINT ( 'NONE',  ( 0.08464566929133858497, 0.07874015748031495954, 0.0009842519685039369942 ) ) ;
#1471 = PRESENTATION_LAYER_ASSIGNMENT (  '', '', ( #4034 ) ) ;
#1472 = EDGE_CURVE ( 'NONE', #5863, #5738, #2055, .T. ) ;
#1473 =( CONVERSION_BASED_UNIT ( 'INCH', #5122 ) LENGTH_UNIT ( ) NAMED_UNIT ( #2328 ) );
#1474 = ORIENTED_EDGE ( 'NONE', *, *, #3297, .T. ) ;
#1475 = LINE ( 'NONE', #5003, #4236 ) ;
#1476 = DIMENSIONAL_EXPONENTS ( 1.000000000000000000, 0.000000000000000000, 0.000000000000000000, 0.000000000000000000, 0.000000000000000000, 0.000000000000000000, 0.000000000000000000 ) ;
#1477 = ORIENTED_EDGE ( 'NONE', *, *, #3334, .F. ) ;
#1478 = STYLED_ITEM ( 'NONE', ( #1307 ), #5550 ) ;
#1479 = PRESENTATION_LAYER_ASSIGNMENT (  '', '', ( #1264 ) ) ;
#1480 = SURFACE_SIDE_STYLE ('',( #5623 ) ) ;
#1481 = EDGE_CURVE ( 'NONE', #2548, #4941, #1896, .T. ) ;
#1482 = LINE ( 'NONE', #5131, #4586 ) ;
#1483 = CARTESIAN_POINT ( 'NONE',  ( 0.09842519685039370636, 0.07874015748031495954, 0.000000000000000000 ) ) ;
#1484 = DIRECTION ( 'NONE',  ( 0.5362129001746814838, 0.5362129001746814838, 0.6518830043593054624 ) ) ;
#1485 = FILL_AREA_STYLE_COLOUR ( '', #2882 ) ;
#1486 =( NAMED_UNIT ( * ) SI_UNIT ( $, .STERADIAN. ) SOLID_ANGLE_UNIT ( ) );
#1487 = ORIENTED_EDGE ( 'NONE', *, *, #1742, .T. ) ;
#1488 = CARTESIAN_POINT ( 'NONE',  ( 0.1097440944881889757, 0.06692913385826770867, 0.000000000000000000 ) ) ;
#1489 = DIRECTION ( 'NONE',  ( 2.265761274745219945E-16, -1.000000000000000000, 0.000000000000000000 ) ) ;
#1490 = VERTEX_POINT ( 'NONE', #469 ) ;
#1491 = EDGE_CURVE ( 'NONE', #1262, #4096, #3167, .T. ) ;
#1492 = FACE_OUTER_BOUND ( 'NONE', #1971, .T. ) ;
#1493 =( NAMED_UNIT ( * ) PLANE_ANGLE_UNIT ( ) SI_UNIT ( $, .RADIAN. ) );
#1494 = VECTOR ( 'NONE', #3274, 39.37007874015748143 ) ;
#1495 =( BOUNDED_SURFACE ( )  B_SPLINE_SURFACE ( 3, 3, ( 
 ( #1086, #2881, #4353, #1562 ),
 ( #4326, #700, #2075, #2457 ),
 ( #4725, #2021, #3893, #623 ),
 ( #726, #5707, #2049, #3005 ) ),
 .UNSPECIFIED., .F., .F., .T. ) 
 B_SPLINE_SURFACE_WITH_KNOTS ( ( 4, 4 ),
 ( 4, 4 ),
 ( 0.000000000000000000, 1.000000000000000000 ),
 ( 0.000000000000000000, 1.000000000000000000 ),
 .UNSPECIFIED. ) 
 GEOMETRIC_REPRESENTATION_ITEM ( )  RATIONAL_B_SPLINE_SURFACE ( (
 ( 1.000000000000000000, 0.3333333333333327597, 0.3333333333333327597, 1.000000000000000000),
 ( 0.9290532412555527753, 0.3096844137518504070, 0.3096844137518504070, 0.9290532412555527753),
 ( 0.9290532412555527753, 0.3096844137518504070, 0.3096844137518504070, 0.9290532412555527753),
 ( 1.000000000000000000, 0.3333333333333327597, 0.3333333333333327597, 1.000000000000000000) ) ) 
 REPRESENTATION_ITEM ( '' )  SURFACE ( )  );
#1496 = CARTESIAN_POINT ( 'NONE',  ( -0.1210629921259842590, -0.03307086614173224137, 0.000000000000000000 ) ) ;
#1497 = SURFACE_STYLE_FILL_AREA ( #3294 ) ;
#1498 = ORIENTED_EDGE ( 'NONE', *, *, #1028, .F. ) ;
#1499 = UNCERTAINTY_MEASURE_WITH_UNIT (LENGTH_MEASURE( 1.000000000000000082E-05 ), #4426, 'distance_accuracy_value', 'NONE');
#1500 =( NAMED_UNIT ( * ) SI_UNIT ( $, .STERADIAN. ) SOLID_ANGLE_UNIT ( ) );
#1501 = CARTESIAN_POINT ( 'NONE',  ( -0.1091548873361932182, 0.09132447417272138157, 0.04309097106227407353 ) ) ;
#1502 = LINE ( 'NONE', #104, #1870 ) ;
#1503 = PRESENTATION_STYLE_ASSIGNMENT (( #5615 ) ) ;
#1504 = DIRECTION ( 'NONE',  ( 1.000000000000000000, 0.000000000000000000, 0.000000000000000000 ) ) ;
#1505 = PRESENTATION_STYLE_ASSIGNMENT (( #5676 ) ) ;
#1506 = ORIENTED_EDGE ( 'NONE', *, *, #98, .T. ) ;
#1507 = CARTESIAN_POINT ( 'NONE',  ( -0.09842519685039370636, 0.08307086614173228578, 0.000000000000000000 ) ) ;
#1508 = ORIENTED_EDGE ( 'NONE', *, *, #2891, .T. ) ;
#1509 =( CONVERSION_BASED_UNIT ( 'INCH', #2323 ) LENGTH_UNIT ( ) NAMED_UNIT ( #1221 ) );
#1510 = PLANE ( 'NONE',  #3420 ) ;
#1511 = ORIENTED_EDGE ( 'NONE', *, *, #4201, .F. ) ;
#1512 = FILL_AREA_STYLE ('',( #3643 ) ) ;
#1513 =( CONVERSION_BASED_UNIT ( 'INCH', #4602 ) LENGTH_UNIT ( ) NAMED_UNIT ( #4668 ) );
#1514 = EDGE_CURVE ( 'NONE', #5648, #5863, #1430, .T. ) ;
#1515 = DIMENSIONAL_EXPONENTS ( 1.000000000000000000, 0.000000000000000000, 0.000000000000000000, 0.000000000000000000, 0.000000000000000000, 0.000000000000000000, 0.000000000000000000 ) ;
#1516 = STYLED_ITEM ( 'NONE', ( #2011 ), #2170 ) ;
#1517 = EDGE_LOOP ( 'NONE', ( #2280, #5124, #5620, #4530 ) ) ;
#1518 = FILL_AREA_STYLE ('',( #638 ) ) ;
#1519 = DIRECTION ( 'NONE',  ( 0.5362129001746752666, -0.5362129001746839263, 0.6518830043593084600 ) ) ;
#1520 = CARTESIAN_POINT ( 'NONE',  ( -0.09842519685039370636, 0.06692913385826770867, 0.000000000000000000 ) ) ;
#1521 = EDGE_LOOP ( 'NONE', ( #5371, #5004, #1781, #841, #3003 ) ) ;
#1522 = CARTESIAN_POINT ( 'NONE',  ( -0.1113147800263711573, -0.09162974065629245213, 0.04193654726125713855 ) ) ;
#1523 = SURFACE_STYLE_FILL_AREA ( #1132 ) ;
#1524 =( NAMED_UNIT ( * ) PLANE_ANGLE_UNIT ( ) SI_UNIT ( $, .RADIAN. ) );
#1525 = FACE_OUTER_BOUND ( 'NONE', #4872, .T. ) ;
#1526 = DIRECTION ( 'NONE',  ( 0.1039620511844972367, -0.1039620511845036760, -0.9891328443778532042 ) ) ;
#1527 = DIRECTION ( 'NONE',  ( 0.000000000000000000, 0.000000000000000000, 1.000000000000000000 ) ) ;
#1528 = FILL_AREA_STYLE ('',( #2808 ) ) ;
#1529 = CARTESIAN_POINT ( 'NONE',  ( -0.1113147800263711434, 0.09162974065629242437, 0.04193654726125710386 ) ) ;
#1530 = CIRCLE ( 'NONE', #2734, 0.003937007874015718487 ) ;
#1531 = AXIS2_PLACEMENT_3D ( 'NONE', #797, #1153, #4824 ) ;
#1532 = PRESENTATION_STYLE_ASSIGNMENT (( #48 ) ) ;
#1533 = DIRECTION ( 'NONE',  ( 0.000000000000000000, -0.000000000000000000, -1.000000000000000000 ) ) ;
#1534 =( LENGTH_UNIT ( ) NAMED_UNIT ( * ) SI_UNIT ( $, .METRE. ) );
#1535 = ORIENTED_EDGE ( 'NONE', *, *, #4620, .F. ) ;
#1536 = EDGE_CURVE ( 'NONE', #4463, #4878, #487, .T. ) ;
#1537 = ORIENTED_EDGE ( 'NONE', *, *, #5275, .T. ) ;
#1538 =( GEOMETRIC_REPRESENTATION_CONTEXT ( 3 ) GLOBAL_UNCERTAINTY_ASSIGNED_CONTEXT ( ( #184 ) ) GLOBAL_UNIT_ASSIGNED_CONTEXT ( ( #1173, #4815, #3419 ) ) REPRESENTATION_CONTEXT ( 'NONE', 'WORKASPACE' ) );
#1539 = DIRECTION ( 'NONE',  ( 1.000000000000000000, 2.191229653865440203E-16, 0.000000000000000000 ) ) ;
#1540 = FILL_AREA_STYLE ('',( #5651 ) ) ;
#1541 = LENGTH_MEASURE_WITH_UNIT ( LENGTH_MEASURE( 0.02539999999999999897 ), #3857 );
#1542 = PLANE ( 'NONE',  #2223 ) ;
#1543 = ADVANCED_BREP_SHAPE_REPRESENTATION ( '', ( #2238, #333, #4224, #315, #2270, #845 ), #3340 ) ;
#1544 = UNCERTAINTY_MEASURE_WITH_UNIT (LENGTH_MEASURE( 1.000000000000000082E-05 ), #2069, 'distance_accuracy_value', 'NONE');
#1545 = DIRECTION ( 'NONE',  ( -0.000000000000000000, 0.000000000000000000, -1.000000000000000000 ) ) ;
#1546 = ORIENTED_EDGE ( 'NONE', *, *, #1646, .T. ) ;
#1547 = DIRECTION ( 'NONE',  ( -1.000000000000000000, -0.000000000000000000, 0.000000000000000000 ) ) ;
#1548 = LINE ( 'NONE', #1951, #1829 ) ;
#1549 = FILL_AREA_STYLE_COLOUR ( '', #2876 ) ;
#1550 = SURFACE_STYLE_FILL_AREA ( #4709 ) ;
#1551 = VECTOR ( 'NONE', #1014, 39.37007874015748143 ) ;
#1552 = ORIENTED_EDGE ( 'NONE', *, *, #3590, .F. ) ;
#1553 = VECTOR ( 'NONE', #958, 39.37007874015748143 ) ;
#1554 = CARTESIAN_POINT ( 'NONE',  ( -0.1112281098157780895, -0.09537850271340317376, 0.03805093931163117116 ) ) ;
#1555 = MECHANICAL_DESIGN_GEOMETRIC_PRESENTATION_REPRESENTATION (  '', ( #3620 ), #1236 ) ;
#1556 = SURFACE_STYLE_FILL_AREA ( #1611 ) ;
#1557 = UNCERTAINTY_MEASURE_WITH_UNIT (LENGTH_MEASURE( 1.000000000000000082E-05 ), #310, 'distance_accuracy_value', 'NONE');
#1558 = AXIS2_PLACEMENT_3D ( 'NONE', #1801, #4127, #1390 ) ;
#1559 = AXIS2_PLACEMENT_3D ( 'NONE', #4449, #5744, #3432 ) ;
#1560 =( LENGTH_UNIT ( ) NAMED_UNIT ( * ) SI_UNIT ( $, .METRE. ) );
#1561 = CARTESIAN_POINT ( 'NONE',  ( -0.1113147800263711712, 0.09162974065629241049, 0.04193654726125711774 ) ) ;
#1562 = CARTESIAN_POINT ( 'NONE',  ( 0.1113147800263711434, -0.09162974065629245213, 0.04193654726125713855 ) ) ;
#1563 = MECHANICAL_DESIGN_GEOMETRIC_PRESENTATION_REPRESENTATION (  '', ( #1353 ), #2766 ) ;
#1564 = FACE_OUTER_BOUND ( 'NONE', #39, .T. ) ;
#1565 = CARTESIAN_POINT ( 'NONE',  ( 0.1097440944881889757, -0.06692913385826770867, 0.000000000000000000 ) ) ;
#1566 = EDGE_LOOP ( 'NONE', ( #4423, #1759, #368, #1431, #2934, #2283 ) ) ;
#1567 =( GEOMETRIC_REPRESENTATION_CONTEXT ( 3 ) GLOBAL_UNCERTAINTY_ASSIGNED_CONTEXT ( ( #4496 ) ) GLOBAL_UNIT_ASSIGNED_CONTEXT ( ( #973, #5060, #4509 ) ) REPRESENTATION_CONTEXT ( 'NONE', 'WORKASPACE' ) );
#1568 = DIRECTION ( 'NONE',  ( 1.000000000000000000, 0.000000000000000000, 0.000000000000000000 ) ) ;
#1569 = VERTEX_POINT ( 'NONE', #4100 ) ;
#1570 = AXIS2_PLACEMENT_3D ( 'NONE', #4708, #4073, #2689 ) ;
#1571 = MECHANICAL_DESIGN_GEOMETRIC_PRESENTATION_REPRESENTATION (  '', ( #1360 ), #965 ) ;
#1572 =( LENGTH_UNIT ( ) NAMED_UNIT ( * ) SI_UNIT ( $, .METRE. ) );
#1573 =( NAMED_UNIT ( * ) SI_UNIT ( $, .STERADIAN. ) SOLID_ANGLE_UNIT ( ) );
#1574 =( LENGTH_UNIT ( ) NAMED_UNIT ( * ) SI_UNIT ( $, .METRE. ) );
#1575 = SURFACE_STYLE_FILL_AREA ( #3094 ) ;
#1576 = LENGTH_MEASURE_WITH_UNIT ( LENGTH_MEASURE( 0.02539999999999999897 ), #2442 );
#1577 =( GEOMETRIC_REPRESENTATION_CONTEXT ( 3 ) GLOBAL_UNCERTAINTY_ASSIGNED_CONTEXT ( ( #4115 ) ) GLOBAL_UNIT_ASSIGNED_CONTEXT ( ( #1599, #258, #1186 ) ) REPRESENTATION_CONTEXT ( 'NONE', 'WORKASPACE' ) );
#1578 = UNCERTAINTY_MEASURE_WITH_UNIT (LENGTH_MEASURE( 1.000000000000000082E-05 ), #4730, 'distance_accuracy_value', 'NONE');
#1579 = LINE ( 'NONE', #3378, #1148 ) ;
#1580 =( GEOMETRIC_REPRESENTATION_CONTEXT ( 3 ) GLOBAL_UNCERTAINTY_ASSIGNED_CONTEXT ( ( #5866 ) ) GLOBAL_UNIT_ASSIGNED_CONTEXT ( ( #4567, #2215, #2182 ) ) REPRESENTATION_CONTEXT ( 'NONE', 'WORKASPACE' ) );
#1581 = ORIENTED_EDGE ( 'NONE', *, *, #2311, .F. ) ;
#1582 = DIRECTION ( 'NONE',  ( -0.000000000000000000, -1.000000000000000000, -0.000000000000000000 ) ) ;
#1583 = LINE ( 'NONE', #3471, #4497 ) ;
#1584 = PLANE ( 'NONE',  #2471 ) ;
#1585 = VERTEX_POINT ( 'NONE', #5079 ) ;
#1586 = SURFACE_STYLE_USAGE ( .BOTH. , #2970 ) ;
#1587 = DIRECTION ( 'NONE',  ( -0.000000000000000000, 1.000000000000000000, 0.000000000000000000 ) ) ;
#1588 = EDGE_CURVE ( 'NONE', #4440, #4932, #1840, .T. ) ;
#1589 = DIRECTION ( 'NONE',  ( 1.000000000000000000, -0.000000000000000000, 0.000000000000000000 ) ) ;
#1590 = MECHANICAL_DESIGN_GEOMETRIC_PRESENTATION_REPRESENTATION (  '', ( #2699 ), #5815 ) ;
#1591 = FACE_OUTER_BOUND ( 'NONE', #2171, .T. ) ;
#1592 = FILL_AREA_STYLE ('',( #5334 ) ) ;
#1593 = LENGTH_MEASURE_WITH_UNIT ( LENGTH_MEASURE( 0.02539999999999999897 ), #2460 );
#1594 = FILL_AREA_STYLE ('',( #5152 ) ) ;
#1595 = VERTEX_POINT ( 'NONE', #2778 ) ;
#1596 = CARTESIAN_POINT ( 'NONE',  ( 0.08464566929133858497, 0.06692913385826770867, 0.000000000000000000 ) ) ;
#1597 = ORIENTED_EDGE ( 'NONE', *, *, #5342, .F. ) ;
#1598 = SURFACE_STYLE_USAGE ( .BOTH. , #2440 ) ;
#1599 =( CONVERSION_BASED_UNIT ( 'INCH', #1576 ) LENGTH_UNIT ( ) NAMED_UNIT ( #2246 ) );
#1600 = ADVANCED_FACE ( 'NONE', ( #5520 ), #4618, .F. ) ;
#1601 = UNCERTAINTY_MEASURE_WITH_UNIT (LENGTH_MEASURE( 1.000000000000000082E-05 ), #1291, 'distance_accuracy_value', 'NONE');
#1602 = FILL_AREA_STYLE ('',( #1040 ) ) ;
#1603 = ORIENTED_EDGE ( 'NONE', *, *, #3645, .T. ) ;
#1604 = VECTOR ( 'NONE', #3002, 39.37007874015748143 ) ;
#1605 = PLANE ( 'NONE',  #2237 ) ;
#1606 = CARTESIAN_POINT ( 'NONE',  ( 0.1161417322834645827, -0.08307086614173228578, 0.000000000000000000 ) ) ;
#1607 = SURFACE_SIDE_STYLE ('',( #3019 ) ) ;
#1608 = SURFACE_SIDE_STYLE ('',( #666 ) ) ;
#1609 = ORIENTED_EDGE ( 'NONE', *, *, #1742, .F. ) ;
#1610 = FACE_OUTER_BOUND ( 'NONE', #1624, .T. ) ;
#1611 = FILL_AREA_STYLE ('',( #3892 ) ) ;
#1612 = DIRECTION ( 'NONE',  ( -1.000000000000000000, -0.000000000000000000, 0.000000000000000000 ) ) ;
#1613 = SURFACE_STYLE_FILL_AREA ( #1990 ) ;
#1614 =( CONVERSION_BASED_UNIT ( 'INCH', #3927 ) LENGTH_UNIT ( ) NAMED_UNIT ( #583 ) );
#1615 = FILL_AREA_STYLE ('',( #3815 ) ) ;
#1616 = EDGE_CURVE ( 'NONE', #5917, #2228, #1677, .T. ) ;
#1617 = ORIENTED_EDGE ( 'NONE', *, *, #3042, .F. ) ;
#1618 = ORIENTED_EDGE ( 'NONE', *, *, #2288, .F. ) ;
#1619 = LINE ( 'NONE', #1123, #1758 ) ;
#1620 = MECHANICAL_DESIGN_GEOMETRIC_PRESENTATION_REPRESENTATION (  '', ( #4189 ), #4561 ) ;
#1621 = AXIS2_PLACEMENT_3D ( 'NONE', #5225, #1094, #4666 ) ;
#1622 = PRODUCT_DEFINITION_CONTEXT ( 'detailed design', #4543, 'design' ) ;
#1623 = SURFACE_SIDE_STYLE ('',( #5318 ) ) ;
#1624 = EDGE_LOOP ( 'NONE', ( #4928, #3358, #2174, #2820 ) ) ;
#1625 = DIMENSIONAL_EXPONENTS ( 1.000000000000000000, 0.000000000000000000, 0.000000000000000000, 0.000000000000000000, 0.000000000000000000, 0.000000000000000000, 0.000000000000000000 ) ;
#1626 = PLANE ( 'NONE',  #4119 ) ;
#1627 =( LENGTH_UNIT ( ) NAMED_UNIT ( * ) SI_UNIT ( $, .METRE. ) );
#1628 = CARTESIAN_POINT ( 'NONE',  ( 0.09842519685039370636, -0.07874015748031495954, 0.000000000000000000 ) ) ;
#1629 = DIRECTION ( 'NONE',  ( 2.241005114736412675E-16, -1.000000000000000000, -2.355391288108391830E-17 ) ) ;
#1630 = EDGE_CURVE ( 'NONE', #4440, #3368, #5860, .T. ) ;
#1631 =( NAMED_UNIT ( * ) SI_UNIT ( $, .STERADIAN. ) SOLID_ANGLE_UNIT ( ) );
#1632 = AXIS2_PLACEMENT_3D ( 'NONE', #1878, #3278, #1411 ) ;
#1633 = CARTESIAN_POINT ( 'NONE',  ( 0.09842519685039370636, -0.07874015748031495954, 0.01102362204724409607 ) ) ;
#1634 = CIRCLE ( 'NONE', #4293, 0.003937007874015749712 ) ;
#1635 = VECTOR ( 'NONE', #3657, 39.37007874015748143 ) ;
#1636 = MECHANICAL_DESIGN_GEOMETRIC_PRESENTATION_REPRESENTATION (  '', ( #2015 ), #947 ) ;
#1637 = LENGTH_MEASURE_WITH_UNIT ( LENGTH_MEASURE( 0.02539999999999999897 ), #1670 );
#1638 = LENGTH_MEASURE_WITH_UNIT ( LENGTH_MEASURE( 0.02539999999999999897 ), #3483 );
#1639 = LINE ( 'NONE', #2983, #5592 ) ;
#1640 = VECTOR ( 'NONE', #4086, 39.37007874015748143 ) ;
#1641 = ORIENTED_EDGE ( 'NONE', *, *, #3744, .F. ) ;
#1642 = LINE ( 'NONE', #4850, #4880 ) ;
#1643 = VERTEX_POINT ( 'NONE', #3493 ) ;
#1644 = VECTOR ( 'NONE', #1714, 39.37007874015748143 ) ;
#1645 = MECHANICAL_DESIGN_GEOMETRIC_PRESENTATION_REPRESENTATION (  '', ( #3055 ), #953 ) ;
#1646 = EDGE_CURVE ( 'NONE', #1925, #2102, #4968, .T. ) ;
#1647 =( GEOMETRIC_REPRESENTATION_CONTEXT ( 3 ) GLOBAL_UNCERTAINTY_ASSIGNED_CONTEXT ( ( #5847 ) ) GLOBAL_UNIT_ASSIGNED_CONTEXT ( ( #5219, #5734, #4687 ) ) REPRESENTATION_CONTEXT ( 'NONE', 'WORKASPACE' ) );
#1648 = ORIENTED_EDGE ( 'NONE', *, *, #3664, .F. ) ;
#1649 =( LENGTH_UNIT ( ) NAMED_UNIT ( * ) SI_UNIT ( $, .METRE. ) );
#1650 = PRESENTATION_LAYER_ASSIGNMENT (  '', '', ( #3741 ) ) ;
#1651 = STYLED_ITEM ( 'NONE', ( #5899 ), #117 ) ;
#1652 = EDGE_CURVE ( 'NONE', #307, #5048, #5469, .T. ) ;
#1653 = VECTOR ( 'NONE', #3248, 39.37007874015748143 ) ;
#1654 = CARTESIAN_POINT ( 'NONE',  ( -0.1161417322834645827, 0.09645669291338584972, 0.000000000000000000 ) ) ;
#1655 = PLANE ( 'NONE',  #3840 ) ;
#1656 =( LENGTH_UNIT ( ) NAMED_UNIT ( * ) SI_UNIT ( $, .METRE. ) );
#1657 = VECTOR ( 'NONE', #3688, 39.37007874015748143 ) ;
#1658 = LENGTH_MEASURE_WITH_UNIT ( LENGTH_MEASURE( 0.02539999999999999897 ), #3383 );
#1659 = PRESENTATION_STYLE_ASSIGNMENT (( #2530 ) ) ;
#1660 = LINE ( 'NONE', #5640, #685 ) ;
#1661 = FILL_AREA_STYLE ('',( #5783 ) ) ;
#1662 = PRESENTATION_LAYER_ASSIGNMENT (  '', '', ( #4237 ) ) ;
#1663 = FACE_OUTER_BOUND ( 'NONE', #2780, .T. ) ;
#1664 = CARTESIAN_POINT ( 'NONE',  ( -0.1122942085912495419, -0.09162974065629246601, 0.04113090847672781769 ) ) ;
#1665 = FACE_OUTER_BOUND ( 'NONE', #5461, .T. ) ;
#1666 = CARTESIAN_POINT ( 'NONE',  ( -0.1097440944881889757, -0.08307086614173228578, 0.01102362204724409607 ) ) ;
#1667 = DIMENSIONAL_EXPONENTS ( 1.000000000000000000, 0.000000000000000000, 0.000000000000000000, 0.000000000000000000, 0.000000000000000000, 0.000000000000000000, 0.000000000000000000 ) ;
#1668 = EDGE_CURVE ( 'NONE', #3464, #736, #311, .T. ) ;
#1669 = UNCERTAINTY_MEASURE_WITH_UNIT (LENGTH_MEASURE( 1.000000000000000082E-05 ), #4793, 'distance_accuracy_value', 'NONE');
#1670 =( LENGTH_UNIT ( ) NAMED_UNIT ( * ) SI_UNIT ( $, .METRE. ) );
#1671 = LINE ( 'NONE', #1724, #434 ) ;
#1672 = PLANE ( 'NONE',  #3781 ) ;
#1673 = CARTESIAN_POINT ( 'NONE',  ( 0.1112281098157781034, 0.09537850271340327091, 0.03805093931163103238 ) ) ;
#1674 = CARTESIAN_POINT ( 'NONE',  ( -0.1161417322834645827, 0.09251968503937008093, 0.0009842519685039369942 ) ) ;
#1675 = ORIENTED_EDGE ( 'NONE', *, *, #5340, .T. ) ;
#1676 = ORIENTED_EDGE ( 'NONE', *, *, #4462, .T. ) ;
#1677 = LINE ( 'NONE', #3967, #1043 ) ;
#1678 = DIRECTION ( 'NONE',  ( -1.000000000000000000, -2.265761274745219945E-16, 0.000000000000000000 ) ) ;
#1679 =( NAMED_UNIT ( * ) SI_UNIT ( $, .STERADIAN. ) SOLID_ANGLE_UNIT ( ) );
#1680 =( GEOMETRIC_REPRESENTATION_CONTEXT ( 3 ) GLOBAL_UNCERTAINTY_ASSIGNED_CONTEXT ( ( #1158 ) ) GLOBAL_UNIT_ASSIGNED_CONTEXT ( ( #1473, #510, #1932 ) ) REPRESENTATION_CONTEXT ( 'NONE', 'WORKASPACE' ) );
#1681 = ORIENTED_EDGE ( 'NONE', *, *, #4517, .F. ) ;
#1682 =( BOUNDED_SURFACE ( )  B_SPLINE_SURFACE ( 3, 3, ( 
 ( #5269, #1763, #2194, #1203 ),
 ( #838, #3030, #1784, #3985 ),
 ( #2575, #1673, #3928, #3057 ),
 ( #2657, #5888, #2227, #382 ) ),
 .UNSPECIFIED., .F., .F., .T. ) 
 B_SPLINE_SURFACE_WITH_KNOTS ( ( 4, 4 ),
 ( 4, 4 ),
 ( 0.000000000000000000, 1.000000000000000000 ),
 ( 0.000000000000000000, 1.000000000000000000 ),
 .UNSPECIFIED. ) 
 GEOMETRIC_REPRESENTATION_ITEM ( )  RATIONAL_B_SPLINE_SURFACE ( (
 ( 1.000000000000000000, 0.3333333333333337034, 0.3333333333333337034, 1.000000000000000000),
 ( 0.9290532412555523312, 0.3096844137518511286, 0.3096844137518511286, 0.9290532412555523312),
 ( 0.9290532412555523312, 0.3096844137518511286, 0.3096844137518511286, 0.9290532412555523312),
 ( 1.000000000000000000, 0.3333333333333337034, 0.3333333333333337034, 1.000000000000000000) ) ) 
 REPRESENTATION_ITEM ( '' )  SURFACE ( )  );
#1683 =( CONVERSION_BASED_UNIT ( 'INCH', #5345 ) LENGTH_UNIT ( ) NAMED_UNIT ( #1855 ) );
#1684 = PRESENTATION_LAYER_ASSIGNMENT (  '', '', ( #1394 ) ) ;
#1685 = VERTEX_POINT ( 'NONE', #2232 ) ;
#1686 = FILL_AREA_STYLE_COLOUR ( '', #802 ) ;
#1687 = LINE ( 'NONE', #3501, #325 ) ;
#1688 = STYLED_ITEM ( 'NONE', ( #3228 ), #3140 ) ;
#1689 = LINE ( 'NONE', #3503, #1364 ) ;
#1690 = FILL_AREA_STYLE_COLOUR ( '', #1135 ) ;
#1691 = ADVANCED_FACE ( 'NONE', ( #2545, #733 ), #1181, .T. ) ;
#1692 = PRESENTATION_STYLE_ASSIGNMENT (( #1218 ) ) ;
#1693 = VECTOR ( 'NONE', #1404, 39.37007874015748143 ) ;
#1694 = PLANE ( 'NONE',  #3537 ) ;
#1695 = CARTESIAN_POINT ( 'NONE',  ( 0.1097440944881889757, 0.08307086614173225803, 0.01102362204724409607 ) ) ;
#1696 = CARTESIAN_POINT ( 'NONE',  ( -0.1107909172698221534, -0.08727044563203950611, 0.04507992005624355397 ) ) ;
#1697 = FILL_AREA_STYLE ('',( #3539 ) ) ;
#1698 = ORIENTED_EDGE ( 'NONE', *, *, #2819, .T. ) ;
#1699 = LINE ( 'NONE', #5267, #4377 ) ;
#1700 = DIRECTION ( 'NONE',  ( -1.353930517835559931E-15, 1.000000000000000000, 0.000000000000000000 ) ) ;
#1701 = DIRECTION ( 'NONE',  ( -0.000000000000000000, 0.000000000000000000, -1.000000000000000000 ) ) ;
#1702 = LENGTH_MEASURE_WITH_UNIT ( LENGTH_MEASURE( 0.02539999999999999897 ), #4870 );
#1703 = LINE ( 'NONE', #4871, #2211 ) ;
#1704 = VERTEX_POINT ( 'NONE', #4998 ) ;
#1705 = ORIENTED_EDGE ( 'NONE', *, *, #5701, .T. ) ;
#1706 =( NAMED_UNIT ( * ) PLANE_ANGLE_UNIT ( ) SI_UNIT ( $, .RADIAN. ) );
#1707 = EDGE_CURVE ( 'NONE', #4331, #962, #12, .T. ) ;
#1708 =( LENGTH_UNIT ( ) NAMED_UNIT ( * ) SI_UNIT ( $, .METRE. ) );
#1709 = ORIENTED_EDGE ( 'NONE', *, *, #2597, .F. ) ;
#1710 = DIRECTION ( 'NONE',  ( 0.000000000000000000, 0.000000000000000000, 1.000000000000000000 ) ) ;
#1711 = ORIENTED_EDGE ( 'NONE', *, *, #5513, .F. ) ;
#1712 =( CONVERSION_BASED_UNIT ( 'INCH', #4445 ) LENGTH_UNIT ( ) NAMED_UNIT ( #2189 ) );
#1713 =( NAMED_UNIT ( * ) PLANE_ANGLE_UNIT ( ) SI_UNIT ( $, .RADIAN. ) );
#1714 = DIRECTION ( 'NONE',  ( -0.000000000000000000, 1.000000000000000000, 0.000000000000000000 ) ) ;
#1715 = PLANE ( 'NONE',  #241 ) ;
#1716 = VECTOR ( 'NONE', #1190, 39.37007874015748143 ) ;
#1717 = DIRECTION ( 'NONE',  ( 0.000000000000000000, 0.000000000000000000, 1.000000000000000000 ) ) ;
#1718 =( NAMED_UNIT ( * ) SI_UNIT ( $, .STERADIAN. ) SOLID_ANGLE_UNIT ( ) );
#1719 = VECTOR ( 'NONE', #646, 39.37007874015748143 ) ;
#1720 = EDGE_CURVE ( 'NONE', #5559, #4392, #3174, .T. ) ;
#1721 = CARTESIAN_POINT ( 'NONE',  ( -0.09842519685039370636, 0.03307086614173232464, 0.000000000000000000 ) ) ;
#1722 = CARTESIAN_POINT ( 'NONE',  ( 0.1145001696830361265, 0.08727044563203953387, 0.04202883729956972264 ) ) ;
#1723 = VERTEX_POINT ( 'NONE', #5026 ) ;
#1724 = CARTESIAN_POINT ( 'NONE',  ( -0.09842519685039370636, 2.731847993664264143E-17, 0.0009842519685039369942 ) ) ;
#1725 = VECTOR ( 'NONE', #3317, 39.37007874015748143 ) ;
#1726 = VECTOR ( 'NONE', #1372, 39.37007874015748143 ) ;
#1727 = CARTESIAN_POINT ( 'NONE',  ( -0.09842519685039370636, 2.731847993664264143E-17, 0.0009842519685039369942 ) ) ;
#1728 = FILL_AREA_STYLE_COLOUR ( '', #2872 ) ;
#1729 = SURFACE_STYLE_USAGE ( .BOTH. , #5368 ) ;
#1730 = ORIENTED_EDGE ( 'NONE', *, *, #5471, .F. ) ;
#1731 = ORIENTED_EDGE ( 'NONE', *, *, #1347, .T. ) ;
#1732 = PRESENTATION_LAYER_ASSIGNMENT (  '', '', ( #3911 ) ) ;
#1733 = MECHANICAL_DESIGN_GEOMETRIC_PRESENTATION_REPRESENTATION (  '', ( #1822 ), #2764 ) ;
#1734 = CARTESIAN_POINT ( 'NONE',  ( -0.05118110236220473758, 0.07874015748031495954, 0.000000000000000000 ) ) ;
#1735 = CIRCLE ( 'NONE', #5192, 0.003937007874015740171 ) ;
#1736 = ORIENTED_EDGE ( 'NONE', *, *, #3097, .T. ) ;
#1737 = CARTESIAN_POINT ( 'NONE',  ( 0.1161417322834645827, 0.09645669291338584972, 0.0009842519685039369942 ) ) ;
#1738 = PRESENTATION_LAYER_ASSIGNMENT (  '', '', ( #3828 ) ) ;
#1739 = ORIENTED_EDGE ( 'NONE', *, *, #42, .F. ) ;
#1740 = CARTESIAN_POINT ( 'NONE',  ( -0.1161417322834645827, -0.09645669291338584972, 0.000000000000000000 ) ) ;
#1741 = AXIS2_PLACEMENT_3D ( 'NONE', #1847, #3665, #4527 ) ;
#1742 = EDGE_CURVE ( 'NONE', #5579, #2461, #903, .T. ) ;
#1743 =( GEOMETRIC_REPRESENTATION_CONTEXT ( 3 ) GLOBAL_UNCERTAINTY_ASSIGNED_CONTEXT ( ( #1392 ) ) GLOBAL_UNIT_ASSIGNED_CONTEXT ( ( #358, #2167, #5335 ) ) REPRESENTATION_CONTEXT ( 'NONE', 'WORKASPACE' ) );
#1744 = FACE_OUTER_BOUND ( 'NONE', #2165, .T. ) ;
#1745 = DIMENSIONAL_EXPONENTS ( 1.000000000000000000, 0.000000000000000000, 0.000000000000000000, 0.000000000000000000, 0.000000000000000000, 0.000000000000000000, 0.000000000000000000 ) ;
#1746 =( NAMED_UNIT ( * ) PLANE_ANGLE_UNIT ( ) SI_UNIT ( $, .RADIAN. ) );
#1747 = STYLED_ITEM ( 'NONE', ( #1505 ), #4903 ) ;
#1748 = FILL_AREA_STYLE ('',( #4969 ) ) ;
#1749 = LENGTH_MEASURE_WITH_UNIT ( LENGTH_MEASURE( 0.02539999999999999897 ), #1827 );
#1750 = COLOUR_RGB ( '',0.2862745098039215508, 0.2862745098039215508, 0.2862745098039215508 ) ;
#1751 = DIRECTION ( 'NONE',  ( 0.000000000000000000, 0.000000000000000000, 1.000000000000000000 ) ) ;
#1752 = PRESENTATION_LAYER_ASSIGNMENT (  '', '', ( #326 ) ) ;
#1753 = COLOUR_RGB ( '',0.2862745098039215508, 0.2862745098039215508, 0.2862745098039215508 ) ;
#1754 = LENGTH_MEASURE_WITH_UNIT ( LENGTH_MEASURE( 0.02539999999999999897 ), #1289 );
#1755 = SURFACE_SIDE_STYLE ('',( #5356 ) ) ;
#1756 = CARTESIAN_POINT ( 'NONE',  ( -0.1097440944881889757, 0.07499999999999999722, 0.01102362204724409607 ) ) ;
#1757 = MECHANICAL_DESIGN_GEOMETRIC_PRESENTATION_REPRESENTATION (  '', ( #3932 ), #2879 ) ;
#1758 = VECTOR ( 'NONE', #713, 39.37007874015748143 ) ;
#1759 = ORIENTED_EDGE ( 'NONE', *, *, #4287, .T. ) ;
#1760 = VERTEX_POINT ( 'NONE', #1405 ) ;
#1761 = CARTESIAN_POINT ( 'NONE',  ( 0.08464566929133858497, -0.08307086614173228578, 0.000000000000000000 ) ) ;
#1762 = CARTESIAN_POINT ( 'NONE',  ( -0.1097440944881889757, 0.08307086614173228578, 0.01102362204724409607 ) ) ;
#1763 = CARTESIAN_POINT ( 'NONE',  ( 0.1113147800263712128, 0.09162974065629246601, 0.04193654726125713855 ) ) ;
#1764 = CARTESIAN_POINT ( 'NONE',  ( -0.1161417322834645272, 0.06692913385826770867, 0.01102362204724408740 ) ) ;
#1765 = EDGE_LOOP ( 'NONE', ( #819, #2691, #1393, #2286 ) ) ;
#1766 = ORIENTED_EDGE ( 'NONE', *, *, #5901, .T. ) ;
#1767 = ADVANCED_FACE ( 'NONE', ( #3204 ), #5051, .F. ) ;
#1768 =( CONVERSION_BASED_UNIT ( 'INCH', #5861 ) LENGTH_UNIT ( ) NAMED_UNIT ( #4598 ) );
#1769 = ORIENTED_EDGE ( 'NONE', *, *, #4182, .T. ) ;
#1770 = DIRECTION ( 'NONE',  ( 0.000000000000000000, -1.000000000000000000, 0.000000000000000000 ) ) ;
#1771 = CARTESIAN_POINT ( 'NONE',  ( 0.1210629921259842590, 0.06692913385826770867, 0.000000000000000000 ) ) ;
#1772 = LENGTH_MEASURE_WITH_UNIT ( LENGTH_MEASURE( 0.02539999999999999897 ), #2729 );
#1773 = LINE ( 'NONE', #3673, #746 ) ;
#1774 = SURFACE_SIDE_STYLE ('',( #2263 ) ) ;
#1775 = DIRECTION ( 'NONE',  ( 0.000000000000000000, 0.000000000000000000, -1.000000000000000000 ) ) ;
#1776 = EDGE_CURVE ( 'NONE', #5425, #928, #2632, .T. ) ;
#1777 = ADVANCED_FACE ( 'NONE', ( #2276 ), #3715, .F. ) ;
#1778 = DIMENSIONAL_EXPONENTS ( 1.000000000000000000, 0.000000000000000000, 0.000000000000000000, 0.000000000000000000, 0.000000000000000000, 0.000000000000000000, 0.000000000000000000 ) ;
#1779 = FILL_AREA_STYLE ('',( #432 ) ) ;
#1780 = PRESENTATION_LAYER_ASSIGNMENT (  '', '', ( #3193 ) ) ;
#1781 = ORIENTED_EDGE ( 'NONE', *, *, #1958, .T. ) ;
#1782 = DIRECTION ( 'NONE',  ( 0.000000000000000000, 0.000000000000000000, -1.000000000000000000 ) ) ;
#1783 = CARTESIAN_POINT ( 'NONE',  ( -0.009645669291338582543, -0.07874015748031495954, 0.000000000000000000 ) ) ;
#1784 = CARTESIAN_POINT ( 'NONE',  ( 0.1094713636432015358, 0.09377067414544019985, 0.04169182158321177445 ) ) ;
#1785 = PRESENTATION_LAYER_ASSIGNMENT (  '', '', ( #4360 ) ) ;
#1786 = CARTESIAN_POINT ( 'NONE',  ( -0.05118110236220473064, 0.07874015748031495954, 0.0009842519685039369942 ) ) ;
#1787 = ORIENTED_EDGE ( 'NONE', *, *, #5622, .F. ) ;
#1788 = EDGE_CURVE ( 'NONE', #2886, #2376, #3271, .T. ) ;
#1789 = ORIENTED_EDGE ( 'NONE', *, *, #3685, .F. ) ;
#1790 = COLOUR_RGB ( '',0.2862745098039215508, 0.2862745098039215508, 0.2862745098039215508 ) ;
#1791 = ADVANCED_FACE ( 'NONE', ( #5450 ), #88, .T. ) ;
#1792 = ORIENTED_EDGE ( 'NONE', *, *, #1720, .F. ) ;
#1793 = LINE ( 'NONE', #81, #322 ) ;
#1794 = EDGE_LOOP ( 'NONE', ( #5346, #5247, #2724, #2960 ) ) ;
#1795 =( NAMED_UNIT ( * ) PLANE_ANGLE_UNIT ( ) SI_UNIT ( $, .RADIAN. ) );
#1796 = ORIENTED_EDGE ( 'NONE', *, *, #4945, .T. ) ;
#1797 = DIRECTION ( 'NONE',  ( 0.000000000000000000, 0.000000000000000000, -1.000000000000000000 ) ) ;
#1798 = PRESENTATION_STYLE_ASSIGNMENT (( #2261 ) ) ;
#1799 = DIRECTION ( 'NONE',  ( 1.000000000000000000, 0.000000000000000000, -0.000000000000000000 ) ) ;
#1800 = MECHANICAL_DESIGN_GEOMETRIC_PRESENTATION_REPRESENTATION (  '', ( #4374 ), #4084 ) ;
#1801 = CARTESIAN_POINT ( 'NONE',  ( 0.09842519685039370636, -0.06692913385826770867, 0.000000000000000000 ) ) ;
#1802 = CARTESIAN_POINT ( 'NONE',  ( 0.09842519685039370636, 2.731847993664264143E-17, 0.0009842519685039369942 ) ) ;
#1803 = COLOUR_RGB ( '',0.2862745098039215508, 0.2862745098039215508, 0.2862745098039215508 ) ;
#1804 = ORIENTED_EDGE ( 'NONE', *, *, #3645, .F. ) ;
#1805 = EDGE_CURVE ( 'NONE', #2479, #1241, #1361, .T. ) ;
#1807 = VERTEX_POINT ( 'NONE', #1884 ) ;
#1806 =( CONVERSION_BASED_UNIT ( 'INCH', #5044 ) LENGTH_UNIT ( ) NAMED_UNIT ( #339 ) );
#1808 = PRESENTATION_STYLE_ASSIGNMENT (( #35 ) ) ;
#1809 = CARTESIAN_POINT ( 'NONE',  ( -0.1210629921259842590, -0.06692913385826770867, 0.000000000000000000 ) ) ;
#1810 = DIRECTION ( 'NONE',  ( -0.000000000000000000, 0.000000000000000000, -1.000000000000000000 ) ) ;
#1811 = VERTEX_POINT ( 'NONE', #2702 ) ;
#1812 = EDGE_LOOP ( 'NONE', ( #220, #5792, #3039, #32 ) ) ;
#1813 = DIMENSIONAL_EXPONENTS ( 1.000000000000000000, 0.000000000000000000, 0.000000000000000000, 0.000000000000000000, 0.000000000000000000, 0.000000000000000000, 0.000000000000000000 ) ;
#1814 = AXIS2_PLACEMENT_3D ( 'NONE', #1304, #5834, #3118 ) ;
#1815 =( NAMED_UNIT ( * ) PLANE_ANGLE_UNIT ( ) SI_UNIT ( $, .RADIAN. ) );
#1816 = AXIS2_PLACEMENT_3D ( 'NONE', #1596, #1568, #3306 ) ;
#1817 = ORIENTED_EDGE ( 'NONE', *, *, #5000, .F. ) ;
#1818 = DIRECTION ( 'NONE',  ( -1.000000000000000000, 0.000000000000000000, -0.000000000000000000 ) ) ;
#1819 = EDGE_LOOP ( 'NONE', ( #4902, #4215, #2668, #3305 ) ) ;
#1820 = CARTESIAN_POINT ( 'NONE',  ( 0.000000000000000000, 0.000000000000000000, 0.000000000000000000 ) ) ;
#1821 = MECHANICAL_DESIGN_GEOMETRIC_PRESENTATION_REPRESENTATION (  '', ( #3343 ), #848 ) ;
#1822 = STYLED_ITEM ( 'NONE', ( #2710 ), #739 ) ;
#1823 = CIRCLE ( 'NONE', #2974, 0.003937007874015741038 ) ;
#1824 = CARTESIAN_POINT ( 'NONE',  ( -0.1161417322834645827, 0.08307086614173228578, 0.000000000000000000 ) ) ;
#1825 = PLANE ( 'NONE',  #5594 ) ;
#1826 =( CONVERSION_BASED_UNIT ( 'INCH', #23 ) LENGTH_UNIT ( ) NAMED_UNIT ( #1402 ) );
#1827 =( LENGTH_UNIT ( ) NAMED_UNIT ( * ) SI_UNIT ( $, .METRE. ) );
#1828 = FACE_OUTER_BOUND ( 'NONE', #57, .T. ) ;
#1829 = VECTOR ( 'NONE', #3772, 39.37007874015748143 ) ;
#1830 = EDGE_CURVE ( 'NONE', #5648, #2461, #912, .T. ) ;
#1831 = VECTOR ( 'NONE', #825, 39.37007874015748143 ) ;
#1832 = CARTESIAN_POINT ( 'NONE',  ( 0.1103353514614927727, 0.09162974065629242437, 0.04274218604578641778 ) ) ;
#1833 = DIRECTION ( 'NONE',  ( -0.1039620511844970840, -0.1039620511845029821, 0.9891328443778534263 ) ) ;
#1834 = SURFACE_STYLE_USAGE ( .BOTH. , #3614 ) ;
#1835 =( GEOMETRIC_REPRESENTATION_CONTEXT ( 3 ) GLOBAL_UNCERTAINTY_ASSIGNED_CONTEXT ( ( #4995 ) ) GLOBAL_UNIT_ASSIGNED_CONTEXT ( ( #5263, #1493, #3213 ) ) REPRESENTATION_CONTEXT ( 'NONE', 'WORKASPACE' ) );
#1836 = AXIS2_PLACEMENT_3D ( 'NONE', #3201, #1102, #2556 ) ;
#1837 = CARTESIAN_POINT ( 'NONE',  ( 0.1101764426499053928, -0.08544681273289429779, 0.04552465181471849337 ) ) ;
#1838 = MECHANICAL_DESIGN_GEOMETRIC_PRESENTATION_REPRESENTATION (  '', ( #2590 ), #3559 ) ;
#1839 = LINE ( 'NONE', #530, #722 ) ;
#1840 = LINE ( 'NONE', #1923, #1635 ) ;
#1841 =( GEOMETRIC_REPRESENTATION_CONTEXT ( 3 ) GLOBAL_UNCERTAINTY_ASSIGNED_CONTEXT ( ( #4593 ) ) GLOBAL_UNIT_ASSIGNED_CONTEXT ( ( #4039, #2621, #4512 ) ) REPRESENTATION_CONTEXT ( 'NONE', 'WORKASPACE' ) );
#1842 = ORIENTED_EDGE ( 'NONE', *, *, #1882, .T. ) ;
#1843 = ADVANCED_FACE ( 'NONE', ( #5100 ), #1825, .T. ) ;
#1844 = EDGE_LOOP ( 'NONE', ( #4245, #1323, #3982, #2542 ) ) ;
#1845 = CARTESIAN_POINT ( 'NONE',  ( -0.09842519685039370636, -0.08307086614173228578, 0.000000000000000000 ) ) ;
#1846 = LINE ( 'NONE', #105, #891 ) ;
#1847 = CARTESIAN_POINT ( 'NONE',  ( -0.09842519685039370636, -0.06692913385826770867, 0.000000000000000000 ) ) ;
#1848 = VERTEX_POINT ( 'NONE', #1344 ) ;
#1849 = EDGE_CURVE ( 'NONE', #2479, #5048, #411, .T. ) ;
#1850 = MECHANICAL_DESIGN_GEOMETRIC_PRESENTATION_REPRESENTATION (  '', ( #3132 ), #3581 ) ;
#1851 = CARTESIAN_POINT ( 'NONE',  ( -0.1161417322834645827, 0.09645669291338584972, 0.0009842519685039369942 ) ) ;
#1852 = ORIENTED_EDGE ( 'NONE', *, *, #4035, .F. ) ;
#1853 = UNCERTAINTY_MEASURE_WITH_UNIT (LENGTH_MEASURE( 1.000000000000000082E-05 ), #2926, 'distance_accuracy_value', 'NONE');
#1854 = ORIENTED_EDGE ( 'NONE', *, *, #2617, .F. ) ;
#1855 = DIMENSIONAL_EXPONENTS ( 1.000000000000000000, 0.000000000000000000, 0.000000000000000000, 0.000000000000000000, 0.000000000000000000, 0.000000000000000000, 0.000000000000000000 ) ;
#1856 =( NAMED_UNIT ( * ) SI_UNIT ( $, .STERADIAN. ) SOLID_ANGLE_UNIT ( ) );
#1857 =( LENGTH_UNIT ( ) NAMED_UNIT ( * ) SI_UNIT ( $, .METRE. ) );
#1858 = LENGTH_MEASURE_WITH_UNIT ( LENGTH_MEASURE( 0.02539999999999999897 ), #4977 );
#1859 = EDGE_CURVE ( 'NONE', #3599, #1585, #5536, .T. ) ;
#1860 = CARTESIAN_POINT ( 'NONE',  ( -0.02578740157480311282, -0.07874015748031495954, 0.000000000000000000 ) ) ;
#1861 =( BOUNDED_SURFACE ( )  B_SPLINE_SURFACE ( 3, 3, ( 
 ( #4372, #3131, #724, #294 ),
 ( #3024, #2097, #5786, #1664 ),
 ( #3476, #1696, #749, #5328 ),
 ( #2599, #2564, #4403, #3508 ) ),
 .UNSPECIFIED., .F., .F., .T. ) 
 B_SPLINE_SURFACE_WITH_KNOTS ( ( 4, 4 ),
 ( 4, 4 ),
 ( 0.000000000000000000, 1.000000000000000000 ),
 ( 0.000000000000000000, 1.000000000000000000 ),
 .UNSPECIFIED. ) 
 GEOMETRIC_REPRESENTATION_ITEM ( )  RATIONAL_B_SPLINE_SURFACE ( (
 ( 1.000000000000000000, 0.3333333333333323156, 0.3333333333333323156, 1.000000000000000000),
 ( 0.9290532412555509989, 0.3096844137518494078, 0.3096844137518494078, 0.9290532412555509989),
 ( 0.9290532412555509989, 0.3096844137518494078, 0.3096844137518494078, 0.9290532412555509989),
 ( 1.000000000000000000, 0.3333333333333323156, 0.3333333333333323156, 1.000000000000000000) ) ) 
 REPRESENTATION_ITEM ( '' )  SURFACE ( )  );
#1862 = VERTEX_POINT ( 'NONE', #3641 ) ;
#1863 = CARTESIAN_POINT ( 'NONE',  ( 0.08464566929133858497, -0.07499999999999999722, 0.000000000000000000 ) ) ;
#1864 =( CONVERSION_BASED_UNIT ( 'INCH', #4616 ) LENGTH_UNIT ( ) NAMED_UNIT ( #2071 ) );
#1865 =( NAMED_UNIT ( * ) SI_UNIT ( $, .STERADIAN. ) SOLID_ANGLE_UNIT ( ) );
#1866 = DIRECTION ( 'NONE',  ( -0.5362129001746764878, 0.5362129001746808177, 0.6518830043593100143 ) ) ;
#1867 = ORIENTED_EDGE ( 'NONE', *, *, #4160, .T. ) ;
#1868 =( GEOMETRIC_REPRESENTATION_CONTEXT ( 3 ) GLOBAL_UNCERTAINTY_ASSIGNED_CONTEXT ( ( #172 ) ) GLOBAL_UNIT_ASSIGNED_CONTEXT ( ( #4651, #1895, #162 ) ) REPRESENTATION_CONTEXT ( 'NONE', 'WORKASPACE' ) );
#1869 = VERTEX_POINT ( 'NONE', #5896 ) ;
#1870 = VECTOR ( 'NONE', #5524, 39.37007874015748143 ) ;
#1871 = LINE ( 'NONE', #3694, #3630 ) ;
#1872 = SURFACE_SIDE_STYLE ('',( #3787 ) ) ;
#1873 = CARTESIAN_POINT ( 'NONE',  ( -0.1161416735303677367, -0.09254119362734329612, 0.01102418104561886207 ) ) ;
#1874 = EDGE_LOOP ( 'NONE', ( #3277, #5714, #415, #3370 ) ) ;
#1875 = FILL_AREA_STYLE_COLOUR ( '', #2008 ) ;
#1876 = DIMENSIONAL_EXPONENTS ( 1.000000000000000000, 0.000000000000000000, 0.000000000000000000, 0.000000000000000000, 0.000000000000000000, 0.000000000000000000, 0.000000000000000000 ) ;
#1877 = ORIENTED_EDGE ( 'NONE', *, *, #1015, .T. ) ;
#1878 = CARTESIAN_POINT ( 'NONE',  ( 0.000000000000000000, 0.000000000000000000, 0.000000000000000000 ) ) ;
#1879 = VECTOR ( 'NONE', #5733, 39.37007874015748143 ) ;
#1880 = PRODUCT_RELATED_PRODUCT_CATEGORY ( 'part', '', ( #5766 ) ) ;
#1881 = CARTESIAN_POINT ( 'NONE',  ( -0.1122154787034354423, 0.09645666353683743366, 0.01102390154643143917 ) ) ;
#1882 = EDGE_CURVE ( 'NONE', #3689, #3523, #1773, .T. ) ;
#1883 = CARTESIAN_POINT ( 'NONE',  ( -0.1161417322834644439, -0.06692913385826770867, 0.01102362204724408913 ) ) ;
#1884 = CARTESIAN_POINT ( 'NONE',  ( 0.08464566929133858497, 0.07874015748031495954, 0.01102362204724409607 ) ) ;
#1885 = CARTESIAN_POINT ( 'NONE',  ( -0.1161417322834644716, 0.04822834645669292486, 0.01102362204724408393 ) ) ;
#1886 = PLANE ( 'NONE',  #211 ) ;
#1887 = PRESENTATION_STYLE_ASSIGNMENT (( #2796 ) ) ;
#1888 = DIRECTION ( 'NONE',  ( -1.000000000000000000, 0.000000000000000000, -4.336808689942025625E-15 ) ) ;
#1889 = SURFACE_STYLE_FILL_AREA ( #96 ) ;
#1890 = CARTESIAN_POINT ( 'NONE',  ( -0.009645669291338582543, -0.07874015748031495954, 0.000000000000000000 ) ) ;
#1891 = ADVANCED_FACE ( 'NONE', ( #3585 ), #5441, .T. ) ;
#1892 = ORIENTED_EDGE ( 'NONE', *, *, #3942, .F. ) ;
#1893 = LINE ( 'NONE', #2801, #2198 ) ;
#1894 = SHAPE_REPRESENTATION ( 'Pins', ( #845 ), #3340 ) ;
#1895 =( NAMED_UNIT ( * ) PLANE_ANGLE_UNIT ( ) SI_UNIT ( $, .RADIAN. ) );
#1896 = LINE ( 'NONE', #1366, #4418 ) ;
#1897 = ORIENTED_EDGE ( 'NONE', *, *, #3452, .T. ) ;
#1898 = ORIENTED_EDGE ( 'NONE', *, *, #795, .F. ) ;
#1899 = UNCERTAINTY_MEASURE_WITH_UNIT (LENGTH_MEASURE( 1.000000000000000082E-05 ), #787, 'distance_accuracy_value', 'NONE');
#1900 = ADVANCED_FACE ( 'NONE', ( #5161 ), #3402, .F. ) ;
#1901 = CARTESIAN_POINT ( 'NONE',  ( -0.05807086614173229133, -0.09645669291338572482, 0.01102362204724408393 ) ) ;
#1902 = DIRECTION ( 'NONE',  ( 0.000000000000000000, 0.000000000000000000, -1.000000000000000000 ) ) ;
#1903 =( NAMED_UNIT ( * ) SI_UNIT ( $, .STERADIAN. ) SOLID_ANGLE_UNIT ( ) );
#1904 = VERTEX_POINT ( 'NONE', #655 ) ;
#1905 = LINE ( 'NONE', #3635, #2744 ) ;
#1906 = ORIENTED_EDGE ( 'NONE', *, *, #1481, .F. ) ;
#1907 = SHAPE_DEFINITION_REPRESENTATION ( #4882, #2121 ) ;
#1908 = VECTOR ( 'NONE', #513, 39.37007874015748143 ) ;
#1909 = FILL_AREA_STYLE ('',( #4185 ) ) ;
#1910 = PRESENTATION_STYLE_ASSIGNMENT (( #1946 ) ) ;
#1911 = ADVANCED_FACE ( 'NONE', ( #5250 ), #2466, .T. ) ;
#1912 = STYLED_ITEM ( 'NONE', ( #867 ), #4223 ) ;
#1913 = DIMENSIONAL_EXPONENTS ( 1.000000000000000000, 0.000000000000000000, 0.000000000000000000, 0.000000000000000000, 0.000000000000000000, 0.000000000000000000, 0.000000000000000000 ) ;
#1914 = CARTESIAN_POINT ( 'NONE',  ( 0.1091548873361931626, 0.09132447417272138157, 0.04309097106227410823 ) ) ;
#1915 = COLOUR_RGB ( '',0.2862745098039215508, 0.2862745098039215508, 0.2862745098039215508 ) ;
#1916 = COLOUR_RGB ( '',0.8313725490196077761, 0.8313725490196077761, 0.8313725490196077761 ) ;
#1917 = DIRECTION ( 'NONE',  ( 1.000000000000000000, 0.000000000000000000, 0.000000000000000000 ) ) ;
#1918 = VECTOR ( 'NONE', #92, 39.37007874015748143 ) ;
#1919 =( GEOMETRIC_REPRESENTATION_CONTEXT ( 3 ) GLOBAL_UNCERTAINTY_ASSIGNED_CONTEXT ( ( #3885 ) ) GLOBAL_UNIT_ASSIGNED_CONTEXT ( ( #4290, #139, #2433 ) ) REPRESENTATION_CONTEXT ( 'NONE', 'WORKASPACE' ) );
#1920 = ORIENTED_EDGE ( 'NONE', *, *, #4569, .T. ) ;
#1921 = STYLED_ITEM ( 'NONE', ( #4916 ), #1130 ) ;
#1922 = CARTESIAN_POINT ( 'NONE',  ( 0.1113147800263711851, -0.09162974065629245213, 0.04193654726125717325 ) ) ;
#1923 = CARTESIAN_POINT ( 'NONE',  ( 0.1097440944881889757, 0.07874015748031495954, 0.000000000000000000 ) ) ;
#1924 = PRESENTATION_LAYER_ASSIGNMENT (  '', '', ( #3252 ) ) ;
#1925 = VERTEX_POINT ( 'NONE', #3969 ) ;
#1926 =( NAMED_UNIT ( * ) PLANE_ANGLE_UNIT ( ) SI_UNIT ( $, .RADIAN. ) );
#1927 =( NAMED_UNIT ( * ) SI_UNIT ( $, .STERADIAN. ) SOLID_ANGLE_UNIT ( ) );
#1928 = UNCERTAINTY_MEASURE_WITH_UNIT (LENGTH_MEASURE( 1.000000000000000082E-05 ), #2828, 'distance_accuracy_value', 'NONE');
#1929 = FILL_AREA_STYLE_COLOUR ( '', #5364 ) ;
#1930 = LINE ( 'NONE', #4656, #1297 ) ;
#1931 = COLOUR_RGB ( '',0.2862745098039215508, 0.2862745098039215508, 0.2862745098039215508 ) ;
#1932 =( NAMED_UNIT ( * ) SI_UNIT ( $, .STERADIAN. ) SOLID_ANGLE_UNIT ( ) );
#1933 = DIRECTION ( 'NONE',  ( -2.241005114736412675E-16, 1.000000000000000000, -2.355391288108391830E-17 ) ) ;
#1934 = EDGE_CURVE ( 'NONE', #874, #5628, #2990, .T. ) ;
#1935 = ORIENTED_EDGE ( 'NONE', *, *, #3112, .T. ) ;
#1936 = CARTESIAN_POINT ( 'NONE',  ( -0.02578740157480310588, -0.07499999999999999722, 0.000000000000000000 ) ) ;
#1937 = ORIENTED_EDGE ( 'NONE', *, *, #2311, .T. ) ;
#1938 = ITEM_DEFINED_TRANSFORMATION ( 'NONE', 'NONE', #4973,  #845 ) ;
#1939 = VECTOR ( 'NONE', #1409, 39.37007874015748143 ) ;
#1940 = AXIS2_PLACEMENT_3D ( 'NONE', #2732, #2706, #1317 ) ;
#1941 = PRESENTATION_STYLE_ASSIGNMENT (( #3280 ) ) ;
#1942 = EDGE_LOOP ( 'NONE', ( #2493, #1730, #4080, #4174 ) ) ;
#1943 = CARTESIAN_POINT ( 'NONE',  ( -0.1161417322834645549, -0.08307086614173225803, 0.000000000000000000 ) ) ;
#1944 = LENGTH_MEASURE_WITH_UNIT ( LENGTH_MEASURE( 0.02539999999999999897 ), #4218 );
#1945 =( NAMED_UNIT ( * ) SI_UNIT ( $, .STERADIAN. ) SOLID_ANGLE_UNIT ( ) );
#1946 = SURFACE_STYLE_USAGE ( .BOTH. , #5162 ) ;
#1947 = FILL_AREA_STYLE ('',( #1485 ) ) ;
#1948 = SURFACE_SIDE_STYLE ('',( #2388 ) ) ;
#1949 = ORIENTED_EDGE ( 'NONE', *, *, #1222, .F. ) ;
#1950 = DIRECTION ( 'NONE',  ( 0.000000000000000000, 0.000000000000000000, 1.000000000000000000 ) ) ;
#1951 = CARTESIAN_POINT ( 'NONE',  ( 0.09842519685039370636, 0.06692913385826770867, 0.000000000000000000 ) ) ;
#1952 = LINE ( 'NONE', #981, #1725 ) ;
#1953 = PRESENTATION_STYLE_ASSIGNMENT (( #2799 ) ) ;
#1954 = ORIENTED_EDGE ( 'NONE', *, *, #5684, .F. ) ;
#1955 = ADVANCED_FACE ( 'NONE', ( #4386 ), #852, .T. ) ;
#1956 = PRESENTATION_STYLE_ASSIGNMENT (( #3226 ) ) ;
#1957 = DIMENSIONAL_EXPONENTS ( 1.000000000000000000, 0.000000000000000000, 0.000000000000000000, 0.000000000000000000, 0.000000000000000000, 0.000000000000000000, 0.000000000000000000 ) ;
#1958 = EDGE_CURVE ( 'NONE', #4878, #4316, #3991, .T. ) ;
#1959 = AXIS2_PLACEMENT_3D ( 'NONE', #1060, #2783, #2883 ) ;
#1960 = CARTESIAN_POINT ( 'NONE',  ( 0.02903543307086614567, 0.08951866624615589796, 0.03937007874015747977 ) ) ;
#1961 =( LENGTH_UNIT ( ) NAMED_UNIT ( * ) SI_UNIT ( $, .METRE. ) );
#1962 = LENGTH_MEASURE_WITH_UNIT ( LENGTH_MEASURE( 0.02539999999999999897 ), #3910 );
#1963 = COLOUR_RGB ( '',0.2862745098039215508, 0.2862745098039215508, 0.2862745098039215508 ) ;
#1964 = UNCERTAINTY_MEASURE_WITH_UNIT (LENGTH_MEASURE( 1.000000000000000082E-05 ), #3048, 'distance_accuracy_value', 'NONE');
#1965 =( NAMED_UNIT ( * ) PLANE_ANGLE_UNIT ( ) SI_UNIT ( $, .RADIAN. ) );
#1966 = CARTESIAN_POINT ( 'NONE',  ( -0.1097440944881889757, 0.03307086614173232464, 0.01102362204724409607 ) ) ;
#1967 = FACE_OUTER_BOUND ( 'NONE', #1844, .T. ) ;
#1968 = CARTESIAN_POINT ( 'NONE',  ( -0.1122047244094488277, -0.09645669291338584972, 0.000000000000000000 ) ) ;
#1969 = CARTESIAN_POINT ( 'NONE',  ( 0.1161417322834644716, -0.04822834645669292486, 0.01102362204724408566 ) ) ;
#1970 = ORIENTED_EDGE ( 'NONE', *, *, #1652, .T. ) ;
#1971 = EDGE_LOOP ( 'NONE', ( #1401, #4359, #3147, #1739 ) ) ;
#1972 = EDGE_CURVE ( 'NONE', #1723, #4440, #5390, .T. ) ;
#1973 = FACE_OUTER_BOUND ( 'NONE', #1, .T. ) ;
#1974 = PLANE ( 'NONE',  #688 ) ;
#1975 = DIRECTION ( 'NONE',  ( 0.1039620511844980000, -0.1039620511844970008, 0.9891328443778539814 ) ) ;
#1976 = UNCERTAINTY_MEASURE_WITH_UNIT (LENGTH_MEASURE( 1.000000000000000082E-05 ), #3374, 'distance_accuracy_value', 'NONE');
#1977 = CYLINDRICAL_SURFACE ( 'NONE', #4982, 0.003937007874015741038 ) ;
#1978 = ORIENTED_EDGE ( 'NONE', *, *, #3798, .F. ) ;
#1979 = LENGTH_MEASURE_WITH_UNIT ( LENGTH_MEASURE( 0.02539999999999999897 ), #4803 );
#1980 = DIRECTION ( 'NONE',  ( 1.000000000000000000, -0.000000000000000000, -0.000000000000000000 ) ) ;
#1981 = LINE ( 'NONE', #4128, #4789 ) ;
#1982 = ORIENTED_EDGE ( 'NONE', *, *, #5791, .F. ) ;
#1983 = CARTESIAN_POINT ( 'NONE',  ( -0.1122942085912494864, -0.09162974065629243825, 0.04113090847672785932 ) ) ;
#1984 = FILL_AREA_STYLE ('',( #4836 ) ) ;
#1985 = SURFACE_STYLE_USAGE ( .BOTH. , #2904 ) ;
#1986 = LINE ( 'NONE', #3444, #2809 ) ;
#1987 = ADVANCED_FACE ( 'NONE', ( #3566 ), #1861, .T. ) ;
#1988 = FACE_OUTER_BOUND ( 'NONE', #5722, .T. ) ;
#1989 = DIRECTION ( 'NONE',  ( -1.000000000000000000, -0.000000000000000000, 0.000000000000000000 ) ) ;
#1990 = FILL_AREA_STYLE ('',( #4844 ) ) ;
#1991 = VECTOR ( 'NONE', #5740, 39.37007874015748143 ) ;
#1992 =( GEOMETRIC_REPRESENTATION_CONTEXT ( 3 ) GLOBAL_UNCERTAINTY_ASSIGNED_CONTEXT ( ( #1601 ) ) GLOBAL_UNIT_ASSIGNED_CONTEXT ( ( #1291, #5818, #2185 ) ) REPRESENTATION_CONTEXT ( 'NONE', 'WORKASPACE' ) );
#1993 =( LENGTH_UNIT ( ) NAMED_UNIT ( * ) SI_UNIT ( $, .METRE. ) );
#1994 = FILL_AREA_STYLE_COLOUR ( '', #41 ) ;
#1995 = CARTESIAN_POINT ( 'NONE',  ( -0.1210629921259842590, 0.01692913385826775793, 0.000000000000000000 ) ) ;
#1996 = ORIENTED_EDGE ( 'NONE', *, *, #2092, .F. ) ;
#1997 = CARTESIAN_POINT ( 'NONE',  ( 0.08464566929133858497, -0.08307086614173228578, 0.000000000000000000 ) ) ;
#1998 = EDGE_LOOP ( 'NONE', ( #4137, #319, #2149, #679 ) ) ;
#1999 = VECTOR ( 'NONE', #2020, 39.37007874015748143 ) ;
#2000 = SURFACE_SIDE_STYLE ('',( #2439 ) ) ;
#2001 = SURFACE_SIDE_STYLE ('',( #2523 ) ) ;
#2002 = DIRECTION ( 'NONE',  ( 0.000000000000000000, 0.000000000000000000, 1.000000000000000000 ) ) ;
#2003 = UNCERTAINTY_MEASURE_WITH_UNIT (LENGTH_MEASURE( 1.000000000000000082E-05 ), #4546, 'distance_accuracy_value', 'NONE');
#2004 = ORIENTED_EDGE ( 'NONE', *, *, #1010, .F. ) ;
#2005 = CARTESIAN_POINT ( 'NONE',  ( 0.09842519685039370636, 0.08307086614173228578, 0.000000000000000000 ) ) ;
#2006 = SURFACE_STYLE_USAGE ( .BOTH. , #1607 ) ;
#2007 = EDGE_CURVE ( 'NONE', #3575, #3689, #3049, .T. ) ;
#2008 = COLOUR_RGB ( '',0.8313725490196077761, 0.8313725490196077761, 0.8313725490196077761 ) ;
#2009 = DIRECTION ( 'NONE',  ( 0.000000000000000000, 0.000000000000000000, -1.000000000000000000 ) ) ;
#2010 = COLOUR_RGB ( '',0.8313725490196077761, 0.8313725490196077761, 0.8313725490196077761 ) ;
#2011 = PRESENTATION_STYLE_ASSIGNMENT (( #2966 ) ) ;
#2012 = ORIENTED_EDGE ( 'NONE', *, *, #5642, .F. ) ;
#2013 = COLOUR_RGB ( '',0.8313725490196077761, 0.8313725490196077761, 0.8313725490196077761 ) ;
#2014 = DIRECTION ( 'NONE',  ( 0.000000000000000000, -0.000000000000000000, -1.000000000000000000 ) ) ;
#2015 = STYLED_ITEM ( 'NONE', ( #5358 ), #708 ) ;
#2016 = DIRECTION ( 'NONE',  ( 0.000000000000000000, 0.000000000000000000, -1.000000000000000000 ) ) ;
#2017 = AXIS2_PLACEMENT_3D ( 'NONE', #2941, #3843, #4352 ) ;
#2018 =( NAMED_UNIT ( * ) SI_UNIT ( $, .STERADIAN. ) SOLID_ANGLE_UNIT ( ) );
#2019 = MECHANICAL_DESIGN_GEOMETRIC_PRESENTATION_REPRESENTATION (  '', ( #2582 ), #4312 ) ;
#2020 = DIRECTION ( 'NONE',  ( -1.000000000000000000, -1.395880304518019406E-16, -1.467129319287853920E-17 ) ) ;
#2021 = CARTESIAN_POINT ( 'NONE',  ( 0.1075188574025642274, -0.09537850271340324315, 0.04110202206830472493 ) ) ;
#2022 = STYLED_ITEM ( 'NONE', ( #2082 ), #4675 ) ;
#2023 = FILL_AREA_STYLE ('',( #5218 ) ) ;
#2024 = EDGE_CURVE ( 'NONE', #1723, #3290, #3979, .T. ) ;
#2025 = DIRECTION ( 'NONE',  ( 0.000000000000000000, -1.000000000000000000, 0.000000000000000000 ) ) ;
#2026 = COLOUR_RGB ( '',0.8313725490196077761, 0.8313725490196077761, 0.8313725490196077761 ) ;
#2027 = EDGE_LOOP ( 'NONE', ( #5835, #5580, #2343, #4102, #898 ) ) ;
#2028 = CARTESIAN_POINT ( 'NONE',  ( 0.08464566929133858497, 0.07874015748031495954, 0.000000000000000000 ) ) ;
#2029 = VERTEX_POINT ( 'NONE', #2475 ) ;
#2030 = STYLED_ITEM ( 'NONE', ( #5118 ), #63 ) ;
#2031 = PRESENTATION_LAYER_ASSIGNMENT (  '', '', ( #3364 ) ) ;
#2032 = EDGE_LOOP ( 'NONE', ( #4820, #4964, #3397, #2929 ) ) ;
#2033 = ADVANCED_FACE ( 'NONE', ( #4308 ), #5631, .T. ) ;
#2034 = CARTESIAN_POINT ( 'NONE',  ( -0.05118110236220473064, 0.07874015748031495954, 0.000000000000000000 ) ) ;
#2035 = LENGTH_MEASURE_WITH_UNIT ( LENGTH_MEASURE( 0.02539999999999999897 ), #656 );
#2036 = SURFACE_STYLE_FILL_AREA ( #3858 ) ;
#2037 = UNCERTAINTY_MEASURE_WITH_UNIT (LENGTH_MEASURE( 1.000000000000000082E-05 ), #2309, 'distance_accuracy_value', 'NONE');
#2038 = PRESENTATION_LAYER_ASSIGNMENT (  '', '', ( #5507 ) ) ;
#2039 = ORIENTED_EDGE ( 'NONE', *, *, #4194, .F. ) ;
#2040 = LENGTH_MEASURE_WITH_UNIT ( LENGTH_MEASURE( 0.02539999999999999897 ), #5745 );
#2041 = CARTESIAN_POINT ( 'NONE',  ( 0.1210629921259842590, -0.06692913385826770867, 0.000000000000000000 ) ) ;
#2042 = SURFACE_STYLE_FILL_AREA ( #236 ) ;
#2043 = DIRECTION ( 'NONE',  ( -1.000000000000000000, 0.000000000000000000, 0.000000000000000000 ) ) ;
#2044 = EDGE_LOOP ( 'NONE', ( #602, #433, #3203, #4074 ) ) ;
#2045 = EDGE_CURVE ( 'NONE', #5081, #2816, #285, .T. ) ;
#2046 = DIRECTION ( 'NONE',  ( 0.000000000000000000, -0.000000000000000000, 1.000000000000000000 ) ) ;
#2047 = PRESENTATION_STYLE_ASSIGNMENT (( #669 ) ) ;
#2048 = PRESENTATION_LAYER_ASSIGNMENT (  '', '', ( #2699 ) ) ;
#2049 = CARTESIAN_POINT ( 'NONE',  ( 0.1107514645067868703, -0.09611101568364043002, 0.03627971477922025539 ) ) ;
#2050 = LENGTH_MEASURE_WITH_UNIT ( LENGTH_MEASURE( 0.02539999999999999897 ), #5308 );
#2051 = ORIENTED_EDGE ( 'NONE', *, *, #3411, .F. ) ;
#2052 =( CONVERSION_BASED_UNIT ( 'INCH', #3396 ) LENGTH_UNIT ( ) NAMED_UNIT ( #1745 ) );
#2053 = COLOUR_RGB ( '',0.8313725490196077761, 0.8313725490196077761, 0.8313725490196077761 ) ;
#2054 = EDGE_LOOP ( 'NONE', ( #4966, #2742, #628, #1937 ) ) ;
#2055 =( BOUNDED_CURVE ( )  B_SPLINE_CURVE ( 3, ( #2366, #2340, #2308, #897 ),
 .UNSPECIFIED., .F., .T. ) 
 B_SPLINE_CURVE_WITH_KNOTS ( ( 4, 4 ),
 ( 2.358929794881245545, 3.924255512298345128 ),
 .UNSPECIFIED. ) 
 CURVE ( )  GEOMETRIC_REPRESENTATION_ITEM ( )  RATIONAL_B_SPLINE_CURVE ( ( 1.000000000000000000, 0.8060255240148551659, 0.8060255240148551659, 1.000000000000000000 ) ) 
 REPRESENTATION_ITEM ( '' )  );
#2056 = PRODUCT_DEFINITION_SHAPE ( 'NONE', 'NONE',  #5929 ) ;
#2057 =( CONVERSION_BASED_UNIT ( 'INCH', #732 ) LENGTH_UNIT ( ) NAMED_UNIT ( #180 ) );
#2058 = SURFACE_SIDE_STYLE ('',( #2585 ) ) ;
#2059 =( NAMED_UNIT ( * ) SI_UNIT ( $, .STERADIAN. ) SOLID_ANGLE_UNIT ( ) );
#2060 = FILL_AREA_STYLE_COLOUR ( '', #5599 ) ;
#2061 = COLOUR_RGB ( '',0.2862745098039215508, 0.2862745098039215508, 0.2862745098039215508 ) ;
#2062 = ADVANCED_FACE ( 'NONE', ( #4394 ), #3528, .T. ) ;
#2063 = UNCERTAINTY_MEASURE_WITH_UNIT (LENGTH_MEASURE( 1.000000000000000082E-05 ), #181, 'distance_accuracy_value', 'NONE');
#2064 = VERTEX_POINT ( 'NONE', #370 ) ;
#2065 = MECHANICAL_DESIGN_GEOMETRIC_PRESENTATION_REPRESENTATION (  '', ( #4746 ), #637 ) ;
#2066 = CARTESIAN_POINT ( 'NONE',  ( -0.009645669291338582543, -0.06517566022095197531, 0.000000000000000000 ) ) ;
#2067 = SURFACE_STYLE_USAGE ( .BOTH. , #4804 ) ;
#2068 = CARTESIAN_POINT ( 'NONE',  ( -0.1161417322834644716, 0.04822834645669292486, 0.01102362204724408566 ) ) ;
#2069 =( CONVERSION_BASED_UNIT ( 'INCH', #2938 ) LENGTH_UNIT ( ) NAMED_UNIT ( #1428 ) );
#2070 = LINE ( 'NONE', #4811, #2344 ) ;
#2071 = DIMENSIONAL_EXPONENTS ( 1.000000000000000000, 0.000000000000000000, 0.000000000000000000, 0.000000000000000000, 0.000000000000000000, 0.000000000000000000, 0.000000000000000000 ) ;
#2072 = EDGE_CURVE ( 'NONE', #1569, #2847, #2646, .T. ) ;
#2073 = LINE ( 'NONE', #5266, #2757 ) ;
#2074 = LENGTH_MEASURE_WITH_UNIT ( LENGTH_MEASURE( 0.02539999999999999897 ), #334 );
#2075 = CARTESIAN_POINT ( 'NONE',  ( 0.1114302207729581384, -0.09377067414544021373, 0.04008054401415319518 ) ) ;
#2076 = CARTESIAN_POINT ( 'NONE',  ( 0.1210629921259842590, -0.08307086614173228578, 0.000000000000000000 ) ) ;
#2077 = EDGE_LOOP ( 'NONE', ( #3748, #1546, #156, #1731, #1118, #5801 ) ) ;
#2078 = CARTESIAN_POINT ( 'NONE',  ( -0.009645669291338582543, 2.731847993664264143E-17, 0.0009842519685039369942 ) ) ;
#2079 = ORIENTED_EDGE ( 'NONE', *, *, #776, .F. ) ;
#2080 = EDGE_CURVE ( 'NONE', #1811, #4873, #3542, .T. ) ;
#2081 = DIRECTION ( 'NONE',  ( 0.000000000000000000, 1.000000000000000000, 0.000000000000000000 ) ) ;
#2082 = PRESENTATION_STYLE_ASSIGNMENT (( #3119 ) ) ;
#2083 = SURFACE_SIDE_STYLE ('',( #280 ) ) ;
#2084 =( NAMED_UNIT ( * ) SI_UNIT ( $, .STERADIAN. ) SOLID_ANGLE_UNIT ( ) );
#2085 = SURFACE_STYLE_USAGE ( .BOTH. , #281 ) ;
#2086 = SURFACE_STYLE_USAGE ( .BOTH. , #740 ) ;
#2087 = ORIENTED_EDGE ( 'NONE', *, *, #811, .T. ) ;
#2088 = SURFACE_STYLE_FILL_AREA ( #446 ) ;
#2089 = LINE ( 'NONE', #1214, #1644 ) ;
#2090 = FILL_AREA_STYLE_COLOUR ( '', #4957 ) ;
#2091 = CARTESIAN_POINT ( 'NONE',  ( 0.1161417322834645549, 0.06692913385826770867, 0.000000000000000000 ) ) ;
#2092 = EDGE_CURVE ( 'NONE', #3963, #2886, #3594, .T. ) ;
#2093 = FACE_OUTER_BOUND ( 'NONE', #167, .T. ) ;
#2094 = DIRECTION ( 'NONE',  ( 0.000000000000000000, 0.000000000000000000, -1.000000000000000000 ) ) ;
#2095 = CARTESIAN_POINT ( 'NONE',  ( -0.1161417322834645827, 0.09645669291338584972, 0.000000000000000000 ) ) ;
#2096 = CARTESIAN_POINT ( 'NONE',  ( -0.1210629921259842590, -0.06692913385826770867, 0.000000000000000000 ) ) ;
#2097 = CARTESIAN_POINT ( 'NONE',  ( -0.1111993392797841484, -0.08948880716714463501, 0.04379255050836118601 ) ) ;
#2098 = DIRECTION ( 'NONE',  ( 1.000000000000000000, 0.000000000000000000, -0.000000000000000000 ) ) ;
#2099 = PLANE ( 'NONE',  #1302 ) ;
#2100 = SURFACE_STYLE_USAGE ( .BOTH. , #3981 ) ;
#2101 = MECHANICAL_DESIGN_GEOMETRIC_PRESENTATION_REPRESENTATION (  '', ( #5277 ), #4206 ) ;
#2102 = VERTEX_POINT ( 'NONE', #4176 ) ;
#2103 =( GEOMETRIC_REPRESENTATION_CONTEXT ( 3 ) GLOBAL_UNCERTAINTY_ASSIGNED_CONTEXT ( ( #907 ) ) GLOBAL_UNIT_ASSIGNED_CONTEXT ( ( #2441, #3961, #3513 ) ) REPRESENTATION_CONTEXT ( 'NONE', 'WORKASPACE' ) );
#2104 = MECHANICAL_DESIGN_GEOMETRIC_PRESENTATION_REPRESENTATION (  '', ( #4692 ), #4401 ) ;
#2105 =( NAMED_UNIT ( * ) SI_UNIT ( $, .STERADIAN. ) SOLID_ANGLE_UNIT ( ) );
#2106 = FACE_OUTER_BOUND ( 'NONE', #5693, .T. ) ;
#2107 = MECHANICAL_DESIGN_GEOMETRIC_PRESENTATION_REPRESENTATION (  '', ( #4484 ), #676 ) ;
#2108 = VERTEX_POINT ( 'NONE', #1468 ) ;
#2109 = SURFACE_STYLE_FILL_AREA ( #2543 ) ;
#2110 = VERTEX_POINT ( 'NONE', #3782 ) ;
#2111 = VECTOR ( 'NONE', #1081, 39.37007874015748143 ) ;
#2112 = DIMENSIONAL_EXPONENTS ( 1.000000000000000000, 0.000000000000000000, 0.000000000000000000, 0.000000000000000000, 0.000000000000000000, 0.000000000000000000, 0.000000000000000000 ) ;
#2113 = VECTOR ( 'NONE', #447, 39.37007874015748143 ) ;
#2114 = CARTESIAN_POINT ( 'NONE',  ( -0.05118110236220473064, -0.07874015748031495954, 0.000000000000000000 ) ) ;
#2115 =( GEOMETRIC_REPRESENTATION_CONTEXT ( 3 ) GLOBAL_UNCERTAINTY_ASSIGNED_CONTEXT ( ( #2161 ) ) GLOBAL_UNIT_ASSIGNED_CONTEXT ( ( #4355, #274, #3877 ) ) REPRESENTATION_CONTEXT ( 'NONE', 'WORKASPACE' ) );
#2116 = ADVANCED_FACE ( 'NONE', ( #5645 ), #2099, .T. ) ;
#2117 = CARTESIAN_POINT ( 'NONE',  ( 0.08464566929133858497, -0.08307086614173228578, 0.000000000000000000 ) ) ;
#2118 = ORIENTED_EDGE ( 'NONE', *, *, #3574, .T. ) ;
#2119 =( GEOMETRIC_REPRESENTATION_CONTEXT ( 3 ) GLOBAL_UNCERTAINTY_ASSIGNED_CONTEXT ( ( #3405 ) ) GLOBAL_UNIT_ASSIGNED_CONTEXT ( ( #5724, #5234, #2964 ) ) REPRESENTATION_CONTEXT ( 'NONE', 'WORKASPACE' ) );
#2120 = AXIS2_PLACEMENT_3D ( 'NONE', #5897, #3587, #5412 ) ;
#2121 = SHAPE_REPRESENTATION ( 'NTMFS0D55N03CGT1G', ( #2355, #2750, #4973 ), #4229 ) ;
#2122 =( NAMED_UNIT ( * ) PLANE_ANGLE_UNIT ( ) SI_UNIT ( $, .RADIAN. ) );
#2123 = SURFACE_STYLE_FILL_AREA ( #5320 ) ;
#2124 = STYLED_ITEM ( 'NONE', ( #399 ), #131 ) ;
#2125 = VECTOR ( 'NONE', #988, 39.37007874015748143 ) ;
#2126 = DIRECTION ( 'NONE',  ( 2.241005114736412675E-16, -1.000000000000000000, -2.355391288108391830E-17 ) ) ;
#2127 = DIRECTION ( 'NONE',  ( 0.000000000000000000, -1.000000000000000000, 0.000000000000000000 ) ) ;
#2128 =( NAMED_UNIT ( * ) SI_UNIT ( $, .STERADIAN. ) SOLID_ANGLE_UNIT ( ) );
#2129 = AXIS2_PLACEMENT_3D ( 'NONE', #2095, #3912, #5235 ) ;
#2130 = LENGTH_MEASURE_WITH_UNIT ( LENGTH_MEASURE( 0.02539999999999999897 ), #5238 );
#2131 = CARTESIAN_POINT ( 'NONE',  ( -0.1097440944881889757, 0.02500000000000003955, 0.01102362204724409607 ) ) ;
#2132 = PRESENTATION_STYLE_ASSIGNMENT (( #3083 ) ) ;
#2133 =( CONVERSION_BASED_UNIT ( 'INCH', #328 ) LENGTH_UNIT ( ) NAMED_UNIT ( #2709 ) );
#2134 = EDGE_CURVE ( 'NONE', #1569, #4873, #3538, .T. ) ;
#2135 = EDGE_CURVE ( 'NONE', #736, #667, #5882, .T. ) ;
#2136 = PLANE ( 'NONE',  #4489 ) ;
#2137 = PLANE ( 'NONE',  #5168 ) ;
#2138 = CARTESIAN_POINT ( 'NONE',  ( -0.05118110236220473758, 0.07874015748031495954, 0.000000000000000000 ) ) ;
#2139 = FILL_AREA_STYLE ('',( #3114 ) ) ;
#2140 = CARTESIAN_POINT ( 'NONE',  ( -0.1161417322834645827, 0.06692913385826770867, 0.000000000000000000 ) ) ;
#2141 = ORIENTED_EDGE ( 'NONE', *, *, #643, .F. ) ;
#2142 = ORIENTED_EDGE ( 'NONE', *, *, #4050, .F. ) ;
#2143 = SURFACE_STYLE_USAGE ( .BOTH. , #794 ) ;
#2144 =( NAMED_UNIT ( * ) SI_UNIT ( $, .STERADIAN. ) SOLID_ANGLE_UNIT ( ) );
#2145 = CARTESIAN_POINT ( 'NONE',  ( -0.009645669291338582543, 0.1013779527559055121, 0.01102362204724409607 ) ) ;
#2146 = MECHANICAL_DESIGN_GEOMETRIC_PRESENTATION_REPRESENTATION (  '', ( #4735 ), #2612 ) ;
#2147 = ORIENTED_EDGE ( 'NONE', *, *, #404, .T. ) ;
#2148 = LINE ( 'NONE', #1737, #5600 ) ;
#2149 = ORIENTED_EDGE ( 'NONE', *, *, #5301, .T. ) ;
#2150 = EDGE_CURVE ( 'NONE', #667, #3617, #4455, .T. ) ;
#2151 = DIMENSIONAL_EXPONENTS ( 1.000000000000000000, 0.000000000000000000, 0.000000000000000000, 0.000000000000000000, 0.000000000000000000, 0.000000000000000000, 0.000000000000000000 ) ;
#2152 = CYLINDRICAL_SURFACE ( 'NONE', #3185, 0.003937007874015749712 ) ;
#2153 = CARTESIAN_POINT ( 'NONE',  ( -0.1092037056162346448, 2.185478394931409404E-17, 0.04330708661417323468 ) ) ;
#2154 = VECTOR ( 'NONE', #837, 39.37007874015748143 ) ;
#2155 =( NAMED_UNIT ( * ) PLANE_ANGLE_UNIT ( ) SI_UNIT ( $, .RADIAN. ) );
#2156 = FACE_OUTER_BOUND ( 'NONE', #1942, .T. ) ;
#2157 = AXIS2_PLACEMENT_3D ( 'NONE', #3173, #5121, #5086 ) ;
#2158 = PRESENTATION_STYLE_ASSIGNMENT (( #4431 ) ) ;
#2159 = FACE_OUTER_BOUND ( 'NONE', #4291, .T. ) ;
#2160 = DIRECTION ( 'NONE',  ( -0.000000000000000000, -1.000000000000000000, -0.000000000000000000 ) ) ;
#2161 = UNCERTAINTY_MEASURE_WITH_UNIT (LENGTH_MEASURE( 1.000000000000000082E-05 ), #4355, 'distance_accuracy_value', 'NONE');
#2162 = ORIENTED_EDGE ( 'NONE', *, *, #5588, .F. ) ;
#2163 = CARTESIAN_POINT ( 'NONE',  ( 0.1122047244094488277, -0.09251968503937008093, 0.0009842519685039369942 ) ) ;
#2165 = EDGE_LOOP ( 'NONE', ( #3819, #5483, #3634, #1877 ) ) ;
#2164 = CARTESIAN_POINT ( 'NONE',  ( -0.1210629921259842590, -0.07499999999999999722, 0.01102362204724409607 ) ) ;
#2166 =( CONVERSION_BASED_UNIT ( 'INCH', #4520 ) LENGTH_UNIT ( ) NAMED_UNIT ( #2857 ) );
#2167 =( NAMED_UNIT ( * ) PLANE_ANGLE_UNIT ( ) SI_UNIT ( $, .RADIAN. ) );
#2168 = DIRECTION ( 'NONE',  ( -2.775557561562889872E-16, 1.000000000000000000, -0.000000000000000000 ) ) ;
#2169 = VERTEX_POINT ( 'NONE', #3680 ) ;
#2170 = ADVANCED_FACE ( 'NONE', ( #4468 ), #1495, .T. ) ;
#2171 = EDGE_LOOP ( 'NONE', ( #516, #3275, #2191, #1920 ) ) ;
#2172 = FILL_AREA_STYLE_COLOUR ( '', #5490 ) ;
#2173 = ORIENTED_EDGE ( 'NONE', *, *, #2362, .T. ) ;
#2174 = ORIENTED_EDGE ( 'NONE', *, *, #4480, .F. ) ;
#2175 = UNCERTAINTY_MEASURE_WITH_UNIT (LENGTH_MEASURE( 1.000000000000000082E-05 ), #4430, 'distance_accuracy_value', 'NONE');
#2176 = DIRECTION ( 'NONE',  ( 0.000000000000000000, 0.000000000000000000, -1.000000000000000000 ) ) ;
#2177 = CARTESIAN_POINT ( 'NONE',  ( 0.1092037056162346448, -0.02411417322834641733, 0.03937007874015747977 ) ) ;
#2178 = VECTOR ( 'NONE', #2081, 39.37007874015748143 ) ;
#2179 = CARTESIAN_POINT ( 'NONE',  ( -0.09842519685039370636, 0.01692913385826775793, 0.000000000000000000 ) ) ;
#2180 = SURFACE_STYLE_USAGE ( .BOTH. , #1774 ) ;
#2181 = DIRECTION ( 'NONE',  ( 1.000000000000000000, 0.000000000000000000, 0.000000000000000000 ) ) ;
#2182 =( NAMED_UNIT ( * ) SI_UNIT ( $, .STERADIAN. ) SOLID_ANGLE_UNIT ( ) );
#2183 = STYLED_ITEM ( 'NONE', ( #5361 ), #4138 ) ;
#2184 = FILL_AREA_STYLE ('',( #4007 ) ) ;
#2185 =( NAMED_UNIT ( * ) SI_UNIT ( $, .STERADIAN. ) SOLID_ANGLE_UNIT ( ) );
#2186 = EDGE_CURVE ( 'NONE', #40, #3575, #1112, .T. ) ;
#2187 = PRESENTATION_STYLE_ASSIGNMENT (( #377 ) ) ;
#2188 = DIRECTION ( 'NONE',  ( -0.000000000000000000, 1.000000000000000000, 0.000000000000000000 ) ) ;
#2189 = DIMENSIONAL_EXPONENTS ( 1.000000000000000000, 0.000000000000000000, 0.000000000000000000, 0.000000000000000000, 0.000000000000000000, 0.000000000000000000, 0.000000000000000000 ) ;
#2191 = ORIENTED_EDGE ( 'NONE', *, *, #157, .F. ) ;
#2190 = SURFACE_SIDE_STYLE ('',( #4456 ) ) ;
#2192 =( NAMED_UNIT ( * ) PLANE_ANGLE_UNIT ( ) SI_UNIT ( $, .RADIAN. ) );
#2193 = MECHANICAL_DESIGN_GEOMETRIC_PRESENTATION_REPRESENTATION (  '', ( #4004 ), #2380 ) ;
#2194 = CARTESIAN_POINT ( 'NONE',  ( 0.1113147800263712128, 0.09162974065629250764, 0.04193654726125711080 ) ) ;
#2195 = DIRECTION ( 'NONE',  ( 0.9945218953682731788, 0.000000000000000000, -0.1045284632676536374 ) ) ;
#2196 = ORIENTED_EDGE ( 'NONE', *, *, #1630, .T. ) ;
#2197 = ORIENTED_EDGE ( 'NONE', *, *, #5665, .T. ) ;
#2198 = VECTOR ( 'NONE', #4649, 39.37007874015748143 ) ;
#2199 =( GEOMETRIC_REPRESENTATION_CONTEXT ( 3 ) GLOBAL_UNCERTAINTY_ASSIGNED_CONTEXT ( ( #515 ) ) GLOBAL_UNIT_ASSIGNED_CONTEXT ( ( #3169, #2940, #2018 ) ) REPRESENTATION_CONTEXT ( 'NONE', 'WORKASPACE' ) );
#2200 = DIRECTION ( 'NONE',  ( 0.3406351650717792112, 0.8440827718217314146, -0.4141158758490969261 ) ) ;
#2201 = EDGE_CURVE ( 'NONE', #1245, #2376, #249, .T. ) ;
#2202 = STYLED_ITEM ( 'NONE', ( #2314 ), #4448 ) ;
#2203 =( NAMED_UNIT ( * ) PLANE_ANGLE_UNIT ( ) SI_UNIT ( $, .RADIAN. ) );
#2204 = CARTESIAN_POINT ( 'NONE',  ( -0.1113147800263711018, 0.09162974065629243825, 0.04193654726125711774 ) ) ;
#2205 = AXIS2_PLACEMENT_3D ( 'NONE', #4544, #4950, #832 ) ;
#2206 = ORIENTED_EDGE ( 'NONE', *, *, #3992, .T. ) ;
#2207 = VECTOR ( 'NONE', #4779, 39.37007874015748143 ) ;
#2208 = LINE ( 'NONE', #1279, #3050 ) ;
#2209 = PRESENTATION_LAYER_ASSIGNMENT (  '', '', ( #2483 ) ) ;
#2210 = EDGE_CURVE ( 'NONE', #1904, #908, #187, .T. ) ;
#2211 = VECTOR ( 'NONE', #2608, 39.37007874015748143 ) ;
#2212 = PRESENTATION_STYLE_ASSIGNMENT (( #398 ) ) ;
#2213 = CARTESIAN_POINT ( 'NONE',  ( 0.1161417322834645549, -0.06692913385826770867, 0.01102362204724409434 ) ) ;
#2214 = AXIS2_PLACEMENT_3D ( 'NONE', #2907, #4370, #5781 ) ;
#2215 =( NAMED_UNIT ( * ) PLANE_ANGLE_UNIT ( ) SI_UNIT ( $, .RADIAN. ) );
#2216 = STYLED_ITEM ( 'NONE', ( #2212 ), #5260 ) ;
#2217 = COLOUR_RGB ( '',0.2862745098039215508, 0.2862745098039215508, 0.2862745098039215508 ) ;
#2218 =( GEOMETRIC_REPRESENTATION_CONTEXT ( 3 ) GLOBAL_UNCERTAINTY_ASSIGNED_CONTEXT ( ( #5042 ) ) GLOBAL_UNIT_ASSIGNED_CONTEXT ( ( #2606, #3266, #2277 ) ) REPRESENTATION_CONTEXT ( 'NONE', 'WORKASPACE' ) );
#2219 = PRESENTATION_STYLE_ASSIGNMENT (( #5878 ) ) ;
#2220 = CARTESIAN_POINT ( 'NONE',  ( -0.09842519685039370636, 0.08307086614173228578, 0.0009842519685039369942 ) ) ;
#2221 = CARTESIAN_POINT ( 'NONE',  ( -0.1094713636432014664, 0.09377067414544014434, 0.04169182158321175363 ) ) ;
#2222 =( NAMED_UNIT ( * ) SI_UNIT ( $, .STERADIAN. ) SOLID_ANGLE_UNIT ( ) );
#2223 = AXIS2_PLACEMENT_3D ( 'NONE', #1211, #4422, #316 ) ;
#2224 = EDGE_CURVE ( 'NONE', #3368, #384, #5306, .T. ) ;
#2225 = PRESENTATION_STYLE_ASSIGNMENT (( #3618 ) ) ;
#2226 = SURFACE_STYLE_USAGE ( .BOTH. , #3089 ) ;
#2227 = CARTESIAN_POINT ( 'NONE',  ( 0.1058728332720638987, 0.09611101568364047165, 0.04029268180821135581 ) ) ;
#2228 = VERTEX_POINT ( 'NONE', #273 ) ;
#2229 = EDGE_LOOP ( 'NONE', ( #1854, #1145, #2581, #3699 ) ) ;
#2230 = DIMENSIONAL_EXPONENTS ( 1.000000000000000000, 0.000000000000000000, 0.000000000000000000, 0.000000000000000000, 0.000000000000000000, 0.000000000000000000, 0.000000000000000000 ) ;
#2231 = PLANE ( 'NONE',  #291 ) ;
#2232 = CARTESIAN_POINT ( 'NONE',  ( -0.1210629921259842590, 0.03307086614173232464, 0.01102362204724409607 ) ) ;
#2233 =( LENGTH_UNIT ( ) NAMED_UNIT ( * ) SI_UNIT ( $, .METRE. ) );
#2234 = ORIENTED_EDGE ( 'NONE', *, *, #5622, .T. ) ;
#2235 =( LENGTH_UNIT ( ) NAMED_UNIT ( * ) SI_UNIT ( $, .METRE. ) );
#2236 = SURFACE_STYLE_FILL_AREA ( #5464 ) ;
#2237 = AXIS2_PLACEMENT_3D ( 'NONE', #3945, #717, #5810 ) ;
#2238 = MANIFOLD_SOLID_BREP ( 'Imported1', #3073 ) ;
#2239 = CARTESIAN_POINT ( 'NONE',  ( 0.08464566929133858497, -0.08307086614173228578, 0.01102362204724409607 ) ) ;
#2240 = FILL_AREA_STYLE ('',( #459 ) ) ;
#2241 = EDGE_CURVE ( 'NONE', #1904, #3598, #5217, .T. ) ;
#2242 =( GEOMETRIC_REPRESENTATION_CONTEXT ( 3 ) GLOBAL_UNCERTAINTY_ASSIGNED_CONTEXT ( ( #687 ) ) GLOBAL_UNIT_ASSIGNED_CONTEXT ( ( #3056, #2192, #4519 ) ) REPRESENTATION_CONTEXT ( 'NONE', 'WORKASPACE' ) );
#2243 = CARTESIAN_POINT ( 'NONE',  ( -0.009645669291338582543, -0.07874015748031495954, 0.0009842519685039369942 ) ) ;
#2244 = LENGTH_MEASURE_WITH_UNIT ( LENGTH_MEASURE( 0.02539999999999999897 ), #1293 );
#2245 = LINE ( 'NONE', #1324, #3051 ) ;
#2246 = DIMENSIONAL_EXPONENTS ( 1.000000000000000000, 0.000000000000000000, 0.000000000000000000, 0.000000000000000000, 0.000000000000000000, 0.000000000000000000, 0.000000000000000000 ) ;
#2247 =( LENGTH_UNIT ( ) NAMED_UNIT ( * ) SI_UNIT ( $, .METRE. ) );
#2248 = CYLINDRICAL_SURFACE ( 'NONE', #3498, 0.003937007874015755783 ) ;
#2249 = DIRECTION ( 'NONE',  ( 1.000000000000000000, 0.000000000000000000, -0.000000000000000000 ) ) ;
#2250 = ORIENTED_EDGE ( 'NONE', *, *, #2362, .F. ) ;
#2251 = VERTEX_POINT ( 'NONE', #213 ) ;
#2252 = CARTESIAN_POINT ( 'NONE',  ( -0.009645669291338582543, 0.06517566022095197531, 0.000000000000000000 ) ) ;
#2253 = CARTESIAN_POINT ( 'NONE',  ( 0.08464566929133858497, 0.08307086614173228578, 0.000000000000000000 ) ) ;
#2254 = EDGE_CURVE ( 'NONE', #4028, #5738, #3846, .T. ) ;
#2255 = ORIENTED_EDGE ( 'NONE', *, *, #572, .T. ) ;
#2256 = DIRECTION ( 'NONE',  ( 2.265761274745219945E-16, -1.000000000000000000, 0.000000000000000000 ) ) ;
#2257 = DIMENSIONAL_EXPONENTS ( 1.000000000000000000, 0.000000000000000000, 0.000000000000000000, 0.000000000000000000, 0.000000000000000000, 0.000000000000000000, 0.000000000000000000 ) ;
#2258 = ORIENTED_EDGE ( 'NONE', *, *, #4918, .F. ) ;
#2259 = CARTESIAN_POINT ( 'NONE',  ( -0.09842519685039370636, -0.08307086614173228578, 0.000000000000000000 ) ) ;
#2260 = DIMENSIONAL_EXPONENTS ( 1.000000000000000000, 0.000000000000000000, 0.000000000000000000, 0.000000000000000000, 0.000000000000000000, 0.000000000000000000, 0.000000000000000000 ) ;
#2261 = SURFACE_STYLE_USAGE ( .BOTH. , #5440 ) ;
#2262 = DIRECTION ( 'NONE',  ( -1.403569203472511119E-16, 0.9945218953682734009, 0.1045284632676530268 ) ) ;
#2263 = SURFACE_STYLE_FILL_AREA ( #3530 ) ;
#2264 = SURFACE_STYLE_FILL_AREA ( #4092 ) ;
#2265 = DIRECTION ( 'NONE',  ( 0.000000000000000000, -0.000000000000000000, -1.000000000000000000 ) ) ;
#2266 = AXIS2_PLACEMENT_3D ( 'NONE', #2639, #843, #4465 ) ;
#2267 = AXIS2_PLACEMENT_3D ( 'NONE', #5844, #3917, #353 ) ;
#2268 = ADVANCED_FACE ( 'NONE', ( #1591 ), #2980, .T. ) ;
#2269 = DIRECTION ( 'NONE',  ( 1.000000000000000000, 0.000000000000000000, -0.000000000000000000 ) ) ;
#2270 = MANIFOLD_SOLID_BREP ( 'Imported5', #2984 ) ;
#2271 = VECTOR ( 'NONE', #1989, 39.37007874015748143 ) ;
#2272 = COLOUR_RGB ( '',0.8313725490196077761, 0.8313725490196077761, 0.8313725490196077761 ) ;
#2273 = ORIENTED_EDGE ( 'NONE', *, *, #5719, .T. ) ;
#2274 =( LENGTH_UNIT ( ) NAMED_UNIT ( * ) SI_UNIT ( $, .METRE. ) );
#2275 = CARTESIAN_POINT ( 'NONE',  ( 0.1122154787034354423, 0.09645666353683741978, 0.01102390154643148081 ) ) ;
#2276 = FACE_OUTER_BOUND ( 'NONE', #3337, .T. ) ;
#2277 =( NAMED_UNIT ( * ) SI_UNIT ( $, .STERADIAN. ) SOLID_ANGLE_UNIT ( ) );
#2278 = DIRECTION ( 'NONE',  ( 0.000000000000000000, -1.000000000000000000, 0.000000000000000000 ) ) ;
#2279 = ORIENTED_EDGE ( 'NONE', *, *, #2998, .T. ) ;
#2280 = ORIENTED_EDGE ( 'NONE', *, *, #3607, .T. ) ;
#2281 = PLANE ( 'NONE',  #69 ) ;
#2282 = AXIS2_PLACEMENT_3D ( 'NONE', #3007, #5311, #1177 ) ;
#2283 = ORIENTED_EDGE ( 'NONE', *, *, #4066, .T. ) ;
#2284 = DIRECTION ( 'NONE',  ( -0.1039620511845032458, 0.1039620511844973894, 0.9891328443778534263 ) ) ;
#2285 = UNCERTAINTY_MEASURE_WITH_UNIT (LENGTH_MEASURE( 1.000000000000000082E-05 ), #5840, 'distance_accuracy_value', 'NONE');
#2286 = ORIENTED_EDGE ( 'NONE', *, *, #829, .F. ) ;
#2287 = VECTOR ( 'NONE', #5664, 39.37007874015748143 ) ;
#2288 = EDGE_CURVE ( 'NONE', #961, #8, #335, .T. ) ;
#2289 = SURFACE_SIDE_STYLE ('',( #2236 ) ) ;
#2290 = MECHANICAL_DESIGN_GEOMETRIC_PRESENTATION_REPRESENTATION (  '', ( #1051 ), #4016 ) ;
#2291 =( GEOMETRIC_REPRESENTATION_CONTEXT ( 3 ) GLOBAL_UNCERTAINTY_ASSIGNED_CONTEXT ( ( #4721 ) ) GLOBAL_UNIT_ASSIGNED_CONTEXT ( ( #4225, #2501, #4279 ) ) REPRESENTATION_CONTEXT ( 'NONE', 'WORKASPACE' ) );
#2292 = FILL_AREA_STYLE ('',( #5063 ) ) ;
#2293 =( LENGTH_UNIT ( ) NAMED_UNIT ( * ) SI_UNIT ( $, .METRE. ) );
#2294 = AXIS2_PLACEMENT_3D ( 'NONE', #4582, #4266, #506 ) ;
#2295 = AXIS2_PLACEMENT_3D ( 'NONE', #554, #5109, #5603 ) ;
#2296 =( GEOMETRIC_REPRESENTATION_CONTEXT ( 3 ) GLOBAL_UNCERTAINTY_ASSIGNED_CONTEXT ( ( #590 ) ) GLOBAL_UNIT_ASSIGNED_CONTEXT ( ( #3210, #5920, #452 ) ) REPRESENTATION_CONTEXT ( 'NONE', 'WORKASPACE' ) );
#2297 = DIRECTION ( 'NONE',  ( -0.000000000000000000, -0.000000000000000000, -1.000000000000000000 ) ) ;
#2298 =( GEOMETRIC_REPRESENTATION_CONTEXT ( 3 ) GLOBAL_UNCERTAINTY_ASSIGNED_CONTEXT ( ( #610 ) ) GLOBAL_UNIT_ASSIGNED_CONTEXT ( ( #5586, #1815, #1903 ) ) REPRESENTATION_CONTEXT ( 'NONE', 'WORKASPACE' ) );
#2299 = VECTOR ( 'NONE', #3907, 39.37007874015748143 ) ;
#2300 = DIRECTION ( 'NONE',  ( 1.000000000000000000, 0.000000000000000000, -0.000000000000000000 ) ) ;
#2301 = DIMENSIONAL_EXPONENTS ( 1.000000000000000000, 0.000000000000000000, 0.000000000000000000, 0.000000000000000000, 0.000000000000000000, 0.000000000000000000, 0.000000000000000000 ) ;
#2302 = COLOUR_RGB ( '',1.000000000000000000, 1.000000000000000000, 1.000000000000000000 ) ;
#2303 = ORIENTED_EDGE ( 'NONE', *, *, #2650, .F. ) ;
#2304 = LINE ( 'NONE', #5175, #4581 ) ;
#2305 = SURFACE_STYLE_USAGE ( .BOTH. , #5115 ) ;
#2306 = MECHANICAL_DESIGN_GEOMETRIC_PRESENTATION_REPRESENTATION (  '', ( #2216 ), #3844 ) ;
#2307 = SURFACE_STYLE_FILL_AREA ( #3293 ) ;
#2308 = CARTESIAN_POINT ( 'NONE',  ( -0.1145117393724014859, -0.09645039723698164980, 0.01114330708994861092 ) ) ;
#2309 =( CONVERSION_BASED_UNIT ( 'INCH', #470 ) LENGTH_UNIT ( ) NAMED_UNIT ( #4915 ) );
#2310 = ORIENTED_EDGE ( 'NONE', *, *, #4720, .T. ) ;
#2311 = EDGE_CURVE ( 'NONE', #900, #1595, #1671, .T. ) ;
#2312 = ORIENTED_EDGE ( 'NONE', *, *, #3112, .F. ) ;
#2313 = EDGE_CURVE ( 'NONE', #938, #4984, #5332, .T. ) ;
#2314 = PRESENTATION_STYLE_ASSIGNMENT (( #3365 ) ) ;
#2315 = MECHANICAL_DESIGN_GEOMETRIC_PRESENTATION_REPRESENTATION (  '', ( #5507 ), #60 ) ;
#2316 = FILL_AREA_STYLE ('',( #4525 ) ) ;
#2317 = DIRECTION ( 'NONE',  ( 0.9945218953682731788, 0.000000000000000000, 0.1045284632676536374 ) ) ;
#2318 = SURFACE_SIDE_STYLE ('',( #4585 ) ) ;
#2319 = FILL_AREA_STYLE ('',( #3696 ) ) ;
#2320 = VERTEX_POINT ( 'NONE', #3984 ) ;
#2321 = CARTESIAN_POINT ( 'NONE',  ( 0.1097440944881889757, -0.09645669291338584972, 0.01102362204724409607 ) ) ;
#2322 = ORIENTED_EDGE ( 'NONE', *, *, #4123, .F. ) ;
#2323 = LENGTH_MEASURE_WITH_UNIT ( LENGTH_MEASURE( 0.02539999999999999897 ), #4629 );
#2324 =( NAMED_UNIT ( * ) SI_UNIT ( $, .STERADIAN. ) SOLID_ANGLE_UNIT ( ) );
#2325 = FACE_OUTER_BOUND ( 'NONE', #616, .T. ) ;
#2326 = CIRCLE ( 'NONE', #5715, 0.003937007874015749712 ) ;
#2327 = EDGE_CURVE ( 'NONE', #4932, #384, #4929, .T. ) ;
#2328 = DIMENSIONAL_EXPONENTS ( 1.000000000000000000, 0.000000000000000000, 0.000000000000000000, 0.000000000000000000, 0.000000000000000000, 0.000000000000000000, 0.000000000000000000 ) ;
#2329 = VECTOR ( 'NONE', #3663, 39.37007874015748143 ) ;
#2330 =( NAMED_UNIT ( * ) PLANE_ANGLE_UNIT ( ) SI_UNIT ( $, .RADIAN. ) );
#2331 = CARTESIAN_POINT ( 'NONE',  ( -0.1092037056162346587, 0.08951866624615589796, 0.03937007874015747977 ) ) ;
#2332 = FILL_AREA_STYLE_COLOUR ( '', #1449 ) ;
#2333 = VECTOR ( 'NONE', #3001, 39.37007874015748143 ) ;
#2334 = EDGE_CURVE ( 'NONE', #2409, #766, #380, .T. ) ;
#2335 = STYLED_ITEM ( 'NONE', ( #2598 ), #2537 ) ;
#2336 =( CONVERSION_BASED_UNIT ( 'INCH', #122 ) LENGTH_UNIT ( ) NAMED_UNIT ( #3705 ) );
#2337 = LINE ( 'NONE', #4166, #4978 ) ;
#2338 = CARTESIAN_POINT ( 'NONE',  ( 0.1113147800263712128, -0.09162974065629245213, 0.04193654726125711080 ) ) ;
#2339 = CARTESIAN_POINT ( 'NONE',  ( 0.08464566929133858497, 0.08307086614173228578, 0.01102362204724409607 ) ) ;
#2340 = CARTESIAN_POINT ( 'NONE',  ( -0.1161354366070603689, -0.09482670000232279461, 0.01114330708994860572 ) ) ;
#2341 = ORIENTED_EDGE ( 'NONE', *, *, #2449, .T. ) ;
#2342 = COLOUR_RGB ( '',0.2862745098039215508, 0.2862745098039215508, 0.2862745098039215508 ) ;
#2343 = ORIENTED_EDGE ( 'NONE', *, *, #3427, .T. ) ;
#2344 = VECTOR ( 'NONE', #5704, 39.37007874015748143 ) ;
#2345 = SURFACE_STYLE_USAGE ( .BOTH. , #2371 ) ;
#2346 = STYLED_ITEM ( 'NONE', ( #1058 ), #2238 ) ;
#2347 = CARTESIAN_POINT ( 'NONE',  ( -0.09842519685039370636, 0.08307086614173228578, 0.000000000000000000 ) ) ;
#2348 = EDGE_CURVE ( 'NONE', #650, #3793, #1296, .T. ) ;
#2349 =( NAMED_UNIT ( * ) PLANE_ANGLE_UNIT ( ) SI_UNIT ( $, .RADIAN. ) );
#2350 = ORIENTED_EDGE ( 'NONE', *, *, #5017, .T. ) ;
#2351 = ORIENTED_EDGE ( 'NONE', *, *, #2135, .T. ) ;
#2352 = PRESENTATION_STYLE_ASSIGNMENT (( #546 ) ) ;
#2353 = CARTESIAN_POINT ( 'NONE',  ( 0.05807086614173229133, 0.09476012848586891357, 0.02716535433070866104 ) ) ;
#2354 = CARTESIAN_POINT ( 'NONE',  ( -0.1047320984997068966, 0.07652153239043141264, 0.04330708661417323468 ) ) ;
#2355 = AXIS2_PLACEMENT_3D ( 'NONE', #54, #939, #2727 ) ;
#2356 = CARTESIAN_POINT ( 'NONE',  ( -0.09842519685039370636, 0.01692913385826775446, 0.01102362204724409607 ) ) ;
#2357 = ORIENTED_EDGE ( 'NONE', *, *, #3889, .T. ) ;
#2358 = DIRECTION ( 'NONE',  ( 1.000000000000000000, 0.000000000000000000, 0.000000000000000000 ) ) ;
#2359 = SURFACE_STYLE_USAGE ( .BOTH. , #235 ) ;
#2360 = SURFACE_STYLE_USAGE ( .BOTH. , #5570 ) ;
#2361 =( NAMED_UNIT ( * ) SI_UNIT ( $, .STERADIAN. ) SOLID_ANGLE_UNIT ( ) );
#2362 = EDGE_CURVE ( 'NONE', #3520, #2861, #4615, .T. ) ;
#2363 = DIMENSIONAL_EXPONENTS ( 1.000000000000000000, 0.000000000000000000, 0.000000000000000000, 0.000000000000000000, 0.000000000000000000, 0.000000000000000000, 0.000000000000000000 ) ;
#2364 = DIRECTION ( 'NONE',  ( 0.000000000000000000, 0.000000000000000000, -1.000000000000000000 ) ) ;
#2365 =( NAMED_UNIT ( * ) PLANE_ANGLE_UNIT ( ) SI_UNIT ( $, .RADIAN. ) );
#2366 = CARTESIAN_POINT ( 'NONE',  ( -0.1161417029069161666, -0.09253043933335672322, 0.01102390154643147387 ) ) ;
#2367 =( CONVERSION_BASED_UNIT ( 'INCH', #645 ) LENGTH_UNIT ( ) NAMED_UNIT ( #2623 ) );
#2368 = PRESENTATION_LAYER_ASSIGNMENT (  '', '', ( #2832 ) ) ;
#2369 = EDGE_LOOP ( 'NONE', ( #4410, #3879, #1099, #1711 ) ) ;
#2370 = UNCERTAINTY_MEASURE_WITH_UNIT (LENGTH_MEASURE( 1.000000000000000082E-05 ), #351, 'distance_accuracy_value', 'NONE');
#2371 = SURFACE_SIDE_STYLE ('',( #5673 ) ) ;
#2372 = DIRECTION ( 'NONE',  ( -0.1039620511844980000, 0.1039620511844980000, 0.9891328443778539814 ) ) ;
#2373 = CARTESIAN_POINT ( 'NONE',  ( -0.009645669291338582543, 0.07874015748031495954, 0.01102362204724409607 ) ) ;
#2374 = ORIENTED_EDGE ( 'NONE', *, *, #2976, .F. ) ;
#2375 = DIRECTION ( 'NONE',  ( 0.000000000000000000, 1.000000000000000000, 0.000000000000000000 ) ) ;
#2376 = VERTEX_POINT ( 'NONE', #2275 ) ;
#2377 = APPLICATION_PROTOCOL_DEFINITION ( 'draft international standard', 'automotive_design', 1998, #3627 ) ;
#2378 = AXIS2_PLACEMENT_3D ( 'NONE', #5405, #3518, #3069 ) ;
#2379 = CARTESIAN_POINT ( 'NONE',  ( 0.08464566929133858497, 0.08307086614173228578, 0.0009842519685039369942 ) ) ;
#2380 =( GEOMETRIC_REPRESENTATION_CONTEXT ( 3 ) GLOBAL_UNCERTAINTY_ASSIGNED_CONTEXT ( ( #4558 ) ) GLOBAL_UNIT_ASSIGNED_CONTEXT ( ( #4806, #1164, #721 ) ) REPRESENTATION_CONTEXT ( 'NONE', 'WORKASPACE' ) );
#2381 = CARTESIAN_POINT ( 'NONE',  ( -0.1097440944881889757, -0.07499999999999999722, 0.01102362204724409607 ) ) ;
#2382 = CARTESIAN_POINT ( 'NONE',  ( 0.09842519685039370636, -0.07874015748031495954, 0.01102362204724409607 ) ) ;
#2383 = SURFACE_STYLE_USAGE ( .BOTH. , #4156 ) ;
#2384 = ADVANCED_FACE ( 'NONE', ( #2739 ), #1238, .T. ) ;
#2385 = ADVANCED_FACE ( 'NONE', ( #1492 ), #5576, .T. ) ;
#2386 = PRESENTATION_LAYER_ASSIGNMENT (  '', '', ( #765 ) ) ;
#2387 = VECTOR ( 'NONE', #5525, 39.37007874015748143 ) ;
#2388 = SURFACE_STYLE_FILL_AREA ( #2893 ) ;
#2389 = STYLED_ITEM ( 'NONE', ( #367 ), #3720 ) ;
#2390 = ORIENTED_EDGE ( 'NONE', *, *, #5674, .F. ) ;
#2391 = DIRECTION ( 'NONE',  ( 0.000000000000000000, -1.000000000000000000, -0.000000000000000000 ) ) ;
#2392 = CARTESIAN_POINT ( 'NONE',  ( -0.09842519685039370636, -0.02499999999999996322, 0.01102362204724409607 ) ) ;
#2393 = COLOUR_RGB ( '',0.8313725490196077761, 0.8313725490196077761, 0.8313725490196077761 ) ;
#2394 = LINE ( 'NONE', #1456, #5473 ) ;
#2395 = VECTOR ( 'NONE', #1246, 39.37007874015748143 ) ;
#2396 = CARTESIAN_POINT ( 'NONE',  ( 0.09842519685039370636, 0.06692913385826770867, 0.000000000000000000 ) ) ;
#2397 = PRESENTATION_LAYER_ASSIGNMENT (  '', '', ( #2869 ) ) ;
#2398 = VECTOR ( 'NONE', #1933, 39.37007874015748143 ) ;
#2399 = ORIENTED_EDGE ( 'NONE', *, *, #653, .T. ) ;
#2400 =( NAMED_UNIT ( * ) SI_UNIT ( $, .STERADIAN. ) SOLID_ANGLE_UNIT ( ) );
#2401 = SURFACE_STYLE_FILL_AREA ( #1984 ) ;
#2402 = SURFACE_SIDE_STYLE ('',( #1497 ) ) ;
#2403 = CARTESIAN_POINT ( 'NONE',  ( -0.009645669291338582543, 0.09645669291338582196, 0.0009842519685039369942 ) ) ;
#2404 = ORIENTED_EDGE ( 'NONE', *, *, #5845, .T. ) ;
#2405 = EDGE_CURVE ( 'NONE', #1410, #3626, #644, .T. ) ;
#2406 = CARTESIAN_POINT ( 'NONE',  ( -0.1097440944881889757, -0.02499999999999996322, 0.000000000000000000 ) ) ;
#2407 = LENGTH_MEASURE_WITH_UNIT ( LENGTH_MEASURE( 0.02539999999999999897 ), #4289 );
#2408 = PLANE ( 'NONE',  #2584 ) ;
#2409 = VERTEX_POINT ( 'NONE', #2903 ) ;
#2410 = DIMENSIONAL_EXPONENTS ( 1.000000000000000000, 0.000000000000000000, 0.000000000000000000, 0.000000000000000000, 0.000000000000000000, 0.000000000000000000, 0.000000000000000000 ) ;
#2411 = ORIENTED_EDGE ( 'NONE', *, *, #1720, .T. ) ;
#2412 =( CONVERSION_BASED_UNIT ( 'INCH', #1119 ) LENGTH_UNIT ( ) NAMED_UNIT ( #43 ) );
#2413 = VERTEX_POINT ( 'NONE', #3324 ) ;
#2414 = DIRECTION ( 'NONE',  ( 0.9945218953682731788, 0.000000000000000000, 0.1045284632676536374 ) ) ;
#2415 = DIRECTION ( 'NONE',  ( 0.000000000000000000, 1.000000000000000000, 0.000000000000000000 ) ) ;
#2416 = CARTESIAN_POINT ( 'NONE',  ( -0.1161417322834645549, -0.09251968503937008093, 0.0009842519685039369942 ) ) ;
#2417 = UNCERTAINTY_MEASURE_WITH_UNIT (LENGTH_MEASURE( 1.000000000000000082E-05 ), #3470, 'distance_accuracy_value', 'NONE');
#2418 = CARTESIAN_POINT ( 'NONE',  ( 0.08464566929133858497, 0.06692913385826770867, 0.000000000000000000 ) ) ;
#2419 = VERTEX_POINT ( 'NONE', #3841 ) ;
#2420 = DIRECTION ( 'NONE',  ( -1.000000000000000000, 0.000000000000000000, 0.000000000000000000 ) ) ;
#2421 = SURFACE_STYLE_FILL_AREA ( #1518 ) ;
#2422 = PRESENTATION_STYLE_ASSIGNMENT (( #5632 ) ) ;
#2423 =( NAMED_UNIT ( * ) PLANE_ANGLE_UNIT ( ) SI_UNIT ( $, .RADIAN. ) );
#2424 = ORIENTED_EDGE ( 'NONE', *, *, #4960, .F. ) ;
#2425 = COLOUR_RGB ( '',0.8313725490196077761, 0.8313725490196077761, 0.8313725490196077761 ) ;
#2426 = LENGTH_MEASURE_WITH_UNIT ( LENGTH_MEASURE( 0.02539999999999999897 ), #5754 );
#2427 =( NAMED_UNIT ( * ) SI_UNIT ( $, .STERADIAN. ) SOLID_ANGLE_UNIT ( ) );
#2428 = STYLED_ITEM ( 'NONE', ( #1808 ), #2385 ) ;
#2429 = UNCERTAINTY_MEASURE_WITH_UNIT (LENGTH_MEASURE( 1.000000000000000082E-05 ), #4334, 'distance_accuracy_value', 'NONE');
#2430 = PRESENTATION_STYLE_ASSIGNMENT (( #3298 ) ) ;
#2431 = CARTESIAN_POINT ( 'NONE',  ( -0.1129032691957075479, 0.09077891420826740554, 0.03889569978247382764 ) ) ;
#2432 = VECTOR ( 'NONE', #4717, 39.37007874015748143 ) ;
#2433 =( NAMED_UNIT ( * ) SI_UNIT ( $, .STERADIAN. ) SOLID_ANGLE_UNIT ( ) );
#2434 = ORIENTED_EDGE ( 'NONE', *, *, #1481, .T. ) ;
#2435 = LINE ( 'NONE', #2986, #3902 ) ;
#2436 = ORIENTED_EDGE ( 'NONE', *, *, #862, .T. ) ;
#2437 = COLOUR_RGB ( '',0.2862745098039215508, 0.2862745098039215508, 0.2862745098039215508 ) ;
#2438 = ADVANCED_FACE ( 'NONE', ( #5703 ), #5667, .F. ) ;
#2439 = SURFACE_STYLE_FILL_AREA ( #1068 ) ;
#2440 = SURFACE_SIDE_STYLE ('',( #4299 ) ) ;
#2441 =( CONVERSION_BASED_UNIT ( 'INCH', #632 ) LENGTH_UNIT ( ) NAMED_UNIT ( #296 ) );
#2442 =( LENGTH_UNIT ( ) NAMED_UNIT ( * ) SI_UNIT ( $, .METRE. ) );
#2443 = UNCERTAINTY_MEASURE_WITH_UNIT (LENGTH_MEASURE( 1.000000000000000082E-05 ), #974, 'distance_accuracy_value', 'NONE');
#2444 = ORIENTED_EDGE ( 'NONE', *, *, #3022, .F. ) ;
#2445 = LINE ( 'NONE', #3771, #3951 ) ;
#2446 = FACE_OUTER_BOUND ( 'NONE', #1088, .T. ) ;
#2447 = LINE ( 'NONE', #1890, #4301 ) ;
#2448 = EDGE_LOOP ( 'NONE', ( #5556, #3101, #5146, #3060 ) ) ;
#2449 = EDGE_CURVE ( 'NONE', #2726, #166, #3869, .T. ) ;
#2450 = LINE ( 'NONE', #5752, #3142 ) ;
#2451 = FILL_AREA_STYLE_COLOUR ( '', #4526 ) ;
#2452 = LENGTH_MEASURE_WITH_UNIT ( LENGTH_MEASURE( 0.02539999999999999897 ), #4321 );
#2453 = SURFACE_SIDE_STYLE ('',( #4397 ) ) ;
#2454 = ADVANCED_FACE ( 'NONE', ( #3891 ), #3441, .T. ) ;
#2455 = EDGE_CURVE ( 'NONE', #5400, #3599, #3082, .T. ) ;
#2456 = CARTESIAN_POINT ( 'NONE',  ( -0.1111993392797841484, 0.08948880716714467665, 0.04379255050836108193 ) ) ;
#2457 = CARTESIAN_POINT ( 'NONE',  ( 0.1122942085912494864, -0.09162974065629246601, 0.04113090847672783157 ) ) ;
#2458 = COLOUR_RGB ( '',0.2862745098039215508, 0.2862745098039215508, 0.2862745098039215508 ) ;
#2459 = FACE_OUTER_BOUND ( 'NONE', #4285, .T. ) ;
#2460 =( LENGTH_UNIT ( ) NAMED_UNIT ( * ) SI_UNIT ( $, .METRE. ) );
#2461 = VERTEX_POINT ( 'NONE', #4919 ) ;
#2462 =( LENGTH_UNIT ( ) NAMED_UNIT ( * ) SI_UNIT ( $, .METRE. ) );
#2463 = ORIENTED_EDGE ( 'NONE', *, *, #5665, .F. ) ;
#2464 = PRESENTATION_LAYER_ASSIGNMENT (  '', '', ( #5061 ) ) ;
#2465 =( NAMED_UNIT ( * ) PLANE_ANGLE_UNIT ( ) SI_UNIT ( $, .RADIAN. ) );
#2466 = PLANE ( 'NONE',  #1531 ) ;
#2467 = EDGE_CURVE ( 'NONE', #2029, #567, #293, .T. ) ;
#2468 = UNCERTAINTY_MEASURE_WITH_UNIT (LENGTH_MEASURE( 1.000000000000000082E-05 ), #3408, 'distance_accuracy_value', 'NONE');
#2469 =( GEOMETRIC_REPRESENTATION_CONTEXT ( 3 ) GLOBAL_UNCERTAINTY_ASSIGNED_CONTEXT ( ( #1578 ) ) GLOBAL_UNIT_ASSIGNED_CONTEXT ( ( #4730, #5271, #5154 ) ) REPRESENTATION_CONTEXT ( 'NONE', 'WORKASPACE' ) );
#2470 = CARTESIAN_POINT ( 'NONE',  ( -0.009645669291338582543, 0.07874015748031495954, 0.01102362204724409607 ) ) ;
#2471 = AXIS2_PLACEMENT_3D ( 'NONE', #2648, #1717, #457 ) ;
#2472 = PRODUCT_DEFINITION_SHAPE ( 'NONE', 'NONE',  #5928 ) ;
#2473 = ORIENTED_EDGE ( 'NONE', *, *, #2998, .F. ) ;
#2474 = SURFACE_STYLE_USAGE ( .BOTH. , #4609 ) ;
#2475 = CARTESIAN_POINT ( 'NONE',  ( 0.08464566929133858497, 0.08307086614173228578, 0.01102362204724409607 ) ) ;
#2476 = DIRECTION ( 'NONE',  ( 1.000000000000000000, 0.000000000000000000, -0.000000000000000000 ) ) ;
#2477 = FILL_AREA_STYLE ('',( #1690 ) ) ;
#2478 = COLOUR_RGB ( '',0.8313725490196077761, 0.8313725490196077761, 0.8313725490196077761 ) ;
#2479 = VERTEX_POINT ( 'NONE', #3507 ) ;
#2480 = VECTOR ( 'NONE', #3401, 39.37007874015748143 ) ;
#2481 = STYLED_ITEM ( 'NONE', ( #1953 ), #883 ) ;
#2482 = PRESENTATION_LAYER_ASSIGNMENT (  '', '', ( #1747 ) ) ;
#2483 = STYLED_ITEM ( 'NONE', ( #138 ), #1178 ) ;
#2484 = CARTESIAN_POINT ( 'NONE',  ( 0.1127188010209830837, 0.09120544190156106013, 0.03991681741988575144 ) ) ;
#2485 = DIRECTION ( 'NONE',  ( -1.000000000000000000, -0.000000000000000000, -0.000000000000000000 ) ) ;
#2486 =( NAMED_UNIT ( * ) PLANE_ANGLE_UNIT ( ) SI_UNIT ( $, .RADIAN. ) );
#2487 = SURFACE_SIDE_STYLE ('',( #1202 ) ) ;
#2488 = SURFACE_SIDE_STYLE ('',( #5675 ) ) ;
#2489 = EDGE_CURVE ( 'NONE', #3103, #3, #2326, .T. ) ;
#2490 = ORIENTED_EDGE ( 'NONE', *, *, #1071, .F. ) ;
#2491 = LINE ( 'NONE', #3897, #1446 ) ;
#2492 = EDGE_CURVE ( 'NONE', #5211, #4691, #2563, .T. ) ;
#2493 = ORIENTED_EDGE ( 'NONE', *, *, #424, .F. ) ;
#2494 = MECHANICAL_DESIGN_GEOMETRIC_PRESENTATION_REPRESENTATION (  '', ( #2981 ), #963 ) ;
#2495 = LINE ( 'NONE', #226, #3352 ) ;
#2496 = COLOUR_RGB ( '',0.8313725490196077761, 0.8313725490196077761, 0.8313725490196077761 ) ;
#2497 =( NAMED_UNIT ( * ) PLANE_ANGLE_UNIT ( ) SI_UNIT ( $, .RADIAN. ) );
#2498 = PRESENTATION_STYLE_ASSIGNMENT (( #2085 ) ) ;
#2499 = MECHANICAL_DESIGN_GEOMETRIC_PRESENTATION_REPRESENTATION (  '', ( #5107 ), #3466 ) ;
#2500 = UNCERTAINTY_MEASURE_WITH_UNIT (LENGTH_MEASURE( 1.000000000000000082E-05 ), #1683, 'distance_accuracy_value', 'NONE');
#2501 =( NAMED_UNIT ( * ) PLANE_ANGLE_UNIT ( ) SI_UNIT ( $, .RADIAN. ) );
#2502 = ORIENTED_EDGE ( 'NONE', *, *, #5916, .F. ) ;
#2503 = SURFACE_SIDE_STYLE ('',( #691 ) ) ;
#2504 = EDGE_CURVE ( 'NONE', #1869, #3464, #5902, .T. ) ;
#2505 = DIRECTION ( 'NONE',  ( 0.000000000000000000, -0.000000000000000000, -1.000000000000000000 ) ) ;
#2506 =( NAMED_UNIT ( * ) SI_UNIT ( $, .STERADIAN. ) SOLID_ANGLE_UNIT ( ) );
#2507 = VERTEX_POINT ( 'NONE', #748 ) ;
#2508 = CARTESIAN_POINT ( 'NONE',  ( 0.1097440944881889757, -0.07499999999999999722, 0.01102362204724409607 ) ) ;
#2509 = ADVANCED_FACE ( 'NONE', ( #2159 ), #5416, .F. ) ;
#2510 = SURFACE_SIDE_STYLE ('',( #1556 ) ) ;
#2511 =( LENGTH_UNIT ( ) NAMED_UNIT ( * ) SI_UNIT ( $, .METRE. ) );
#2512 = PLANE ( 'NONE',  #2017 ) ;
#2513 = COLOUR_RGB ( '',0.2862745098039215508, 0.2862745098039215508, 0.2862745098039215508 ) ;
#2514 = SURFACE_STYLE_USAGE ( .BOTH. , #702 ) ;
#2515 =( LENGTH_UNIT ( ) NAMED_UNIT ( * ) SI_UNIT ( $, .METRE. ) );
#2516 = ORIENTED_EDGE ( 'NONE', *, *, #1137, .F. ) ;
#2517 = LINE ( 'NONE', #1507, #5862 ) ;
#2518 = MECHANICAL_DESIGN_GEOMETRIC_PRESENTATION_REPRESENTATION (  '', ( #2428 ), #5816 ) ;
#2519 = ORIENTED_EDGE ( 'NONE', *, *, #3449, .T. ) ;
#2520 = VECTOR ( 'NONE', #2708, 39.37007874015748143 ) ;
#2521 = DIMENSIONAL_EXPONENTS ( 1.000000000000000000, 0.000000000000000000, 0.000000000000000000, 0.000000000000000000, 0.000000000000000000, 0.000000000000000000, 0.000000000000000000 ) ;
#2522 = EDGE_CURVE ( 'NONE', #130, #2228, #5785, .T. ) ;
#2523 = SURFACE_STYLE_FILL_AREA ( #4762 ) ;
#2524 = CARTESIAN_POINT ( 'NONE',  ( -0.1094946786082236223, -0.08980963923814488936, 0.03660165564803889715 ) ) ;
#2525 = MECHANICAL_DESIGN_GEOMETRIC_PRESENTATION_REPRESENTATION (  '', ( #3193 ), #1868 ) ;
#2526 = SURFACE_STYLE_USAGE ( .BOTH. , #1623 ) ;
#2527 =( LENGTH_UNIT ( ) NAMED_UNIT ( * ) SI_UNIT ( $, .METRE. ) );
#2528 = FILL_AREA_STYLE_COLOUR ( '', #3922 ) ;
#2529 = CARTESIAN_POINT ( 'NONE',  ( 2.185478394931409404E-17, -0.01692913385826767814, 0.0009842519685039369942 ) ) ;
#2530 = SURFACE_STYLE_USAGE ( .BOTH. , #4283 ) ;
#2531 = DIRECTION ( 'NONE',  ( 2.775557561562889872E-16, -1.000000000000000000, 0.000000000000000000 ) ) ;
#2532 = COLOUR_RGB ( '',0.2862745098039215508, 0.2862745098039215508, 0.2862745098039215508 ) ;
#2533 = DIRECTION ( 'NONE',  ( 0.000000000000000000, 0.000000000000000000, -1.000000000000000000 ) ) ;
#2534 = CARTESIAN_POINT ( 'NONE',  ( -0.1112281098157780479, 0.09537850271340320152, 0.03805093931163116422 ) ) ;
#2535 = CARTESIAN_POINT ( 'NONE',  ( 2.185478394931409404E-17, 0.08307086614173228578, 0.0009842519685039369942 ) ) ;
#2536 =( NAMED_UNIT ( * ) SI_UNIT ( $, .STERADIAN. ) SOLID_ANGLE_UNIT ( ) );
#2537 = ADVANCED_FACE ( 'NONE', ( #1663 ), #5817, .T. ) ;
#2538 = ORIENTED_EDGE ( 'NONE', *, *, #4822, .T. ) ;
#2539 =( NAMED_UNIT ( * ) PLANE_ANGLE_UNIT ( ) SI_UNIT ( $, .RADIAN. ) );
#2540 = SURFACE_STYLE_USAGE ( .BOTH. , #4269 ) ;
#2541 = PRESENTATION_STYLE_ASSIGNMENT (( #5909 ) ) ;
#2542 = ORIENTED_EDGE ( 'NONE', *, *, #1197, .T. ) ;
#2543 = FILL_AREA_STYLE ('',( #729 ) ) ;
#2544 = EDGE_LOOP ( 'NONE', ( #5316, #242, #1063, #933 ) ) ;
#2545 = FACE_BOUND ( 'NONE', #3551, .T. ) ;
#2546 = FACE_OUTER_BOUND ( 'NONE', #1874, .T. ) ;
#2547 = DIRECTION ( 'NONE',  ( -0.000000000000000000, -0.000000000000000000, 1.000000000000000000 ) ) ;
#2548 = VERTEX_POINT ( 'NONE', #5108 ) ;
#2549 = DIRECTION ( 'NONE',  ( -1.000000000000000000, -1.411300455031980070E-16, 0.000000000000000000 ) ) ;
#2550 = VERTEX_POINT ( 'NONE', #4976 ) ;
#2551 = PRESENTATION_LAYER_ASSIGNMENT (  '', '', ( #5658 ) ) ;
#2552 = ORIENTED_EDGE ( 'NONE', *, *, #2186, .F. ) ;
#2553 = DIMENSIONAL_EXPONENTS ( 1.000000000000000000, 0.000000000000000000, 0.000000000000000000, 0.000000000000000000, 0.000000000000000000, 0.000000000000000000, 0.000000000000000000 ) ;
#2554 = DIRECTION ( 'NONE',  ( -1.000000000000000000, 0.000000000000000000, 0.000000000000000000 ) ) ;
#2555 = DIRECTION ( 'NONE',  ( 2.265761274745219945E-16, -1.000000000000000000, 0.000000000000000000 ) ) ;
#2556 = DIRECTION ( 'NONE',  ( 0.000000000000000000, 0.000000000000000000, -1.000000000000000000 ) ) ;
#2557 = PRESENTATION_STYLE_ASSIGNMENT (( #5110 ) ) ;
#2558 = PRODUCT_RELATED_PRODUCT_CATEGORY ( 'part', '', ( #4350 ) ) ;
#2559 = CARTESIAN_POINT ( 'NONE',  ( 0.08464566929133858497, -0.07874015748031494566, 0.0009842519685039369942 ) ) ;
#2560 = SURFACE_STYLE_USAGE ( .BOTH. , #745 ) ;
#2561 = EDGE_CURVE ( 'NONE', #2886, #4528, #94, .T. ) ;
#2562 = PRESENTATION_STYLE_ASSIGNMENT (( #3414 ) ) ;
#2563 = LINE ( 'NONE', #3535, #3765 ) ;
#2564 = CARTESIAN_POINT ( 'NONE',  ( -0.1101764426499052957, -0.08544681273289424228, 0.04552465181471854888 ) ) ;
#2565 = VECTOR ( 'NONE', #83, 39.37007874015748143 ) ;
#2566 = SURFACE_SIDE_STYLE ('',( #3025 ) ) ;
#2567 = AXIS2_PLACEMENT_3D ( 'NONE', #2997, #2127, #2505 ) ;
#2568 =( LENGTH_UNIT ( ) NAMED_UNIT ( * ) SI_UNIT ( $, .METRE. ) );
#2569 = PRESENTATION_LAYER_ASSIGNMENT (  '', '', ( #1912 ) ) ;
#2570 = AXIS2_PLACEMENT_3D ( 'NONE', #171, #1975, #1384 ) ;
#2571 = SURFACE_SIDE_STYLE ('',( #4897 ) ) ;
#2572 = VECTOR ( 'NONE', #1589, 39.37007874015748143 ) ;
#2573 = SURFACE_STYLE_FILL_AREA ( #1201 ) ;
#2574 = LINE ( 'NONE', #5398, #3491 ) ;
#2575 = CARTESIAN_POINT ( 'NONE',  ( 0.1128641397494070803, 0.09132447417272139545, 0.04003988830560037404 ) ) ;
#2576 = CARTESIAN_POINT ( 'NONE',  ( 0.1210629921259842590, 0.08307086614173228578, 0.01102362204724409607 ) ) ;
#2577 = ADVANCED_FACE ( 'NONE', ( #979 ), #4065, .F. ) ;
#2578 = AXIS2_PLACEMENT_3D ( 'NONE', #2790, #1005, #5007 ) ;
#2579 = ORIENTED_EDGE ( 'NONE', *, *, #4382, .T. ) ;
#2580 = FILL_AREA_STYLE_COLOUR ( '', #4888 ) ;
#2581 = ORIENTED_EDGE ( 'NONE', *, *, #957, .F. ) ;
#2582 = STYLED_ITEM ( 'NONE', ( #4514 ), #948 ) ;
#2583 = MECHANICAL_DESIGN_GEOMETRIC_PRESENTATION_REPRESENTATION (  '', ( #2389 ), #4406 ) ;
#2584 = AXIS2_PLACEMENT_3D ( 'NONE', #1995, #3878, #4243 ) ;
#2585 = SURFACE_STYLE_FILL_AREA ( #3035 ) ;
#2586 = SURFACE_SIDE_STYLE ('',( #5432 ) ) ;
#2587 = ORIENTED_EDGE ( 'NONE', *, *, #4067, .F. ) ;
#2588 =( CONVERSION_BASED_UNIT ( 'INCH', #4879 ) LENGTH_UNIT ( ) NAMED_UNIT ( #5071 ) );
#2589 = FILL_AREA_STYLE ('',( #3468 ) ) ;
#2590 = STYLED_ITEM ( 'NONE', ( #3313 ), #5417 ) ;
#2591 = CARTESIAN_POINT ( 'NONE',  ( 0.08464566929133858497, 0.06692913385826770867, 0.01102362204724409607 ) ) ;
#2592 =( GEOMETRIC_REPRESENTATION_CONTEXT ( 3 ) GLOBAL_UNCERTAINTY_ASSIGNED_CONTEXT ( ( #5094 ) ) GLOBAL_UNIT_ASSIGNED_CONTEXT ( ( #828, #1251, #429 ) ) REPRESENTATION_CONTEXT ( 'NONE', 'WORKASPACE' ) );
#2593 = VECTOR ( 'NONE', #2717, 39.37007874015748143 ) ;
#2594 = SURFACE_STYLE_FILL_AREA ( #777 ) ;
#2595 = PRESENTATION_LAYER_ASSIGNMENT (  '', '', ( #1075 ) ) ;
#2596 = FILL_AREA_STYLE ('',( #4810 ) ) ;
#2597 = EDGE_CURVE ( 'NONE', #2894, #1245, #1287, .T. ) ;
#2598 = PRESENTATION_STYLE_ASSIGNMENT (( #5843 ) ) ;
#2599 = CARTESIAN_POINT ( 'NONE',  ( -0.1080246379609845764, -0.09077891420826737778, 0.04290866681146489336 ) ) ;
#2600 = DIMENSIONAL_EXPONENTS ( 1.000000000000000000, 0.000000000000000000, 0.000000000000000000, 0.000000000000000000, 0.000000000000000000, 0.000000000000000000, 0.000000000000000000 ) ;
#2601 = ORIENTED_EDGE ( 'NONE', *, *, #5684, .T. ) ;
#2602 = DIRECTION ( 'NONE',  ( -0.000000000000000000, 0.000000000000000000, 1.000000000000000000 ) ) ;
#2604 = ORIENTED_EDGE ( 'NONE', *, *, #3915, .T. ) ;
#2603 = DIRECTION ( 'NONE',  ( -0.1039620511844980000, -0.1039620511844970008, 0.9891328443778539814 ) ) ;
#2605 = PRESENTATION_STYLE_ASSIGNMENT (( #3621 ) ) ;
#2606 =( CONVERSION_BASED_UNIT ( 'INCH', #1702 ) LENGTH_UNIT ( ) NAMED_UNIT ( #3490 ) );
#2607 = AXIS2_PLACEMENT_3D ( 'NONE', #808, #405, #3565 ) ;
#2608 = DIRECTION ( 'NONE',  ( -0.000000000000000000, 1.000000000000000000, 0.000000000000000000 ) ) ;
#2609 = VERTEX_POINT ( 'NONE', #2243 ) ;
#2610 = ORIENTED_EDGE ( 'NONE', *, *, #4958, .T. ) ;
#2611 = PLANE ( 'NONE',  #1741 ) ;
#2612 =( GEOMETRIC_REPRESENTATION_CONTEXT ( 3 ) GLOBAL_UNCERTAINTY_ASSIGNED_CONTEXT ( ( #2468 ) ) GLOBAL_UNIT_ASSIGNED_CONTEXT ( ( #3408, #690, #3316 ) ) REPRESENTATION_CONTEXT ( 'NONE', 'WORKASPACE' ) );
#2613 = ORIENTED_EDGE ( 'NONE', *, *, #2201, .F. ) ;
#2614 = LINE ( 'NONE', #1936, #1166 ) ;
#2615 = ORIENTED_EDGE ( 'NONE', *, *, #4329, .F. ) ;
#2616 =( NAMED_UNIT ( * ) PLANE_ANGLE_UNIT ( ) SI_UNIT ( $, .RADIAN. ) );
#2617 = EDGE_CURVE ( 'NONE', #2550, #5917, #1354, .T. ) ;
#2618 = PLANE ( 'NONE',  #1559 ) ;
#2619 = COLOUR_RGB ( '',0.2862745098039215508, 0.2862745098039215508, 0.2862745098039215508 ) ;
#2620 = SURFACE_STYLE_FILL_AREA ( #1748 ) ;
#2621 =( NAMED_UNIT ( * ) PLANE_ANGLE_UNIT ( ) SI_UNIT ( $, .RADIAN. ) );
#2622 = CARTESIAN_POINT ( 'NONE',  ( -0.1097440944881889757, -0.07499999999999999722, 0.000000000000000000 ) ) ;
#2623 = DIMENSIONAL_EXPONENTS ( 1.000000000000000000, 0.000000000000000000, 0.000000000000000000, 0.000000000000000000, 0.000000000000000000, 0.000000000000000000, 0.000000000000000000 ) ;
#2624 = CIRCLE ( 'NONE', #5034, 0.003937007874015755783 ) ;
#2625 = MECHANICAL_DESIGN_GEOMETRIC_PRESENTATION_REPRESENTATION (  '', ( #2346 ), #5437 ) ;
#2626 = DIRECTION ( 'NONE',  ( -0.000000000000000000, -1.000000000000000000, 0.000000000000000000 ) ) ;
#2627 = CARTESIAN_POINT ( 'NONE',  ( -0.1129032691957075757, 0.09077891420826741942, 0.03889569978247386928 ) ) ;
#2628 = VECTOR ( 'NONE', #2188, 39.37007874015748143 ) ;
#2629 = ADVANCED_FACE ( 'NONE', ( #4126 ), #4541, .T. ) ;
#2630 = FILL_AREA_STYLE ('',( #4927 ) ) ;
#2631 = CARTESIAN_POINT ( 'NONE',  ( -0.1161417322834645827, 0.09251968503937008093, 0.000000000000000000 ) ) ;
#2632 = LINE ( 'NONE', #4952, #3443 ) ;
#2633 =( NAMED_UNIT ( * ) SI_UNIT ( $, .STERADIAN. ) SOLID_ANGLE_UNIT ( ) );
#2634 = DIRECTION ( 'NONE',  ( 0.000000000000000000, 0.000000000000000000, 1.000000000000000000 ) ) ;
#2635 = CARTESIAN_POINT ( 'NONE',  ( -0.09842519685039370636, 0.02500000000000003955, 0.01102362204724409607 ) ) ;
#2636 = ORIENTED_EDGE ( 'NONE', *, *, #3097, .F. ) ;
#2637 =( LENGTH_UNIT ( ) NAMED_UNIT ( * ) SI_UNIT ( $, .METRE. ) );
#2638 = ORIENTED_EDGE ( 'NONE', *, *, #2522, .T. ) ;
#2639 = CARTESIAN_POINT ( 'NONE',  ( 0.1161417322834645827, 0.09645669291338584972, 0.000000000000000000 ) ) ;
#2640 = DIRECTION ( 'NONE',  ( 0.000000000000000000, 0.000000000000000000, -1.000000000000000000 ) ) ;
#2641 = ORIENTED_EDGE ( 'NONE', *, *, #4014, .T. ) ;
#2642 =( LENGTH_UNIT ( ) NAMED_UNIT ( * ) SI_UNIT ( $, .METRE. ) );
#2643 = UNCERTAINTY_MEASURE_WITH_UNIT (LENGTH_MEASURE( 1.000000000000000082E-05 ), #4192, 'distance_accuracy_value', 'NONE');
#2644 = FILL_AREA_STYLE_COLOUR ( '', #3921 ) ;
#2645 = DIRECTION ( 'NONE',  ( 1.000000000000000000, 0.000000000000000000, 0.000000000000000000 ) ) ;
#2646 = LINE ( 'NONE', #4471, #1716 ) ;
#2647 = MECHANICAL_DESIGN_GEOMETRIC_PRESENTATION_REPRESENTATION (  '', ( #2945 ), #3421 ) ;
#2648 = CARTESIAN_POINT ( 'NONE',  ( 2.185478394931409404E-17, 2.731847993664264143E-17, 0.0009842519685039369942 ) ) ;
#2649 = SURFACE_STYLE_USAGE ( .BOTH. , #458 ) ;
#2650 = EDGE_CURVE ( 'NONE', #654, #5081, #5660, .T. ) ;
#2651 = DIRECTION ( 'NONE',  ( 0.000000000000000000, 0.000000000000000000, 1.000000000000000000 ) ) ;
#2652 = CARTESIAN_POINT ( 'NONE',  ( -0.1113147800263711434, 0.09162974065629246601, 0.04193654726125707610 ) ) ;
#2653 = ORIENTED_EDGE ( 'NONE', *, *, #5261, .F. ) ;
#2654 = FILL_AREA_STYLE_COLOUR ( '', #4540 ) ;
#2655 = COLOUR_RGB ( '',0.2862745098039215508, 0.2862745098039215508, 0.2862745098039215508 ) ;
#2656 =( NAMED_UNIT ( * ) PLANE_ANGLE_UNIT ( ) SI_UNIT ( $, .RADIAN. ) );
#2657 = CARTESIAN_POINT ( 'NONE',  ( 0.1129032691957076034, 0.09077891420826739166, 0.03889569978247376519 ) ) ;
#2658 = DIRECTION ( 'NONE',  ( 0.000000000000000000, 0.000000000000000000, 1.000000000000000000 ) ) ;
#2659 = EDGE_LOOP ( 'NONE', ( #1681, #4417, #1609, #5712 ) ) ;
#2660 = ORIENTED_EDGE ( 'NONE', *, *, #5884, .F. ) ;
#2661 = VECTOR ( 'NONE', #1629, 39.37007874015748143 ) ;
#2662 = VECTOR ( 'NONE', #4698, 39.37007874015748143 ) ;
#2663 = LINE ( 'NONE', #1438, #200 ) ;
#2664 =( NAMED_UNIT ( * ) PLANE_ANGLE_UNIT ( ) SI_UNIT ( $, .RADIAN. ) );
#2665 = COLOUR_RGB ( '',0.8313725490196077761, 0.8313725490196077761, 0.8313725490196077761 ) ;
#2666 = EDGE_CURVE ( 'NONE', #3668, #766, #5694, .T. ) ;
#2667 = VECTOR ( 'NONE', #3224, 39.37007874015748143 ) ;
#2668 = ORIENTED_EDGE ( 'NONE', *, *, #4971, .T. ) ;
#2669 = CARTESIAN_POINT ( 'NONE',  ( -0.1210629921259842590, 0.06692913385826770867, 0.000000000000000000 ) ) ;
#2670 = VERTEX_POINT ( 'NONE', #175 ) ;
#2671 = COLOUR_RGB ( '',0.8313725490196077761, 0.8313725490196077761, 0.8313725490196077761 ) ;
#2672 = CARTESIAN_POINT ( 'NONE',  ( 2.185478394931409404E-17, -0.07874015748031495954, 0.0009842519685039369942 ) ) ;
#2673 = DIMENSIONAL_EXPONENTS ( 1.000000000000000000, 0.000000000000000000, 0.000000000000000000, 0.000000000000000000, 0.000000000000000000, 0.000000000000000000, 0.000000000000000000 ) ;
#2674 = SURFACE_STYLE_USAGE ( .BOTH. , #5033 ) ;
#2675 = AXIS2_PLACEMENT_3D ( 'NONE', #37, #2658, #2249 ) ;
#2676 =( NAMED_UNIT ( * ) SI_UNIT ( $, .STERADIAN. ) SOLID_ANGLE_UNIT ( ) );
#2677 = DIRECTION ( 'NONE',  ( 1.000000000000000000, -0.000000000000000000, 0.000000000000000000 ) ) ;
#2678 =( NAMED_UNIT ( * ) PLANE_ANGLE_UNIT ( ) SI_UNIT ( $, .RADIAN. ) );
#2679 = MECHANICAL_DESIGN_GEOMETRIC_PRESENTATION_REPRESENTATION (  '', ( #5298 ), #2683 ) ;
#2680 = AXIS2_PLACEMENT_3D ( 'NONE', #194, #4300, #4277 ) ;
#2681 = EDGE_CURVE ( 'NONE', #2228, #3839, #5170, .T. ) ;
#2682 = LINE ( 'NONE', #1802, #1551 ) ;
#2683 =( GEOMETRIC_REPRESENTATION_CONTEXT ( 3 ) GLOBAL_UNCERTAINTY_ASSIGNED_CONTEXT ( ( #4798 ) ) GLOBAL_UNIT_ASSIGNED_CONTEXT ( ( #4939, #847, #3995 ) ) REPRESENTATION_CONTEXT ( 'NONE', 'WORKASPACE' ) );
#2684 = EDGE_LOOP ( 'NONE', ( #159, #4785, #3434, #578 ) ) ;
#2685 = EDGE_CURVE ( 'NONE', #3988, #900, #2445, .T. ) ;
#2686 = FILL_AREA_STYLE ('',( #1396 ) ) ;
#2687 = DIRECTION ( 'NONE',  ( -1.000000000000000000, -0.000000000000000000, 0.000000000000000000 ) ) ;
#2688 = DIRECTION ( 'NONE',  ( -0.000000000000000000, 1.000000000000000000, 0.000000000000000000 ) ) ;
#2689 = DIRECTION ( 'NONE',  ( 0.9945218953682731788, 0.000000000000000000, -0.1045284632676536374 ) ) ;
#2690 = FACE_OUTER_BOUND ( 'NONE', #1517, .T. ) ;
#2691 = ORIENTED_EDGE ( 'NONE', *, *, #112, .F. ) ;
#2692 = LINE ( 'NONE', #5025, #286 ) ;
#2693 =( NAMED_UNIT ( * ) SI_UNIT ( $, .STERADIAN. ) SOLID_ANGLE_UNIT ( ) );
#2694 = EDGE_LOOP ( 'NONE', ( #2660, #2785, #5807, #4924 ) ) ;
#2695 = PLANE ( 'NONE',  #1816 ) ;
#2696 = ORIENTED_EDGE ( 'NONE', *, *, #1412, .F. ) ;
#2697 = SURFACE_STYLE_USAGE ( .BOTH. , #306 ) ;
#2698 = EDGE_CURVE ( 'NONE', #1595, #360, #5233, .T. ) ;
#2699 = STYLED_ITEM ( 'NONE', ( #4857 ), #2815 ) ;
#2700 = SURFACE_SIDE_STYLE ('',( #3246 ) ) ;
#2701 = LINE ( 'NONE', #3126, #4994 ) ;
#2702 = CARTESIAN_POINT ( 'NONE',  ( -0.02578740157480310588, -0.07874015748031495954, 0.000000000000000000 ) ) ;
#2703 = DIRECTION ( 'NONE',  ( -1.000000000000000000, 1.353930517835559931E-15, 0.000000000000000000 ) ) ;
#2704 =( NAMED_UNIT ( * ) SI_UNIT ( $, .STERADIAN. ) SOLID_ANGLE_UNIT ( ) );
#2705 = FILL_AREA_STYLE ('',( #5841 ) ) ;
#2706 = DIRECTION ( 'NONE',  ( 0.000000000000000000, 1.000000000000000000, 0.000000000000000000 ) ) ;
#2707 = CARTESIAN_POINT ( 'NONE',  ( -0.1210629921259842590, -0.03307086614173224137, 0.01102362204724409607 ) ) ;
#2708 = DIRECTION ( 'NONE',  ( 0.000000000000000000, -0.000000000000000000, -1.000000000000000000 ) ) ;
#2709 = DIMENSIONAL_EXPONENTS ( 1.000000000000000000, 0.000000000000000000, 0.000000000000000000, 0.000000000000000000, 0.000000000000000000, 0.000000000000000000, 0.000000000000000000 ) ;
#2710 = PRESENTATION_STYLE_ASSIGNMENT (( #5541 ) ) ;
#2711 =( GEOMETRIC_REPRESENTATION_CONTEXT ( 3 ) GLOBAL_UNCERTAINTY_ASSIGNED_CONTEXT ( ( #4703 ) ) GLOBAL_UNIT_ASSIGNED_CONTEXT ( ( #1113, #5709, #648 ) ) REPRESENTATION_CONTEXT ( 'NONE', 'WORKASPACE' ) );
#2712 = CARTESIAN_POINT ( 'NONE',  ( 0.1161417322834645272, 0.09251968503937008093, 0.000000000000000000 ) ) ;
#2713 = ORIENTED_EDGE ( 'NONE', *, *, #4778, .T. ) ;
#2714 = CARTESIAN_POINT ( 'NONE',  ( -0.09842519685039370636, 0.06692913385826770867, 0.000000000000000000 ) ) ;
#2715 = PRESENTATION_STYLE_ASSIGNMENT (( #959 ) ) ;
#2716 = CARTESIAN_POINT ( 'NONE',  ( -0.1161417322834645827, -0.09645669291338584972, 0.0009842519685039369942 ) ) ;
#2717 = DIRECTION ( 'NONE',  ( 2.241005114736412675E-16, -1.000000000000000000, -2.355391288108391830E-17 ) ) ;
#2718 = FILL_AREA_STYLE_COLOUR ( '', #509 ) ;
#2719 = ORIENTED_EDGE ( 'NONE', *, *, #1455, .T. ) ;
#2720 = EDGE_CURVE ( 'NONE', #5579, #440, #5202, .T. ) ;
#2721 =( CONVERSION_BASED_UNIT ( 'INCH', #76 ) LENGTH_UNIT ( ) NAMED_UNIT ( #5551 ) );
#2722 = LENGTH_MEASURE_WITH_UNIT ( LENGTH_MEASURE( 0.02539999999999999897 ), #5050 );
#2723 = CARTESIAN_POINT ( 'NONE',  ( -0.02903543307086610403, -0.08951866624615589796, 0.03937007874015747977 ) ) ;
#2724 = ORIENTED_EDGE ( 'NONE', *, *, #3022, .T. ) ;
#2725 = LINE ( 'NONE', #5590, #875 ) ;
#2726 = VERTEX_POINT ( 'NONE', #3350 ) ;
#2727 = DIRECTION ( 'NONE',  ( 1.000000000000000000, 0.000000000000000000, 0.000000000000000000 ) ) ;
#2728 = CARTESIAN_POINT ( 'NONE',  ( -0.1210629921259842590, 0.02500000000000003955, 0.01102362204724409607 ) ) ;
#2729 =( LENGTH_UNIT ( ) NAMED_UNIT ( * ) SI_UNIT ( $, .METRE. ) );
#2730 = CARTESIAN_POINT ( 'NONE',  ( -0.009645669291338582543, 0.1013779527559055121, 0.000000000000000000 ) ) ;
#2731 = SURFACE_SIDE_STYLE ('',( #2793 ) ) ;
#2732 = CARTESIAN_POINT ( 'NONE',  ( 0.09842519685039370636, 0.07874015748031495954, 0.000000000000000000 ) ) ;
#2733 = CARTESIAN_POINT ( 'NONE',  ( -0.05118110236220473064, -0.07874015748031495954, 0.01102362204724409607 ) ) ;
#2734 = AXIS2_PLACEMENT_3D ( 'NONE', #386, #2200, #1303 ) ;
#2735 = COLOUR_RGB ( '',0.2862745098039215508, 0.2862745098039215508, 0.2862745098039215508 ) ;
#2736 = EDGE_CURVE ( 'NONE', #928, #1262, #5723, .T. ) ;
#2737 = FILL_AREA_STYLE ('',( #3682 ) ) ;
#2738 = EDGE_LOOP ( 'NONE', ( #2502, #5421, #4756, #345 ) ) ;
#2739 = FACE_OUTER_BOUND ( 'NONE', #2027, .T. ) ;
#2740 = DIRECTION ( 'NONE',  ( 0.000000000000000000, 0.000000000000000000, 1.000000000000000000 ) ) ;
#2741 =( NAMED_UNIT ( * ) SI_UNIT ( $, .STERADIAN. ) SOLID_ANGLE_UNIT ( ) );
#2742 = ORIENTED_EDGE ( 'NONE', *, *, #3262, .T. ) ;
#2743 = ORIENTED_EDGE ( 'NONE', *, *, #2254, .T. ) ;
#2744 = VECTOR ( 'NONE', #1377, 39.37007874015748143 ) ;
#2745 = DIMENSIONAL_EXPONENTS ( 1.000000000000000000, 0.000000000000000000, 0.000000000000000000, 0.000000000000000000, 0.000000000000000000, 0.000000000000000000, 0.000000000000000000 ) ;
#2746 = PRESENTATION_LAYER_ASSIGNMENT (  '', '', ( #4005 ) ) ;
#2747 = EDGE_CURVE ( 'NONE', #961, #3770, #3181, .T. ) ;
#2748 = LINE ( 'NONE', #1440, #5324 ) ;
#2749 = DIRECTION ( 'NONE',  ( 1.000000000000000000, 0.000000000000000000, 0.000000000000000000 ) ) ;
#2750 = AXIS2_PLACEMENT_3D ( 'NONE', #1820, #5093, #1444 ) ;
#2751 = ORIENTED_EDGE ( 'NONE', *, *, #1472, .T. ) ;
#2752 = CARTESIAN_POINT ( 'NONE',  ( -0.1097440944881889757, 0.08307086614173228578, 0.01102362204724409607 ) ) ;
#2753 = UNCERTAINTY_MEASURE_WITH_UNIT (LENGTH_MEASURE( 1.000000000000000082E-05 ), #3027, 'distance_accuracy_value', 'NONE');
#2754 = ORIENTED_EDGE ( 'NONE', *, *, #3992, .F. ) ;
#2755 = AXIS2_PLACEMENT_3D ( 'NONE', #3223, #581, #3256 ) ;
#2756 = VECTOR ( 'NONE', #5014, 39.37007874015748143 ) ;
#2757 = VECTOR ( 'NONE', #1612, 39.37007874015748143 ) ;
#2758 = CARTESIAN_POINT ( 'NONE',  ( 0.1210629921259842590, 0.08307086614173228578, 0.000000000000000000 ) ) ;
#2759 = CARTESIAN_POINT ( 'NONE',  ( -0.1092037056162346031, -0.08951866624615589796, 0.03937007874015747977 ) ) ;
#2760 = DIRECTION ( 'NONE',  ( -1.000000000000000000, 0.000000000000000000, 0.000000000000000000 ) ) ;
#2761 = PRESENTATION_STYLE_ASSIGNMENT (( #62 ) ) ;
#2762 = LENGTH_MEASURE_WITH_UNIT ( LENGTH_MEASURE( 0.02539999999999999897 ), #1857 );
#2763 = MECHANICAL_DESIGN_GEOMETRIC_PRESENTATION_REPRESENTATION (  '', ( #400 ), #4213 ) ;
#2764 =( GEOMETRIC_REPRESENTATION_CONTEXT ( 3 ) GLOBAL_UNCERTAINTY_ASSIGNED_CONTEXT ( ( #4202 ) ) GLOBAL_UNIT_ASSIGNED_CONTEXT ( ( #4045, #3651, #4129 ) ) REPRESENTATION_CONTEXT ( 'NONE', 'WORKASPACE' ) );
#2765 =( NAMED_UNIT ( * ) SI_UNIT ( $, .STERADIAN. ) SOLID_ANGLE_UNIT ( ) );
#2766 =( GEOMETRIC_REPRESENTATION_CONTEXT ( 3 ) GLOBAL_UNCERTAINTY_ASSIGNED_CONTEXT ( ( #2993 ) ) GLOBAL_UNIT_ASSIGNED_CONTEXT ( ( #479, #2349, #2693 ) ) REPRESENTATION_CONTEXT ( 'NONE', 'WORKASPACE' ) );
#2767 = CARTESIAN_POINT ( 'NONE',  ( -0.1161417322834644855, -0.01692913385826767467, 0.01102362204724408913 ) ) ;
#2768 = FACE_OUTER_BOUND ( 'NONE', #5344, .T. ) ;
#2769 = CARTESIAN_POINT ( 'NONE',  ( -0.02578740157480310588, -0.09645669291338584972, 0.0009842519685039369942 ) ) ;
#2770 = AXIS2_PLACEMENT_3D ( 'NONE', #3623, #2278, #3138 ) ;
#2771 = ORIENTED_EDGE ( 'NONE', *, *, #4865, .F. ) ;
#2772 = ADVANCED_FACE ( 'NONE', ( #4706 ), #1605, .F. ) ;
#2773 =( LENGTH_UNIT ( ) NAMED_UNIT ( * ) SI_UNIT ( $, .METRE. ) );
#2774 = DIMENSIONAL_EXPONENTS ( 1.000000000000000000, 0.000000000000000000, 0.000000000000000000, 0.000000000000000000, 0.000000000000000000, 0.000000000000000000, 0.000000000000000000 ) ;
#2775 = LENGTH_MEASURE_WITH_UNIT ( LENGTH_MEASURE( 0.02539999999999999897 ), #895 );
#2776 = CIRCLE ( 'NONE', #869, 0.003937007874015749712 ) ;
#2777 = SURFACE_STYLE_USAGE ( .BOTH. , #3716 ) ;
#2778 = CARTESIAN_POINT ( 'NONE',  ( -0.09842519685039370636, 0.06692913385826770867, 0.0009842519685039369942 ) ) ;
#2779 = PRESENTATION_LAYER_ASSIGNMENT (  '', '', ( #3560 ) ) ;
#2780 = EDGE_LOOP ( 'NONE', ( #1978, #5411, #4179, #4662 ) ) ;
#2781 = ORIENTED_EDGE ( 'NONE', *, *, #3080, .T. ) ;
#2782 = UNCERTAINTY_MEASURE_WITH_UNIT (LENGTH_MEASURE( 1.000000000000000082E-05 ), #2921, 'distance_accuracy_value', 'NONE');
#2783 = DIRECTION ( 'NONE',  ( 0.000000000000000000, 1.000000000000000000, 0.000000000000000000 ) ) ;
#2784 = CARTESIAN_POINT ( 'NONE',  ( -0.09842519685039370636, 0.06692913385826770867, 0.000000000000000000 ) ) ;
#2785 = ORIENTED_EDGE ( 'NONE', *, *, #4182, .F. ) ;
#2786 = PRESENTATION_STYLE_ASSIGNMENT (( #5557 ) ) ;
#2787 = ORIENTED_EDGE ( 'NONE', *, *, #362, .F. ) ;
#2788 = CARTESIAN_POINT ( 'NONE',  ( 0.000000000000000000, 0.000000000000000000, 0.000000000000000000 ) ) ;
#2789 = UNCERTAINTY_MEASURE_WITH_UNIT (LENGTH_MEASURE( 1.000000000000000082E-05 ), #5133, 'distance_accuracy_value', 'NONE');
#2790 = CARTESIAN_POINT ( 'NONE',  ( -0.09842519685039370636, 0.01692913385826775793, 0.000000000000000000 ) ) ;
#2791 = SURFACE_STYLE_FILL_AREA ( #5101 ) ;
#2792 = DIRECTION ( 'NONE',  ( 0.000000000000000000, -0.9945218953682734009, 0.1045284632676530268 ) ) ;
#2793 = SURFACE_STYLE_FILL_AREA ( #115 ) ;
#2794 = ADVANCED_FACE ( 'NONE', ( #5027 ), #2281, .T. ) ;
#2795 = ORIENTED_EDGE ( 'NONE', *, *, #3123, .T. ) ;
#2796 = SURFACE_STYLE_USAGE ( .BOTH. , #523 ) ;
#2797 = MECHANICAL_DESIGN_GEOMETRIC_PRESENTATION_REPRESENTATION (  '', ( #1394 ), #3098 ) ;
#2798 = VECTOR ( 'NONE', #1833, 39.37007874015748143 ) ;
#2799 = SURFACE_STYLE_USAGE ( .BOTH. , #5111 ) ;
#2800 = EDGE_LOOP ( 'NONE', ( #2771, #4227, #3458, #1229 ) ) ;
#2801 = CARTESIAN_POINT ( 'NONE',  ( -0.1122262329974220429, 0.09645663416028903148, 0.01102418104561878574 ) ) ;
#2802 = CARTESIAN_POINT ( 'NONE',  ( 0.1113147800263712128, -0.09162974065629245213, 0.04193654726125715937 ) ) ;
#2803 = FILL_AREA_STYLE_COLOUR ( '', #2619 ) ;
#2804 = CARTESIAN_POINT ( 'NONE',  ( 0.1092037056162346448, 0.08951866624615589796, 0.03937007874015765324 ) ) ;
#2805 = SURFACE_STYLE_USAGE ( .BOTH. , #2453 ) ;
#2806 = MECHANICAL_DESIGN_GEOMETRIC_PRESENTATION_REPRESENTATION (  '', ( #174 ), #3676 ) ;
#2807 = EDGE_LOOP ( 'NONE', ( #526, #4731, #969, #3573, #413 ) ) ;
#2808 = FILL_AREA_STYLE_COLOUR ( '', #2532 ) ;
#2809 = VECTOR ( 'NONE', #1587, 39.37007874015748143 ) ;
#2810 = LINE ( 'NONE', #3784, #1999 ) ;
#2811 = VECTOR ( 'NONE', #647, 39.37007874015748143 ) ;
#2812 = CARTESIAN_POINT ( 'NONE',  ( -0.09842519685039370636, -0.03307086614173224137, 0.000000000000000000 ) ) ;
#2813 = FACE_OUTER_BOUND ( 'NONE', #4421, .T. ) ;
#2814 = CARTESIAN_POINT ( 'NONE',  ( -0.02578740157480310588, -0.07874015748031495954, 0.01102362204724409607 ) ) ;
#2815 = ADVANCED_FACE ( 'NONE', ( #13 ), #2152, .T. ) ;
#2816 = VERTEX_POINT ( 'NONE', #2373 ) ;
#2817 = CARTESIAN_POINT ( 'NONE',  ( 0.1122262329974220429, -0.09645663416028904535, 0.01102418104561878574 ) ) ;
#2818 = DIMENSIONAL_EXPONENTS ( 1.000000000000000000, 0.000000000000000000, 0.000000000000000000, 0.000000000000000000, 0.000000000000000000, 0.000000000000000000, 0.000000000000000000 ) ;
#2819 = EDGE_CURVE ( 'NONE', #3062, #2670, #2843, .T. ) ;
#2820 = ORIENTED_EDGE ( 'NONE', *, *, #2916, .T. ) ;
#2821 = VECTOR ( 'NONE', #300, 39.37007874015748143 ) ;
#2822 = EDGE_LOOP ( 'NONE', ( #1126, #3659, #3012, #2303 ) ) ;
#2823 = PRESENTATION_STYLE_ASSIGNMENT (( #5598 ) ) ;
#2824 = PRESENTATION_STYLE_ASSIGNMENT (( #5062 ) ) ;
#2825 = FILL_AREA_STYLE_COLOUR ( '', #396 ) ;
#2826 = EDGE_CURVE ( 'NONE', #3520, #3575, #2748, .T. ) ;
#2827 = EDGE_LOOP ( 'NONE', ( #3336, #3116, #557, #3133, #4556, #1736, #5601, #4705, #4912, #2604, #3395, #2310, #5885, #823, #2538, #3072, #3791, #846, #1408, #5618 ) ) ;
#2828 =( CONVERSION_BASED_UNIT ( 'INCH', #3254 ) LENGTH_UNIT ( ) NAMED_UNIT ( #514 ) );
#2829 = EDGE_CURVE ( 'NONE', #1245, #3093, #5150, .T. ) ;
#2830 = DIRECTION ( 'NONE',  ( 0.000000000000000000, 0.000000000000000000, 1.000000000000000000 ) ) ;
#2831 = DIRECTION ( 'NONE',  ( -2.241005114736412675E-16, 1.000000000000000000, -2.355391288108391830E-17 ) ) ;
#2832 = STYLED_ITEM ( 'NONE', ( #1941 ), #3855 ) ;
#2833 = ORIENTED_EDGE ( 'NONE', *, *, #917, .T. ) ;
#2834 = CARTESIAN_POINT ( 'NONE',  ( -0.1131191461491806438, 0.08951866624615599510, 0.03978160812310119199 ) ) ;
#2835 = FILL_AREA_STYLE ('',( #4547 ) ) ;
#2836 = SURFACE_STYLE_USAGE ( .BOTH. , #2402 ) ;
#2837 =( NAMED_UNIT ( * ) PLANE_ANGLE_UNIT ( ) SI_UNIT ( $, .RADIAN. ) );
#2838 = STYLED_ITEM ( 'NONE', ( #11 ), #3977 ) ;
#2839 = ORIENTED_EDGE ( 'NONE', *, *, #5739, .T. ) ;
#2840 = UNCERTAINTY_MEASURE_WITH_UNIT (LENGTH_MEASURE( 1.000000000000000082E-05 ), #4340, 'distance_accuracy_value', 'NONE');
#2841 = CARTESIAN_POINT ( 'NONE',  ( 0.1210629921259842590, -0.08307086614173228578, 0.01102362204724409607 ) ) ;
#2842 = DIRECTION ( 'NONE',  ( -1.000000000000000000, -1.411300455031980070E-16, 0.000000000000000000 ) ) ;
#2843 = LINE ( 'NONE', #3238, #710 ) ;
#2844 = DIRECTION ( 'NONE',  ( 0.000000000000000000, 0.000000000000000000, 1.000000000000000000 ) ) ;
#2845 = VERTEX_POINT ( 'NONE', #5585 ) ;
#2846 = DIRECTION ( 'NONE',  ( 0.000000000000000000, 0.000000000000000000, -1.000000000000000000 ) ) ;
#2847 = VERTEX_POINT ( 'NONE', #5646 ) ;
#2848 =( NAMED_UNIT ( * ) PLANE_ANGLE_UNIT ( ) SI_UNIT ( $, .RADIAN. ) );
#2849 = PRESENTATION_LAYER_ASSIGNMENT (  '', '', ( #1333 ) ) ;
#2850 = EDGE_CURVE ( 'NONE', #5738, #1862, #1027, .T. ) ;
#2851 = MECHANICAL_DESIGN_GEOMETRIC_PRESENTATION_REPRESENTATION (  '', ( #489 ), #5375 ) ;
#2852 = DIRECTION ( 'NONE',  ( -0.1039620511844980000, 0.1039620511844980000, 0.9891328443778539814 ) ) ;
#2853 = SURFACE_STYLE_USAGE ( .BOTH. , #2000 ) ;
#2854 = DIRECTION ( 'NONE',  ( 0.000000000000000000, -0.1045284632676530129, -0.9945218953682732899 ) ) ;
#2855 = FACE_OUTER_BOUND ( 'NONE', #421, .T. ) ;
#2856 = VECTOR ( 'NONE', #5114, 39.37007874015748143 ) ;
#2857 = DIMENSIONAL_EXPONENTS ( 1.000000000000000000, 0.000000000000000000, 0.000000000000000000, 0.000000000000000000, 0.000000000000000000, 0.000000000000000000, 0.000000000000000000 ) ;
#2858 =( GEOMETRIC_REPRESENTATION_CONTEXT ( 3 ) GLOBAL_UNCERTAINTY_ASSIGNED_CONTEXT ( ( #1469 ) ) GLOBAL_UNIT_ASSIGNED_CONTEXT ( ( #5265, #4373, #5789 ) ) REPRESENTATION_CONTEXT ( 'NONE', 'WORKASPACE' ) );
#2859 = PRESENTATION_STYLE_ASSIGNMENT (( #232 ) ) ;
#2860 = PRESENTATION_LAYER_ASSIGNMENT (  '', '', ( #5480 ) ) ;
#2861 = VERTEX_POINT ( 'NONE', #79 ) ;
#2862 = CARTESIAN_POINT ( 'NONE',  ( 2.185478394931409404E-17, -0.08307086614173228578, 0.0009842519685039369942 ) ) ;
#2863 =( LENGTH_UNIT ( ) NAMED_UNIT ( * ) SI_UNIT ( $, .METRE. ) );
#2864 =( GEOMETRIC_REPRESENTATION_CONTEXT ( 3 ) GLOBAL_UNCERTAINTY_ASSIGNED_CONTEXT ( ( #2370 ) ) GLOBAL_UNIT_ASSIGNED_CONTEXT ( ( #351, #4722, #1927 ) ) REPRESENTATION_CONTEXT ( 'NONE', 'WORKASPACE' ) );
#2865 =( LENGTH_UNIT ( ) NAMED_UNIT ( * ) SI_UNIT ( $, .METRE. ) );
#2866 = LINE ( 'NONE', #614, #2287 ) ;
#2867 = VECTOR ( 'NONE', #1489, 39.37007874015748143 ) ;
#2868 = CARTESIAN_POINT ( 'NONE',  ( 0.08464566929133858497, -0.08307086614173228578, 0.01102362204724409607 ) ) ;
#2869 = STYLED_ITEM ( 'NONE', ( #3903 ), #3767 ) ;
#2870 = MECHANICAL_DESIGN_GEOMETRIC_PRESENTATION_REPRESENTATION (  '', ( #1150 ), #2298 ) ;
#2871 = ORIENTED_EDGE ( 'NONE', *, *, #1491, .T. ) ;
#2872 = COLOUR_RGB ( '',0.2862745098039215508, 0.2862745098039215508, 0.2862745098039215508 ) ;
#2873 = CARTESIAN_POINT ( 'NONE',  ( -0.1128641397494070386, -0.09132447417272143708, 0.04003988830560046425 ) ) ;
#2874 = STYLED_ITEM ( 'NONE', ( #3247 ), #1843 ) ;
#2875 = FILL_AREA_STYLE_COLOUR ( '', #4446 ) ;
#2876 = COLOUR_RGB ( '',0.8313725490196077761, 0.8313725490196077761, 0.8313725490196077761 ) ;
#2877 = ADVANCED_FACE ( 'NONE', ( #595 ), #1406, .T. ) ;
#2878 = FILL_AREA_STYLE_COLOUR ( '', #31 ) ;
#2879 =( GEOMETRIC_REPRESENTATION_CONTEXT ( 3 ) GLOBAL_UNCERTAINTY_ASSIGNED_CONTEXT ( ( #2443 ) ) GLOBAL_UNIT_ASSIGNED_CONTEXT ( ( #974, #3282, #1945 ) ) REPRESENTATION_CONTEXT ( 'NONE', 'WORKASPACE' ) );
#2880 = CARTESIAN_POINT ( 'NONE',  ( -0.1128641397494070386, 0.09132447417272142320, 0.04003988830560042261 ) ) ;
#2881 = CARTESIAN_POINT ( 'NONE',  ( 0.1113147800263711434, -0.09162974065629242437, 0.04193654726125711080 ) ) ;
#2882 = COLOUR_RGB ( '',0.8313725490196077761, 0.8313725490196077761, 0.8313725490196077761 ) ;
#2883 = DIRECTION ( 'NONE',  ( 0.000000000000000000, -0.000000000000000000, 1.000000000000000000 ) ) ;
#2884 = DIRECTION ( 'NONE',  ( 0.000000000000000000, 1.000000000000000000, 0.000000000000000000 ) ) ;
#2885 = CARTESIAN_POINT ( 'NONE',  ( -0.1097440944881889757, -0.01692913385826767814, 0.01102362204724409607 ) ) ;
#2886 = VERTEX_POINT ( 'NONE', #4726 ) ;
#2887 = ORIENTED_EDGE ( 'NONE', *, *, #893, .T. ) ;
#2888 = AXIS2_PLACEMENT_3D ( 'NONE', #1628, #5925, #4040 ) ;
#2889 = SURFACE_STYLE_FILL_AREA ( #1066 ) ;
#2890 = CARTESIAN_POINT ( 'NONE',  ( -0.1210629921259842590, -0.01692913385826767814, 0.000000000000000000 ) ) ;
#2891 = EDGE_CURVE ( 'NONE', #505, #3666, #624, .T. ) ;
#2892 = UNCERTAINTY_MEASURE_WITH_UNIT (LENGTH_MEASURE( 1.000000000000000082E-05 ), #1614, 'distance_accuracy_value', 'NONE');
#2893 = FILL_AREA_STYLE ('',( #4800 ) ) ;
#2894 = VERTEX_POINT ( 'NONE', #3759 ) ;
#2895 = DIRECTION ( 'NONE',  ( -2.265761274745219945E-16, 1.000000000000000000, -0.000000000000000000 ) ) ;
#2896 = CARTESIAN_POINT ( 'NONE',  ( -0.009645669291338582543, -0.09645669291338584972, 0.0009842519685039369942 ) ) ;
#2897 = FILL_AREA_STYLE_COLOUR ( '', #4187 ) ;
#2898 = CARTESIAN_POINT ( 'NONE',  ( -0.09842519685039370636, -0.06692913385826770867, 0.01102362204724409607 ) ) ;
#2899 = EDGE_CURVE ( 'NONE', #275, #4660, #1846, .T. ) ;
#2900 = STYLED_ITEM ( 'NONE', ( #4281 ), #2772 ) ;
#2901 = VERTEX_POINT ( 'NONE', #3724 ) ;
#2902 = DIRECTION ( 'NONE',  ( -0.000000000000000000, -1.000000000000000000, -0.000000000000000000 ) ) ;
#2903 = CARTESIAN_POINT ( 'NONE',  ( 0.08464566929133858497, -0.08307086614173228578, 0.0009842519685039369942 ) ) ;
#2904 = SURFACE_SIDE_STYLE ('',( #182 ) ) ;
#2905 = PRESENTATION_LAYER_ASSIGNMENT (  '', '', ( #4735 ) ) ;
#2906 =( NAMED_UNIT ( * ) SI_UNIT ( $, .STERADIAN. ) SOLID_ANGLE_UNIT ( ) );
#2907 = CARTESIAN_POINT ( 'NONE',  ( -0.09609053097352217299, 0.07652153239043141264, 0.04330708661417323468 ) ) ;
#2908 = FILL_AREA_STYLE ('',( #4324 ) ) ;
#2909 =( CONVERSION_BASED_UNIT ( 'INCH', #103 ) LENGTH_UNIT ( ) NAMED_UNIT ( #3526 ) );
#2910 = CARTESIAN_POINT ( 'NONE',  ( -0.1097440944881889757, 0.01692913385826775793, 0.01102362204724409607 ) ) ;
#2911 =( NAMED_UNIT ( * ) SI_UNIT ( $, .STERADIAN. ) SOLID_ANGLE_UNIT ( ) );
#2912 = PRESENTATION_LAYER_ASSIGNMENT (  '', '', ( #5725 ) ) ;
#2913 = CARTESIAN_POINT ( 'NONE',  ( -0.1122047244094488277, -0.09251968503937008093, 0.000000000000000000 ) ) ;
#2914 = CARTESIAN_POINT ( 'NONE',  ( 0.1161417322834645133, 0.06692913385826770867, 0.01102362204724408913 ) ) ;
#2915 = CARTESIAN_POINT ( 'NONE',  ( -0.1161417322834644716, 0.04822834645669292486, 0.01102362204724408566 ) ) ;
#2916 = EDGE_CURVE ( 'NONE', #4592, #900, #4587, .T. ) ;
#2917 = ORIENTED_EDGE ( 'NONE', *, *, #3184, .T. ) ;
#2918 =( LENGTH_UNIT ( ) NAMED_UNIT ( * ) SI_UNIT ( $, .METRE. ) );
#2919 = VERTEX_POINT ( 'NONE', #5526 ) ;
#2920 = VECTOR ( 'NONE', #2842, 39.37007874015748143 ) ;
#2921 =( CONVERSION_BASED_UNIT ( 'INCH', #3372 ) LENGTH_UNIT ( ) NAMED_UNIT ( #920 ) );
#2922 = ORIENTED_EDGE ( 'NONE', *, *, #4258, .F. ) ;
#2923 = DIRECTION ( 'NONE',  ( 0.000000000000000000, 0.000000000000000000, 1.000000000000000000 ) ) ;
#2924 = DIRECTION ( 'NONE',  ( 0.000000000000000000, -0.000000000000000000, 1.000000000000000000 ) ) ;
#2925 = DIRECTION ( 'NONE',  ( -0.000000000000000000, 0.000000000000000000, 1.000000000000000000 ) ) ;
#2926 =( CONVERSION_BASED_UNIT ( 'INCH', #2762 ) LENGTH_UNIT ( ) NAMED_UNIT ( #1295 ) );
#2927 = UNCERTAINTY_MEASURE_WITH_UNIT (LENGTH_MEASURE( 1.000000000000000082E-05 ), #5800, 'distance_accuracy_value', 'NONE');
#2928 = SURFACE_SIDE_STYLE ('',( #1011 ) ) ;
#2929 = ORIENTED_EDGE ( 'NONE', *, *, #3580, .T. ) ;
#2930 = DIRECTION ( 'NONE',  ( 1.000000000000000000, 0.000000000000000000, -4.336808689942025625E-15 ) ) ;
#2931 = DIRECTION ( 'NONE',  ( 0.000000000000000000, -0.000000000000000000, -1.000000000000000000 ) ) ;
#2932 = DIRECTION ( 'NONE',  ( -0.000000000000000000, -0.000000000000000000, -1.000000000000000000 ) ) ;
#2933 = FACE_OUTER_BOUND ( 'NONE', #5447, .T. ) ;
#2934 = ORIENTED_EDGE ( 'NONE', *, *, #2201, .T. ) ;
#2935 = PRODUCT_DEFINITION ( 'UNKNOWN', '', #3795, #3939 ) ;
#2936 = SURFACE_STYLE_FILL_AREA ( #4347 ) ;
#2937 = ADVANCED_FACE ( 'NONE', ( #2813 ), #3205, .T. ) ;
#2938 = LENGTH_MEASURE_WITH_UNIT ( LENGTH_MEASURE( 0.02539999999999999897 ), #1108 );
#2939 = DIRECTION ( 'NONE',  ( 0.000000000000000000, -0.000000000000000000, -1.000000000000000000 ) ) ;
#2940 =( NAMED_UNIT ( * ) PLANE_ANGLE_UNIT ( ) SI_UNIT ( $, .RADIAN. ) );
#2941 = CARTESIAN_POINT ( 'NONE',  ( 0.1161417322834645827, -0.09645669291338584972, 0.000000000000000000 ) ) ;
#2942 = DIRECTION ( 'NONE',  ( 0.000000000000000000, -1.000000000000000000, -0.000000000000000000 ) ) ;
#2943 = CARTESIAN_POINT ( 'NONE',  ( -0.009645669291338582543, 0.09645669291338582196, 0.000000000000000000 ) ) ;
#2944 = AXIS2_PLACEMENT_3D ( 'NONE', #113, #3733, #5595 ) ;
#2945 = STYLED_ITEM ( 'NONE', ( #1013 ), #2033 ) ;
#2946 = LENGTH_MEASURE_WITH_UNIT ( LENGTH_MEASURE( 0.02539999999999999897 ), #3814 );
#2947 =( NAMED_UNIT ( * ) SI_UNIT ( $, .STERADIAN. ) SOLID_ANGLE_UNIT ( ) );
#2948 =( CONVERSION_BASED_UNIT ( 'INCH', #4784 ) LENGTH_UNIT ( ) NAMED_UNIT ( #369 ) );
#2949 = ORIENTED_EDGE ( 'NONE', *, *, #1514, .T. ) ;
#2950 = VERTEX_POINT ( 'NONE', #5268 ) ;
#2951 = ADVANCED_FACE ( 'NONE', ( #1564 ), #674, .F. ) ;
#2952 = DIRECTION ( 'NONE',  ( -1.000000000000000000, -2.775557561562889872E-16, 0.000000000000000000 ) ) ;
#2953 = PRESENTATION_STYLE_ASSIGNMENT (( #5506 ) ) ;
#2954 =( NAMED_UNIT ( * ) SI_UNIT ( $, .STERADIAN. ) SOLID_ANGLE_UNIT ( ) );
#2955 = CYLINDRICAL_SURFACE ( 'NONE', #4327, 0.003937007874015755783 ) ;
#2956 = UNCERTAINTY_MEASURE_WITH_UNIT (LENGTH_MEASURE( 1.000000000000000082E-05 ), #5696, 'distance_accuracy_value', 'NONE');
#2957 = ADVANCED_FACE ( 'NONE', ( #2459 ), #1672, .F. ) ;
#2958 = VECTOR ( 'NONE', #4148, 39.37007874015748143 ) ;
#2959 = PRESENTATION_LAYER_ASSIGNMENT (  '', '', ( #4975 ) ) ;
#2960 = ORIENTED_EDGE ( 'NONE', *, *, #2334, .T. ) ;
#2961 = PRESENTATION_STYLE_ASSIGNMENT (( #2474 ) ) ;
#2962 = FILL_AREA_STYLE ('',( #2528 ) ) ;
#2963 = SURFACE_STYLE_USAGE ( .BOTH. , #4741 ) ;
#2964 =( NAMED_UNIT ( * ) SI_UNIT ( $, .STERADIAN. ) SOLID_ANGLE_UNIT ( ) );
#2965 = VECTOR ( 'NONE', #5212, 39.37007874015748143 ) ;
#2966 = SURFACE_STYLE_USAGE ( .BOTH. , #4425 ) ;
#2967 = ORIENTED_EDGE ( 'NONE', *, *, #5017, .F. ) ;
#2968 = VECTOR ( 'NONE', #3151, 39.37007874015748143 ) ;
#2969 = PLANE ( 'NONE',  #2294 ) ;
#2970 = SURFACE_SIDE_STYLE ('',( #1523 ) ) ;
#2971 = VECTOR ( 'NONE', #3257, 39.37007874015748143 ) ;
#2972 = STYLED_ITEM ( 'NONE', ( #2715 ), #1777 ) ;
#2973 = CARTESIAN_POINT ( 'NONE',  ( -0.05118110236220469594, -0.07874015748031495954, 0.01102362204724409607 ) ) ;
#2974 = AXIS2_PLACEMENT_3D ( 'NONE', #2163, #1388, #1420 ) ;
#2975 = AXIS2_PLACEMENT_3D ( 'NONE', #3239, #5053, #2749 ) ;
#2976 = EDGE_CURVE ( 'NONE', #755, #1869, #789, .T. ) ;
#2977 = PRESENTATION_LAYER_ASSIGNMENT (  '', '', ( #3549 ) ) ;
#2978 = LENGTH_MEASURE_WITH_UNIT ( LENGTH_MEASURE( 0.02539999999999999897 ), #752 );
#2979 = DIRECTION ( 'NONE',  ( -1.000000000000000000, 0.000000000000000000, 0.000000000000000000 ) ) ;
#2980 = PLANE ( 'NONE',  #1198 ) ;
#2981 = STYLED_ITEM ( 'NONE', ( #703 ), #5049 ) ;
#2982 = FACE_OUTER_BOUND ( 'NONE', #1794, .T. ) ;
#2983 = CARTESIAN_POINT ( 'NONE',  ( -0.1210629921259842590, -0.01692913385826767814, 0.000000000000000000 ) ) ;
#2984 = CLOSED_SHELL ( 'NONE', ( #3767, #4573, #2454, #3720, #3561, #3360 ) ) ;
#2985 = ORIENTED_EDGE ( 'NONE', *, *, #5830, .F. ) ;
#2986 = CARTESIAN_POINT ( 'NONE',  ( -0.09842519685039370636, -0.03307086614173224137, 0.000000000000000000 ) ) ;
#2987 = ORIENTED_EDGE ( 'NONE', *, *, #4837, .F. ) ;
#2988 = PRESENTATION_LAYER_ASSIGNMENT (  '', '', ( #2590 ) ) ;
#2989 =( NAMED_UNIT ( * ) PLANE_ANGLE_UNIT ( ) SI_UNIT ( $, .RADIAN. ) );
#2990 = LINE ( 'NONE', #4443, #5653 ) ;
#2991 = SURFACE_STYLE_FILL_AREA ( #1154 ) ;
#2992 =( GEOMETRIC_REPRESENTATION_CONTEXT ( 3 ) GLOBAL_UNCERTAINTY_ASSIGNED_CONTEXT ( ( #1280 ) ) GLOBAL_UNIT_ASSIGNED_CONTEXT ( ( #4122, #1170, #831 ) ) REPRESENTATION_CONTEXT ( 'NONE', 'WORKASPACE' ) );
#2993 = UNCERTAINTY_MEASURE_WITH_UNIT (LENGTH_MEASURE( 1.000000000000000082E-05 ), #479, 'distance_accuracy_value', 'NONE');
#2994 = DIMENSIONAL_EXPONENTS ( 1.000000000000000000, 0.000000000000000000, 0.000000000000000000, 0.000000000000000000, 0.000000000000000000, 0.000000000000000000, 0.000000000000000000 ) ;
#2995 = FILL_AREA_STYLE_COLOUR ( '', #2026 ) ;
#2996 = CARTESIAN_POINT ( 'NONE',  ( -0.1161417322834645827, 0.09645669291338584972, 0.000000000000000000 ) ) ;
#2997 = CARTESIAN_POINT ( 'NONE',  ( -0.1210629921259842590, 0.01692913385826775793, 0.000000000000000000 ) ) ;
#2998 = EDGE_CURVE ( 'NONE', #1306, #5611, #381, .T. ) ;
#2999 = SURFACE_SIDE_STYLE ('',( #5257 ) ) ;
#3000 = FILL_AREA_STYLE ('',( #1168 ) ) ;
#3001 = DIRECTION ( 'NONE',  ( 0.000000000000000000, -1.000000000000000000, -0.000000000000000000 ) ) ;
#3002 = DIRECTION ( 'NONE',  ( -0.000000000000000000, 1.000000000000000000, 0.000000000000000000 ) ) ;
#3003 = ORIENTED_EDGE ( 'NONE', *, *, #1646, .F. ) ;
#3004 = FACE_OUTER_BOUND ( 'NONE', #3697, .T. ) ;
#3005 = CARTESIAN_POINT ( 'NONE',  ( 0.1129032691957075896, -0.09077891420826740554, 0.03889569978247382070 ) ) ;
#3006 = ORIENTED_EDGE ( 'NONE', *, *, #3540, .F. ) ;
#3007 = CARTESIAN_POINT ( 'NONE',  ( -0.1097440944881889757, 0.02500000000000003955, 0.01102362204724409607 ) ) ;
#3008 = VERTEX_POINT ( 'NONE', #1783 ) ;
#3009 = PRESENTATION_STYLE_ASSIGNMENT (( #2143 ) ) ;
#3010 = EDGE_CURVE ( 'NONE', #505, #4802, #4071, .T. ) ;
#3011 = PLANE ( 'NONE',  #4116 ) ;
#3012 = ORIENTED_EDGE ( 'NONE', *, *, #2045, .F. ) ;
#3013 =( NAMED_UNIT ( * ) PLANE_ANGLE_UNIT ( ) SI_UNIT ( $, .RADIAN. ) );
#3014 = DIRECTION ( 'NONE',  ( 0.9945218953682731788, 0.000000000000000000, -0.1045284632676536374 ) ) ;
#3015 = STYLED_ITEM ( 'NONE', ( #4846 ), #2951 ) ;
#3016 =( NAMED_UNIT ( * ) SI_UNIT ( $, .STERADIAN. ) SOLID_ANGLE_UNIT ( ) );
#3017 = ORIENTED_EDGE ( 'NONE', *, *, #2080, .F. ) ;
#3018 = DIRECTION ( 'NONE',  ( -1.000000000000000000, 0.000000000000000000, -0.000000000000000000 ) ) ;
#3019 = SURFACE_STYLE_FILL_AREA ( #743 ) ;
#3020 = DIRECTION ( 'NONE',  ( -1.000000000000000000, -1.411300455031980070E-16, 0.000000000000000000 ) ) ;
#3021 = VECTOR ( 'NONE', #5758, 39.37007874015748854 ) ;
#3022 = EDGE_CURVE ( 'NONE', #5549, #2409, #4930, .T. ) ;
#3023 =( CONVERSION_BASED_UNIT ( 'INCH', #3867 ) LENGTH_UNIT ( ) NAMED_UNIT ( #5430 ) );
#3024 = CARTESIAN_POINT ( 'NONE',  ( -0.1103353514614927589, -0.09162974065629246601, 0.04274218604578645941 ) ) ;
#3025 = SURFACE_STYLE_FILL_AREA ( #750 ) ;
#3026 = DIMENSIONAL_EXPONENTS ( 1.000000000000000000, 0.000000000000000000, 0.000000000000000000, 0.000000000000000000, 0.000000000000000000, 0.000000000000000000, 0.000000000000000000 ) ;
#3027 =( CONVERSION_BASED_UNIT ( 'INCH', #5329 ) LENGTH_UNIT ( ) NAMED_UNIT ( #551 ) );
#3028 = FILL_AREA_STYLE_COLOUR ( '', #1008 ) ;
#3029 = PRESENTATION_STYLE_ASSIGNMENT (( #3876 ) ) ;
#3030 = CARTESIAN_POINT ( 'NONE',  ( 0.1114302207729582078, 0.09377067414544026924, 0.04008054401415310497 ) ) ;
#3031 = CARTESIAN_POINT ( 'NONE',  ( -0.05118110236220473064, 2.731847993664264143E-17, 0.0009842519685039369942 ) ) ;
#3032 = EDGE_LOOP ( 'NONE', ( #2887, #3208, #3994, #818 ) ) ;
#3033 = ORIENTED_EDGE ( 'NONE', *, *, #4517, .T. ) ;
#3034 = PRESENTATION_LAYER_ASSIGNMENT (  '', '', ( #2838 ) ) ;
#3035 = FILL_AREA_STYLE ('',( #5767 ) ) ;
#3036 = SURFACE_SIDE_STYLE ('',( #5195 ) ) ;
#3037 = ORIENTED_EDGE ( 'NONE', *, *, #572, .F. ) ;
#3038 = CARTESIAN_POINT ( 'NONE',  ( -0.1097440944881889757, -0.02499999999999996322, 0.01102362204724409607 ) ) ;
#3039 = ORIENTED_EDGE ( 'NONE', *, *, #1707, .T. ) ;
#3040 =( GEOMETRIC_REPRESENTATION_CONTEXT ( 3 ) GLOBAL_UNCERTAINTY_ASSIGNED_CONTEXT ( ( #1899 ) ) GLOBAL_UNIT_ASSIGNED_CONTEXT ( ( #787, #2539, #1111 ) ) REPRESENTATION_CONTEXT ( 'NONE', 'WORKASPACE' ) );
#3041 = MECHANICAL_DESIGN_GEOMETRIC_PRESENTATION_REPRESENTATION (  '', ( #5659 ), #201 ) ;
#3042 = EDGE_CURVE ( 'NONE', #5611, #10, #5021, .T. ) ;
#3043 = CARTESIAN_POINT ( 'NONE',  ( -0.1210629921259842590, 0.01692913385826775793, 0.01102362204724409607 ) ) ;
#3044 = CARTESIAN_POINT ( 'NONE',  ( -0.009645669291338582543, -0.07499999999999999722, 0.000000000000000000 ) ) ;
#3045 =( CONVERSION_BASED_UNIT ( 'INCH', #456 ) LENGTH_UNIT ( ) NAMED_UNIT ( #842 ) );
#3046 = FILL_AREA_STYLE_COLOUR ( '', #2655 ) ;
#3047 = MECHANICAL_DESIGN_GEOMETRIC_PRESENTATION_REPRESENTATION (  '', ( #4005 ), #5759 ) ;
#3048 =( CONVERSION_BASED_UNIT ( 'INCH', #2130 ) LENGTH_UNIT ( ) NAMED_UNIT ( #2151 ) );
#3049 = LINE ( 'NONE', #4893, #378 ) ;
#3050 = VECTOR ( 'NONE', #3555, 39.37007874015748143 ) ;
#3051 = VECTOR ( 'NONE', #3595, 39.37007874015748143 ) ;
#3052 = UNCERTAINTY_MEASURE_WITH_UNIT (LENGTH_MEASURE( 1.000000000000000082E-05 ), #5870, 'distance_accuracy_value', 'NONE');
#3053 = LINE ( 'NONE', #2733, #1240 ) ;
#3054 = CARTESIAN_POINT ( 'NONE',  ( 0.1092037056162346448, 0.08951866624615589796, 0.03937007874015765324 ) ) ;
#3055 = STYLED_ITEM ( 'NONE', ( #64 ), #3625 ) ;
#3056 =( CONVERSION_BASED_UNIT ( 'INCH', #1224 ) LENGTH_UNIT ( ) NAMED_UNIT ( #3243 ) );
#3057 = CARTESIAN_POINT ( 'NONE',  ( 0.1091548873361931904, 0.09132447417272139545, 0.04309097106227415680 ) ) ;
#3058 = LINE ( 'NONE', #5336, #3448 ) ;
#3059 = STYLED_ITEM ( 'NONE', ( #4599 ), #4573 ) ;
#3060 = ORIENTED_EDGE ( 'NONE', *, *, #5534, .F. ) ;
#3061 = DIRECTION ( 'NONE',  ( -1.000000000000000000, 0.000000000000000000, 0.000000000000000000 ) ) ;
#3062 = VERTEX_POINT ( 'NONE', #5366 ) ;
#3063 =( GEOMETRIC_REPRESENTATION_CONTEXT ( 3 ) GLOBAL_UNCERTAINTY_ASSIGNED_CONTEXT ( ( #1023 ) ) GLOBAL_UNIT_ASSIGNED_CONTEXT ( ( #463, #3678, #524 ) ) REPRESENTATION_CONTEXT ( 'NONE', 'WORKASPACE' ) );
#3064 = ADVANCED_FACE ( 'NONE', ( #5 ), #2248, .T. ) ;
#3065 = DIMENSIONAL_EXPONENTS ( 1.000000000000000000, 0.000000000000000000, 0.000000000000000000, 0.000000000000000000, 0.000000000000000000, 0.000000000000000000, 0.000000000000000000 ) ;
#3066 =( GEOMETRIC_REPRESENTATION_CONTEXT ( 3 ) GLOBAL_UNCERTAINTY_ASSIGNED_CONTEXT ( ( #5655 ) ) GLOBAL_UNIT_ASSIGNED_CONTEXT ( ( #1768, #2203, #4030 ) ) REPRESENTATION_CONTEXT ( 'NONE', 'WORKASPACE' ) );
#3067 = PRESENTATION_STYLE_ASSIGNMENT (( #1232 ) ) ;
#3068 = PRESENTATION_LAYER_ASSIGNMENT (  '', '', ( #1921 ) ) ;
#3069 = DIRECTION ( 'NONE',  ( 0.000000000000000000, 1.000000000000000000, 0.000000000000000000 ) ) ;
#3070 = ORIENTED_EDGE ( 'NONE', *, *, #5731, .T. ) ;
#3071 = CARTESIAN_POINT ( 'NONE',  ( 0.1161417322834645827, -0.09251968503937008093, 0.000000000000000000 ) ) ;
#3072 = ORIENTED_EDGE ( 'NONE', *, *, #362, .T. ) ;
#3073 = CLOSED_SHELL ( 'NONE', ( #5402, #4506, #4702, #5098, #2385, #304 ) ) ;
#3074 = UNCERTAINTY_MEASURE_WITH_UNIT (LENGTH_MEASURE( 1.000000000000000082E-05 ), #240, 'distance_accuracy_value', 'NONE');
#3075 = AXIS2_PLACEMENT_3D ( 'NONE', #1299, #2634, #4954 ) ;
#3076 = COLOUR_RGB ( '',0.2862745098039215508, 0.2862745098039215508, 0.2862745098039215508 ) ;
#3077 = CARTESIAN_POINT ( 'NONE',  ( -0.09842519685039370636, 0.03307086614173232464, 0.01102362204724409607 ) ) ;
#3078 = LENGTH_MEASURE_WITH_UNIT ( LENGTH_MEASURE( 0.02539999999999999897 ), #1656 );
#3079 = FACE_OUTER_BOUND ( 'NONE', #1328, .T. ) ;
#3080 = EDGE_CURVE ( 'NONE', #1129, #2108, #2574, .T. ) ;
#3081 = COLOUR_RGB ( '',0.8313725490196077761, 0.8313725490196077761, 0.8313725490196077761 ) ;
#3082 = LINE ( 'NONE', #3916, #3380 ) ;
#3083 = SURFACE_STYLE_USAGE ( .BOTH. , #1755 ) ;
#3084 = EDGE_CURVE ( 'NONE', #5057, #1760, #336, .T. ) ;
#3085 =( LENGTH_UNIT ( ) NAMED_UNIT ( * ) SI_UNIT ( $, .METRE. ) );
#3086 = DIRECTION ( 'NONE',  ( 0.000000000000000000, 1.000000000000000000, 0.000000000000000000 ) ) ;
#3087 =( NAMED_UNIT ( * ) SI_UNIT ( $, .STERADIAN. ) SOLID_ANGLE_UNIT ( ) );
#3088 = DIMENSIONAL_EXPONENTS ( 1.000000000000000000, 0.000000000000000000, 0.000000000000000000, 0.000000000000000000, 0.000000000000000000, 0.000000000000000000, 0.000000000000000000 ) ;
#3089 = SURFACE_SIDE_STYLE ('',( #868 ) ) ;
#3090 = DIRECTION ( 'NONE',  ( 1.000000000000000000, 0.000000000000000000, -0.000000000000000000 ) ) ;
#3091 = CARTESIAN_POINT ( 'NONE',  ( -0.1092037056162346170, 0.09343410677910186923, 0.03978160812310125444 ) ) ;
#3092 =( LENGTH_UNIT ( ) NAMED_UNIT ( * ) SI_UNIT ( $, .METRE. ) );
#3093 = VERTEX_POINT ( 'NONE', #3091 ) ;
#3094 = FILL_AREA_STYLE ('',( #2580 ) ) ;
#3095 = ORIENTED_EDGE ( 'NONE', *, *, #2254, .F. ) ;
#3096 = DIRECTION ( 'NONE',  ( 0.3406351650717810431, -0.8440827718217301934, -0.4141158758490980918 ) ) ;
#3097 = EDGE_CURVE ( 'NONE', #4932, #53, #3957, .T. ) ;
#3098 =( GEOMETRIC_REPRESENTATION_CONTEXT ( 3 ) GLOBAL_UNCERTAINTY_ASSIGNED_CONTEXT ( ( #2003 ) ) GLOBAL_UNIT_ASSIGNED_CONTEXT ( ( #4546, #4196, #100 ) ) REPRESENTATION_CONTEXT ( 'NONE', 'WORKASPACE' ) );
#3099 =( LENGTH_UNIT ( ) NAMED_UNIT ( * ) SI_UNIT ( $, .METRE. ) );
#3100 = AXIS2_PLACEMENT_3D ( 'NONE', #1421, #1452, #2358 ) ;
#3101 = ORIENTED_EDGE ( 'NONE', *, *, #4724, .T. ) ;
#3102 = FILL_AREA_STYLE ('',( #767 ) ) ;
#3103 = VERTEX_POINT ( 'NONE', #70 ) ;
#3104 =( NAMED_UNIT ( * ) SI_UNIT ( $, .STERADIAN. ) SOLID_ANGLE_UNIT ( ) );
#3105 = SURFACE_STYLE_USAGE ( .BOTH. , #5351 ) ;
#3106 = DIRECTION ( 'NONE',  ( -0.000000000000000000, -1.000000000000000000, 0.000000000000000000 ) ) ;
#3107 = FILL_AREA_STYLE_COLOUR ( '', #1931 ) ;
#3108 = FILL_AREA_STYLE ('',( #1285 ) ) ;
#3109 = PRESENTATION_LAYER_ASSIGNMENT (  '', '', ( #3196 ) ) ;
#3110 = DIRECTION ( 'NONE',  ( 1.000000000000000000, 0.000000000000000000, -0.000000000000000000 ) ) ;
#3111 = EDGE_CURVE ( 'NONE', #962, #2320, #5638, .T. ) ;
#3112 = EDGE_CURVE ( 'NONE', #1760, #5591, #1839, .T. ) ;
#3113 = CARTESIAN_POINT ( 'NONE',  ( -0.09842519685039370636, -0.01692913385826767814, 0.000000000000000000 ) ) ;
#3114 = FILL_AREA_STYLE_COLOUR ( '', #3461 ) ;
#3115 = ORIENTED_EDGE ( 'NONE', *, *, #4351, .F. ) ;
#3116 = ORIENTED_EDGE ( 'NONE', *, *, #5588, .T. ) ;
#3117 = SURFACE_STYLE_FILL_AREA ( #2316 ) ;
#3118 = DIRECTION ( 'NONE',  ( 0.000000000000000000, 0.000000000000000000, -1.000000000000000000 ) ) ;
#3119 = SURFACE_STYLE_USAGE ( .BOTH. , #1305 ) ;
#3120 = VERTEX_POINT ( 'NONE', #2339 ) ;
#3121 = PRESENTATION_STYLE_ASSIGNMENT (( #5317 ) ) ;
#3122 = DIMENSIONAL_EXPONENTS ( 1.000000000000000000, 0.000000000000000000, 0.000000000000000000, 0.000000000000000000, 0.000000000000000000, 0.000000000000000000, 0.000000000000000000 ) ;
#3123 = EDGE_CURVE ( 'NONE', #3617, #1033, #4169, .T. ) ;
#3124 = STYLED_ITEM ( 'NONE', ( #5779 ), #2062 ) ;
#3125 = ORIENTED_EDGE ( 'NONE', *, *, #1630, .F. ) ;
#3126 = CARTESIAN_POINT ( 'NONE',  ( 2.185478394931409404E-17, 0.06692913385826770867, 0.0009842519685039369942 ) ) ;
#3127 = FILL_AREA_STYLE ('',( #1314 ) ) ;
#3128 = PRESENTATION_LAYER_ASSIGNMENT (  '', '', ( #5751 ) ) ;
#3129 = LENGTH_MEASURE_WITH_UNIT ( LENGTH_MEASURE( 0.02539999999999999897 ), #888 );
#3130 = ADVANCED_FACE ( 'NONE', ( #896 ), #4198, .T. ) ;
#3131 = CARTESIAN_POINT ( 'NONE',  ( -0.1113147800263711712, -0.09162974065629245213, 0.04193654726125714549 ) ) ;
#3132 = STYLED_ITEM ( 'NONE', ( #2219 ), #2509 ) ;
#3133 = ORIENTED_EDGE ( 'NONE', *, *, #1972, .T. ) ;
#3134 = CARTESIAN_POINT ( 'NONE',  ( 0.1097440944881889757, -0.07499999999999999722, 0.000000000000000000 ) ) ;
#3135 = PRESENTATION_STYLE_ASSIGNMENT (( #2226 ) ) ;
#3136 = CARTESIAN_POINT ( 'NONE',  ( 0.1161417029069161666, 0.09253043933335670934, 0.01102390154643139754 ) ) ;
#3137 = PRESENTATION_LAYER_ASSIGNMENT (  '', '', ( #3620 ) ) ;
#3138 = DIRECTION ( 'NONE',  ( 0.000000000000000000, -0.000000000000000000, -1.000000000000000000 ) ) ;
#3139 = CARTESIAN_POINT ( 'NONE',  ( 0.1092037056162346170, 0.08951866624615589796, 0.04330708661417323468 ) ) ;
#3140 = ADVANCED_FACE ( 'NONE', ( #1525 ), #5546, .F. ) ;
#3141 = EDGE_LOOP ( 'NONE', ( #2411, #2917, #1210, #4055 ) ) ;
#3142 = VECTOR ( 'NONE', #3506, 39.37007874015748143 ) ;
#3143 = PRESENTATION_LAYER_ASSIGNMENT (  '', '', ( #5478 ) ) ;
#3144 = MECHANICAL_DESIGN_GEOMETRIC_PRESENTATION_REPRESENTATION (  '', ( #5480 ), #680 ) ;
#3145 = VECTOR ( 'NONE', #5535, 39.37007874015748143 ) ;
#3146 = CARTESIAN_POINT ( 'NONE',  ( 0.1210629921259842590, -0.07499999999999999722, 0.000000000000000000 ) ) ;
#3147 = ORIENTED_EDGE ( 'NONE', *, *, #1208, .T. ) ;
#3148 = CARTESIAN_POINT ( 'NONE',  ( 0.09842519685039370636, 0.06692913385826770867, 0.01102362204724409607 ) ) ;
#3149 = MECHANICAL_DESIGN_GEOMETRIC_PRESENTATION_REPRESENTATION (  '', ( #5880 ), #3450 ) ;
#3150 = LINE ( 'NONE', #4247, #5486 ) ;
#3151 = DIRECTION ( 'NONE',  ( 0.000000000000000000, 0.000000000000000000, 1.000000000000000000 ) ) ;
#3152 = CARTESIAN_POINT ( 'NONE',  ( -0.1210629921259842590, -0.08307086614173228578, 0.000000000000000000 ) ) ;
#3153 = CARTESIAN_POINT ( 'NONE',  ( -0.1092037056162346448, -0.08951866624615589796, 0.03937007874015765324 ) ) ;
#3154 =( GEOMETRIC_REPRESENTATION_CONTEXT ( 3 ) GLOBAL_UNCERTAINTY_ASSIGNED_CONTEXT ( ( #2037 ) ) GLOBAL_UNIT_ASSIGNED_CONTEXT ( ( #2309, #4990, #439 ) ) REPRESENTATION_CONTEXT ( 'NONE', 'WORKASPACE' ) );
#3155 = LENGTH_MEASURE_WITH_UNIT ( LENGTH_MEASURE( 0.02539999999999999897 ), #1627 );
#3156 = SURFACE_STYLE_FILL_AREA ( #2240 ) ;
#3157 = CARTESIAN_POINT ( 'NONE',  ( 0.1150550738846283505, 0.08544681273289427004, 0.04151168478572734438 ) ) ;
#3158 = CARTESIAN_POINT ( 'NONE',  ( 0.09842519685039370636, -0.06692913385826770867, 0.000000000000000000 ) ) ;
#3159 = DIRECTION ( 'NONE',  ( 2.265761274745219945E-16, -1.000000000000000000, -0.000000000000000000 ) ) ;
#3160 = EDGE_CURVE ( 'NONE', #5628, #1076, #3807, .T. ) ;
#3161 = SURFACE_STYLE_USAGE ( .BOTH. , #5040 ) ;
#3162 = COLOUR_RGB ( '',0.2862745098039215508, 0.2862745098039215508, 0.2862745098039215508 ) ;
#3163 =( GEOMETRIC_REPRESENTATION_CONTEXT ( 3 ) GLOBAL_UNCERTAINTY_ASSIGNED_CONTEXT ( ( #2175 ) ) GLOBAL_UNIT_ASSIGNED_CONTEXT ( ( #4430, #3505, #2506 ) ) REPRESENTATION_CONTEXT ( 'NONE', 'WORKASPACE' ) );
#3164 = UNCERTAINTY_MEASURE_WITH_UNIT (LENGTH_MEASURE( 1.000000000000000082E-05 ), #5183, 'distance_accuracy_value', 'NONE');
#3165 =( LENGTH_UNIT ( ) NAMED_UNIT ( * ) SI_UNIT ( $, .METRE. ) );
#3166 = DIRECTION ( 'NONE',  ( 0.1039620511844980000, 0.1039620511844970008, -0.9891328443778539814 ) ) ;
#3167 = LINE ( 'NONE', #5547, #5210 ) ;
#3168 = PLANE ( 'NONE',  #4604 ) ;
#3169 =( CONVERSION_BASED_UNIT ( 'INCH', #1228 ) LENGTH_UNIT ( ) NAMED_UNIT ( #946 ) );
#3170 = ORIENTED_EDGE ( 'NONE', *, *, #3664, .T. ) ;
#3171 = DIMENSIONAL_EXPONENTS ( 1.000000000000000000, 0.000000000000000000, 0.000000000000000000, 0.000000000000000000, 0.000000000000000000, 0.000000000000000000, 0.000000000000000000 ) ;
#3172 = FACE_OUTER_BOUND ( 'NONE', #2822, .T. ) ;
#3173 = CARTESIAN_POINT ( 'NONE',  ( 0.1122047244094488277, 0.09251968503937008093, 0.0009842519685039369942 ) ) ;
#3174 = LINE ( 'NONE', #3237, #5077 ) ;
#3175 = ORIENTED_EDGE ( 'NONE', *, *, #4164, .F. ) ;
#3176 = FACE_OUTER_BOUND ( 'NONE', #84, .T. ) ;
#3177 = ORIENTED_EDGE ( 'NONE', *, *, #1934, .T. ) ;
#3178 = CARTESIAN_POINT ( 'NONE',  ( 0.1092037056162346031, 0.08951866624615589796, 0.03937007874015747977 ) ) ;
#3179 = EDGE_LOOP ( 'NONE', ( #177, #1369, #2839, #611 ) ) ;
#3180 = CONTEXT_DEPENDENT_SHAPE_REPRESENTATION ( #3935, #2056 ) ;
#3181 = CIRCLE ( 'NONE', #347, 0.003937007874015741038 ) ;
#3182 = EDGE_CURVE ( 'NONE', #3626, #4518, #5177, .T. ) ;
#3183 = LENGTH_MEASURE_WITH_UNIT ( LENGTH_MEASURE( 0.02539999999999999897 ), #20 );
#3184 = EDGE_CURVE ( 'NONE', #4392, #5141, #4749, .T. ) ;
#3185 = AXIS2_PLACEMENT_3D ( 'NONE', #2723, #4553, #4830 ) ;
#3186 = LINE ( 'NONE', #2728, #1640 ) ;
#3187 =( LENGTH_UNIT ( ) NAMED_UNIT ( * ) SI_UNIT ( $, .METRE. ) );
#3188 = DIRECTION ( 'NONE',  ( 0.9945218953682731788, 0.000000000000000000, -0.1045284632676536374 ) ) ;
#3189 = DIRECTION ( 'NONE',  ( 0.000000000000000000, 1.000000000000000000, 0.000000000000000000 ) ) ;
#3190 = PLANE ( 'NONE',  #2680 ) ;
#3191 = STYLED_ITEM ( 'NONE', ( #5262 ), #2438 ) ;
#3192 =( CONVERSION_BASED_UNIT ( 'INCH', #460 ) LENGTH_UNIT ( ) NAMED_UNIT ( #4058 ) );
#3193 = STYLED_ITEM ( 'NONE', ( #3656 ), #3130 ) ;
#3194 = DIRECTION ( 'NONE',  ( 0.000000000000000000, 1.000000000000000000, -2.168404344971012812E-15 ) ) ;
#3195 = LENGTH_MEASURE_WITH_UNIT ( LENGTH_MEASURE( 0.02539999999999999897 ), #4570 );
#3196 = STYLED_ITEM ( 'NONE', ( #3477 ), #3360 ) ;
#3197 = CARTESIAN_POINT ( 'NONE',  ( -0.009645669291338582543, 0.1013779527559055121, 0.000000000000000000 ) ) ;
#3198 = FILL_AREA_STYLE_COLOUR ( '', #4799 ) ;
#3199 =( CONVERSION_BASED_UNIT ( 'INCH', #1397 ) LENGTH_UNIT ( ) NAMED_UNIT ( #1625 ) );
#3200 = LINE ( 'NONE', #531, #2125 ) ;
#3201 = CARTESIAN_POINT ( 'NONE',  ( -0.09842519685039370636, -0.08307086614173228578, 0.000000000000000000 ) ) ;
#3202 = ORIENTED_EDGE ( 'NONE', *, *, #3080, .F. ) ;
#3203 = ORIENTED_EDGE ( 'NONE', *, *, #2489, .F. ) ;
#3204 = FACE_OUTER_BOUND ( 'NONE', #5136, .T. ) ;
#3205 = CYLINDRICAL_SURFACE ( 'NONE', #1096, 0.003937007874015741038 ) ;
#3206 = ORIENTED_EDGE ( 'NONE', *, *, #4819, .F. ) ;
#3207 = CARTESIAN_POINT ( 'NONE',  ( -0.09842519685039370636, -0.01692913385826767814, 0.0009842519685039369942 ) ) ;
#3208 = ORIENTED_EDGE ( 'NONE', *, *, #5868, .T. ) ;
#3209 = DIRECTION ( 'NONE',  ( 1.000000000000000000, 0.000000000000000000, 0.000000000000000000 ) ) ;
#3210 =( CONVERSION_BASED_UNIT ( 'INCH', #5504 ) LENGTH_UNIT ( ) NAMED_UNIT ( #4441 ) );
#3211 = DIMENSIONAL_EXPONENTS ( 1.000000000000000000, 0.000000000000000000, 0.000000000000000000, 0.000000000000000000, 0.000000000000000000, 0.000000000000000000, 0.000000000000000000 ) ;
#3212 = DIRECTION ( 'NONE',  ( -2.775557561562889872E-16, 1.000000000000000000, -0.000000000000000000 ) ) ;
#3213 =( NAMED_UNIT ( * ) SI_UNIT ( $, .STERADIAN. ) SOLID_ANGLE_UNIT ( ) );
#3214 = PLANE ( 'NONE',  #970 ) ;
#3215 = LINE ( 'NONE', #914, #585 ) ;
#3216 =( LENGTH_UNIT ( ) NAMED_UNIT ( * ) SI_UNIT ( $, .METRE. ) );
#3217 = SURFACE_STYLE_USAGE ( .BOTH. , #1418 ) ;
#3218 = ADVANCED_FACE ( 'NONE', ( #5728 ), #208, .T. ) ;
#3219 = CARTESIAN_POINT ( 'NONE',  ( 0.1161417029069162082, -0.09253043933335668159, 0.01102390154643142356 ) ) ;
#3220 = PRESENTATION_LAYER_ASSIGNMENT (  '', '', ( #2945 ) ) ;
#3221 = SURFACE_STYLE_FILL_AREA ( #5539 ) ;
#3222 = DIRECTION ( 'NONE',  ( 0.000000000000000000, 0.000000000000000000, 1.000000000000000000 ) ) ;
#3223 = CARTESIAN_POINT ( 'NONE',  ( -0.1210629921259842590, 0.03307086614173232464, 0.000000000000000000 ) ) ;
#3224 = DIRECTION ( 'NONE',  ( 0.000000000000000000, -0.000000000000000000, -1.000000000000000000 ) ) ;
#3225 = ORIENTED_EDGE ( 'NONE', *, *, #2241, .F. ) ;
#3226 = SURFACE_STYLE_USAGE ( .BOTH. , #2190 ) ;
#3227 = FILL_AREA_STYLE_COLOUR ( '', #5129 ) ;
#3228 = PRESENTATION_STYLE_ASSIGNMENT (( #3325 ) ) ;
#3229 = LINE ( 'NONE', #4521, #873 ) ;
#3230 = ORIENTED_EDGE ( 'NONE', *, *, #3744, .T. ) ;
#3231 = EDGE_LOOP ( 'NONE', ( #5657, #4551, #5237, #2197 ) ) ;
#3232 = PRESENTATION_LAYER_ASSIGNMENT (  '', '', ( #489 ) ) ;
#3233 = PLANE ( 'NONE',  #2578 ) ;
#3234 = MECHANICAL_DESIGN_GEOMETRIC_PRESENTATION_REPRESENTATION (  '', ( #309 ), #4391 ) ;
#3235 = DIRECTION ( 'NONE',  ( 1.000000000000000000, 0.000000000000000000, -0.000000000000000000 ) ) ;
#3236 = SURFACE_STYLE_USAGE ( .BOTH. , #5149 ) ;
#3237 = CARTESIAN_POINT ( 'NONE',  ( -0.009645669291338582543, -0.07499999999999999722, 0.01102362204724409607 ) ) ;
#3238 = CARTESIAN_POINT ( 'NONE',  ( -0.1210629921259842590, 0.08307086614173228578, 0.000000000000000000 ) ) ;
#3239 = CARTESIAN_POINT ( 'NONE',  ( -0.09609053097352217299, 0.07652153239043141264, 0.04330708661417323468 ) ) ;
#3240 = EDGE_CURVE ( 'NONE', #307, #4495, #5826, .T. ) ;
#3241 = VERTEX_POINT ( 'NONE', #2973 ) ;
#3242 = LINE ( 'NONE', #1851, #5794 ) ;
#3243 = DIMENSIONAL_EXPONENTS ( 1.000000000000000000, 0.000000000000000000, 0.000000000000000000, 0.000000000000000000, 0.000000000000000000, 0.000000000000000000, 0.000000000000000000 ) ;
#3244 = ORIENTED_EDGE ( 'NONE', *, *, #389, .F. ) ;
#3245 = SHAPE_DEFINITION_REPRESENTATION ( #759, #1894 ) ;
#3246 = SURFACE_STYLE_FILL_AREA ( #1447 ) ;
#3247 = PRESENTATION_STYLE_ASSIGNMENT (( #2674 ) ) ;
#3248 = DIRECTION ( 'NONE',  ( 2.241005114736412675E-16, -1.000000000000000000, -2.355391288108391830E-17 ) ) ;
#3249 =( NAMED_UNIT ( * ) SI_UNIT ( $, .STERADIAN. ) SOLID_ANGLE_UNIT ( ) );
#3250 = CARTESIAN_POINT ( 'NONE',  ( -0.1161417322834645133, -0.03307086614173224137, 0.01102362204724408566 ) ) ;
#3251 =( NAMED_UNIT ( * ) PLANE_ANGLE_UNIT ( ) SI_UNIT ( $, .RADIAN. ) );
#3252 = STYLED_ITEM ( 'NONE', ( #3886 ), #5155 ) ;
#3253 = EDGE_CURVE ( 'NONE', #10, #4501, #2070, .T. ) ;
#3254 = LENGTH_MEASURE_WITH_UNIT ( LENGTH_MEASURE( 0.02539999999999999897 ), #664 );
#3255 = AXIS2_PLACEMENT_3D ( 'NONE', #1193, #3808, #3753 ) ;
#3256 = DIRECTION ( 'NONE',  ( 0.000000000000000000, 0.000000000000000000, 1.000000000000000000 ) ) ;
#3257 = DIRECTION ( 'NONE',  ( -0.000000000000000000, -1.000000000000000000, -0.000000000000000000 ) ) ;
#3258 =( GEOMETRIC_REPRESENTATION_CONTEXT ( 3 ) GLOBAL_UNCERTAINTY_ASSIGNED_CONTEXT ( ( #1124 ) ) GLOBAL_UNIT_ASSIGNED_CONTEXT ( ( #4363, #2497, #2954 ) ) REPRESENTATION_CONTEXT ( 'NONE', 'WORKASPACE' ) );
#3259 = AXIS2_PLACEMENT_3D ( 'NONE', #3738, #3704, #488 ) ;
#3260 = ORIENTED_EDGE ( 'NONE', *, *, #2150, .T. ) ;
#3261 = LENGTH_MEASURE_WITH_UNIT ( LENGTH_MEASURE( 0.02539999999999999897 ), #2773 );
#3262 = EDGE_CURVE ( 'NONE', #360, #3988, #1986, .T. ) ;
#3263 = SURFACE_STYLE_FILL_AREA ( #4650 ) ;
#3264 = CARTESIAN_POINT ( 'NONE',  ( -0.09842519685039370636, -0.06692913385826770867, 0.000000000000000000 ) ) ;
#3265 = DIRECTION ( 'NONE',  ( -0.000000000000000000, 0.000000000000000000, -1.000000000000000000 ) ) ;
#3266 =( NAMED_UNIT ( * ) PLANE_ANGLE_UNIT ( ) SI_UNIT ( $, .RADIAN. ) );
#3267 = MECHANICAL_DESIGN_GEOMETRIC_PRESENTATION_REPRESENTATION (  '', ( #1651 ), #2592 ) ;
#3268 = FILL_AREA_STYLE_COLOUR ( '', #1753 ) ;
#3269 = ORIENTED_EDGE ( 'NONE', *, *, #1010, .T. ) ;
#3270 = UNCERTAINTY_MEASURE_WITH_UNIT (LENGTH_MEASURE( 1.000000000000000082E-05 ), #3192, 'distance_accuracy_value', 'NONE');
#3271 =( BOUNDED_CURVE ( )  B_SPLINE_CURVE ( 3, ( #3136, #3619, #5668, #5637 ),
 .UNSPECIFIED., .F., .T. ) 
 B_SPLINE_CURVE_WITH_KNOTS ( ( 4, 4 ),
 ( 5.500522448471043546, 7.065848165888138688 ),
 .UNSPECIFIED. ) 
 CURVE ( )  GEOMETRIC_REPRESENTATION_ITEM ( )  RATIONAL_B_SPLINE_CURVE ( ( 1.000000000000000000, 0.8060255240148561651, 0.8060255240148561651, 1.000000000000000000 ) ) 
 REPRESENTATION_ITEM ( '' )  );
#3272 = FILL_AREA_STYLE_COLOUR ( '', #2665 ) ;
#3273 = LINE ( 'NONE', #5120, #3998 ) ;
#3274 = DIRECTION ( 'NONE',  ( -1.000000000000000000, -1.411300455031980070E-16, -0.000000000000000000 ) ) ;
#3275 = ORIENTED_EDGE ( 'NONE', *, *, #4183, .F. ) ;
#3276 = LINE ( 'NONE', #4529, #2565 ) ;
#3277 = ORIENTED_EDGE ( 'NONE', *, *, #4313, .F. ) ;
#3278 = DIRECTION ( 'NONE',  ( 0.000000000000000000, 0.000000000000000000, 1.000000000000000000 ) ) ;
#3279 = EDGE_CURVE ( 'NONE', #10, #2251, #4838, .T. ) ;
#3280 = SURFACE_STYLE_USAGE ( .BOTH. , #1480 ) ;
#3281 = DIRECTION ( 'NONE',  ( -0.000000000000000000, -0.000000000000000000, -1.000000000000000000 ) ) ;
#3282 =( NAMED_UNIT ( * ) PLANE_ANGLE_UNIT ( ) SI_UNIT ( $, .RADIAN. ) );
#3283 = LINE ( 'NONE', #1007, #3629 ) ;
#3284 = SURFACE_STYLE_FILL_AREA ( #1947 ) ;
#3285 = DIMENSIONAL_EXPONENTS ( 1.000000000000000000, 0.000000000000000000, 0.000000000000000000, 0.000000000000000000, 0.000000000000000000, 0.000000000000000000, 0.000000000000000000 ) ;
#3286 = ORIENTED_EDGE ( 'NONE', *, *, #3318, .T. ) ;
#3287 = PRESENTATION_STYLE_ASSIGNMENT (( #2360 ) ) ;
#3288 = VECTOR ( 'NONE', #5851, 39.37007874015748143 ) ;
#3289 = LINE ( 'NONE', #5072, #2111 ) ;
#3290 = VERTEX_POINT ( 'NONE', #5297 ) ;
#3291 = DIRECTION ( 'NONE',  ( -1.000000000000000000, -1.395880304518019406E-16, -1.467129319287853920E-17 ) ) ;
#3292 = PRESENTATION_STYLE_ASSIGNMENT (( #2305 ) ) ;
#3293 = FILL_AREA_STYLE ('',( #2803 ) ) ;
#3294 = FILL_AREA_STYLE ('',( #163 ) ) ;
#3295 = VECTOR ( 'NONE', #4953, 39.37007874015748143 ) ;
#3296 = ORIENTED_EDGE ( 'NONE', *, *, #2850, .T. ) ;
#3297 = EDGE_CURVE ( 'NONE', #2251, #1306, #5787, .T. ) ;
#3298 = SURFACE_STYLE_USAGE ( .BOTH. , #4240 ) ;
#3299 = UNCERTAINTY_MEASURE_WITH_UNIT (LENGTH_MEASURE( 1.000000000000000082E-05 ), #2336, 'distance_accuracy_value', 'NONE');
#3300 = CARTESIAN_POINT ( 'NONE',  ( 2.185478394931409404E-17, -0.06692913385826770867, 0.0009842519685039369942 ) ) ;
#3301 = SURFACE_STYLE_FILL_AREA ( #134 ) ;
#3302 = DIRECTION ( 'NONE',  ( -0.000000000000000000, -1.000000000000000000, 0.000000000000000000 ) ) ;
#3303 = LINE ( 'NONE', #4508, #4895 ) ;
#3304 = SURFACE_STYLE_FILL_AREA ( #1615 ) ;
#3305 = ORIENTED_EDGE ( 'NONE', *, *, #373, .T. ) ;
#3306 = DIRECTION ( 'NONE',  ( 0.000000000000000000, 0.000000000000000000, -1.000000000000000000 ) ) ;
#3307 = ORIENTED_EDGE ( 'NONE', *, *, #3525, .F. ) ;
#3308 = APPLICATION_PROTOCOL_DEFINITION ( 'draft international standard', 'automotive_design', 1998, #761 ) ;
#3309 = STYLED_ITEM ( 'NONE', ( #185 ), #2116 ) ;
#3310 = PRESENTATION_STYLE_ASSIGNMENT (( #629 ) ) ;
#3311 = CARTESIAN_POINT ( 'NONE',  ( -0.1161417322834645688, 0.08307086614173228578, 0.0009842519685039369942 ) ) ;
#3312 = DIRECTION ( 'NONE',  ( 0.000000000000000000, 1.000000000000000000, 0.000000000000000000 ) ) ;
#3313 = PRESENTATION_STYLE_ASSIGNMENT (( #4120 ) ) ;
#3314 = CARTESIAN_POINT ( 'NONE',  ( -0.1210629921259842590, 0.07499999999999999722, 0.01102362204724409607 ) ) ;
#3315 = VERTEX_POINT ( 'NONE', #3388 ) ;
#3316 =( NAMED_UNIT ( * ) SI_UNIT ( $, .STERADIAN. ) SOLID_ANGLE_UNIT ( ) );
#3317 = DIRECTION ( 'NONE',  ( -0.000000000000000000, -1.000000000000000000, -0.000000000000000000 ) ) ;
#3318 = EDGE_CURVE ( 'NONE', #4691, #2108, #1109, .T. ) ;
#3319 = SURFACE_SIDE_STYLE ('',( #5445 ) ) ;
#3320 =( GEOMETRIC_REPRESENTATION_CONTEXT ( 3 ) GLOBAL_UNCERTAINTY_ASSIGNED_CONTEXT ( ( #4829 ) ) GLOBAL_UNIT_ASSIGNED_CONTEXT ( ( #3768, #5804, #1679 ) ) REPRESENTATION_CONTEXT ( 'NONE', 'WORKASPACE' ) );
#3321 = ORIENTED_EDGE ( 'NONE', *, *, #5246, .F. ) ;
#3322 = LINE ( 'NONE', #1863, #2965 ) ;
#3323 = DIMENSIONAL_EXPONENTS ( 1.000000000000000000, 0.000000000000000000, 0.000000000000000000, 0.000000000000000000, 0.000000000000000000, 0.000000000000000000, 0.000000000000000000 ) ;
#3324 = CARTESIAN_POINT ( 'NONE',  ( 0.09842519685039370636, -0.06692913385826770867, 0.000000000000000000 ) ) ;
#3325 = SURFACE_STYLE_USAGE ( .BOTH. , #5519 ) ;
#3326 = LINE ( 'NONE', #560, #4027 ) ;
#3327 = LINE ( 'NONE', #1053, #5076 ) ;
#3328 = MECHANICAL_DESIGN_GEOMETRIC_PRESENTATION_REPRESENTATION (  '', ( #5658 ), #3040 ) ;
#3329 = UNCERTAINTY_MEASURE_WITH_UNIT (LENGTH_MEASURE( 1.000000000000000082E-05 ), #5097, 'distance_accuracy_value', 'NONE');
#3330 = SURFACE_STYLE_FILL_AREA ( #4655 ) ;
#3331 = SURFACE_SIDE_STYLE ('',( #563 ) ) ;
#3332 = CARTESIAN_POINT ( 'NONE',  ( -0.1131581964095408066, 0.08948880716714467665, 0.04218127293930247490 ) ) ;
#3333 = CARTESIAN_POINT ( 'NONE',  ( -0.1092037056162346448, -0.09343410677910181372, 0.03978160812310116423 ) ) ;
#3334 = EDGE_CURVE ( 'NONE', #4559, #879, #247, .T. ) ;
#3335 =( NAMED_UNIT ( * ) PLANE_ANGLE_UNIT ( ) SI_UNIT ( $, .RADIAN. ) );
#3336 = ORIENTED_EDGE ( 'NONE', *, *, #389, .T. ) ;
#3337 = EDGE_LOOP ( 'NONE', ( #4210, #652, #2696, #532 ) ) ;
#3338 = MECHANICAL_DESIGN_GEOMETRIC_PRESENTATION_REPRESENTATION (  '', ( #4388 ), #5379 ) ;
#3339 = FACE_OUTER_BOUND ( 'NONE', #2738, .T. ) ;
#3340 =( GEOMETRIC_REPRESENTATION_CONTEXT ( 3 ) GLOBAL_UNCERTAINTY_ASSIGNED_CONTEXT ( ( #261 ) ) GLOBAL_UNIT_ASSIGNED_CONTEXT ( ( #2588, #4942, #517 ) ) REPRESENTATION_CONTEXT ( 'NONE', 'WORKASPACE' ) );
#3341 = CARTESIAN_POINT ( 'NONE',  ( 0.1210629921259842590, -0.08307086614173228578, 0.000000000000000000 ) ) ;
#3342 =( NAMED_UNIT ( * ) PLANE_ANGLE_UNIT ( ) SI_UNIT ( $, .RADIAN. ) );
#3343 = STYLED_ITEM ( 'NONE', ( #4482 ), #346 ) ;
#3344 =( NAMED_UNIT ( * ) PLANE_ANGLE_UNIT ( ) SI_UNIT ( $, .RADIAN. ) );
#3345 = STYLED_ITEM ( 'NONE', ( #2158 ), #4435 ) ;
#3346 = AXIS2_PLACEMENT_3D ( 'NONE', #4667, #2792, #2854 ) ;
#3347 = UNCERTAINTY_MEASURE_WITH_UNIT (LENGTH_MEASURE( 1.000000000000000082E-05 ), #3796, 'distance_accuracy_value', 'NONE');
#3348 = DIRECTION ( 'NONE',  ( 0.000000000000000000, -1.000000000000000000, -0.000000000000000000 ) ) ;
#3349 = EDGE_LOOP ( 'NONE', ( #2357, #4640, #2173, #792 ) ) ;
#3350 = CARTESIAN_POINT ( 'NONE',  ( -0.09842519685039370636, 0.03307086614173232464, 0.01102362204724409607 ) ) ;
#3351 = CARTESIAN_POINT ( 'NONE',  ( -0.09842519685039370636, -0.06692913385826770867, 0.000000000000000000 ) ) ;
#3352 = VECTOR ( 'NONE', #2923, 39.37007874015748143 ) ;
#3353 = FILL_AREA_STYLE ('',( #1549 ) ) ;
#3354 =( LENGTH_UNIT ( ) NAMED_UNIT ( * ) SI_UNIT ( $, .METRE. ) );
#3355 = CARTESIAN_POINT ( 'NONE',  ( -0.09842519685039370636, -0.03307086614173224137, 0.000000000000000000 ) ) ;
#3356 = AXIS2_PLACEMENT_3D ( 'NONE', #715, #5410, #2176 ) ;
#3357 = COLOUR_RGB ( '',0.8313725490196077761, 0.8313725490196077761, 0.8313725490196077761 ) ;
#3358 = ORIENTED_EDGE ( 'NONE', *, *, #5608, .T. ) ;
#3359 = MECHANICAL_DESIGN_GEOMETRIC_PRESENTATION_REPRESENTATION (  '', ( #3739 ), #1647 ) ;
#3360 = ADVANCED_FACE ( 'NONE', ( #1665 ), #1052, .F. ) ;
#3361 = CARTESIAN_POINT ( 'NONE',  ( -0.1129032691957075896, -0.09077891420826741942, 0.03889569978247386234 ) ) ;
#3362 = PRESENTATION_LAYER_ASSIGNMENT (  '', '', ( #2874 ) ) ;
#3363 =( LENGTH_UNIT ( ) NAMED_UNIT ( * ) SI_UNIT ( $, .METRE. ) );
#3364 = STYLED_ITEM ( 'NONE', ( #2541 ), #1332 ) ;
#3365 = SURFACE_STYLE_USAGE ( .BOTH. , #5085 ) ;
#3366 = PRESENTATION_LAYER_ASSIGNMENT (  '', '', ( #3646 ) ) ;
#3367 = PRESENTATION_STYLE_ASSIGNMENT (( #2345 ) ) ;
#3368 = VERTEX_POINT ( 'NONE', #4106 ) ;
#3369 = CARTESIAN_POINT ( 'NONE',  ( 0.1210629921259842590, 0.08307086614173228578, 0.000000000000000000 ) ) ;
#3370 = ORIENTED_EDGE ( 'NONE', *, *, #1776, .F. ) ;
#3371 = MECHANICAL_DESIGN_GEOMETRIC_PRESENTATION_REPRESENTATION (  '', ( #4237 ), #3940 ) ;
#3372 = LENGTH_MEASURE_WITH_UNIT ( LENGTH_MEASURE( 0.02539999999999999897 ), #191 );
#3373 = EDGE_LOOP ( 'NONE', ( #496, #1012, #2444, #999, #788, #626, #5832 ) ) ;
#3374 =( CONVERSION_BASED_UNIT ( 'INCH', #1067 ) LENGTH_UNIT ( ) NAMED_UNIT ( #1358 ) );
#3375 = DIRECTION ( 'NONE',  ( 1.000000000000000000, 0.000000000000000000, -0.000000000000000000 ) ) ;
#3376 = SURFACE_SIDE_STYLE ('',( #2036 ) ) ;
#3377 = UNCERTAINTY_MEASURE_WITH_UNIT (LENGTH_MEASURE( 1.000000000000000082E-05 ), #2057, 'distance_accuracy_value', 'NONE');
#3378 = CARTESIAN_POINT ( 'NONE',  ( 0.1210629921259842590, 0.06692913385826770867, 0.000000000000000000 ) ) ;
#3379 = ORIENTED_EDGE ( 'NONE', *, *, #5901, .F. ) ;
#3380 = VECTOR ( 'NONE', #4432, 39.37007874015748143 ) ;
#3381 = CARTESIAN_POINT ( 'NONE',  ( 0.1161417322834645827, -0.09645669291338584972, 0.0009842519685039369942 ) ) ;
#3382 =( NAMED_UNIT ( * ) SI_UNIT ( $, .STERADIAN. ) SOLID_ANGLE_UNIT ( ) );
#3383 =( LENGTH_UNIT ( ) NAMED_UNIT ( * ) SI_UNIT ( $, .METRE. ) );
#3384 = FILL_AREA_STYLE_COLOUR ( '', #209 ) ;
#3385 = VERTEX_POINT ( 'NONE', #5614 ) ;
#3386 = DIRECTION ( 'NONE',  ( -1.000000000000000000, 0.000000000000000000, -0.000000000000000000 ) ) ;
#3387 = STYLED_ITEM ( 'NONE', ( #1887 ), #2577 ) ;
#3388 = CARTESIAN_POINT ( 'NONE',  ( -0.09842519685039370636, 0.01692913385826775446, 0.0009842519685039369942 ) ) ;
#3389 = EDGE_CURVE ( 'NONE', #3963, #2064, #3972, .T. ) ;
#3390 = FILL_AREA_STYLE ('',( #3872 ) ) ;
#3391 = LENGTH_MEASURE_WITH_UNIT ( LENGTH_MEASURE( 0.02539999999999999897 ), #3925 );
#3392 = MECHANICAL_DESIGN_GEOMETRIC_PRESENTATION_REPRESENTATION (  '', ( #1688 ), #3875 ) ;
#3393 = SURFACE_STYLE_FILL_AREA ( #5245 ) ;
#3394 =( LENGTH_UNIT ( ) NAMED_UNIT ( * ) SI_UNIT ( $, .METRE. ) );
#3395 = ORIENTED_EDGE ( 'NONE', *, *, #3525, .T. ) ;
#3396 = LENGTH_MEASURE_WITH_UNIT ( LENGTH_MEASURE( 0.02539999999999999897 ), #2918 );
#3397 = ORIENTED_EDGE ( 'NONE', *, *, #707, .T. ) ;
#3398 = EDGE_CURVE ( 'NONE', #2108, #3315, #3786, .T. ) ;
#3399 = PRESENTATION_LAYER_ASSIGNMENT (  '', '', ( #4746 ) ) ;
#3400 = DIRECTION ( 'NONE',  ( -0.000000000000000000, -0.000000000000000000, -1.000000000000000000 ) ) ;
#3401 = DIRECTION ( 'NONE',  ( -0.000000000000000000, 0.000000000000000000, -1.000000000000000000 ) ) ;
#3402 = PLANE ( 'NONE',  #1621 ) ;
#3403 = VECTOR ( 'NONE', #3110, 39.37007874015748143 ) ;
#3404 = DIRECTION ( 'NONE',  ( 1.000000000000000000, -0.000000000000000000, 0.000000000000000000 ) ) ;
#3405 = UNCERTAINTY_MEASURE_WITH_UNIT (LENGTH_MEASURE( 1.000000000000000082E-05 ), #5724, 'distance_accuracy_value', 'NONE');
#3406 =( LENGTH_UNIT ( ) NAMED_UNIT ( * ) SI_UNIT ( $, .METRE. ) );
#3407 = VERTEX_POINT ( 'NONE', #2812 ) ;
#3408 =( CONVERSION_BASED_UNIT ( 'INCH', #1979 ) LENGTH_UNIT ( ) NAMED_UNIT ( #2410 ) );
#3409 = DIRECTION ( 'NONE',  ( 0.000000000000000000, -0.000000000000000000, 1.000000000000000000 ) ) ;
#3410 = DIRECTION ( 'NONE',  ( 0.000000000000000000, 0.000000000000000000, 1.000000000000000000 ) ) ;
#3411 = EDGE_CURVE ( 'NONE', #2861, #5112, #1439, .T. ) ;
#3412 =( NAMED_UNIT ( * ) SI_UNIT ( $, .STERADIAN. ) SOLID_ANGLE_UNIT ( ) );
#3413 = ORIENTED_EDGE ( 'NONE', *, *, #5413, .T. ) ;
#3414 = SURFACE_STYLE_USAGE ( .BOTH. , #292 ) ;
#3415 = DIRECTION ( 'NONE',  ( 0.000000000000000000, -1.000000000000000000, 0.000000000000000000 ) ) ;
#3416 = DIRECTION ( 'NONE',  ( -1.000000000000000000, 0.000000000000000000, -0.000000000000000000 ) ) ;
#3417 = LENGTH_MEASURE_WITH_UNIT ( LENGTH_MEASURE( 0.02539999999999999897 ), #2568 );
#3418 =( NAMED_UNIT ( * ) PLANE_ANGLE_UNIT ( ) SI_UNIT ( $, .RADIAN. ) );
#3419 =( NAMED_UNIT ( * ) SI_UNIT ( $, .STERADIAN. ) SOLID_ANGLE_UNIT ( ) );
#3420 = AXIS2_PLACEMENT_3D ( 'NONE', #571, #1092, #1539 ) ;
#3421 =( GEOMETRIC_REPRESENTATION_CONTEXT ( 3 ) GLOBAL_UNCERTAINTY_ASSIGNED_CONTEXT ( ( #2956 ) ) GLOBAL_UNIT_ASSIGNED_CONTEXT ( ( #5696, #612, #5662 ) ) REPRESENTATION_CONTEXT ( 'NONE', 'WORKASPACE' ) );
#3422 = DIRECTION ( 'NONE',  ( 1.000000000000000000, 0.000000000000000000, 0.000000000000000000 ) ) ;
#3423 = ORIENTED_EDGE ( 'NONE', *, *, #4346, .F. ) ;
#3424 = DIRECTION ( 'NONE',  ( -0.000000000000000000, -0.000000000000000000, -1.000000000000000000 ) ) ;
#3425 = EDGE_LOOP ( 'NONE', ( #3175, #5429, #866, #1062 ) ) ;
#3426 = CARTESIAN_POINT ( 'NONE',  ( 0.1122047244094488277, -0.09251968503937008093, 0.000000000000000000 ) ) ;
#3427 = EDGE_CURVE ( 'NONE', #2845, #3770, #2624, .T. ) ;
#3428 = CARTESIAN_POINT ( 'NONE',  ( -0.1097440944881889757, 0.07499999999999999722, 0.000000000000000000 ) ) ;
#3429 = LINE ( 'NONE', #3797, #4906 ) ;
#3430 = UNCERTAINTY_MEASURE_WITH_UNIT (LENGTH_MEASURE( 1.000000000000000082E-05 ), #5914, 'distance_accuracy_value', 'NONE');
#3431 = VECTOR ( 'NONE', #2284, 39.37007874015748143 ) ;
#3432 = DIRECTION ( 'NONE',  ( 1.000000000000000000, 0.000000000000000000, -0.000000000000000000 ) ) ;
#3433 = AXIS2_PLACEMENT_3D ( 'NONE', #3834, #5697, #5256 ) ;
#3434 = ORIENTED_EDGE ( 'NONE', *, *, #5606, .T. ) ;
#3435 =( NAMED_UNIT ( * ) PLANE_ANGLE_UNIT ( ) SI_UNIT ( $, .RADIAN. ) );
#3436 = SURFACE_STYLE_FILL_AREA ( #3353 ) ;
#3437 = DIRECTION ( 'NONE',  ( -1.000000000000000000, -2.775557561562889872E-16, 0.000000000000000000 ) ) ;
#3438 = MECHANICAL_DESIGN_GEOMETRIC_PRESENTATION_REPRESENTATION (  '', ( #4298 ), #2858 ) ;
#3439 = PRESENTATION_LAYER_ASSIGNMENT (  '', '', ( #4108 ) ) ;
#3440 =( LENGTH_UNIT ( ) NAMED_UNIT ( * ) SI_UNIT ( $, .METRE. ) );
#3441 = PLANE ( 'NONE',  #2607 ) ;
#3442 = VECTOR ( 'NONE', #4643, 39.37007874015748143 ) ;
#3443 = VECTOR ( 'NONE', #3482, 39.37007874015748143 ) ;
#3444 = CARTESIAN_POINT ( 'NONE',  ( -0.09842519685039370636, 0.07499999999999999722, 0.01102362204724409607 ) ) ;
#3445 = COLOUR_RGB ( '',0.2862745098039215508, 0.2862745098039215508, 0.2862745098039215508 ) ;
#3446 = DIMENSIONAL_EXPONENTS ( 1.000000000000000000, 0.000000000000000000, 0.000000000000000000, 0.000000000000000000, 0.000000000000000000, 0.000000000000000000, 0.000000000000000000 ) ;
#3447 = PLANE ( 'NONE',  #313 ) ;
#3448 = VECTOR ( 'NONE', #383, 39.37007874015748143 ) ;
#3449 = EDGE_CURVE ( 'NONE', #1033, #1869, #1930, .T. ) ;
#3450 =( GEOMETRIC_REPRESENTATION_CONTEXT ( 3 ) GLOBAL_UNCERTAINTY_ASSIGNED_CONTEXT ( ( #4923 ) ) GLOBAL_UNIT_ASSIGNED_CONTEXT ( ( #4087, #4727, #2947 ) ) REPRESENTATION_CONTEXT ( 'NONE', 'WORKASPACE' ) );
#3451 = ORIENTED_EDGE ( 'NONE', *, *, #354, .F. ) ;
#3452 = EDGE_CURVE ( 'NONE', #2816, #275, #1502, .T. ) ;
#3453 =( CONVERSION_BASED_UNIT ( 'INCH', #2978 ) LENGTH_UNIT ( ) NAMED_UNIT ( #772 ) );
#3454 = SURFACE_STYLE_USAGE ( .BOTH. , #5795 ) ;
#3455 = STYLED_ITEM ( 'NONE', ( #3658 ), #5067 ) ;
#3456 = CARTESIAN_POINT ( 'NONE',  ( -0.05118110236220473064, 0.07874015748031495954, 0.01102362204724409607 ) ) ;
#3457 = VERTEX_POINT ( 'NONE', #1845 ) ;
#3458 = ORIENTED_EDGE ( 'NONE', *, *, #1859, .T. ) ;
#3459 = VECTOR ( 'NONE', #854, 39.37007874015748143 ) ;
#3460 = PRESENTATION_LAYER_ASSIGNMENT (  '', '', ( #2124 ) ) ;
#3461 = COLOUR_RGB ( '',0.2862745098039215508, 0.2862745098039215508, 0.2862745098039215508 ) ;
#3462 = CARTESIAN_POINT ( 'NONE',  ( 0.08464566929133858497, -0.07499999999999999722, 0.000000000000000000 ) ) ;
#3463 =( GEOMETRIC_REPRESENTATION_CONTEXT ( 3 ) GLOBAL_UNCERTAINTY_ASSIGNED_CONTEXT ( ( #2500 ) ) GLOBAL_UNIT_ASSIGNED_CONTEXT ( ( #1683, #1795, #3603 ) ) REPRESENTATION_CONTEXT ( 'NONE', 'WORKASPACE' ) );
#3464 = VERTEX_POINT ( 'NONE', #3757 ) ;
#3465 = FACE_OUTER_BOUND ( 'NONE', #5823, .T. ) ;
#3466 =( GEOMETRIC_REPRESENTATION_CONTEXT ( 3 ) GLOBAL_UNCERTAINTY_ASSIGNED_CONTEXT ( ( #801 ) ) GLOBAL_UNIT_ASSIGNED_CONTEXT ( ( #4250, #3344, #2128 ) ) REPRESENTATION_CONTEXT ( 'NONE', 'WORKASPACE' ) );
#3467 = ADVANCED_FACE ( 'NONE', ( #1967 ), #964, .F. ) ;
#3468 = FILL_AREA_STYLE_COLOUR ( '', #5876 ) ;
#3469 = PRESENTATION_STYLE_ASSIGNMENT (( #3906 ) ) ;
#3470 =( CONVERSION_BASED_UNIT ( 'INCH', #3078 ) LENGTH_UNIT ( ) NAMED_UNIT ( #4874 ) );
#3471 = CARTESIAN_POINT ( 'NONE',  ( -0.1161417322834645688, 0.01692913385826776140, 0.000000000000000000 ) ) ;
#3472 = SURFACE_SIDE_STYLE ('',( #504 ) ) ;
#3473 = PRESENTATION_STYLE_ASSIGNMENT (( #2560 ) ) ;
#3474 =( NAMED_UNIT ( * ) SI_UNIT ( $, .STERADIAN. ) SOLID_ANGLE_UNIT ( ) );
#3475 = FILL_AREA_STYLE_COLOUR ( '', #1091 ) ;
#3476 = CARTESIAN_POINT ( 'NONE',  ( -0.1091548873361931488, -0.09132447417272142320, 0.04309097106227412904 ) ) ;
#3477 = PRESENTATION_STYLE_ASSIGNMENT (( #4863 ) ) ;
#3478 = ORIENTED_EDGE ( 'NONE', *, *, #1849, .F. ) ;
#3479 = LINE ( 'NONE', #5303, #2572 ) ;
#3480 = VECTOR ( 'NONE', #4144, 39.37007874015748143 ) ;
#3481 = DIRECTION ( 'NONE',  ( 0.000000000000000000, -1.000000000000000000, -0.000000000000000000 ) ) ;
#3482 = DIRECTION ( 'NONE',  ( -0.000000000000000000, 0.000000000000000000, 1.000000000000000000 ) ) ;
#3483 =( LENGTH_UNIT ( ) NAMED_UNIT ( * ) SI_UNIT ( $, .METRE. ) );
#3484 = CARTESIAN_POINT ( 'NONE',  ( -0.05118110236220473064, -0.07874015748031495954, 0.01102362204724409607 ) ) ;
#3485 = DIRECTION ( 'NONE',  ( 0.000000000000000000, -1.000000000000000000, -0.000000000000000000 ) ) ;
#3486 = ORIENTED_EDGE ( 'NONE', *, *, #2327, .F. ) ;
#3487 = EDGE_CURVE ( 'NONE', #4316, #938, #1871, .T. ) ;
#3488 = PRESENTATION_LAYER_ASSIGNMENT (  '', '', ( #5339 ) ) ;
#3489 = ORIENTED_EDGE ( 'NONE', *, *, #5831, .F. ) ;
#3490 = DIMENSIONAL_EXPONENTS ( 1.000000000000000000, 0.000000000000000000, 0.000000000000000000, 0.000000000000000000, 0.000000000000000000, 0.000000000000000000, 0.000000000000000000 ) ;
#3491 = VECTOR ( 'NONE', #1701, 39.37007874015748143 ) ;
#3492 =( NAMED_UNIT ( * ) SI_UNIT ( $, .STERADIAN. ) SOLID_ANGLE_UNIT ( ) );
#3493 = CARTESIAN_POINT ( 'NONE',  ( -0.09842519685039370636, 0.06692913385826770867, 0.01102362204724409607 ) ) ;
#3494 = DIRECTION ( 'NONE',  ( 1.000000000000000000, 0.000000000000000000, 0.000000000000000000 ) ) ;
#3495 = PRESENTATION_STYLE_ASSIGNMENT (( #1182 ) ) ;
#3496 = EDGE_LOOP ( 'NONE', ( #3296, #482, #5223, #2587 ) ) ;
#3497 = CARTESIAN_POINT ( 'NONE',  ( 0.1161417322834645549, 0.08307086614173225803, 0.000000000000000000 ) ) ;
#3498 = AXIS2_PLACEMENT_3D ( 'NONE', #5488, #3166, #4458 ) ;
#3499 =( NAMED_UNIT ( * ) PLANE_ANGLE_UNIT ( ) SI_UNIT ( $, .RADIAN. ) );
#3500 =( NAMED_UNIT ( * ) SI_UNIT ( $, .STERADIAN. ) SOLID_ANGLE_UNIT ( ) );
#3501 = CARTESIAN_POINT ( 'NONE',  ( -0.1161417322834645549, -0.01692913385826767467, 0.000000000000000000 ) ) ;
#3502 = DIRECTION ( 'NONE',  ( 1.000000000000000000, 0.000000000000000000, 0.000000000000000000 ) ) ;
#3503 = CARTESIAN_POINT ( 'NONE',  ( -0.1097440944881889757, 0.06692913385826770867, 0.01102362204724409607 ) ) ;
#3504 = CARTESIAN_POINT ( 'NONE',  ( -0.02578740157480311282, -0.1013779527559055121, 0.000000000000000000 ) ) ;
#3505 =( NAMED_UNIT ( * ) PLANE_ANGLE_UNIT ( ) SI_UNIT ( $, .RADIAN. ) );
#3506 = DIRECTION ( 'NONE',  ( -0.000000000000000000, -0.000000000000000000, -1.000000000000000000 ) ) ;
#3507 = CARTESIAN_POINT ( 'NONE',  ( -0.1131191461491805744, -0.08951866624615589796, 0.03978160812310116423 ) ) ;
#3508 = CARTESIAN_POINT ( 'NONE',  ( -0.1129032691957076173, -0.09077891420826737778, 0.03889569978247375132 ) ) ;
#3509 = ADVANCED_FACE ( 'NONE', ( #248 ), #2512, .T. ) ;
#3510 = ORIENTED_EDGE ( 'NONE', *, *, #4796, .T. ) ;
#3511 = CARTESIAN_POINT ( 'NONE',  ( -0.02578740157480310588, 0.07874015748031495954, 0.000000000000000000 ) ) ;
#3512 = ORIENTED_EDGE ( 'NONE', *, *, #4638, .F. ) ;
#3513 =( NAMED_UNIT ( * ) SI_UNIT ( $, .STERADIAN. ) SOLID_ANGLE_UNIT ( ) );
#3514 = VERTEX_POINT ( 'NONE', #2484 ) ;
#3515 = VECTOR ( 'NONE', #5833, 39.37007874015748143 ) ;
#3516 = LINE ( 'NONE', #3883, #3515 ) ;
#3517 = EDGE_CURVE ( 'NONE', #938, #2950, #270, .T. ) ;
#3518 = DIRECTION ( 'NONE',  ( 1.000000000000000000, 1.411300455031980070E-16, 0.000000000000000000 ) ) ;
#3519 =( CONVERSION_BASED_UNIT ( 'INCH', #4500 ) LENGTH_UNIT ( ) NAMED_UNIT ( #2600 ) );
#3520 = VERTEX_POINT ( 'NONE', #5330 ) ;
#3521 = DIRECTION ( 'NONE',  ( 1.000000000000000000, 0.000000000000000000, -0.000000000000000000 ) ) ;
#3522 =( LENGTH_UNIT ( ) NAMED_UNIT ( * ) SI_UNIT ( $, .METRE. ) );
#3523 = VERTEX_POINT ( 'NONE', #1110 ) ;
#3524 = VECTOR ( 'NONE', #3235, 39.37007874015748143 ) ;
#3525 = EDGE_CURVE ( 'NONE', #1848, #4485, #3479, .T. ) ;
#3526 = DIMENSIONAL_EXPONENTS ( 1.000000000000000000, 0.000000000000000000, 0.000000000000000000, 0.000000000000000000, 0.000000000000000000, 0.000000000000000000, 0.000000000000000000 ) ;
#3527 = CARTESIAN_POINT ( 'NONE',  ( 0.09842519685039370636, -0.06692913385826770867, 0.01102362204724409607 ) ) ;
#3528 = PLANE ( 'NONE',  #1318 ) ;
#3529 = DIRECTION ( 'NONE',  ( -1.000000000000000000, -0.000000000000000000, -0.000000000000000000 ) ) ;
#3530 = FILL_AREA_STYLE ('',( #3046 ) ) ;
#3531 = PRESENTATION_LAYER_ASSIGNMENT (  '', '', ( #4682 ) ) ;
#3532 = MECHANICAL_DESIGN_GEOMETRIC_PRESENTATION_REPRESENTATION (  '', ( #4575 ), #4476 ) ;
#3533 = VECTOR ( 'NONE', #4963, 39.37007874015748143 ) ;
#3534 = SURFACE_SIDE_STYLE ('',( #780 ) ) ;
#3535 = CARTESIAN_POINT ( 'NONE',  ( -0.1161417322834645827, 0.09645669291338584972, 0.0009842519685039369942 ) ) ;
#3536 = CARTESIAN_POINT ( 'NONE',  ( -0.1113147800263711434, 0.09162974065629242437, 0.04193654726125710386 ) ) ;
#3537 = AXIS2_PLACEMENT_3D ( 'NONE', #2508, #2533, #3386 ) ;
#3538 = LINE ( 'NONE', #5357, #93 ) ;
#3539 = FILL_AREA_STYLE_COLOUR ( '', #4212 ) ;
#3540 = EDGE_CURVE ( 'NONE', #1306, #908, #2073, .T. ) ;
#3541 = MECHANICAL_DESIGN_GEOMETRIC_PRESENTATION_REPRESENTATION (  '', ( #5385 ), #5574 ) ;
#3542 = LINE ( 'NONE', #1261, #1106 ) ;
#3543 = PRESENTATION_LAYER_ASSIGNMENT (  '', '', ( #1822 ) ) ;
#3544 = FACE_OUTER_BOUND ( 'NONE', #4146, .T. ) ;
#3545 = SURFACE_STYLE_USAGE ( .BOTH. , #4931 ) ;
#3546 = CARTESIAN_POINT ( 'NONE',  ( -0.09842519685039370636, 0.06692913385826770867, 0.000000000000000000 ) ) ;
#3547 = ORIENTED_EDGE ( 'NONE', *, *, #5884, .T. ) ;
#3548 = ORIENTED_EDGE ( 'NONE', *, *, #2007, .T. ) ;
#3549 = STYLED_ITEM ( 'NONE', ( #4753 ), #1277 ) ;
#3550 = DIRECTION ( 'NONE',  ( 0.000000000000000000, -0.000000000000000000, 1.000000000000000000 ) ) ;
#3551 = EDGE_LOOP ( 'NONE', ( #364, #5865 ) ) ;
#3552 = CARTESIAN_POINT ( 'NONE',  ( 0.1161417322834645688, -0.08307086614173228578, 0.0009842519685039369942 ) ) ;
#3553 = DIMENSIONAL_EXPONENTS ( 1.000000000000000000, 0.000000000000000000, 0.000000000000000000, 0.000000000000000000, 0.000000000000000000, 0.000000000000000000, 0.000000000000000000 ) ;
#3554 = ORIENTED_EDGE ( 'NONE', *, *, #4396, .T. ) ;
#3555 = DIRECTION ( 'NONE',  ( -0.000000000000000000, -0.000000000000000000, -1.000000000000000000 ) ) ;
#3556 = CIRCLE ( 'NONE', #410, 0.003937007874015731497 ) ;
#3557 = UNCERTAINTY_MEASURE_WITH_UNIT (LENGTH_MEASURE( 1.000000000000000082E-05 ), #1357, 'distance_accuracy_value', 'NONE');
#3558 = SURFACE_STYLE_FILL_AREA ( #4469 ) ;
#3559 =( GEOMETRIC_REPRESENTATION_CONTEXT ( 3 ) GLOBAL_UNCERTAINTY_ASSIGNED_CONTEXT ( ( #4302 ) ) GLOBAL_UNIT_ASSIGNED_CONTEXT ( ( #1826, #913, #61 ) ) REPRESENTATION_CONTEXT ( 'NONE', 'WORKASPACE' ) );
#3560 = STYLED_ITEM ( 'NONE', ( #550 ), #197 ) ;
#3561 = ADVANCED_FACE ( 'NONE', ( #3004 ), #2136, .T. ) ;
#3562 = SURFACE_SIDE_STYLE ('',( #5011 ) ) ;
#3563 = CARTESIAN_POINT ( 'NONE',  ( 0.1122154787034354284, -0.09645666353683744754, 0.01102390154643143570 ) ) ;
#3564 = EDGE_CURVE ( 'NONE', #2320, #1461, #1823, .T. ) ;
#3565 = DIRECTION ( 'NONE',  ( 0.000000000000000000, -0.000000000000000000, 1.000000000000000000 ) ) ;
#3566 = FACE_OUTER_BOUND ( 'NONE', #704, .T. ) ;
#3567 = FILL_AREA_STYLE ('',( #3650 ) ) ;
#3569 = ORIENTED_EDGE ( 'NONE', *, *, #3942, .T. ) ;
#3568 =( NAMED_UNIT ( * ) SI_UNIT ( $, .STERADIAN. ) SOLID_ANGLE_UNIT ( ) );
#3570 = DIRECTION ( 'NONE',  ( 0.000000000000000000, -0.000000000000000000, 1.000000000000000000 ) ) ;
#3571 = FILL_AREA_STYLE ('',( #4413 ) ) ;
#3572 = LINE ( 'NONE', #3031, #5883 ) ;
#3573 = ORIENTED_EDGE ( 'NONE', *, *, #3427, .F. ) ;
#3574 = EDGE_CURVE ( 'NONE', #4181, #3407, #786, .T. ) ;
#3575 = VERTEX_POINT ( 'NONE', #3675 ) ;
#3576 = MECHANICAL_DESIGN_GEOMETRIC_PRESENTATION_REPRESENTATION (  '', ( #1183 ), #1680 ) ;
#3577 =( NAMED_UNIT ( * ) SI_UNIT ( $, .STERADIAN. ) SOLID_ANGLE_UNIT ( ) );
#3578 = STYLED_ITEM ( 'NONE', ( #161 ), #2454 ) ;
#3579 = SURFACE_STYLE_USAGE ( .BOTH. , #3036 ) ;
#3580 = EDGE_CURVE ( 'NONE', #101, #297, #1223, .T. ) ;
#3581 =( GEOMETRIC_REPRESENTATION_CONTEXT ( 3 ) GLOBAL_UNCERTAINTY_ASSIGNED_CONTEXT ( ( #5691 ) ) GLOBAL_UNIT_ASSIGNED_CONTEXT ( ( #1255, #5443, #1319 ) ) REPRESENTATION_CONTEXT ( 'NONE', 'WORKASPACE' ) );
#3582 = EDGE_LOOP ( 'NONE', ( #2162, #728, #3896, #3017 ) ) ;
#3583 = DIRECTION ( 'NONE',  ( 1.000000000000000000, 0.000000000000000000, 0.000000000000000000 ) ) ;
#3584 = DIRECTION ( 'NONE',  ( 0.000000000000000000, 1.000000000000000000, 0.000000000000000000 ) ) ;
#3585 = FACE_OUTER_BOUND ( 'NONE', #5763, .T. ) ;
#3586 = APPLICATION_CONTEXT ( 'automotive_design' ) ;
#3587 = DIRECTION ( 'NONE',  ( 1.000000000000000000, -0.000000000000000000, -0.000000000000000000 ) ) ;
#3588 =( LENGTH_UNIT ( ) NAMED_UNIT ( * ) SI_UNIT ( $, .METRE. ) );
#3589 = FACE_OUTER_BOUND ( 'NONE', #5378, .T. ) ;
#3590 = EDGE_CURVE ( 'NONE', #4747, #3241, #3053, .T. ) ;
#3591 = DIRECTION ( 'NONE',  ( 1.000000000000000000, -0.000000000000000000, 0.000000000000000000 ) ) ;
#3592 = CARTESIAN_POINT ( 'NONE',  ( -0.1080246379609846874, 0.09077891420826737778, 0.04290866681146488643 ) ) ;
#3593 = COLOUR_RGB ( '',0.8313725490196077761, 0.8313725490196077761, 0.8313725490196077761 ) ;
#3594 = LINE ( 'NONE', #2712, #272 ) ;
#3595 = DIRECTION ( 'NONE',  ( -0.000000000000000000, 0.000000000000000000, 1.000000000000000000 ) ) ;
#3596 =( LENGTH_UNIT ( ) NAMED_UNIT ( * ) SI_UNIT ( $, .METRE. ) );
#3597 = CARTESIAN_POINT ( 'NONE',  ( 2.185478394931409404E-17, -0.08307086614173228578, 0.0009842519685039369942 ) ) ;
#3598 = VERTEX_POINT ( 'NONE', #2356 ) ;
#3599 = VERTEX_POINT ( 'NONE', #4896 ) ;
#3600 = DIMENSIONAL_EXPONENTS ( 1.000000000000000000, 0.000000000000000000, 0.000000000000000000, 0.000000000000000000, 0.000000000000000000, 0.000000000000000000, 0.000000000000000000 ) ;
#3601 = CARTESIAN_POINT ( 'NONE',  ( -0.1210629921259842590, 0.08307086614173228578, 0.01102362204724409607 ) ) ;
#3602 = ORIENTED_EDGE ( 'NONE', *, *, #4480, .T. ) ;
#3603 =( NAMED_UNIT ( * ) SI_UNIT ( $, .STERADIAN. ) SOLID_ANGLE_UNIT ( ) );
#3604 = ORIENTED_EDGE ( 'NONE', *, *, #3953, .F. ) ;
#3605 =( NAMED_UNIT ( * ) SI_UNIT ( $, .STERADIAN. ) SOLID_ANGLE_UNIT ( ) );
#3606 = COLOUR_RGB ( '',0.2862745098039215508, 0.2862745098039215508, 0.2862745098039215508 ) ;
#3607 = EDGE_CURVE ( 'NONE', #2376, #2064, #918, .T. ) ;
#3608 = SURFACE_STYLE_FILL_AREA ( #5005 ) ;
#3609 = CARTESIAN_POINT ( 'NONE',  ( -0.05118110236220471676, -0.07874015748031495954, 0.0009842519685039369942 ) ) ;
#3610 = COLOUR_RGB ( '',0.8313725490196077761, 0.8313725490196077761, 0.8313725490196077761 ) ;
#3611 = PLANE ( 'NONE',  #56 ) ;
#3612 =( LENGTH_UNIT ( ) NAMED_UNIT ( * ) SI_UNIT ( $, .METRE. ) );
#3613 = CARTESIAN_POINT ( 'NONE',  ( 0.1113147800263711990, 0.09162974065629243825, 0.04193654726125711774 ) ) ;
#3614 = SURFACE_SIDE_STYLE ('',( #5903 ) ) ;
#3615 = FACE_OUTER_BOUND ( 'NONE', #1812, .T. ) ;
#3616 = COLOUR_RGB ( '',0.2862745098039215508, 0.2862745098039215508, 0.2862745098039215508 ) ;
#3617 = VERTEX_POINT ( 'NONE', #4568 ) ;
#3618 = SURFACE_STYLE_USAGE ( .BOTH. , #4951 ) ;
#3619 = CARTESIAN_POINT ( 'NONE',  ( 0.1161354366070603689, 0.09482670000232275298, 0.01114330708994851898 ) ) ;
#3620 = STYLED_ITEM ( 'NONE', ( #4472 ), #555 ) ;
#3621 = SURFACE_STYLE_USAGE ( .BOTH. , #5426 ) ;
#3622 = CARTESIAN_POINT ( 'NONE',  ( -0.1210629921259842590, 0.01692913385826775793, 0.000000000000000000 ) ) ;
#3623 = CARTESIAN_POINT ( 'NONE',  ( 0.09842519685039370636, 0.08307086614173228578, 0.000000000000000000 ) ) ;
#3624 = VERTEX_POINT ( 'NONE', #3219 ) ;
#3625 = ADVANCED_FACE ( 'NONE', ( #977 ), #5208, .T. ) ;
#3626 = VERTEX_POINT ( 'NONE', #2707 ) ;
#3627 = APPLICATION_CONTEXT ( 'automotive_design' ) ;
#3628 = ADVANCED_FACE ( 'NONE', ( #4539 ), #5721, .T. ) ;
#3629 = VECTOR ( 'NONE', #3189, 39.37007874015748143 ) ;
#3630 = VECTOR ( 'NONE', #5919, 39.37007874015748143 ) ;
#3631 = DIRECTION ( 'NONE',  ( 0.000000000000000000, 0.000000000000000000, -1.000000000000000000 ) ) ;
#3632 = CARTESIAN_POINT ( 'NONE',  ( -0.009645669291338582543, -0.09645669291338584972, 0.000000000000000000 ) ) ;
#3633 = FILL_AREA_STYLE_COLOUR ( '', #229 ) ;
#3634 = ORIENTED_EDGE ( 'NONE', *, *, #3182, .T. ) ;
#3635 = CARTESIAN_POINT ( 'NONE',  ( -0.1161417322834645827, 0.09645669291338584972, 0.0009842519685039369942 ) ) ;
#3636 = EDGE_LOOP ( 'NONE', ( #474, #822, #1852, #1675, #1537, #3269 ) ) ;
#3637 = DIRECTION ( 'NONE',  ( 0.000000000000000000, 0.000000000000000000, 1.000000000000000000 ) ) ;
#3638 = PRESENTATION_LAYER_ASSIGNMENT (  '', '', ( #5087 ) ) ;
#3639 = DIMENSIONAL_EXPONENTS ( 1.000000000000000000, 0.000000000000000000, 0.000000000000000000, 0.000000000000000000, 0.000000000000000000, 0.000000000000000000, 0.000000000000000000 ) ;
#3640 = FACE_OUTER_BOUND ( 'NONE', #1765, .T. ) ;
#3641 = CARTESIAN_POINT ( 'NONE',  ( -0.1122047244094488277, -0.09645669291338584972, 0.0009842519685039369942 ) ) ;
#3642 = COLOUR_RGB ( '',0.2862745098039215508, 0.2862745098039215508, 0.2862745098039215508 ) ;
#3643 = FILL_AREA_STYLE_COLOUR ( '', #5698 ) ;
#3644 = MECHANICAL_DESIGN_GEOMETRIC_PRESENTATION_REPRESENTATION (  '', ( #2030 ), #4997 ) ;
#3645 = EDGE_CURVE ( 'NONE', #567, #2886, #3860, .T. ) ;
#3646 = STYLED_ITEM ( 'NONE', ( #3823 ), #5448 ) ;
#3647 = CARTESIAN_POINT ( 'NONE',  ( 0.1080246379609846180, 0.09077891420826737778, 0.04290866681146489336 ) ) ;
#3648 =( GEOMETRIC_REPRESENTATION_CONTEXT ( 3 ) GLOBAL_UNCERTAINTY_ASSIGNED_CONTEXT ( ( #1853 ) ) GLOBAL_UNIT_ASSIGNED_CONTEXT ( ( #2926, #5688, #4734 ) ) REPRESENTATION_CONTEXT ( 'NONE', 'WORKASPACE' ) );
#3649 = DIRECTION ( 'NONE',  ( -1.000000000000000000, -1.411300455031980070E-16, -0.000000000000000000 ) ) ;
#3650 = FILL_AREA_STYLE_COLOUR ( '', #5307 ) ;
#3651 =( NAMED_UNIT ( * ) PLANE_ANGLE_UNIT ( ) SI_UNIT ( $, .RADIAN. ) );
#3652 = ORIENTED_EDGE ( 'NONE', *, *, #5283, .F. ) ;
#3653 = PLANE ( 'NONE',  #125 ) ;
#3654 = LENGTH_MEASURE_WITH_UNIT ( LENGTH_MEASURE( 0.02539999999999999897 ), #3165 );
#3655 = DIRECTION ( 'NONE',  ( 0.000000000000000000, 1.000000000000000000, 0.000000000000000000 ) ) ;
#3656 = PRESENTATION_STYLE_ASSIGNMENT (( #2777 ) ) ;
#3657 = DIRECTION ( 'NONE',  ( 1.000000000000000000, -0.000000000000000000, 0.000000000000000000 ) ) ;
#3658 = PRESENTATION_STYLE_ASSIGNMENT (( #4047 ) ) ;
#3659 = ORIENTED_EDGE ( 'NONE', *, *, #5016, .T. ) ;
#3660 = COLOUR_RGB ( '',0.2862745098039215508, 0.2862745098039215508, 0.2862745098039215508 ) ;
#3661 = EDGE_LOOP ( 'NONE', ( #4254, #1552, #4207, #1705 ) ) ;
#3662 = DIRECTION ( 'NONE',  ( 0.000000000000000000, 0.000000000000000000, 1.000000000000000000 ) ) ;
#3663 = DIRECTION ( 'NONE',  ( 1.000000000000000000, 0.000000000000000000, -0.000000000000000000 ) ) ;
#3664 = EDGE_CURVE ( 'NONE', #2548, #4139, #1579, .T. ) ;
#3665 = DIRECTION ( 'NONE',  ( 0.000000000000000000, 1.000000000000000000, 0.000000000000000000 ) ) ;
#3666 = VERTEX_POINT ( 'NONE', #4737 ) ;
#3667 = DIRECTION ( 'NONE',  ( -0.000000000000000000, 1.000000000000000000, 0.000000000000000000 ) ) ;
#3668 = VERTEX_POINT ( 'NONE', #5231 ) ;
#3669 = MECHANICAL_DESIGN_GEOMETRIC_PRESENTATION_REPRESENTATION (  '', ( #2900 ), #4834 ) ;
#3670 = PRESENTATION_STYLE_ASSIGNMENT (( #5533 ) ) ;
#3671 = AXIS2_PLACEMENT_3D ( 'NONE', #2131, #781, #3950 ) ;
#3672 = SURFACE_SIDE_STYLE ('',( #4118 ) ) ;
#3673 = CARTESIAN_POINT ( 'NONE',  ( -0.009645669291338582543, 0.07874015748031495954, 0.000000000000000000 ) ) ;
#3674 = FILL_AREA_STYLE ('',( #2825 ) ) ;
#3675 = CARTESIAN_POINT ( 'NONE',  ( -0.009645669291338582543, 0.09645669291338580809, 0.01102362204724408913 ) ) ;
#3676 =( GEOMETRIC_REPRESENTATION_CONTEXT ( 3 ) GLOBAL_UNCERTAINTY_ASSIGNED_CONTEXT ( ( #1039 ) ) GLOBAL_UNIT_ASSIGNED_CONTEXT ( ( #2166, #2656, #1365 ) ) REPRESENTATION_CONTEXT ( 'NONE', 'WORKASPACE' ) );
#3677 = LENGTH_MEASURE_WITH_UNIT ( LENGTH_MEASURE( 0.02539999999999999897 ), #4642 );
#3678 =( NAMED_UNIT ( * ) PLANE_ANGLE_UNIT ( ) SI_UNIT ( $, .RADIAN. ) );
#3679 = DIRECTION ( 'NONE',  ( -0.000000000000000000, -0.000000000000000000, 1.000000000000000000 ) ) ;
#3680 = CARTESIAN_POINT ( 'NONE',  ( 0.1210629921259842590, -0.06692913385826770867, 0.01102362204724409607 ) ) ;
#3681 = DIMENSIONAL_EXPONENTS ( 1.000000000000000000, 0.000000000000000000, 0.000000000000000000, 0.000000000000000000, 0.000000000000000000, 0.000000000000000000, 0.000000000000000000 ) ;
#3682 = FILL_AREA_STYLE_COLOUR ( '', #4400 ) ;
#3683 = AXIS2_PLACEMENT_3D ( 'NONE', #2406, #45, #4685 ) ;
#3684 = ORIENTED_EDGE ( 'NONE', *, *, #1208, .F. ) ;
#3685 = EDGE_CURVE ( 'NONE', #4802, #5499, #4304, .T. ) ;
#3686 = LINE ( 'NONE', #558, #2856 ) ;
#3687 =( NAMED_UNIT ( * ) SI_UNIT ( $, .STERADIAN. ) SOLID_ANGLE_UNIT ( ) );
#3688 = DIRECTION ( 'NONE',  ( 1.000000000000000000, 0.000000000000000000, 0.000000000000000000 ) ) ;
#3689 = VERTEX_POINT ( 'NONE', #2470 ) ;
#3690 = ORIENTED_EDGE ( 'NONE', *, *, #4555, .T. ) ;
#3691 = UNCERTAINTY_MEASURE_WITH_UNIT (LENGTH_MEASURE( 1.000000000000000082E-05 ), #835, 'distance_accuracy_value', 'NONE');
#3692 =( CONVERSION_BASED_UNIT ( 'INCH', #5181 ) LENGTH_UNIT ( ) NAMED_UNIT ( #4515 ) );
#3693 =( NAMED_UNIT ( * ) PLANE_ANGLE_UNIT ( ) SI_UNIT ( $, .RADIAN. ) );
#3694 = CARTESIAN_POINT ( 'NONE',  ( -0.1131191461491805744, 0.08951866624615589796, 0.03978160812310116423 ) ) ;
#3695 = DIRECTION ( 'NONE',  ( 1.000000000000000000, 0.000000000000000000, -0.000000000000000000 ) ) ;
#3696 = FILL_AREA_STYLE_COLOUR ( '', #4922 ) ;
#3697 = EDGE_LOOP ( 'NONE', ( #877, #4165, #2118, #2985 ) ) ;
#3698 = SURFACE_SIDE_STYLE ('',( #3762 ) ) ;
#3699 = ORIENTED_EDGE ( 'NONE', *, *, #354, .T. ) ;
#3700 = PRODUCT_CONTEXT ( 'NONE', #4827, 'mechanical' ) ;
#3701 = ADVANCED_FACE ( 'NONE', ( #5135 ), #1977, .T. ) ;
#3702 = CARTESIAN_POINT ( 'NONE',  ( -0.1113147800263711434, 0.09162974065629242437, 0.04193654726125711080 ) ) ;
#3703 = DIRECTION ( 'NONE',  ( 0.000000000000000000, -0.1045284632676530129, 0.9945218953682732899 ) ) ;
#3704 = DIRECTION ( 'NONE',  ( 0.000000000000000000, 0.000000000000000000, 1.000000000000000000 ) ) ;
#3705 = DIMENSIONAL_EXPONENTS ( 1.000000000000000000, 0.000000000000000000, 0.000000000000000000, 0.000000000000000000, 0.000000000000000000, 0.000000000000000000, 0.000000000000000000 ) ;
#3706 = SURFACE_SIDE_STYLE ('',( #5848 ) ) ;
#3707 =( GEOMETRIC_REPRESENTATION_CONTEXT ( 3 ) GLOBAL_UNCERTAINTY_ASSIGNED_CONTEXT ( ( #2429 ) ) GLOBAL_UNIT_ASSIGNED_CONTEXT ( ( #4334, #1274, #3492 ) ) REPRESENTATION_CONTEXT ( 'NONE', 'WORKASPACE' ) );
#3708 =( NAMED_UNIT ( * ) SI_UNIT ( $, .STERADIAN. ) SOLID_ANGLE_UNIT ( ) );
#3709 = LINE ( 'NONE', #3743, #5282 ) ;
#3710 = SURFACE_SIDE_STYLE ('',( #1889 ) ) ;
#3711 = DIRECTION ( 'NONE',  ( -0.000000000000000000, -0.000000000000000000, -1.000000000000000000 ) ) ;
#3712 = EDGE_LOOP ( 'NONE', ( #1206, #4502, #926, #4681 ) ) ;
#3713 = CARTESIAN_POINT ( 'NONE',  ( -0.1091548873361932598, -0.09132447417272140933, 0.04309097106227410823 ) ) ;
#3714 = CARTESIAN_POINT ( 'NONE',  ( 0.1150550738846283089, -0.08544681273289435330, 0.04151168478572735132 ) ) ;
#3715 = PLANE ( 'NONE',  #1356 ) ;
#3716 = SURFACE_SIDE_STYLE ('',( #5116 ) ) ;
#3717 = CARTESIAN_POINT ( 'NONE',  ( 0.1092037056162346587, 0.08951866624615591184, 0.03937007874015747977 ) ) ;
#3718 = ORIENTED_EDGE ( 'NONE', *, *, #1254, .F. ) ;
#3719 = ORIENTED_EDGE ( 'NONE', *, *, #2681, .F. ) ;
#3720 = ADVANCED_FACE ( 'NONE', ( #5869 ), #4946, .T. ) ;
#3721 = VECTOR ( 'NONE', #4591, 39.37007874015748143 ) ;
#3722 = PRESENTATION_LAYER_ASSIGNMENT (  '', '', ( #4575 ) ) ;
#3723 =( NAMED_UNIT ( * ) PLANE_ANGLE_UNIT ( ) SI_UNIT ( $, .RADIAN. ) );
#3724 = CARTESIAN_POINT ( 'NONE',  ( 0.09842519685039370636, 0.06692913385826772255, 0.0009842519685039369942 ) ) ;
#3725 = MECHANICAL_DESIGN_GEOMETRIC_PRESENTATION_REPRESENTATION (  '', ( #3911 ), #4398 ) ;
#3726 = VERTEX_POINT ( 'NONE', #3043 ) ;
#3727 = CARTESIAN_POINT ( 'NONE',  ( -0.09842519685039370636, -0.07499999999999999722, 0.01102362204724409607 ) ) ;
#3728 = ORIENTED_EDGE ( 'NONE', *, *, #5214, .T. ) ;
#3729 = ITEM_DEFINED_TRANSFORMATION ( 'NONE', 'NONE', #2750,  #845 ) ;
#3730 = MECHANICAL_DESIGN_GEOMETRIC_PRESENTATION_REPRESENTATION (  '', ( #3826 ), #5279 ) ;
#3731 = SHAPE_REPRESENTATION ( 'Package', ( #845 ), #1338 ) ;
#3732 = AXIS2_PLACEMENT_3D ( 'NONE', #2034, #2952, #1121 ) ;
#3733 = DIRECTION ( 'NONE',  ( 0.000000000000000000, -1.000000000000000000, 0.000000000000000000 ) ) ;
#3734 = ORIENTED_EDGE ( 'NONE', *, *, #5749, .F. ) ;
#3735 = MECHANICAL_DESIGN_GEOMETRIC_PRESENTATION_REPRESENTATION (  '', ( #2972 ), #863 ) ;
#3736 = STYLED_ITEM ( 'NONE', ( #5166 ), #3628 ) ;
#3737 = SURFACE_SIDE_STYLE ('',( #604 ) ) ;
#3738 = CARTESIAN_POINT ( 'NONE',  ( -0.1097440944881889757, 0.07499999999999999722, 0.01102362204724409607 ) ) ;
#3739 = STYLED_ITEM ( 'NONE', ( #5184 ), #1288 ) ;
#3740 = CARTESIAN_POINT ( 'NONE',  ( 0.1107909172698221811, 0.08727044563203949223, 0.04507992005624348458 ) ) ;
#3741 = STYLED_ITEM ( 'NONE', ( #2422 ), #5098 ) ;
#3742 = FILL_AREA_STYLE_COLOUR ( '', #4437 ) ;
#3743 = CARTESIAN_POINT ( 'NONE',  ( -0.02903543307086610403, -0.09343410677910184148, 0.03978160812310116423 ) ) ;
#3744 = EDGE_CURVE ( 'NONE', #4392, #1569, #3943, .T. ) ;
#3745 = MECHANICAL_DESIGN_GEOMETRIC_PRESENTATION_REPRESENTATION (  '', ( #3646 ), #3258 ) ;
#3746 = MECHANICAL_DESIGN_GEOMETRIC_PRESENTATION_REPRESENTATION (  '', ( #2124 ), #1841 ) ;
#3747 = AXIS2_PLACEMENT_3D ( 'NONE', #5045, #71, #4989 ) ;
#3748 = ORIENTED_EDGE ( 'NONE', *, *, #5791, .T. ) ;
#3749 = CARTESIAN_POINT ( 'NONE',  ( -0.1113147800263711434, -0.09162974065629243825, 0.04193654726125713855 ) ) ;
#3750 = DIMENSIONAL_EXPONENTS ( 1.000000000000000000, 0.000000000000000000, 0.000000000000000000, 0.000000000000000000, 0.000000000000000000, 0.000000000000000000, 0.000000000000000000 ) ;
#3751 = CARTESIAN_POINT ( 'NONE',  ( 0.1131581964095409037, -0.08948880716714467665, 0.04218127293930250959 ) ) ;
#3752 = DIRECTION ( 'NONE',  ( -1.000000000000000000, -1.411300455031980070E-16, -0.000000000000000000 ) ) ;
#3753 = DIRECTION ( 'NONE',  ( 1.000000000000000000, 0.000000000000000000, -0.000000000000000000 ) ) ;
#3754 = ORIENTED_EDGE ( 'NONE', *, *, #1776, .T. ) ;
#3755 = UNCERTAINTY_MEASURE_WITH_UNIT (LENGTH_MEASURE( 1.000000000000000082E-05 ), #3692, 'distance_accuracy_value', 'NONE');
#3756 = CARTESIAN_POINT ( 'NONE',  ( -0.1113147800263711434, 0.09162974065629242437, 0.04193654726125711774 ) ) ;
#3757 = CARTESIAN_POINT ( 'NONE',  ( -0.1210629921259842590, -0.08307086614173228578, 0.000000000000000000 ) ) ;
#3758 = EDGE_CURVE ( 'NONE', #1643, #505, #1187, .T. ) ;
#3759 = CARTESIAN_POINT ( 'NONE',  ( 0.1092037056162346587, 0.09125274960023661841, 0.04290462056635819393 ) ) ;
#3760 = CARTESIAN_POINT ( 'NONE',  ( -0.02578740157480310588, -0.07874015748031495954, 0.01102362204724409607 ) ) ;
#3761 = ORIENTED_EDGE ( 'NONE', *, *, #5718, .F. ) ;
#3762 = SURFACE_STYLE_FILL_AREA ( #142 ) ;
#3763 = VERTEX_POINT ( 'NONE', #4856 ) ;
#3764 = APPLICATION_PROTOCOL_DEFINITION ( 'draft international standard', 'automotive_design', 1998, #4827 ) ;
#3765 = VECTOR ( 'NONE', #4041, 39.37007874015748143 ) ;
#3766 = DIRECTION ( 'NONE',  ( 1.000000000000000000, -0.000000000000000000, 0.000000000000000000 ) ) ;
#3767 = ADVANCED_FACE ( 'NONE', ( #1744 ), #2618, .T. ) ;
#3768 =( CONVERSION_BASED_UNIT ( 'INCH', #1944 ) LENGTH_UNIT ( ) NAMED_UNIT ( #1667 ) );
#3769 = FACE_OUTER_BOUND ( 'NONE', #3141, .T. ) ;
#3770 = VERTEX_POINT ( 'NONE', #5285 ) ;
#3771 = CARTESIAN_POINT ( 'NONE',  ( -0.09842519685039370636, 0.08307086614173228578, 0.000000000000000000 ) ) ;
#3772 = DIRECTION ( 'NONE',  ( 0.000000000000000000, -0.000000000000000000, 1.000000000000000000 ) ) ;
#3773 = FILL_AREA_STYLE_COLOUR ( '', #507 ) ;
#3774 = VECTOR ( 'NONE', #3570, 39.37007874015748143 ) ;
#3775 = CARTESIAN_POINT ( 'NONE',  ( 0.1092037056162346448, -0.08951866624615589796, 0.03937007874015747977 ) ) ;
#3776 =( NAMED_UNIT ( * ) SI_UNIT ( $, .STERADIAN. ) SOLID_ANGLE_UNIT ( ) );
#3777 = ADVANCED_FACE ( 'NONE', ( #940 ), #1341, .F. ) ;
#3778 = CARTESIAN_POINT ( 'NONE',  ( -0.1075188574025642829, -0.09537850271340317376, 0.04110202206830479432 ) ) ;
#3779 = SURFACE_SIDE_STYLE ('',( #2401 ) ) ;
#3780 = DIRECTION ( 'NONE',  ( 0.000000000000000000, 1.000000000000000000, 0.000000000000000000 ) ) ;
#3781 = AXIS2_PLACEMENT_3D ( 'NONE', #1325, #4899, #4019 ) ;
#3782 = CARTESIAN_POINT ( 'NONE',  ( -0.1122154787034354423, 0.09645666353683743366, 0.01102390154643143917 ) ) ;
#3783 = UNCERTAINTY_MEASURE_WITH_UNIT (LENGTH_MEASURE( 1.000000000000000082E-05 ), #1101, 'distance_accuracy_value', 'NONE');
#3784 = CARTESIAN_POINT ( 'NONE',  ( 0.05807086614173229133, 0.09645669291338572482, 0.01102362204724408566 ) ) ;
#3785 =( GEOMETRIC_REPRESENTATION_CONTEXT ( 3 ) GLOBAL_UNCERTAINTY_ASSIGNED_CONTEXT ( ( #5251 ) ) GLOBAL_UNIT_ASSIGNED_CONTEXT ( ( #357, #836, #4411 ) ) REPRESENTATION_CONTEXT ( 'NONE', 'WORKASPACE' ) );
#3786 = LINE ( 'NONE', #931, #1693 ) ;
#3787 = SURFACE_STYLE_FILL_AREA ( #2319 ) ;
#3788 = ORIENTED_EDGE ( 'NONE', *, *, #893, .F. ) ;
#3789 = DIRECTION ( 'NONE',  ( 0.000000000000000000, 0.000000000000000000, -1.000000000000000000 ) ) ;
#3790 = DIMENSIONAL_EXPONENTS ( 1.000000000000000000, 0.000000000000000000, 0.000000000000000000, 0.000000000000000000, 0.000000000000000000, 0.000000000000000000, 0.000000000000000000 ) ;
#3791 = ORIENTED_EDGE ( 'NONE', *, *, #4329, .T. ) ;
#3792 = LINE ( 'NONE', #3821, #1215 ) ;
#3793 = VERTEX_POINT ( 'NONE', #5895 ) ;
#3794 = PRESENTATION_STYLE_ASSIGNMENT (( #4733 ) ) ;
#3795 = PRODUCT_DEFINITION_FORMATION_WITH_SPECIFIED_SOURCE ( 'ANY', '', #5766, .NOT_KNOWN. ) ;
#3796 =( CONVERSION_BASED_UNIT ( 'INCH', #2035 ) LENGTH_UNIT ( ) NAMED_UNIT ( #2257 ) );
#3797 = CARTESIAN_POINT ( 'NONE',  ( 0.1097440944881889757, -0.06692913385826770867, 0.01102362204724409607 ) ) ;
#3798 = EDGE_CURVE ( 'NONE', #2110, #938, #246, .T. ) ;
#3799 = UNCERTAINTY_MEASURE_WITH_UNIT (LENGTH_MEASURE( 1.000000000000000082E-05 ), #3199, 'distance_accuracy_value', 'NONE');
#3800 = ORIENTED_EDGE ( 'NONE', *, *, #1103, .F. ) ;
#3801 = DIRECTION ( 'NONE',  ( -0.000000000000000000, 0.000000000000000000, 1.000000000000000000 ) ) ;
#3802 = LINE ( 'NONE', #2392, #3442 ) ;
#3803 = DIRECTION ( 'NONE',  ( 0.000000000000000000, 0.000000000000000000, -1.000000000000000000 ) ) ;
#3804 = VECTOR ( 'NONE', #4043, 39.37007874015748143 ) ;
#3805 = ORIENTED_EDGE ( 'NONE', *, *, #5739, .F. ) ;
#3806 = CARTESIAN_POINT ( 'NONE',  ( -0.1058728332720639959, -0.09611101568364036063, 0.04029268180821135581 ) ) ;
#3807 = LINE ( 'NONE', #1633, #5137 ) ;
#3808 = DIRECTION ( 'NONE',  ( 0.000000000000000000, 0.000000000000000000, 1.000000000000000000 ) ) ;
#3809 = AXIS2_PLACEMENT_3D ( 'NONE', #3054, #2603, #4438 ) ;
#3810 =( GEOMETRIC_REPRESENTATION_CONTEXT ( 3 ) GLOBAL_UNCERTAINTY_ASSIGNED_CONTEXT ( ( #1669 ) ) GLOBAL_UNIT_ASSIGNED_CONTEXT ( ( #4793, #1122, #630 ) ) REPRESENTATION_CONTEXT ( 'NONE', 'WORKASPACE' ) );
#3811 = UNCERTAINTY_MEASURE_WITH_UNIT (LENGTH_MEASURE( 1.000000000000000082E-05 ), #1806, 'distance_accuracy_value', 'NONE');
#3812 = FILL_AREA_STYLE ('',( #1929 ) ) ;
#3813 =( NAMED_UNIT ( * ) PLANE_ANGLE_UNIT ( ) SI_UNIT ( $, .RADIAN. ) );
#3814 =( LENGTH_UNIT ( ) NAMED_UNIT ( * ) SI_UNIT ( $, .METRE. ) );
#3815 = FILL_AREA_STYLE_COLOUR ( '', #5095 ) ;
#3816 = EDGE_CURVE ( 'NONE', #101, #2609, #851, .T. ) ;
#3817 = ORIENTED_EDGE ( 'NONE', *, *, #4819, .T. ) ;
#3818 = ADVANCED_FACE ( 'NONE', ( #972 ), #4631, .F. ) ;
#3819 = ORIENTED_EDGE ( 'NONE', *, *, #4865, .T. ) ;
#3820 = COLOUR_RGB ( '',0.2862745098039215508, 0.2862745098039215508, 0.2862745098039215508 ) ;
#3821 = CARTESIAN_POINT ( 'NONE',  ( -0.1097440944881889757, -0.06692913385826770867, 0.01102362204724409607 ) ) ;
#3822 = VECTOR ( 'NONE', #4230, 39.37007874015748143 ) ;
#3823 = PRESENTATION_STYLE_ASSIGNMENT (( #1095 ) ) ;
#3824 = EDGE_CURVE ( 'NONE', #1410, #1585, #3150, .T. ) ;
#3825 = VECTOR ( 'NONE', #5849, 39.37007874015748143 ) ;
#3826 = STYLED_ITEM ( 'NONE', ( #1910 ), #625 ) ;
#3827 = UNCERTAINTY_MEASURE_WITH_UNIT (LENGTH_MEASURE( 1.000000000000000082E-05 ), #1712, 'distance_accuracy_value', 'NONE');
#3828 = STYLED_ITEM ( 'NONE', ( #2859 ), #3701 ) ;
#3829 = ORIENTED_EDGE ( 'NONE', *, *, #1830, .F. ) ;
#3830 = LENGTH_MEASURE_WITH_UNIT ( LENGTH_MEASURE( 0.02539999999999999897 ), #2863 );
#3831 = PRESENTATION_LAYER_ASSIGNMENT (  '', '', ( #2202 ) ) ;
#3832 = EDGE_CURVE ( 'NONE', #3617, #755, #3792, .T. ) ;
#3833 = FILL_AREA_STYLE_COLOUR ( '', #3642 ) ;
#3834 = CARTESIAN_POINT ( 'NONE',  ( 0.09842519685039370636, 0.07874015748031495954, 0.000000000000000000 ) ) ;
#3835 = VECTOR ( 'NONE', #5254, 39.37007874015748143 ) ;
#3836 = LINE ( 'NONE', #1425, #2667 ) ;
#3837 = MECHANICAL_DESIGN_GEOMETRIC_PRESENTATION_REPRESENTATION (  '', ( #1333 ), #1351 ) ;
#3838 = VECTOR ( 'NONE', #5711, 39.37007874015748143 ) ;
#3839 = VERTEX_POINT ( 'NONE', #5128 ) ;
#3840 = AXIS2_PLACEMENT_3D ( 'NONE', #2041, #2554, #5811 ) ;
#3841 = CARTESIAN_POINT ( 'NONE',  ( -0.02578740157480311282, -0.07874015748031495954, 0.0009842519685039369942 ) ) ;
#3842 = DIRECTION ( 'NONE',  ( -0.3406351650717809876, 0.8440827718217300824, 0.4141158758490983138 ) ) ;
#3843 = DIRECTION ( 'NONE',  ( 1.000000000000000000, 2.265761274745219945E-16, 0.000000000000000000 ) ) ;
#3844 =( GEOMETRIC_REPRESENTATION_CONTEXT ( 3 ) GLOBAL_UNCERTAINTY_ASSIGNED_CONTEXT ( ( #4253 ) ) GLOBAL_UNIT_ASSIGNED_CONTEXT ( ( #3045, #5352, #4038 ) ) REPRESENTATION_CONTEXT ( 'NONE', 'WORKASPACE' ) );
#3845 = DIRECTION ( 'NONE',  ( 1.000000000000000000, 0.000000000000000000, 0.000000000000000000 ) ) ;
#3846 = LINE ( 'NONE', #3333, #5140 ) ;
#3847 = STYLED_ITEM ( 'NONE', ( #5037 ), #178 ) ;
#3848 = CARTESIAN_POINT ( 'NONE',  ( -0.1097440944881889757, 0.02500000000000003955, 0.000000000000000000 ) ) ;
#3849 = FACE_OUTER_BOUND ( 'NONE', #1301, .T. ) ;
#3850 = ORIENTED_EDGE ( 'NONE', *, *, #4336, .F. ) ;
#3851 = LINE ( 'NONE', #1089, #5070 ) ;
#3852 = ORIENTED_EDGE ( 'NONE', *, *, #5926, .F. ) ;
#3853 = COLOUR_RGB ( '',0.2862745098039215508, 0.2862745098039215508, 0.2862745098039215508 ) ;
#3854 = FACE_OUTER_BOUND ( 'NONE', #2694, .T. ) ;
#3855 = ADVANCED_FACE ( 'NONE', ( #3339 ), #1510, .F. ) ;
#3856 =( NAMED_UNIT ( * ) PLANE_ANGLE_UNIT ( ) SI_UNIT ( $, .RADIAN. ) );
#3857 =( LENGTH_UNIT ( ) NAMED_UNIT ( * ) SI_UNIT ( $, .METRE. ) );
#3858 = FILL_AREA_STYLE ('',( #2060 ) ) ;
#3859 = UNCERTAINTY_MEASURE_WITH_UNIT (LENGTH_MEASURE( 1.000000000000000082E-05 ), #5244, 'distance_accuracy_value', 'NONE');
#3860 = LINE ( 'NONE', #577, #495 ) ;
#3861 = ORIENTED_EDGE ( 'NONE', *, *, #3685, .T. ) ;
#3862 =( CONVERSION_BASED_UNIT ( 'INCH', #2040 ) LENGTH_UNIT ( ) NAMED_UNIT ( #1876 ) );
#3863 = DIRECTION ( 'NONE',  ( -0.000000000000000000, -1.000000000000000000, -0.000000000000000000 ) ) ;
#3864 = CARTESIAN_POINT ( 'NONE',  ( -0.1122047244094488277, -0.09251968503937008093, 0.0009842519685039369942 ) ) ;
#3865 =( LENGTH_UNIT ( ) NAMED_UNIT ( * ) SI_UNIT ( $, .METRE. ) );
#3866 = ORIENTED_EDGE ( 'NONE', *, *, #1972, .F. ) ;
#3867 = LENGTH_MEASURE_WITH_UNIT ( LENGTH_MEASURE( 0.02539999999999999897 ), #3440 );
#3868 = AXIS2_PLACEMENT_3D ( 'NONE', #4320, #244, #2046 ) ;
#3869 = LINE ( 'NONE', #5176, #259 ) ;
#3870 = CARTESIAN_POINT ( 'NONE',  ( -0.009645669291338582543, -0.1013779527559055121, 0.000000000000000000 ) ) ;
#3871 = ADVANCED_FACE ( 'NONE', ( #3854 ), #224, .F. ) ;
#3872 = FILL_AREA_STYLE_COLOUR ( '', #4890 ) ;
#3873 = LINE ( 'NONE', #3197, #850 ) ;
#3874 = DIRECTION ( 'NONE',  ( 2.241005114736412675E-16, -1.000000000000000000, -2.355391288108391830E-17 ) ) ;
#3875 =( GEOMETRIC_REPRESENTATION_CONTEXT ( 3 ) GLOBAL_UNCERTAINTY_ASSIGNED_CONTEXT ( ( #3799 ) ) GLOBAL_UNIT_ASSIGNED_CONTEXT ( ( #3199, #2365, #1865 ) ) REPRESENTATION_CONTEXT ( 'NONE', 'WORKASPACE' ) );
#3876 = SURFACE_STYLE_USAGE ( .BOTH. , #2487 ) ;
#3877 =( NAMED_UNIT ( * ) SI_UNIT ( $, .STERADIAN. ) SOLID_ANGLE_UNIT ( ) );
#3878 = DIRECTION ( 'NONE',  ( 0.000000000000000000, -1.000000000000000000, 0.000000000000000000 ) ) ;
#3879 = ORIENTED_EDGE ( 'NONE', *, *, #5859, .F. ) ;
#3880 = DIRECTION ( 'NONE',  ( -1.000000000000000000, -0.000000000000000000, 0.000000000000000000 ) ) ;
#3881 = EDGE_LOOP ( 'NONE', ( #4023, #2653, #1308, #3307 ) ) ;
#3882 = PRESENTATION_LAYER_ASSIGNMENT (  '', '', ( #2346 ) ) ;
#3883 = CARTESIAN_POINT ( 'NONE',  ( -0.1161417322834645827, -0.09645669291338584972, 0.0009842519685039369942 ) ) ;
#3884 =( LENGTH_UNIT ( ) NAMED_UNIT ( * ) SI_UNIT ( $, .METRE. ) );
#3885 = UNCERTAINTY_MEASURE_WITH_UNIT (LENGTH_MEASURE( 1.000000000000000082E-05 ), #4290, 'distance_accuracy_value', 'NONE');
#3886 = PRESENTATION_STYLE_ASSIGNMENT (( #2006 ) ) ;
#3887 =( NAMED_UNIT ( * ) PLANE_ANGLE_UNIT ( ) SI_UNIT ( $, .RADIAN. ) );
#3888 = EDGE_CURVE ( 'NONE', #5081, #4660, #4663, .T. ) ;
#3889 = EDGE_CURVE ( 'NONE', #5112, #2110, #5158, .T. ) ;
#3890 =( NAMED_UNIT ( * ) PLANE_ANGLE_UNIT ( ) SI_UNIT ( $, .RADIAN. ) );
#3891 = FACE_OUTER_BOUND ( 'NONE', #2800, .T. ) ;
#3892 = FILL_AREA_STYLE_COLOUR ( '', #634 ) ;
#3893 = CARTESIAN_POINT ( 'NONE',  ( 0.1112281098157780757, -0.09537850271340325703, 0.03805093931163109483 ) ) ;
#3894 = FACE_OUTER_BOUND ( 'NONE', #4959, .T. ) ;
#3895 = ADVANCED_FACE ( 'NONE', ( #5276 ), #3966, .F. ) ;
#3896 = ORIENTED_EDGE ( 'NONE', *, *, #2134, .T. ) ;
#3897 = CARTESIAN_POINT ( 'NONE',  ( 2.185478394931409404E-17, 0.08951866624615589796, 0.04330708661417323468 ) ) ;
#3898 = ORIENTED_EDGE ( 'NONE', *, *, #3915, .F. ) ;
#3899 = DIMENSIONAL_EXPONENTS ( 1.000000000000000000, 0.000000000000000000, 0.000000000000000000, 0.000000000000000000, 0.000000000000000000, 0.000000000000000000, 0.000000000000000000 ) ;
#3900 =( NAMED_UNIT ( * ) SI_UNIT ( $, .STERADIAN. ) SOLID_ANGLE_UNIT ( ) );
#3901 = DIRECTION ( 'NONE',  ( 0.000000000000000000, -0.000000000000000000, 1.000000000000000000 ) ) ;
#3902 = VECTOR ( 'NONE', #3789, 39.37007874015748143 ) ;
#3903 = PRESENTATION_STYLE_ASSIGNMENT (( #2086 ) ) ;
#3904 =( GEOMETRIC_REPRESENTATION_CONTEXT ( 3 ) GLOBAL_UNCERTAINTY_ASSIGNED_CONTEXT ( ( #3557 ) ) GLOBAL_UNIT_ASSIGNED_CONTEXT ( ( #1357, #29, #2222 ) ) REPRESENTATION_CONTEXT ( 'NONE', 'WORKASPACE' ) );
#3905 = ORIENTED_EDGE ( 'NONE', *, *, #2210, .F. ) ;
#3906 = SURFACE_STYLE_USAGE ( .BOTH. , #1160 ) ;
#3907 = DIRECTION ( 'NONE',  ( 0.000000000000000000, -1.000000000000000000, -0.000000000000000000 ) ) ;
#3908 = FILL_AREA_STYLE ('',( #2090 ) ) ;
#3909 = DIRECTION ( 'NONE',  ( 0.000000000000000000, -0.000000000000000000, 1.000000000000000000 ) ) ;
#3910 =( LENGTH_UNIT ( ) NAMED_UNIT ( * ) SI_UNIT ( $, .METRE. ) );
#3911 = STYLED_ITEM ( 'NONE', ( #2562 ), #4420 ) ;
#3912 = DIRECTION ( 'NONE',  ( -1.000000000000000000, -2.265761274745219945E-16, 0.000000000000000000 ) ) ;
#3913 = COLOUR_RGB ( '',0.8313725490196077761, 0.8313725490196077761, 0.8313725490196077761 ) ;
#3914 = STYLED_ITEM ( 'NONE', ( #2352 ), #4506 ) ;
#3915 = EDGE_CURVE ( 'NONE', #4660, #1848, #3990, .T. ) ;
#3916 = CARTESIAN_POINT ( 'NONE',  ( -0.09842519685039370636, -0.01692913385826767814, 0.000000000000000000 ) ) ;
#3917 = DIRECTION ( 'NONE',  ( 0.1039620511844980000, -0.1039620511844970008, 0.9891328443778539814 ) ) ;
#3918 =( GEOMETRIC_REPRESENTATION_CONTEXT ( 3 ) GLOBAL_UNCERTAINTY_ASSIGNED_CONTEXT ( ( #1928 ) ) GLOBAL_UNIT_ASSIGNED_CONTEXT ( ( #2828, #5695, #3382 ) ) REPRESENTATION_CONTEXT ( 'NONE', 'WORKASPACE' ) );
#3919 = COLOUR_RGB ( '',0.2862745098039215508, 0.2862745098039215508, 0.2862745098039215508 ) ;
#3920 = CARTESIAN_POINT ( 'NONE',  ( -0.09842519685039370636, -0.03307086614173224137, 0.000000000000000000 ) ) ;
#3921 = COLOUR_RGB ( '',0.8313725490196077761, 0.8313725490196077761, 0.8313725490196077761 ) ;
#3922 = COLOUR_RGB ( '',0.2862745098039215508, 0.2862745098039215508, 0.2862745098039215508 ) ;
#3923 = LENGTH_MEASURE_WITH_UNIT ( LENGTH_MEASURE( 0.02539999999999999897 ), #298 );
#3924 = LINE ( 'NONE', #672, #4564 ) ;
#3925 =( LENGTH_UNIT ( ) NAMED_UNIT ( * ) SI_UNIT ( $, .METRE. ) );
#3926 = AXIS2_PLACEMENT_3D ( 'NONE', #3864, #3410, #5321 ) ;
#3927 = LENGTH_MEASURE_WITH_UNIT ( LENGTH_MEASURE( 0.02539999999999999897 ), #1993 );
#3928 = CARTESIAN_POINT ( 'NONE',  ( 0.1075188574025641997, 0.09537850271340328479, 0.04110202206830480126 ) ) ;
#3929 = DIRECTION ( 'NONE',  ( 1.000000000000000000, 0.000000000000000000, 0.000000000000000000 ) ) ;
#3930 = ORIENTED_EDGE ( 'NONE', *, *, #5731, .F. ) ;
#3931 = ORIENTED_EDGE ( 'NONE', *, *, #3240, .T. ) ;
#3932 = STYLED_ITEM ( 'NONE', ( #2824 ), #5402 ) ;
#3933 = STYLED_ITEM ( 'NONE', ( #5717 ), #216 ) ;
#3934 = VECTOR ( 'NONE', #36, 39.37007874015748143 ) ;
#3935 =( REPRESENTATION_RELATIONSHIP ('NONE','NONE', #2121, #1894 ) REPRESENTATION_RELATIONSHIP_WITH_TRANSFORMATION ( #1938 )SHAPE_REPRESENTATION_RELATIONSHIP( ) );
#3936 = PRESENTATION_LAYER_ASSIGNMENT (  '', '', ( #1478 ) ) ;
#3937 = ORIENTED_EDGE ( 'NONE', *, *, #5859, .T. ) ;
#3938 = SURFACE_SIDE_STYLE ('',( #737 ) ) ;
#3939 = PRODUCT_DEFINITION_CONTEXT ( 'detailed design', #761, 'design' ) ;
#3940 =( GEOMETRIC_REPRESENTATION_CONTEXT ( 3 ) GLOBAL_UNCERTAINTY_ASSIGNED_CONTEXT ( ( #4447 ) ) GLOBAL_UNIT_ASSIGNED_CONTEXT ( ( #5874, #2678, #1718 ) ) REPRESENTATION_CONTEXT ( 'NONE', 'WORKASPACE' ) );
#3941 =( CONVERSION_BASED_UNIT ( 'INCH', #423 ) LENGTH_UNIT ( ) NAMED_UNIT ( #2745 ) );
#3942 = EDGE_CURVE ( 'NONE', #928, #5559, #5858, .T. ) ;
#3943 = LINE ( 'NONE', #4881, #593 ) ;
#3944 = DIMENSIONAL_EXPONENTS ( 1.000000000000000000, 0.000000000000000000, 0.000000000000000000, 0.000000000000000000, 0.000000000000000000, 0.000000000000000000, 0.000000000000000000 ) ;
#3945 = CARTESIAN_POINT ( 'NONE',  ( 0.1210629921259842590, -0.08307086614173228578, 0.000000000000000000 ) ) ;
#3946 = DIRECTION ( 'NONE',  ( 0.000000000000000000, 1.000000000000000000, 0.000000000000000000 ) ) ;
#3947 = CARTESIAN_POINT ( 'NONE',  ( 0.1092037056162346448, -0.08951866624615589796, 0.03937007874015747977 ) ) ;
#3948 = LENGTH_MEASURE_WITH_UNIT ( LENGTH_MEASURE( 0.02539999999999999897 ), #5814 );
#3949 = FILL_AREA_STYLE_COLOUR ( '', #2013 ) ;
#3950 = DIRECTION ( 'NONE',  ( 1.000000000000000000, 0.000000000000000000, -0.000000000000000000 ) ) ;
#3951 = VECTOR ( 'NONE', #1044, 39.37007874015748143 ) ;
#3952 = PRESENTATION_STYLE_ASSIGNMENT (( #1259 ) ) ;
#3953 = EDGE_CURVE ( 'NONE', #1862, #798, #3516, .T. ) ;
#3954 = SURFACE_STYLE_USAGE ( .BOTH. , #1139 ) ;
#3955 =( GEOMETRIC_REPRESENTATION_CONTEXT ( 3 ) GLOBAL_UNCERTAINTY_ASSIGNED_CONTEXT ( ( #1097 ) ) GLOBAL_UNIT_ASSIGNED_CONTEXT ( ( #5475, #5602, #859 ) ) REPRESENTATION_CONTEXT ( 'NONE', 'WORKASPACE' ) );
#3956 = PRESENTATION_STYLE_ASSIGNMENT (( #4988 ) ) ;
#3957 = LINE ( 'NONE', #5827, #899 ) ;
#3958 = DIRECTION ( 'NONE',  ( -1.000000000000000000, -2.191229653865440203E-16, -0.000000000000000000 ) ) ;
#3959 = DIRECTION ( 'NONE',  ( -0.000000000000000000, -0.000000000000000000, -1.000000000000000000 ) ) ;
#3960 = EDGE_LOOP ( 'NONE', ( #332, #1474, #2279, #1300 ) ) ;
#3961 =( NAMED_UNIT ( * ) PLANE_ANGLE_UNIT ( ) SI_UNIT ( $, .RADIAN. ) );
#3962 = VECTOR ( 'NONE', #2364, 39.37007874015748143 ) ;
#3963 = VERTEX_POINT ( 'NONE', #1151 ) ;
#3964 = ADVANCED_FACE ( 'NONE', ( #760 ), #254, .T. ) ;
#3965 =( CONVERSION_BASED_UNIT ( 'INCH', #1273 ) LENGTH_UNIT ( ) NAMED_UNIT ( #2553 ) );
#3966 = PLANE ( 'NONE',  #1025 ) ;
#3967 = CARTESIAN_POINT ( 'NONE',  ( 2.185478394931409404E-17, -0.06692913385826770867, 0.0009842519685039369942 ) ) ;
#3968 = CARTESIAN_POINT ( 'NONE',  ( 0.08464566929133858497, 0.07874015748031495954, 0.000000000000000000 ) ) ;
#3969 = CARTESIAN_POINT ( 'NONE',  ( -0.1092037056162346170, 0.09125274960023659065, 0.04290462056635817312 ) ) ;
#3970 = ORIENTED_EDGE ( 'NONE', *, *, #694, .F. ) ;
#3971 = ORIENTED_EDGE ( 'NONE', *, *, #3279, .F. ) ;
#3972 = CIRCLE ( 'NONE', #2157, 0.003937007874015741038 ) ;
#3973 = ORIENTED_EDGE ( 'NONE', *, *, #5246, .T. ) ;
#3974 =( LENGTH_UNIT ( ) NAMED_UNIT ( * ) SI_UNIT ( $, .METRE. ) );
#3975 =( CONVERSION_BASED_UNIT ( 'INCH', #349 ) LENGTH_UNIT ( ) NAMED_UNIT ( #3750 ) );
#3976 = SURFACE_STYLE_USAGE ( .BOTH. , #3562 ) ;
#3977 = ADVANCED_FACE ( 'NONE', ( #3172 ), #2231, .T. ) ;
#3978 = DIRECTION ( 'NONE',  ( -0.000000000000000000, 0.000000000000000000, -1.000000000000000000 ) ) ;
#3979 = LINE ( 'NONE', #1423, #5359 ) ;
#3980 = DIMENSIONAL_EXPONENTS ( 1.000000000000000000, 0.000000000000000000, 0.000000000000000000, 0.000000000000000000, 0.000000000000000000, 0.000000000000000000, 0.000000000000000000 ) ;
#3981 = SURFACE_SIDE_STYLE ('',( #5821 ) ) ;
#3982 = ORIENTED_EDGE ( 'NONE', *, *, #2698, .F. ) ;
#3983 = SURFACE_STYLE_USAGE ( .BOTH. , #3706 ) ;
#3984 = CARTESIAN_POINT ( 'NONE',  ( 0.1122047244094488277, -0.09645669291338584972, 0.0009842519685039369942 ) ) ;
#3985 = CARTESIAN_POINT ( 'NONE',  ( 0.1103353514614928560, 0.09162974065629245213, 0.04274218604578644554 ) ) ;
#3986 = FILL_AREA_STYLE ('',( #5853 ) ) ;
#3987 = ORIENTED_EDGE ( 'NONE', *, *, #1707, .F. ) ;
#3988 = VERTEX_POINT ( 'NONE', #4076 ) ;
#3989 = VECTOR ( 'NONE', #5803, 39.37007874015748143 ) ;
#3990 = LINE ( 'NONE', #3462, #2178 ) ;
#3991 = CIRCLE ( 'NONE', #2267, 0.003937007874015755783 ) ;
#3992 = EDGE_CURVE ( 'NONE', #3726, #650, #2692, .T. ) ;
#3993 = ADVANCED_FACE ( 'NONE', ( #930 ), #820, .T. ) ;
#3994 = ORIENTED_EDGE ( 'NONE', *, *, #5038, .T. ) ;
#3995 =( NAMED_UNIT ( * ) SI_UNIT ( $, .STERADIAN. ) SOLID_ANGLE_UNIT ( ) );
#3996 = ORIENTED_EDGE ( 'NONE', *, *, #2561, .T. ) ;
#3997 = DIRECTION ( 'NONE',  ( 0.000000000000000000, 0.000000000000000000, 1.000000000000000000 ) ) ;
#3998 = VECTOR ( 'NONE', #995, 39.37007874015748143 ) ;
#3999 = DIRECTION ( 'NONE',  ( -1.000000000000000000, 0.000000000000000000, 0.000000000000000000 ) ) ;
#4000 = LINE ( 'NONE', #3152, #5292 ) ;
#4001 = CARTESIAN_POINT ( 'NONE',  ( -0.009645669291338582543, 0.07874015748031495954, 0.000000000000000000 ) ) ;
#4002 = CARTESIAN_POINT ( 'NONE',  ( -0.1113147800263711434, -0.09162974065629243825, 0.04193654726125713855 ) ) ;
#4003 = COLOUR_RGB ( '',0.8313725490196077761, 0.8313725490196077761, 0.8313725490196077761 ) ;
#4004 = STYLED_ITEM ( 'NONE', ( #2557 ), #464 ) ;
#4005 = STYLED_ITEM ( 'NONE', ( #4678 ), #1600 ) ;
#4006 = EDGE_CURVE ( 'NONE', #4463, #1925, #1530, .T. ) ;
#4007 = FILL_AREA_STYLE_COLOUR ( '', #3660 ) ;
#4008 = CARTESIAN_POINT ( 'NONE',  ( -0.1114302207729581107, 0.09377067414544022761, 0.04008054401415312579 ) ) ;
#4009 = VECTOR ( 'NONE', #2902, 39.37007874015748143 ) ;
#4010 = LENGTH_MEASURE_WITH_UNIT ( LENGTH_MEASURE( 0.02539999999999999897 ), #3085 );
#4011 = VECTOR ( 'NONE', #4637, 39.37007874015748143 ) ;
#4012 =( GEOMETRIC_REPRESENTATION_CONTEXT ( 3 ) GLOBAL_UNCERTAINTY_ASSIGNED_CONTEXT ( ( #5284 ) ) GLOBAL_UNIT_ASSIGNED_CONTEXT ( ( #453, #114, #1856 ) ) REPRESENTATION_CONTEXT ( 'NONE', 'WORKASPACE' ) );
#4013 = PRESENTATION_LAYER_ASSIGNMENT (  '', '', ( #2481 ) ) ;
#4014 = EDGE_CURVE ( 'NONE', #384, #1490, #2663, .T. ) ;
#4015 = FILL_AREA_STYLE ('',( #1294 ) ) ;
#4016 =( GEOMETRIC_REPRESENTATION_CONTEXT ( 3 ) GLOBAL_UNCERTAINTY_ASSIGNED_CONTEXT ( ( #3164 ) ) GLOBAL_UNIT_ASSIGNED_CONTEXT ( ( #5183, #2486, #2911 ) ) REPRESENTATION_CONTEXT ( 'NONE', 'WORKASPACE' ) );
#4017 = VECTOR ( 'NONE', #2602, 39.37007874015748143 ) ;
#4018 = CARTESIAN_POINT ( 'NONE',  ( -0.009645669291338582543, 0.1013779527559055121, 0.000000000000000000 ) ) ;
#4019 = DIRECTION ( 'NONE',  ( 1.000000000000000000, 0.000000000000000000, -0.000000000000000000 ) ) ;
#4020 = CARTESIAN_POINT ( 'NONE',  ( -0.09842519685039370636, -0.01692913385826767814, 0.01102362204724409607 ) ) ;
#4021 = CARTESIAN_POINT ( 'NONE',  ( -0.1161417322834644716, 0.04822834645669292486, 0.01102362204724408566 ) ) ;
#4022 = MECHANICAL_DESIGN_GEOMETRIC_PRESENTATION_REPRESENTATION (  '', ( #2022 ), #4408 ) ;
#4023 = ORIENTED_EDGE ( 'NONE', *, *, #840, .F. ) ;
#4024 = ORIENTED_EDGE ( 'NONE', *, *, #653, .F. ) ;
#4025 = DIMENSIONAL_EXPONENTS ( 1.000000000000000000, 0.000000000000000000, 0.000000000000000000, 0.000000000000000000, 0.000000000000000000, 0.000000000000000000, 0.000000000000000000 ) ;
#4026 = AXIS2_PLACEMENT_3D ( 'NONE', #5747, #665, #693 ) ;
#4027 = VECTOR ( 'NONE', #5178, 39.37007874015748143 ) ;
#4028 = VERTEX_POINT ( 'NONE', #4723 ) ;
#4029 = VECTOR ( 'NONE', #4635, 39.37007874015748143 ) ;
#4030 =( NAMED_UNIT ( * ) SI_UNIT ( $, .STERADIAN. ) SOLID_ANGLE_UNIT ( ) );
#4031 =( NAMED_UNIT ( * ) SI_UNIT ( $, .STERADIAN. ) SOLID_ANGLE_UNIT ( ) );
#4032 = VERTEX_POINT ( 'NONE', #4268 ) ;
#4033 = VECTOR ( 'NONE', #2925, 39.37007874015748143 ) ;
#4034 = STYLED_ITEM ( 'NONE', ( #4603 ), #169 ) ;
#4035 = EDGE_CURVE ( 'NONE', #1241, #961, #1085, .T. ) ;
#4036 = AXIS2_PLACEMENT_3D ( 'NONE', #3038, #1710, #3521 ) ;
#4037 = COLOUR_RGB ( '',0.8313725490196077761, 0.8313725490196077761, 0.8313725490196077761 ) ;
#4038 =( NAMED_UNIT ( * ) SI_UNIT ( $, .STERADIAN. ) SOLID_ANGLE_UNIT ( ) );
#4039 =( CONVERSION_BASED_UNIT ( 'INCH', #4536 ) LENGTH_UNIT ( ) NAMED_UNIT ( #4082 ) );
#4040 = DIRECTION ( 'NONE',  ( 0.000000000000000000, 0.000000000000000000, -1.000000000000000000 ) ) ;
#4041 = DIRECTION ( 'NONE',  ( 2.265761274745219945E-16, -1.000000000000000000, 0.000000000000000000 ) ) ;
#4042 = FACE_OUTER_BOUND ( 'NONE', #2448, .T. ) ;
#4043 = DIRECTION ( 'NONE',  ( 0.000000000000000000, 1.000000000000000000, 0.000000000000000000 ) ) ;
#4044 =( NAMED_UNIT ( * ) PLANE_ANGLE_UNIT ( ) SI_UNIT ( $, .RADIAN. ) );
#4045 =( CONVERSION_BASED_UNIT ( 'INCH', #2244 ) LENGTH_UNIT ( ) NAMED_UNIT ( #1957 ) );
#4046 = SURFACE_SIDE_STYLE ('',( #4492 ) ) ;
#4047 = SURFACE_STYLE_USAGE ( .BOTH. , #4549 ) ;
#4048 = ORIENTED_EDGE ( 'NONE', *, *, #1788, .T. ) ;
#4049 = EDGE_LOOP ( 'NONE', ( #2638, #5119, #5126, #338 ) ) ;
#4050 = EDGE_CURVE ( 'NONE', #4032, #922, #4751, .T. ) ;
#4051 = VECTOR ( 'NONE', #1547, 39.37007874015748143 ) ;
#4052 = DIRECTION ( 'NONE',  ( 1.000000000000000000, 0.000000000000000000, 0.000000000000000000 ) ) ;
#4053 = SURFACE_STYLE_USAGE ( .BOTH. , #419 ) ;
#4054 = LINE ( 'NONE', #1873, #5290 ) ;
#4055 = ORIENTED_EDGE ( 'NONE', *, *, #812, .F. ) ;
#4056 = SURFACE_STYLE_USAGE ( .BOTH. , #3938 ) ;
#4057 =( LENGTH_UNIT ( ) NAMED_UNIT ( * ) SI_UNIT ( $, .METRE. ) );
#4058 = DIMENSIONAL_EXPONENTS ( 1.000000000000000000, 0.000000000000000000, 0.000000000000000000, 0.000000000000000000, 0.000000000000000000, 0.000000000000000000, 0.000000000000000000 ) ;
#4059 = SURFACE_STYLE_FILL_AREA ( #886 ) ;
#4060 = DIRECTION ( 'NONE',  ( 0.000000000000000000, 0.000000000000000000, -1.000000000000000000 ) ) ;
#4061 = VECTOR ( 'NONE', #3265, 39.37007874015748143 ) ;
#4062 = LINE ( 'NONE', #5924, #1258 ) ;
#4063 = LENGTH_MEASURE_WITH_UNIT ( LENGTH_MEASURE( 0.02539999999999999897 ), #5415 );
#4064 = FILL_AREA_STYLE_COLOUR ( '', #3081 ) ;
#4065 = PLANE ( 'NONE',  #5130 ) ;
#4066 = EDGE_CURVE ( 'NONE', #2376, #3575, #2810, .T. ) ;
#4067 = EDGE_CURVE ( 'NONE', #5738, #5776, #564, .T. ) ;
#4068 = EDGE_LOOP ( 'NONE', ( #253, #2949, #3510, #5376, #1368, #4765, #4246, #1278, #3413, #5090, #3554, #1796 ) ) ;
#4069 = LINE ( 'NONE', #5516, #3825 ) ;
#4070 = CARTESIAN_POINT ( 'NONE',  ( 0.1103353514614928005, -0.09162974065629246601, 0.04274218604578647329 ) ) ;
#4071 = LINE ( 'NONE', #1762, #4641 ) ;
#4072 = DIRECTION ( 'NONE',  ( 0.000000000000000000, 1.000000000000000000, -4.336808689942025625E-15 ) ) ;
#4073 = DIRECTION ( 'NONE',  ( 0.1039620511844980000, 0.1039620511844980000, 0.9891328443778539814 ) ) ;
#4074 = ORIENTED_EDGE ( 'NONE', *, *, #4645, .T. ) ;
#4075 = ORIENTED_EDGE ( 'NONE', *, *, #4743, .T. ) ;
#4076 = CARTESIAN_POINT ( 'NONE',  ( -0.09842519685039370636, 0.08307086614173228578, 0.01102362204724409607 ) ) ;
#4077 = EDGE_CURVE ( 'NONE', #2726, #1685, #164, .T. ) ;
#4078 =( NAMED_UNIT ( * ) PLANE_ANGLE_UNIT ( ) SI_UNIT ( $, .RADIAN. ) );
#4079 = SURFACE_SIDE_STYLE ('',( #5460 ) ) ;
#4080 = ORIENTED_EDGE ( 'NONE', *, *, #1453, .T. ) ;
#4081 = CARTESIAN_POINT ( 'NONE',  ( -0.1210629921259842590, 0.01692913385826775793, 0.000000000000000000 ) ) ;
#4082 = DIMENSIONAL_EXPONENTS ( 1.000000000000000000, 0.000000000000000000, 0.000000000000000000, 0.000000000000000000, 0.000000000000000000, 0.000000000000000000, 0.000000000000000000 ) ;
#4083 = EDGE_LOOP ( 'NONE', ( #4524, #3423, #4274, #1268, #4149, #4379, #1581, #4787, #1787, #3718, #2051, #4103, #1116, #1041, #5043, #106, #3604, #5805, #1954, #5530, #3652, #2142, #2079, #5287, #1617, #5650 ) ) ;
#4084 =( GEOMETRIC_REPRESENTATION_CONTEXT ( 3 ) GLOBAL_UNCERTAINTY_ASSIGNED_CONTEXT ( ( #4175 ) ) GLOBAL_UNIT_ASSIGNED_CONTEXT ( ( #2721, #3693, #4936 ) ) REPRESENTATION_CONTEXT ( 'NONE', 'WORKASPACE' ) );
#4085 = FILL_AREA_STYLE_COLOUR ( '', #5685 ) ;
#4086 = DIRECTION ( 'NONE',  ( 0.000000000000000000, -1.000000000000000000, -0.000000000000000000 ) ) ;
#4087 =( CONVERSION_BASED_UNIT ( 'INCH', #1381 ) LENGTH_UNIT ( ) NAMED_UNIT ( #3026 ) );
#4088 = SURFACE_SIDE_STYLE ('',( #455 ) ) ;
#4089 = COLOUR_RGB ( '',0.8313725490196077761, 0.8313725490196077761, 0.8313725490196077761 ) ;
#4090 =( LENGTH_UNIT ( ) NAMED_UNIT ( * ) SI_UNIT ( $, .METRE. ) );
#4091 = PLANE ( 'NONE',  #1260 ) ;
#4092 = FILL_AREA_STYLE ('',( #4064 ) ) ;
#4093 = PLANE ( 'NONE',  #4486 ) ;
#4094 = FILL_AREA_STYLE ('',( #1321 ) ) ;
#4095 = DIMENSIONAL_EXPONENTS ( 1.000000000000000000, 0.000000000000000000, 0.000000000000000000, 0.000000000000000000, 0.000000000000000000, 0.000000000000000000, 0.000000000000000000 ) ;
#4096 = VERTEX_POINT ( 'NONE', #2841 ) ;
#4097 = ADVANCED_FACE ( 'NONE', ( #4684 ), #4303, .T. ) ;
#4098 = CARTESIAN_POINT ( 'NONE',  ( 0.1107909172698222089, -0.08727044563203957550, 0.04507992005624347764 ) ) ;
#4099 = PRESENTATION_LAYER_ASSIGNMENT (  '', '', ( #3343 ) ) ;
#4100 = CARTESIAN_POINT ( 'NONE',  ( -0.02578740157480310588, -0.1013779527559055121, 0.01102362204724409607 ) ) ;
#4101 = FILL_AREA_STYLE ('',( #4136 ) ) ;
#4102 = ORIENTED_EDGE ( 'NONE', *, *, #2747, .F. ) ;
#4103 = ORIENTED_EDGE ( 'NONE', *, *, #4260, .F. ) ;
#4104 = MECHANICAL_DESIGN_GEOMETRIC_PRESENTATION_REPRESENTATION (  '', ( #765 ), #2103 ) ;
#4105 = FILL_AREA_STYLE_COLOUR ( '', #4464 ) ;
#4106 = CARTESIAN_POINT ( 'NONE',  ( -0.05118110236220473064, 0.07874015748031495954, 0.01102362204724409607 ) ) ;
#4107 = DIRECTION ( 'NONE',  ( -0.000000000000000000, -1.000000000000000000, -0.000000000000000000 ) ) ;
#4108 = STYLED_ITEM ( 'NONE', ( #734 ), #4658 ) ;
#4109 = LENGTH_MEASURE_WITH_UNIT ( LENGTH_MEASURE( 0.02539999999999999897 ), #3099 );
#4110 = VECTOR ( 'NONE', #2009, 39.37007874015748143 ) ;
#4111 = VERTEX_POINT ( 'NONE', #1470 ) ;
#4112 = LINE ( 'NONE', #2752, #1939 ) ;
#4113 = STYLED_ITEM ( 'NONE', ( #3670 ), #3777 ) ;
#4114 = ORIENTED_EDGE ( 'NONE', *, *, #5768, .T. ) ;
#4115 = UNCERTAINTY_MEASURE_WITH_UNIT (LENGTH_MEASURE( 1.000000000000000082E-05 ), #1599, 'distance_accuracy_value', 'NONE');
#4116 = AXIS2_PLACEMENT_3D ( 'NONE', #2117, #3494, #2640 ) ;
#4117 = SURFACE_STYLE_USAGE ( .BOTH. , #483 ) ;
#4118 = SURFACE_STYLE_FILL_AREA ( #485 ) ;
#4119 = AXIS2_PLACEMENT_3D ( 'NONE', #827, #350, #2703 ) ;
#4120 = SURFACE_STYLE_USAGE ( .BOTH. , #1415 ) ;
#4121 = SURFACE_SIDE_STYLE ('',( #943 ) ) ;
#4122 =( CONVERSION_BASED_UNIT ( 'INCH', #4605 ) LENGTH_UNIT ( ) NAMED_UNIT ( #1913 ) );
#4123 = EDGE_CURVE ( 'NONE', #1490, #4669, #3273, .T. ) ;
#4124 = CARTESIAN_POINT ( 'NONE',  ( 0.1113147800263711851, 0.09162974065629245213, 0.04193654726125711774 ) ) ;
#4125 = PRESENTATION_LAYER_ASSIGNMENT (  '', '', ( #3933 ) ) ;
#4126 = FACE_OUTER_BOUND ( 'NONE', #5159, .T. ) ;
#4127 = DIRECTION ( 'NONE',  ( 0.000000000000000000, -1.000000000000000000, 0.000000000000000000 ) ) ;
#4128 = CARTESIAN_POINT ( 'NONE',  ( -0.1210629921259842590, -0.03307086614173224137, 0.000000000000000000 ) ) ;
#4129 =( NAMED_UNIT ( * ) SI_UNIT ( $, .STERADIAN. ) SOLID_ANGLE_UNIT ( ) );
#4130 = MECHANICAL_DESIGN_GEOMETRIC_PRESENTATION_REPRESENTATION (  '', ( #1075 ), #3163 ) ;
#4131 = UNCERTAINTY_MEASURE_WITH_UNIT (LENGTH_MEASURE( 1.000000000000000082E-05 ), #341, 'distance_accuracy_value', 'NONE');
#4132 = EDGE_LOOP ( 'NONE', ( #4809, #2312, #4333, #793 ) ) ;
#4133 = DIRECTION ( 'NONE',  ( -1.000000000000000000, 0.000000000000000000, -0.000000000000000000 ) ) ;
#4134 = SURFACE_STYLE_FILL_AREA ( #500 ) ;
#4135 = CARTESIAN_POINT ( 'NONE',  ( -0.1161417322834644716, 0.04822834645669292486, 0.01102362204724408393 ) ) ;
#4136 = FILL_AREA_STYLE_COLOUR ( '', #233 ) ;
#4137 = ORIENTED_EDGE ( 'NONE', *, *, #4538, .F. ) ;
#4138 = ADVANCED_FACE ( 'NONE', ( #5825 ), #2137, .F. ) ;
#4139 = VERTEX_POINT ( 'NONE', #4843 ) ;
#4140 = DIMENSIONAL_EXPONENTS ( 1.000000000000000000, 0.000000000000000000, 0.000000000000000000, 0.000000000000000000, 0.000000000000000000, 0.000000000000000000, 0.000000000000000000 ) ;
#4141 = SURFACE_SIDE_STYLE ('',( #3117 ) ) ;
#4142 = VECTOR ( 'NONE', #3591, 39.37007874015748143 ) ;
#4143 = DIRECTION ( 'NONE',  ( 0.000000000000000000, -1.000000000000000000, 0.000000000000000000 ) ) ;
#4144 = DIRECTION ( 'NONE',  ( 0.000000000000000000, -0.000000000000000000, -1.000000000000000000 ) ) ;
#4145 = CARTESIAN_POINT ( 'NONE',  ( -0.02578740157480311282, 0.1013779527559055121, 0.000000000000000000 ) ) ;
#4146 = EDGE_LOOP ( 'NONE', ( #5892, #1970, #73, #5521 ) ) ;
#4147 = EDGE_CURVE ( 'NONE', #803, #4461, #1699, .T. ) ;
#4148 = DIRECTION ( 'NONE',  ( -1.000000000000000000, 0.000000000000000000, -0.000000000000000000 ) ) ;
#4149 = ORIENTED_EDGE ( 'NONE', *, *, #2492, .F. ) ;
#4150 = APPLICATION_PROTOCOL_DEFINITION ( 'draft international standard', 'automotive_design', 1998, #3586 ) ;
#4151 = DIRECTION ( 'NONE',  ( -1.000000000000000000, -0.000000000000000000, 0.000000000000000000 ) ) ;
#4152 = LINE ( 'NONE', #1943, #5581 ) ;
#4153 = DIRECTION ( 'NONE',  ( -1.000000000000000000, -0.000000000000000000, 0.000000000000000000 ) ) ;
#4154 = DIRECTION ( 'NONE',  ( 1.000000000000000000, 0.000000000000000000, -0.000000000000000000 ) ) ;
#4155 =( LENGTH_UNIT ( ) NAMED_UNIT ( * ) SI_UNIT ( $, .METRE. ) );
#4156 = SURFACE_SIDE_STYLE ('',( #3284 ) ) ;
#4157 = MANIFOLD_SOLID_BREP ( 'Wrap1', #46 ) ;
#4158 = VECTOR ( 'NONE', #4491, 39.37007874015748143 ) ;
#4159 =( LENGTH_UNIT ( ) NAMED_UNIT ( * ) SI_UNIT ( $, .METRE. ) );
#4160 = EDGE_CURVE ( 'NONE', #4528, #3514, #475, .T. ) ;
#4161 = LINE ( 'NONE', #492, #5274 ) ;
#4162 = CARTESIAN_POINT ( 'NONE',  ( 0.1161417322834645549, 0.08307086614173225803, 0.0009842519685039369942 ) ) ;
#4163 = VECTOR ( 'NONE', #4322, 39.37007874015748143 ) ;
#4164 = EDGE_CURVE ( 'NONE', #755, #736, #356, .T. ) ;
#4165 = ORIENTED_EDGE ( 'NONE', *, *, #373, .F. ) ;
#4166 = CARTESIAN_POINT ( 'NONE',  ( 2.185478394931409404E-17, 0.01692913385826775793, 0.0009842519685039369942 ) ) ;
#4167 = DIMENSIONAL_EXPONENTS ( 1.000000000000000000, 0.000000000000000000, 0.000000000000000000, 0.000000000000000000, 0.000000000000000000, 0.000000000000000000, 0.000000000000000000 ) ;
#4168 = CARTESIAN_POINT ( 'NONE',  ( 0.1129032691957075896, -0.09077891420826740554, 0.03889569978247378601 ) ) ;
#4169 = LINE ( 'NONE', #4576, #4061 ) ;
#4170 = DIRECTION ( 'NONE',  ( 0.000000000000000000, 1.000000000000000000, -0.000000000000000000 ) ) ;
#4171 = PRESENTATION_LAYER_ASSIGNMENT (  '', '', ( #3309 ) ) ;
#4172 = EDGE_LOOP ( 'NONE', ( #5666, #251, #4866, #3684 ) ) ;
#4173 = CARTESIAN_POINT ( 'NONE',  ( -0.1210629921259842590, 0.08307086614173228578, 0.000000000000000000 ) ) ;
#4174 = ORIENTED_EDGE ( 'NONE', *, *, #462, .T. ) ;
#4175 = UNCERTAINTY_MEASURE_WITH_UNIT (LENGTH_MEASURE( 1.000000000000000082E-05 ), #2721, 'distance_accuracy_value', 'NONE');
#4176 = CARTESIAN_POINT ( 'NONE',  ( -0.1092037056162346448, 0.08951866624615589796, 0.04330708661417323468 ) ) ;
#4177 = CARTESIAN_POINT ( 'NONE',  ( -0.1080246379609846735, 0.09077891420826737778, 0.04290866681146485173 ) ) ;
#4178 = DIRECTION ( 'NONE',  ( -0.000000000000000000, 0.000000000000000000, -1.000000000000000000 ) ) ;
#4179 = ORIENTED_EDGE ( 'NONE', *, *, #1254, .T. ) ;
#4180 = CARTESIAN_POINT ( 'NONE',  ( 2.185478394931409404E-17, -0.07874015748031495954, 0.0009842519685039369942 ) ) ;
#4181 = VERTEX_POINT ( 'NONE', #299 ) ;
#4182 = EDGE_CURVE ( 'NONE', #2169, #1076, #3924, .T. ) ;
#4183 = EDGE_CURVE ( 'NONE', #654, #4669, #3873, .T. ) ;
#4184 =( LENGTH_UNIT ( ) NAMED_UNIT ( * ) SI_UNIT ( $, .METRE. ) );
#4185 = FILL_AREA_STYLE_COLOUR ( '', #4962 ) ;
#4186 = SURFACE_SIDE_STYLE ('',( #2791 ) ) ;
#4187 = COLOUR_RGB ( '',0.2862745098039215508, 0.2862745098039215508, 0.2862745098039215508 ) ;
#4188 = CARTESIAN_POINT ( 'NONE',  ( 0.1122942085912495280, 0.09162974065629242437, 0.04113090847672780381 ) ) ;
#4189 = STYLED_ITEM ( 'NONE', ( #3310 ), #3871 ) ;
#4190 = MECHANICAL_DESIGN_GEOMETRIC_PRESENTATION_REPRESENTATION (  '', ( #476 ), #3810 ) ;
#4191 = PLANE ( 'NONE',  #2295 ) ;
#4192 =( CONVERSION_BASED_UNIT ( 'INCH', #5633 ) LENGTH_UNIT ( ) NAMED_UNIT ( #698 ) );
#4193 = FACE_OUTER_BOUND ( 'NONE', #3712, .T. ) ;
#4194 = EDGE_CURVE ( 'NONE', #2320, #314, #2245, .T. ) ;
#4195 = VERTEX_POINT ( 'NONE', #2714 ) ;
#4196 =( NAMED_UNIT ( * ) PLANE_ANGLE_UNIT ( ) SI_UNIT ( $, .RADIAN. ) );
#4197 = PRESENTATION_STYLE_ASSIGNMENT (( #1985 ) ) ;
#4198 = CYLINDRICAL_SURFACE ( 'NONE', #1002, 0.003937007874015741038 ) ;
#4199 = DIRECTION ( 'NONE',  ( -0.3406351650717791557, -0.8440827718217313036, 0.4141158758490971481 ) ) ;
#4200 = ORIENTED_EDGE ( 'NONE', *, *, #2024, .T. ) ;
#4201 = EDGE_CURVE ( 'NONE', #297, #766, #4069, .T. ) ;
#4202 = UNCERTAINTY_MEASURE_WITH_UNIT (LENGTH_MEASURE( 1.000000000000000082E-05 ), #4045, 'distance_accuracy_value', 'NONE');
#4203 =( NAMED_UNIT ( * ) PLANE_ANGLE_UNIT ( ) SI_UNIT ( $, .RADIAN. ) );
#4204 = DIRECTION ( 'NONE',  ( 1.000000000000000000, -0.000000000000000000, 0.000000000000000000 ) ) ;
#4205 = CARTESIAN_POINT ( 'NONE',  ( 0.1093882995916244105, -0.08970326022154566370, 0.03761378438224634302 ) ) ;
#4206 =( GEOMETRIC_REPRESENTATION_CONTEXT ( 3 ) GLOBAL_UNCERTAINTY_ASSIGNED_CONTEXT ( ( #5083 ) ) GLOBAL_UNIT_ASSIGNED_CONTEXT ( ( #4234, #126, #2400 ) ) REPRESENTATION_CONTEXT ( 'NONE', 'WORKASPACE' ) );
#4207 = ORIENTED_EDGE ( 'NONE', *, *, #462, .F. ) ;
#4208 = DIRECTION ( 'NONE',  ( -1.000000000000000000, -0.000000000000000000, 0.000000000000000000 ) ) ;
#4209 = DIMENSIONAL_EXPONENTS ( 1.000000000000000000, 0.000000000000000000, 0.000000000000000000, 0.000000000000000000, 0.000000000000000000, 0.000000000000000000, 0.000000000000000000 ) ;
#4210 = ORIENTED_EDGE ( 'NONE', *, *, #1419, .F. ) ;
#4211 = CONTEXT_DEPENDENT_SHAPE_REPRESENTATION ( #4428, #2472 ) ;
#4212 = COLOUR_RGB ( '',0.8313725490196077761, 0.8313725490196077761, 0.8313725490196077761 ) ;
#4213 =( GEOMETRIC_REPRESENTATION_CONTEXT ( 3 ) GLOBAL_UNCERTAINTY_ASSIGNED_CONTEXT ( ( #714 ) ) GLOBAL_UNIT_ASSIGNED_CONTEXT ( ( #4759, #2989, #2059 ) ) REPRESENTATION_CONTEXT ( 'NONE', 'WORKASPACE' ) );
#4214 = CARTESIAN_POINT ( 'NONE',  ( 0.1097440944881889757, 0.07874015748031495954, 0.000000000000000000 ) ) ;
#4215 = ORIENTED_EDGE ( 'NONE', *, *, #3824, .T. ) ;
#4216 = COLOUR_RGB ( '',0.2862745098039215508, 0.2862745098039215508, 0.2862745098039215508 ) ;
#4217 = LINE ( 'NONE', #5466, #2968 ) ;
#4218 =( LENGTH_UNIT ( ) NAMED_UNIT ( * ) SI_UNIT ( $, .METRE. ) );
#4219 = DIRECTION ( 'NONE',  ( 0.000000000000000000, 0.000000000000000000, 1.000000000000000000 ) ) ;
#4220 = CYLINDRICAL_SURFACE ( 'NONE', #2570, 0.003937007874015755783 ) ;
#4221 = DIRECTION ( 'NONE',  ( 1.000000000000000000, 0.000000000000000000, 0.000000000000000000 ) ) ;
#4222 = VECTOR ( 'NONE', #3959, 39.37007874015748143 ) ;
#4223 = ADVANCED_FACE ( 'NONE', ( #435 ), #3653, .T. ) ;
#4224 = MANIFOLD_SOLID_BREP ( 'Imported3', #327 ) ;
#4225 =( CONVERSION_BASED_UNIT ( 'INCH', #5627 ) LENGTH_UNIT ( ) NAMED_UNIT ( #3171 ) );
#4226 = MECHANICAL_DESIGN_GEOMETRIC_PRESENTATION_REPRESENTATION (  '', ( #3455 ), #3154 ) ;
#4227 = ORIENTED_EDGE ( 'NONE', *, *, #2455, .T. ) ;
#4228 = DIRECTION ( 'NONE',  ( -1.000000000000000000, 0.000000000000000000, -0.000000000000000000 ) ) ;
#4229 =( GEOMETRIC_REPRESENTATION_CONTEXT ( 3 ) GLOBAL_UNCERTAINTY_ASSIGNED_CONTEXT ( ( #5230 ) ) GLOBAL_UNIT_ASSIGNED_CONTEXT ( ( #1509, #2848, #5157 ) ) REPRESENTATION_CONTEXT ( 'NONE', 'WORKASPACE' ) );
#4230 = DIRECTION ( 'NONE',  ( 2.265761274745219945E-16, -1.000000000000000000, 0.000000000000000000 ) ) ;
#4231 = AXIS2_PLACEMENT_3D ( 'NONE', #2381, #4219, #4154 ) ;
#4232 = MECHANICAL_DESIGN_GEOMETRIC_PRESENTATION_REPRESENTATION (  '', ( #3364 ), #2218 ) ;
#4233 = ORIENTED_EDGE ( 'NONE', *, *, #1805, .F. ) ;
#4234 =( CONVERSION_BASED_UNIT ( 'INCH', #3261 ) LENGTH_UNIT ( ) NAMED_UNIT ( #1778 ) );
#4235 = SURFACE_STYLE_USAGE ( .BOTH. , #3779 ) ;
#4236 = VECTOR ( 'NONE', #1818, 39.37007874015748143 ) ;
#4237 = STYLED_ITEM ( 'NONE', ( #1386 ), #290 ) ;
#4238 = PRESENTATION_STYLE_ASSIGNMENT (( #324 ) ) ;
#4239 = UNCERTAINTY_MEASURE_WITH_UNIT (LENGTH_MEASURE( 1.000000000000000082E-05 ), #2909, 'distance_accuracy_value', 'NONE');
#4240 = SURFACE_SIDE_STYLE ('',( #5215 ) ) ;
#4241 = DIRECTION ( 'NONE',  ( 0.000000000000000000, 1.000000000000000000, -0.000000000000000000 ) ) ;
#4242 =( LENGTH_UNIT ( ) NAMED_UNIT ( * ) SI_UNIT ( $, .METRE. ) );
#4243 = DIRECTION ( 'NONE',  ( 0.000000000000000000, -0.000000000000000000, -1.000000000000000000 ) ) ;
#4244 = ADVANCED_FACE ( 'NONE', ( #3544 ), #5403, .T. ) ;
#4245 = ORIENTED_EDGE ( 'NONE', *, *, #4958, .F. ) ;
#4246 = ORIENTED_EDGE ( 'NONE', *, *, #4837, .T. ) ;
#4247 = CARTESIAN_POINT ( 'NONE',  ( -0.1210629921259842590, -0.01692913385826767814, 0.000000000000000000 ) ) ;
#4248 = FACE_OUTER_BOUND ( 'NONE', #143, .T. ) ;
#4249 = LENGTH_MEASURE_WITH_UNIT ( LENGTH_MEASURE( 0.02539999999999999897 ), #1574 );
#4250 =( CONVERSION_BASED_UNIT ( 'INCH', #738 ) LENGTH_UNIT ( ) NAMED_UNIT ( #4974 ) );
#4251 = DIMENSIONAL_EXPONENTS ( 1.000000000000000000, 0.000000000000000000, 0.000000000000000000, 0.000000000000000000, 0.000000000000000000, 0.000000000000000000, 0.000000000000000000 ) ;
#4252 = AXIS2_PLACEMENT_3D ( 'NONE', #2066, #2420, #1950 ) ;
#4253 = UNCERTAINTY_MEASURE_WITH_UNIT (LENGTH_MEASURE( 1.000000000000000082E-05 ), #3045, 'distance_accuracy_value', 'NONE');
#4254 = ORIENTED_EDGE ( 'NONE', *, *, #4336, .T. ) ;
#4255 = CARTESIAN_POINT ( 'NONE',  ( 0.1122154787034354284, -0.09645666353683744754, 0.01102390154643143570 ) ) ;
#4256 = VECTOR ( 'NONE', #499, 39.37007874015748143 ) ;
#4257 = ORIENTED_EDGE ( 'NONE', *, *, #219, .T. ) ;
#4258 = EDGE_CURVE ( 'NONE', #826, #4331, #617, .T. ) ;
#4259 = LINE ( 'NONE', #179, #5477 ) ;
#4260 = EDGE_CURVE ( 'NONE', #1176, #2861, #4748, .T. ) ;
#4261 = LENGTH_MEASURE_WITH_UNIT ( LENGTH_MEASURE( 0.02539999999999999897 ), #3363 );
#4262 = FILL_AREA_STYLE ('',( #1083 ) ) ;
#4263 = CARTESIAN_POINT ( 'NONE',  ( -0.1097440944881889757, -0.03307086614173224137, 0.01102362204724409607 ) ) ;
#4264 = CARTESIAN_POINT ( 'NONE',  ( 0.08464566929133858497, 2.731847993664264143E-17, 0.0009842519685039369942 ) ) ;
#4265 =( GEOMETRIC_REPRESENTATION_CONTEXT ( 3 ) GLOBAL_UNCERTAINTY_ASSIGNED_CONTEXT ( ( #1435 ) ) GLOBAL_UNIT_ASSIGNED_CONTEXT ( ( #2133, #477, #565 ) ) REPRESENTATION_CONTEXT ( 'NONE', 'WORKASPACE' ) );
#4266 = DIRECTION ( 'NONE',  ( 0.000000000000000000, 1.000000000000000000, 0.000000000000000000 ) ) ;
#4267 = DIRECTION ( 'NONE',  ( 0.000000000000000000, -0.000000000000000000, 1.000000000000000000 ) ) ;
#4268 = CARTESIAN_POINT ( 'NONE',  ( -0.1161417322834645688, -0.06692913385826769479, 0.0009842519685039369942 ) ) ;
#4269 = SURFACE_SIDE_STYLE ('',( #1613 ) ) ;
#4270 = LINE ( 'NONE', #1565, #5584 ) ;
#4271 = ORIENTED_EDGE ( 'NONE', *, *, #3184, .F. ) ;
#4272 =( NAMED_UNIT ( * ) PLANE_ANGLE_UNIT ( ) SI_UNIT ( $, .RADIAN. ) );
#4273 = ORIENTED_EDGE ( 'NONE', *, *, #5926, .T. ) ;
#4274 = ORIENTED_EDGE ( 'NONE', *, *, #3398, .F. ) ;
#4275 = FILL_AREA_STYLE ('',( #4337 ) ) ;
#4276 = DIRECTION ( 'NONE',  ( 0.000000000000000000, 0.000000000000000000, 1.000000000000000000 ) ) ;
#4277 = DIRECTION ( 'NONE',  ( 1.000000000000000000, 2.191229653865440203E-16, 0.000000000000000000 ) ) ;
#4278 = UNCERTAINTY_MEASURE_WITH_UNIT (LENGTH_MEASURE( 1.000000000000000082E-05 ), #5264, 'distance_accuracy_value', 'NONE');
#4279 =( NAMED_UNIT ( * ) SI_UNIT ( $, .STERADIAN. ) SOLID_ANGLE_UNIT ( ) );
#4280 = VERTEX_POINT ( 'NONE', #1018 ) ;
#4281 = PRESENTATION_STYLE_ASSIGNMENT (( #202 ) ) ;
#4282 = LENGTH_MEASURE_WITH_UNIT ( LENGTH_MEASURE( 0.02539999999999999897 ), #4742 );
#4283 = SURFACE_SIDE_STYLE ('',( #5322 ) ) ;
#4284 = DIRECTION ( 'NONE',  ( 0.5362129001746764878, -0.5362129001746808177, 0.6518830043593100143 ) ) ;
#4285 = EDGE_LOOP ( 'NONE', ( #3719, #751, #3451, #2463 ) ) ;
#4286 = CARTESIAN_POINT ( 'NONE',  ( 0.1097440944881889757, -0.07499999999999999722, 0.01102362204724409607 ) ) ;
#4287 = EDGE_CURVE ( 'NONE', #3520, #2110, #2304, .T. ) ;
#4288 = CARTESIAN_POINT ( 'NONE',  ( 0.1092037056162346448, 0.09343410677910181372, 0.03978160812310116423 ) ) ;
#4289 =( LENGTH_UNIT ( ) NAMED_UNIT ( * ) SI_UNIT ( $, .METRE. ) );
#4290 =( CONVERSION_BASED_UNIT ( 'INCH', #4728 ) LENGTH_UNIT ( ) NAMED_UNIT ( #1272 ) );
#4291 = EDGE_LOOP ( 'NONE', ( #3379, #2967, #3225, #1021 ) ) ;
#4292 = ORIENTED_EDGE ( 'NONE', *, *, #3160, .T. ) ;
#4293 = AXIS2_PLACEMENT_3D ( 'NONE', #3947, #2043, #4768 ) ;
#4294 = ADVANCED_BREP_SHAPE_REPRESENTATION ( '', ( #4157, #845 ), #1338 ) ;
#4295 = ORIENTED_EDGE ( 'NONE', *, *, #1805, .T. ) ;
#4296 = COLOUR_RGB ( '',0.2862745098039215508, 0.2862745098039215508, 0.2862745098039215508 ) ;
#4297 = LENGTH_MEASURE_WITH_UNIT ( LENGTH_MEASURE( 0.02539999999999999897 ), #5132 );
#4298 = STYLED_ITEM ( 'NONE', ( #3952 ), #719 ) ;
#4299 = SURFACE_STYLE_FILL_AREA ( #5716 ) ;
#4300 = DIRECTION ( 'NONE',  ( 2.191229653865440203E-16, -1.000000000000000000, 0.000000000000000000 ) ) ;
#4301 = VECTOR ( 'NONE', #3711, 39.37007874015748143 ) ;
#4302 = UNCERTAINTY_MEASURE_WITH_UNIT (LENGTH_MEASURE( 1.000000000000000082E-05 ), #1826, 'distance_accuracy_value', 'NONE');
#4303 =( BOUNDED_SURFACE ( )  B_SPLINE_SURFACE ( 3, 3, ( 
 ( #5583, #1529, #1561, #3756 ),
 ( #5613, #3332, #2456, #5182 ),
 ( #2880, #622, #4623, #1501 ),
 ( #2431, #538, #186, #4177 ) ),
 .UNSPECIFIED., .F., .F., .F. ) 
 B_SPLINE_SURFACE_WITH_KNOTS ( ( 4, 4 ),
 ( 4, 4 ),
 ( 0.000000000000000000, 1.000000000000000000 ),
 ( 0.000000000000000000, 1.000000000000000000 ),
 .UNSPECIFIED. ) 
 GEOMETRIC_REPRESENTATION_ITEM ( )  RATIONAL_B_SPLINE_SURFACE ( (
 ( 1.000000000000000000, 0.3333333333333322046, 0.3333333333333322046, 1.000000000000000000),
 ( 0.9290532412555547737, 0.3096844137518505180, 0.3096844137518505180, 0.9290532412555547737),
 ( 0.9290532412555547737, 0.3096844137518505180, 0.3096844137518505180, 0.9290532412555547737),
 ( 1.000000000000000000, 0.3333333333333322046, 0.3333333333333322046, 1.000000000000000000) ) ) 
 REPRESENTATION_ITEM ( '' )  SURFACE ( )  );
#4304 = LINE ( 'NONE', #3314, #5286 ) ;
#4305 = MECHANICAL_DESIGN_GEOMETRIC_PRESENTATION_REPRESENTATION (  '', ( #3828 ), #4987 ) ;
#4306 = EDGE_LOOP ( 'NONE', ( #5270, #1804, #5015, #2255 ) ) ;
#4307 = CARTESIAN_POINT ( 'NONE',  ( -0.009645669291338582543, -0.07499999999999999722, 0.000000000000000000 ) ) ;
#4308 = FACE_OUTER_BOUND ( 'NONE', #1004, .T. ) ;
#4309 = MECHANICAL_DESIGN_GEOMETRIC_PRESENTATION_REPRESENTATION (  '', ( #3059 ), #1243 ) ;
#4310 = LINE ( 'NONE', #2068, #4323 ) ;
#4311 = SURFACE_STYLE_USAGE ( .BOTH. , #1608 ) ;
#4312 =( GEOMETRIC_REPRESENTATION_CONTEXT ( 3 ) GLOBAL_UNCERTAINTY_ASSIGNED_CONTEXT ( ( #3783 ) ) GLOBAL_UNIT_ASSIGNED_CONTEXT ( ( #1101, #4671, #203 ) ) REPRESENTATION_CONTEXT ( 'NONE', 'WORKASPACE' ) );
#4313 = EDGE_CURVE ( 'NONE', #5829, #5425, #3322, .T. ) ;
#4314 = LENGTH_MEASURE_WITH_UNIT ( LENGTH_MEASURE( 0.02539999999999999897 ), #1105 );
#4315 =( GEOMETRIC_REPRESENTATION_CONTEXT ( 3 ) GLOBAL_UNCERTAINTY_ASSIGNED_CONTEXT ( ( #5720 ) ) GLOBAL_UNIT_ASSIGNED_CONTEXT ( ( #2948, #3335, #1061 ) ) REPRESENTATION_CONTEXT ( 'NONE', 'WORKASPACE' ) );
#4316 = VERTEX_POINT ( 'NONE', #2834 ) ;
#4317 = MECHANICAL_DESIGN_GEOMETRIC_PRESENTATION_REPRESENTATION (  '', ( #3549 ), #2115 ) ;
#4318 = CARTESIAN_POINT ( 'NONE',  ( 0.1144451678559476465, -0.04822834645669292486, 0.02716535433070866104 ) ) ;
#4319 = COLOUR_RGB ( '',0.2862745098039215508, 0.2862745098039215508, 0.2862745098039215508 ) ;
#4320 = CARTESIAN_POINT ( 'NONE',  ( -0.09842519685039370636, -0.01692913385826767814, 0.000000000000000000 ) ) ;
#4321 =( LENGTH_UNIT ( ) NAMED_UNIT ( * ) SI_UNIT ( $, .METRE. ) );
#4322 = DIRECTION ( 'NONE',  ( 1.000000000000000000, 0.000000000000000000, -0.000000000000000000 ) ) ;
#4323 = VECTOR ( 'NONE', #2126, 39.37007874015748143 ) ;
#4324 = FILL_AREA_STYLE_COLOUR ( '', #4216 ) ;
#4325 = PRESENTATION_LAYER_ASSIGNMENT (  '', '', ( #3932 ) ) ;
#4326 = CARTESIAN_POINT ( 'NONE',  ( 0.1103353514614928005, -0.09162974065629241049, 0.04274218604578641084 ) ) ;
#4327 = AXIS2_PLACEMENT_3D ( 'NONE', #2524, #4826, #3014 ) ;
#4328 =( CONVERSION_BASED_UNIT ( 'INCH', #2946 ) LENGTH_UNIT ( ) NAMED_UNIT ( #1515 ) );
#4329 = EDGE_CURVE ( 'NONE', #872, #5829, #4259, .T. ) ;
#4330 = SURFACE_STYLE_USAGE ( .BOTH. , #2488 ) ;
#4331 = VERTEX_POINT ( 'NONE', #68 ) ;
#4332 = FILL_AREA_STYLE ('',( #276 ) ) ;
#4333 = ORIENTED_EDGE ( 'NONE', *, *, #3084, .F. ) ;
#4334 =( CONVERSION_BASED_UNIT ( 'INCH', #4419 ) LENGTH_UNIT ( ) NAMED_UNIT ( #3681 ) );
#4335 = EDGE_CURVE ( 'NONE', #4331, #314, #3686, .T. ) ;
#4336 = EDGE_CURVE ( 'NONE', #5338, #3241, #5544, .T. ) ;
#4337 = FILL_AREA_STYLE_COLOUR ( '', #4402 ) ;
#4338 = FILL_AREA_STYLE_COLOUR ( '', #4504 ) ;
#4339 = UNCERTAINTY_MEASURE_WITH_UNIT (LENGTH_MEASURE( 1.000000000000000082E-05 ), #5517, 'distance_accuracy_value', 'NONE');
#4340 =( CONVERSION_BASED_UNIT ( 'INCH', #154 ) LENGTH_UNIT ( ) NAMED_UNIT ( #5514 ) );
#4341 = ORIENTED_EDGE ( 'NONE', *, *, #2327, .T. ) ;
#4342 = SURFACE_STYLE_FILL_AREA ( #5138 ) ;
#4343 = LINE ( 'NONE', #320, #2395 ) ;
#4344 =( CONVERSION_BASED_UNIT ( 'INCH', #1192 ) LENGTH_UNIT ( ) NAMED_UNIT ( #2774 ) );
#4345 =( GEOMETRIC_REPRESENTATION_CONTEXT ( 3 ) GLOBAL_UNCERTAINTY_ASSIGNED_CONTEXT ( ( #2892 ) ) GLOBAL_UNIT_ASSIGNED_CONTEXT ( ( #1614, #250, #214 ) ) REPRESENTATION_CONTEXT ( 'NONE', 'WORKASPACE' ) );
#4346 = EDGE_CURVE ( 'NONE', #3315, #1433, #2337, .T. ) ;
#4347 = FILL_AREA_STYLE ('',( #3949 ) ) ;
#4348 = MECHANICAL_DESIGN_GEOMETRIC_PRESENTATION_REPRESENTATION (  '', ( #3578 ), #5224 ) ;
#4349 = PRESENTATION_LAYER_ASSIGNMENT (  '', '', ( #2335 ) ) ;
#4350 = PRODUCT ( 'Pins', 'Pins', '', ( #3700 ) ) ;
#4351 = EDGE_CURVE ( 'NONE', #2110, #3093, #1893, .T. ) ;
#4352 = DIRECTION ( 'NONE',  ( -2.265761274745219945E-16, 1.000000000000000000, 0.000000000000000000 ) ) ;
#4353 = CARTESIAN_POINT ( 'NONE',  ( 0.1113147800263711296, -0.09162974065629242437, 0.04193654726125717325 ) ) ;
#4354 = SURFACE_STYLE_USAGE ( .BOTH. , #2318 ) ;
#4355 =( CONVERSION_BASED_UNIT ( 'INCH', #1593 ) LENGTH_UNIT ( ) NAMED_UNIT ( #5189 ) );
#4356 = LENGTH_MEASURE_WITH_UNIT ( LENGTH_MEASURE( 0.02539999999999999897 ), #2515 );
#4357 = ORIENTED_EDGE ( 'NONE', *, *, #4960, .T. ) ;
#4358 = SURFACE_SIDE_STYLE ('',( #252 ) ) ;
#4359 = ORIENTED_EDGE ( 'NONE', *, *, #1668, .F. ) ;
#4360 = STYLED_ITEM ( 'NONE', ( #3956 ), #2268 ) ;
#4361 = PLANE ( 'NONE',  #3732 ) ;
#4362 = FILL_AREA_STYLE ('',( #5407 ) ) ;
#4363 =( CONVERSION_BASED_UNIT ( 'INCH', #4249 ) LENGTH_UNIT ( ) NAMED_UNIT ( #408 ) );
#4364 = ADVANCED_FACE ( 'NONE', ( #267 ), #1694, .F. ) ;
#4365 = UNCERTAINTY_MEASURE_WITH_UNIT (LENGTH_MEASURE( 1.000000000000000082E-05 ), #3519, 'distance_accuracy_value', 'NONE');
#4366 = DIRECTION ( 'NONE',  ( -1.000000000000000000, 0.000000000000000000, -0.000000000000000000 ) ) ;
#4367 = DIMENSIONAL_EXPONENTS ( 1.000000000000000000, 0.000000000000000000, 0.000000000000000000, 0.000000000000000000, 0.000000000000000000, 0.000000000000000000, 0.000000000000000000 ) ;
#4368 = FILL_AREA_STYLE ('',( #773 ) ) ;
#4369 = LINE ( 'NONE', #2591, #2299 ) ;
#4370 = DIRECTION ( 'NONE',  ( 0.000000000000000000, 0.000000000000000000, 1.000000000000000000 ) ) ;
#4371 = SURFACE_STYLE_FILL_AREA ( #3000 ) ;
#4372 = CARTESIAN_POINT ( 'NONE',  ( -0.1113147800263711573, -0.09162974065629245213, 0.04193654726125714549 ) ) ;
#4373 =( NAMED_UNIT ( * ) PLANE_ANGLE_UNIT ( ) SI_UNIT ( $, .RADIAN. ) );
#4374 = STYLED_ITEM ( 'NONE', ( #44 ), #3993 ) ;
#4375 = PRESENTATION_LAYER_ASSIGNMENT (  '', '', ( #3124 ) ) ;
#4376 = ORIENTED_EDGE ( 'NONE', *, *, #1374, .F. ) ;
#4377 = VECTOR ( 'NONE', #271, 39.37007874015748143 ) ;
#4378 = AXIS2_PLACEMENT_3D ( 'NONE', #1483, #3312, #2924 ) ;
#4379 = ORIENTED_EDGE ( 'NONE', *, *, #1197, .F. ) ;
#4380 = FACE_OUTER_BOUND ( 'NONE', #3496, .T. ) ;
#4381 = ORIENTED_EDGE ( 'NONE', *, *, #5809, .T. ) ;
#4382 = EDGE_CURVE ( 'NONE', #4802, #3062, #2450, .T. ) ;
#4383 =( LENGTH_UNIT ( ) NAMED_UNIT ( * ) SI_UNIT ( $, .METRE. ) );
#4384 =( CONVERSION_BASED_UNIT ( 'INCH', #5315 ) LENGTH_UNIT ( ) NAMED_UNIT ( #1032 ) );
#4385 =( LENGTH_UNIT ( ) NAMED_UNIT ( * ) SI_UNIT ( $, .METRE. ) );
#4386 = FACE_OUTER_BOUND ( 'NONE', #5736, .T. ) ;
#4387 = ORIENTED_EDGE ( 'NONE', *, *, #4462, .F. ) ;
#4388 = STYLED_ITEM ( 'NONE', ( #1233 ), #1691 ) ;
#4389 = CIRCLE ( 'NONE', #5472, 0.003937007874015741038 ) ;
#4390 =( LENGTH_UNIT ( ) NAMED_UNIT ( * ) SI_UNIT ( $, .METRE. ) );
#4391 =( GEOMETRIC_REPRESENTATION_CONTEXT ( 3 ) GLOBAL_UNCERTAINTY_ASSIGNED_CONTEXT ( ( #2643 ) ) GLOBAL_UNIT_ASSIGNED_CONTEXT ( ( #4192, #2423, #120 ) ) REPRESENTATION_CONTEXT ( 'NONE', 'WORKASPACE' ) );
#4392 = VERTEX_POINT ( 'NONE', #1131 ) ;
#4393 = LINE ( 'NONE', #5382, #5089 ) ;
#4394 = FACE_OUTER_BOUND ( 'NONE', #5252, .T. ) ;
#4395 = PLANE ( 'NONE',  #4026 ) ;
#4396 = EDGE_CURVE ( 'NONE', #908, #190, #696, .T. ) ;
#4397 = SURFACE_STYLE_FILL_AREA ( #129 ) ;
#4398 =( GEOMETRIC_REPRESENTATION_CONTEXT ( 3 ) GLOBAL_UNCERTAINTY_ASSIGNED_CONTEXT ( ( #1964 ) ) GLOBAL_UNIT_ASSIGNED_CONTEXT ( ( #3048, #206, #4774 ) ) REPRESENTATION_CONTEXT ( 'NONE', 'WORKASPACE' ) );
#4399 = FACE_OUTER_BOUND ( 'NONE', #4993, .T. ) ;
#4400 = COLOUR_RGB ( '',0.2862745098039215508, 0.2862745098039215508, 0.2862745098039215508 ) ;
#4401 =( GEOMETRIC_REPRESENTATION_CONTEXT ( 3 ) GLOBAL_UNCERTAINTY_ASSIGNED_CONTEXT ( ( #4654 ) ) GLOBAL_UNIT_ASSIGNED_CONTEXT ( ( #3453, #3418, #699 ) ) REPRESENTATION_CONTEXT ( 'NONE', 'WORKASPACE' ) );
#4402 = COLOUR_RGB ( '',0.8313725490196077761, 0.8313725490196077761, 0.8313725490196077761 ) ;
#4403 = CARTESIAN_POINT ( 'NONE',  ( -0.1150550738846283644, -0.08544681273289424228, 0.04151168478572741377 ) ) ;
#4404 = CIRCLE ( 'NONE', #5875, 0.003937007874015741038 ) ;
#4405 = STYLED_ITEM ( 'NONE', ( #4197 ), #1791 ) ;
#4406 =( GEOMETRIC_REPRESENTATION_CONTEXT ( 3 ) GLOBAL_UNCERTAINTY_ASSIGNED_CONTEXT ( ( #5643 ) ) GLOBAL_UNIT_ASSIGNED_CONTEXT ( ( #5774, #3499, #3016 ) ) REPRESENTATION_CONTEXT ( 'NONE', 'WORKASPACE' ) );
#4407 = DIMENSIONAL_EXPONENTS ( 1.000000000000000000, 0.000000000000000000, 0.000000000000000000, 0.000000000000000000, 0.000000000000000000, 0.000000000000000000, 0.000000000000000000 ) ;
#4408 =( GEOMETRIC_REPRESENTATION_CONTEXT ( 3 ) GLOBAL_UNCERTAINTY_ASSIGNED_CONTEXT ( ( #4365 ) ) GLOBAL_UNIT_ASSIGNED_CONTEXT ( ( #3519, #4937, #1209 ) ) REPRESENTATION_CONTEXT ( 'NONE', 'WORKASPACE' ) );
#4409 = MECHANICAL_DESIGN_GEOMETRIC_PRESENTATION_REPRESENTATION (  '', ( #1152 ), #1743 ) ;
#4410 = ORIENTED_EDGE ( 'NONE', *, *, #2819, .F. ) ;
#4411 =( NAMED_UNIT ( * ) SI_UNIT ( $, .STERADIAN. ) SOLID_ANGLE_UNIT ( ) );
#4412 = PRESENTATION_LAYER_ASSIGNMENT (  '', '', ( #3455 ) ) ;
#4413 = FILL_AREA_STYLE_COLOUR ( '', #5629 ) ;
#4414 = DIRECTION ( 'NONE',  ( 2.241005114736412675E-16, -1.000000000000000000, -2.355391288108391830E-17 ) ) ;
#4415 = CLOSED_SHELL ( 'NONE', ( #4223, #1900, #5236, #5417, #971, #4675, #2772, #1130, #3871, #269, #3818, #4138, #5067, #5793, #522, #3977, #2268, #658, #1891, #4622, #197, #4364 ) ) ;
#4416 = ORIENTED_EDGE ( 'NONE', *, *, #1049, .T. ) ;
#4417 = ORIENTED_EDGE ( 'NONE', *, *, #1830, .T. ) ;
#4418 = VECTOR ( 'NONE', #4170, 39.37007874015748143 ) ;
#4419 = LENGTH_MEASURE_WITH_UNIT ( LENGTH_MEASURE( 0.02539999999999999897 ), #4907 );
#4420 = ADVANCED_FACE ( 'NONE', ( #5295 ), #5325, .T. ) ;
#4421 = EDGE_LOOP ( 'NONE', ( #78, #1535, #3728, #5463 ) ) ;
#4422 = DIRECTION ( 'NONE',  ( 0.000000000000000000, 1.000000000000000000, 0.000000000000000000 ) ) ;
#4423 = ORIENTED_EDGE ( 'NONE', *, *, #2826, .F. ) ;
#4424 = PRESENTATION_LAYER_ASSIGNMENT (  '', '', ( #155 ) ) ;
#4425 = SURFACE_SIDE_STYLE ('',( #881 ) ) ;
#4426 =( CONVERSION_BASED_UNIT ( 'INCH', #318 ) LENGTH_UNIT ( ) NAMED_UNIT ( #484 ) );
#4427 = ORIENTED_EDGE ( 'NONE', *, *, #2747, .T. ) ;
#4428 =( REPRESENTATION_RELATIONSHIP ('NONE','NONE', #2121, #3731 ) REPRESENTATION_RELATIONSHIP_WITH_TRANSFORMATION ( #3729 )SHAPE_REPRESENTATION_RELATIONSHIP( ) );
#4429 = DIRECTION ( 'NONE',  ( -0.9945218953682734009, -2.253349197411650802E-16, 0.1045284632676530268 ) ) ;
#4430 =( CONVERSION_BASED_UNIT ( 'INCH', #3948 ) LENGTH_UNIT ( ) NAMED_UNIT ( #3122 ) );
#4431 = SURFACE_STYLE_USAGE ( .BOTH. , #3534 ) ;
#4432 = DIRECTION ( 'NONE',  ( -0.000000000000000000, 0.000000000000000000, -1.000000000000000000 ) ) ;
#4433 = CARTESIAN_POINT ( 'NONE',  ( -0.1058728332720639820, 0.09611101568364036063, 0.04029268180821134887 ) ) ;
#4434 = VECTOR ( 'NONE', #1582, 39.37007874015748143 ) ;
#4435 = ADVANCED_FACE ( 'NONE', ( #1610 ), #2969, .F. ) ;
#4436 = FILL_AREA_STYLE ('',( #889 ) ) ;
#4437 = COLOUR_RGB ( '',0.2862745098039215508, 0.2862745098039215508, 0.2862745098039215508 ) ;
#4438 = DIRECTION ( 'NONE',  ( -0.9945218953682731788, 0.000000000000000000, -0.1045284632676536374 ) ) ;
#4439 = ORIENTED_EDGE ( 'NONE', *, *, #2492, .T. ) ;
#4440 = VERTEX_POINT ( 'NONE', #621 ) ;
#4441 = DIMENSIONAL_EXPONENTS ( 1.000000000000000000, 0.000000000000000000, 0.000000000000000000, 0.000000000000000000, 0.000000000000000000, 0.000000000000000000, 0.000000000000000000 ) ;
#4442 = CARTESIAN_POINT ( 'NONE',  ( -0.1161417322834645688, 0.03307086614173231770, 0.0009842519685039369942 ) ) ;
#4443 = CARTESIAN_POINT ( 'NONE',  ( 0.09842519685039370636, 0.06692913385826772255, 0.000000000000000000 ) ) ;
#4444 = ORIENTED_EDGE ( 'NONE', *, *, #3517, .F. ) ;
#4445 = LENGTH_MEASURE_WITH_UNIT ( LENGTH_MEASURE( 0.02539999999999999897 ), #1242 );
#4446 = COLOUR_RGB ( '',0.8313725490196077761, 0.8313725490196077761, 0.8313725490196077761 ) ;
#4447 = UNCERTAINTY_MEASURE_WITH_UNIT (LENGTH_MEASURE( 1.000000000000000082E-05 ), #5874, 'distance_accuracy_value', 'NONE');
#4448 = ADVANCED_FACE ( 'NONE', ( #5552 ), #562, .F. ) ;
#4449 = CARTESIAN_POINT ( 'NONE',  ( -0.1097440944881889757, -0.02499999999999996322, 0.01102362204724409607 ) ) ;
#4450 = DIRECTION ( 'NONE',  ( -1.000000000000000000, -2.265761274745219945E-16, 0.000000000000000000 ) ) ;
#4451 = CARTESIAN_POINT ( 'NONE',  ( -0.1210629921259842590, 0.03307086614173232464, 0.000000000000000000 ) ) ;
#4452 = PRESENTATION_STYLE_ASSIGNMENT (( #25 ) ) ;
#4453 = ADVANCED_FACE ( 'NONE', ( #1988 ), #3233, .T. ) ;
#4454 = CARTESIAN_POINT ( 'NONE',  ( -0.1107514645067868980, 0.09611101568364040226, 0.03627971477922033172 ) ) ;
#4455 = LINE ( 'NONE', #5392, #2628 ) ;
#4456 = SURFACE_STYLE_FILL_AREA ( #2630 ) ;
#4457 = CARTESIAN_POINT ( 'NONE',  ( -0.02578740157480311282, 0.07874015748031495954, 0.000000000000000000 ) ) ;
#4458 = DIRECTION ( 'NONE',  ( -0.9945218953682731788, 0.000000000000000000, -0.1045284632676536374 ) ) ;
#4459 = FACE_OUTER_BOUND ( 'NONE', #2544, .T. ) ;
#4460 = DIRECTION ( 'NONE',  ( 0.1039620511844980000, -0.1039620511844970008, 0.9891328443778539814 ) ) ;
#4461 = VERTEX_POINT ( 'NONE', #1883 ) ;
#4462 = EDGE_CURVE ( 'NONE', #3241, #1760, #4532, .T. ) ;
#4463 = VERTEX_POINT ( 'NONE', #3702 ) ;
#4464 = COLOUR_RGB ( '',0.8313725490196077761, 0.8313725490196077761, 0.8313725490196077761 ) ;
#4465 = DIRECTION ( 'NONE',  ( -1.000000000000000000, -1.411300455031980070E-16, 0.000000000000000000 ) ) ;
#4466 = MECHANICAL_DESIGN_GEOMETRIC_PRESENTATION_REPRESENTATION (  '', ( #5165 ), #4771 ) ;
#4467 = ORIENTED_EDGE ( 'NONE', *, *, #5380, .T. ) ;
#4468 = FACE_OUTER_BOUND ( 'NONE', #2044, .T. ) ;
#4469 = FILL_AREA_STYLE ('',( #2644 ) ) ;
#4470 = ORIENTED_EDGE ( 'NONE', *, *, #2241, .T. ) ;
#4471 = CARTESIAN_POINT ( 'NONE',  ( -0.02578740157480311282, -0.1013779527559055121, 0.000000000000000000 ) ) ;
#4472 = PRESENTATION_STYLE_ASSIGNMENT (( #2180 ) ) ;
#4473 = CARTESIAN_POINT ( 'NONE',  ( -0.1144451678559476465, 0.04822834645669292486, 0.02716535433070866104 ) ) ;
#4474 = CARTESIAN_POINT ( 'NONE',  ( 0.08464566929133858497, -0.07874015748031494566, 0.01102362204724409607 ) ) ;
#4475 = AXIS2_PLACEMENT_3D ( 'NONE', #3178, #1442, #5029 ) ;
#4476 =( GEOMETRIC_REPRESENTATION_CONTEXT ( 3 ) GLOBAL_UNCERTAINTY_ASSIGNED_CONTEXT ( ( #2285 ) ) GLOBAL_UNIT_ASSIGNED_CONTEXT ( ( #5840, #5010, #2704 ) ) REPRESENTATION_CONTEXT ( 'NONE', 'WORKASPACE' ) );
#4477 =( NAMED_UNIT ( * ) SI_UNIT ( $, .STERADIAN. ) SOLID_ANGLE_UNIT ( ) );
#4478 = PLANE ( 'NONE',  #1558 ) ;
#4479 = CARTESIAN_POINT ( 'NONE',  ( -0.1128641397494070109, 0.09132447417272143708, 0.04003988830560045037 ) ) ;
#4480 = EDGE_CURVE ( 'NONE', #4592, #2950, #1343, .T. ) ;
#4481 = AXIS2_PLACEMENT_3D ( 'NONE', #4318, #243, #5727 ) ;
#4482 = PRESENTATION_STYLE_ASSIGNMENT (( #3161 ) ) ;
#4483 = CARTESIAN_POINT ( 'NONE',  ( -0.1161417322834645827, 0.09645669291338584972, 0.000000000000000000 ) ) ;
#4484 = STYLED_ITEM ( 'NONE', ( #2430 ), #4453 ) ;
#4485 = VERTEX_POINT ( 'NONE', #2758 ) ;
#4486 = AXIS2_PLACEMENT_3D ( 'NONE', #2005, #4740, #2931 ) ;
#4488 = ORIENTED_EDGE ( 'NONE', *, *, #4396, .F. ) ;
#4487 =( NAMED_UNIT ( * ) PLANE_ANGLE_UNIT ( ) SI_UNIT ( $, .RADIAN. ) );
#4489 = AXIS2_PLACEMENT_3D ( 'NONE', #210, #1451, #2265 ) ;
#4490 = FILL_AREA_STYLE ('',( #2654 ) ) ;
#4491 = DIRECTION ( 'NONE',  ( -0.000000000000000000, 0.000000000000000000, -1.000000000000000000 ) ) ;
#4492 = SURFACE_STYLE_FILL_AREA ( #2139 ) ;
#4493 = FACE_OUTER_BOUND ( 'NONE', #3881, .T. ) ;
#4494 = ORIENTED_EDGE ( 'NONE', *, *, #4014, .F. ) ;
#4495 = VERTEX_POINT ( 'NONE', #4634 ) ;
#4496 = UNCERTAINTY_MEASURE_WITH_UNIT (LENGTH_MEASURE( 1.000000000000000082E-05 ), #973, 'distance_accuracy_value', 'NONE');
#4497 = VECTOR ( 'NONE', #2932, 39.37007874015748143 ) ;
#4498 = SURFACE_STYLE_FILL_AREA ( #5496 ) ;
#4499 = FILL_AREA_STYLE ('',( #844 ) ) ;
#4500 = LENGTH_MEASURE_WITH_UNIT ( LENGTH_MEASURE( 0.02539999999999999897 ), #1708 );
#4501 = VERTEX_POINT ( 'NONE', #574 ) ;
#4502 = ORIENTED_EDGE ( 'NONE', *, *, #1616, .T. ) ;
#4503 = AXIS2_PLACEMENT_3D ( 'NONE', #548, #1383, #1484 ) ;
#4504 = COLOUR_RGB ( '',0.2862745098039215508, 0.2862745098039215508, 0.2862745098039215508 ) ;
#4505 = FILL_AREA_STYLE_COLOUR ( '', #1790 ) ;
#4506 = ADVANCED_FACE ( 'NONE', ( #5562 ), #148, .T. ) ;
#4507 = VECTOR ( 'NONE', #3667, 39.37007874015748143 ) ;
#4508 = CARTESIAN_POINT ( 'NONE',  ( 0.1210629921259842590, 0.06692913385826770867, 0.01102362204724409607 ) ) ;
#4509 =( NAMED_UNIT ( * ) SI_UNIT ( $, .STERADIAN. ) SOLID_ANGLE_UNIT ( ) );
#4510 = COLOUR_RGB ( '',0.2862745098039215508, 0.2862745098039215508, 0.2862745098039215508 ) ;
#4511 = CARTESIAN_POINT ( 'NONE',  ( -0.09842519685039370636, 0.03307086614173232464, 0.000000000000000000 ) ) ;
#4512 =( NAMED_UNIT ( * ) SI_UNIT ( $, .STERADIAN. ) SOLID_ANGLE_UNIT ( ) );
#4513 = CARTESIAN_POINT ( 'NONE',  ( 2.185478394931409404E-17, 2.731847993664264143E-17, 0.0009842519685039369942 ) ) ;
#4514 = PRESENTATION_STYLE_ASSIGNMENT (( #1834 ) ) ;
#4515 = DIMENSIONAL_EXPONENTS ( 1.000000000000000000, 0.000000000000000000, 0.000000000000000000, 0.000000000000000000, 0.000000000000000000, 0.000000000000000000, 0.000000000000000000 ) ;
#4516 = PLANE ( 'NONE',  #2205 ) ;
#4517 = EDGE_CURVE ( 'NONE', #5648, #440, #4152, .T. ) ;
#4518 = VERTEX_POINT ( 'NONE', #87 ) ;
#4519 =( NAMED_UNIT ( * ) SI_UNIT ( $, .STERADIAN. ) SOLID_ANGLE_UNIT ( ) );
#4520 = LENGTH_MEASURE_WITH_UNIT ( LENGTH_MEASURE( 0.02539999999999999897 ), #437 );
#4521 = CARTESIAN_POINT ( 'NONE',  ( -0.1210629921259842590, 0.01692913385826775793, 0.000000000000000000 ) ) ;
#4522 = PLANE ( 'NONE',  #2770 ) ;
#4523 = ORIENTED_EDGE ( 'NONE', *, *, #592, .T. ) ;
#4524 = ORIENTED_EDGE ( 'NONE', *, *, #412, .F. ) ;
#4525 = FILL_AREA_STYLE_COLOUR ( '', #3606 ) ;
#4526 = COLOUR_RGB ( '',0.2862745098039215508, 0.2862745098039215508, 0.2862745098039215508 ) ;
#4527 = DIRECTION ( 'NONE',  ( 0.000000000000000000, -0.000000000000000000, 1.000000000000000000 ) ) ;
#4528 = VERTEX_POINT ( 'NONE', #5597 ) ;
#4529 = CARTESIAN_POINT ( 'NONE',  ( -0.1097440944881889757, -0.03307086614173224137, 0.01102362204724409607 ) ) ;
#4530 = ORIENTED_EDGE ( 'NONE', *, *, #4066, .F. ) ;
#4531 =( NAMED_UNIT ( * ) SI_UNIT ( $, .STERADIAN. ) SOLID_ANGLE_UNIT ( ) );
#4532 = LINE ( 'NONE', #4665, #5082 ) ;
#4533 = DIRECTION ( 'NONE',  ( 0.1039620511844980000, 0.1039620511844980000, 0.9891328443778539814 ) ) ;
#4534 = MECHANICAL_DESIGN_GEOMETRIC_PRESENTATION_REPRESENTATION (  '', ( #3015 ), #2711 ) ;
#4535 = CARTESIAN_POINT ( 'NONE',  ( -0.09842519685039370636, 0.01692913385826775793, 0.000000000000000000 ) ) ;
#4536 = LENGTH_MEASURE_WITH_UNIT ( LENGTH_MEASURE( 0.02539999999999999897 ), #3588 );
#4537 = FACE_OUTER_BOUND ( 'NONE', #4172, .T. ) ;
#4538 = EDGE_CURVE ( 'NONE', #1685, #3726, #3186, .T. ) ;
#4539 = FACE_OUTER_BOUND ( 'NONE', #3032, .T. ) ;
#4540 = COLOUR_RGB ( '',0.8313725490196077761, 0.8313725490196077761, 0.8313725490196077761 ) ;
#4541 = PLANE ( 'NONE',  #4252 ) ;
#4542 = CARTESIAN_POINT ( 'NONE',  ( -0.09842519685039370636, -0.06692913385826770867, 0.0009842519685039369942 ) ) ;
#4543 = APPLICATION_CONTEXT ( 'automotive_design' ) ;
#4544 = CARTESIAN_POINT ( 'NONE',  ( -0.1161417322834645827, -0.09645669291338584972, 0.000000000000000000 ) ) ;
#4545 = EDGE_LOOP ( 'NONE', ( #3489, #1906, #3170, #4738 ) ) ;
#4546 =( CONVERSION_BASED_UNIT ( 'INCH', #2775 ) LENGTH_UNIT ( ) NAMED_UNIT ( #2818 ) );
#4547 = FILL_AREA_STYLE_COLOUR ( '', #1194 ) ;
#4548 = CARTESIAN_POINT ( 'NONE',  ( 0.1161417322834645827, -0.09251968503937008093, 0.0009842519685039369942 ) ) ;
#4549 = SURFACE_SIDE_STYLE ('',( #72 ) ) ;
#4550 = EDGE_LOOP ( 'NONE', ( #337, #2871, #2436, #1769, #173, #217, #2434, #5770, #1093, #1339, #982, #2322, #4494, #990, #1817, #82, #534, #1641, #1792, #1892 ) ) ;
#4551 = ORIENTED_EDGE ( 'NONE', *, *, #608, .F. ) ;
#4552 = DIMENSIONAL_EXPONENTS ( 1.000000000000000000, 0.000000000000000000, 0.000000000000000000, 0.000000000000000000, 0.000000000000000000, 0.000000000000000000, 0.000000000000000000 ) ;
#4553 = DIRECTION ( 'NONE',  ( -1.000000000000000000, 0.000000000000000000, 0.000000000000000000 ) ) ;
#4554 = DIRECTION ( 'NONE',  ( -1.000000000000000000, 0.000000000000000000, 0.000000000000000000 ) ) ;
#4555 = EDGE_CURVE ( 'NONE', #130, #3668, #1482, .T. ) ;
#4556 = ORIENTED_EDGE ( 'NONE', *, *, #1588, .T. ) ;
#4557 = CARTESIAN_POINT ( 'NONE',  ( -0.1122154787034354423, -0.09645666353683743366, 0.01102390154643147734 ) ) ;
#4558 = UNCERTAINTY_MEASURE_WITH_UNIT (LENGTH_MEASURE( 1.000000000000000082E-05 ), #4806, 'distance_accuracy_value', 'NONE');
#4559 = VERTEX_POINT ( 'NONE', #2379 ) ;
#4560 = APPLICATION_PROTOCOL_DEFINITION ( 'draft international standard', 'automotive_design', 1998, #5446 ) ;
#4561 =( GEOMETRIC_REPRESENTATION_CONTEXT ( 3 ) GLOBAL_UNCERTAINTY_ASSIGNED_CONTEXT ( ( #2782 ) ) GLOBAL_UNIT_ASSIGNED_CONTEXT ( ( #2921, #2465, #146 ) ) REPRESENTATION_CONTEXT ( 'NONE', 'WORKASPACE' ) );
#4562 = CARTESIAN_POINT ( 'NONE',  ( -0.1145117393724014859, 0.09645039723698166367, 0.01114330708994912440 ) ) ;
#4563 = CARTESIAN_POINT ( 'NONE',  ( -0.1210629921259842590, -0.06692913385826770867, 0.000000000000000000 ) ) ;
#4564 = VECTOR ( 'NONE', #2485, 39.37007874015748143 ) ;
#4565 = FACE_OUTER_BOUND ( 'NONE', #1466, .T. ) ;
#4566 = LENGTH_MEASURE_WITH_UNIT ( LENGTH_MEASURE( 0.02539999999999999897 ), #3216 );
#4567 =( CONVERSION_BASED_UNIT ( 'INCH', #1348 ) LENGTH_UNIT ( ) NAMED_UNIT ( #4627 ) );
#4568 = CARTESIAN_POINT ( 'NONE',  ( -0.09842519685039370636, -0.06692913385826770867, 0.01102362204724409607 ) ) ;
#4569 = EDGE_CURVE ( 'NONE', #53, #1490, #4217, .T. ) ;
#4570 =( LENGTH_UNIT ( ) NAMED_UNIT ( * ) SI_UNIT ( $, .METRE. ) );
#4571 = CARTESIAN_POINT ( 'NONE',  ( -0.1161417322834645549, -0.08307086614173225803, 0.0009842519685039369942 ) ) ;
#4572 = ORIENTED_EDGE ( 'NONE', *, *, #3253, .T. ) ;
#4573 = ADVANCED_FACE ( 'NONE', ( #910 ), #21, .T. ) ;
#4574 = CARTESIAN_POINT ( 'NONE',  ( 0.1091548873361931626, -0.09132447417272139545, 0.04309097106227412904 ) ) ;
#4575 = STYLED_ITEM ( 'NONE', ( #239 ), #533 ) ;
#4576 = CARTESIAN_POINT ( 'NONE',  ( -0.09842519685039370636, -0.06692913385826770867, 0.000000000000000000 ) ) ;
#4577 = LINE ( 'NONE', #559, #3934 ) ;
#4578 = CARTESIAN_POINT ( 'NONE',  ( 0.1092037056162346587, -0.08951866624615591184, 0.03937007874015750059 ) ) ;
#4579 = FILL_AREA_STYLE ('',( #2718 ) ) ;
#4580 = ORIENTED_EDGE ( 'NONE', *, *, #3010, .T. ) ;
#4581 = VECTOR ( 'NONE', #3291, 39.37007874015748143 ) ;
#4582 = CARTESIAN_POINT ( 'NONE',  ( -0.09842519685039370636, 0.08307086614173228578, 0.000000000000000000 ) ) ;
#4583 = DIRECTION ( 'NONE',  ( 1.000000000000000000, 0.000000000000000000, -0.000000000000000000 ) ) ;
#4584 =( NAMED_UNIT ( * ) SI_UNIT ( $, .STERADIAN. ) SOLID_ANGLE_UNIT ( ) );
#4585 = SURFACE_STYLE_FILL_AREA ( #5555 ) ;
#4586 = VECTOR ( 'NONE', #5059, 39.37007874015748143 ) ;
#4587 = LINE ( 'NONE', #997, #2329 ) ;
#4588 = SURFACE_STYLE_USAGE ( .BOTH. , #4079 ) ;
#4589 = VECTOR ( 'NONE', #1290, 39.37007874015748143 ) ;
#4590 = ORIENTED_EDGE ( 'NONE', *, *, #237, .T. ) ;
#4591 = DIRECTION ( 'NONE',  ( -1.000000000000000000, -0.000000000000000000, 0.000000000000000000 ) ) ;
#4592 = VERTEX_POINT ( 'NONE', #3311 ) ;
#4593 = UNCERTAINTY_MEASURE_WITH_UNIT (LENGTH_MEASURE( 1.000000000000000082E-05 ), #4039, 'distance_accuracy_value', 'NONE');
#4594 = PRESENTATION_LAYER_ASSIGNMENT (  '', '', ( #1150 ) ) ;
#4595 = COLOUR_RGB ( '',0.8313725490196077761, 0.8313725490196077761, 0.8313725490196077761 ) ;
#4596 = EDGE_CURVE ( 'NONE', #4096, #872, #5278, .T. ) ;
#4597 = AXIS2_PLACEMENT_3D ( 'NONE', #2759, #1382, #5468 ) ;
#4598 = DIMENSIONAL_EXPONENTS ( 1.000000000000000000, 0.000000000000000000, 0.000000000000000000, 0.000000000000000000, 0.000000000000000000, 0.000000000000000000, 0.000000000000000000 ) ;
#4599 = PRESENTATION_STYLE_ASSIGNMENT (( #941 ) ) ;
#4600 = CARTESIAN_POINT ( 'NONE',  ( -0.09842519685039370636, -0.01692913385826767814, 0.000000000000000000 ) ) ;
#4601 = DIRECTION ( 'NONE',  ( 0.000000000000000000, 0.000000000000000000, 1.000000000000000000 ) ) ;
#4602 = LENGTH_MEASURE_WITH_UNIT ( LENGTH_MEASURE( 0.02539999999999999897 ), #4155 );
#4603 = PRESENTATION_STYLE_ASSIGNMENT (( #5626 ) ) ;
#4604 = AXIS2_PLACEMENT_3D ( 'NONE', #5813, #5610, #3020 ) ;
#4605 = LENGTH_MEASURE_WITH_UNIT ( LENGTH_MEASURE( 0.02539999999999999897 ), #5538 );
#4606 = CIRCLE ( 'NONE', #2120, 0.003937007874015749712 ) ;
#4607 = MECHANICAL_DESIGN_GEOMETRIC_PRESENTATION_REPRESENTATION (  '', ( #3933 ), #1577 ) ;
#4608 = VECTOR ( 'NONE', #2688, 39.37007874015748143 ) ;
#4609 = SURFACE_SIDE_STYLE ('',( #3221 ) ) ;
#4610 = PLANE ( 'NONE',  #2567 ) ;
#4611 = DIRECTION ( 'NONE',  ( 0.000000000000000000, 1.000000000000000000, -0.000000000000000000 ) ) ;
#4612 = AXIS2_PLACEMENT_3D ( 'NONE', #2622, #1751, #374 ) ;
#4613 = ORIENTED_EDGE ( 'NONE', *, *, #1310, .T. ) ;
#4614 = DIRECTION ( 'NONE',  ( 0.000000000000000000, 0.000000000000000000, 1.000000000000000000 ) ) ;
#4615 = LINE ( 'NONE', #528, #4256 ) ;
#4616 = LENGTH_MEASURE_WITH_UNIT ( LENGTH_MEASURE( 0.02539999999999999897 ), #2247 );
#4617 = DIRECTION ( 'NONE',  ( 1.000000000000000000, 0.000000000000000000, 0.000000000000000000 ) ) ;
#4618 = PLANE ( 'NONE',  #1814 ) ;
#4619 = ORIENTED_EDGE ( 'NONE', *, *, #5542, .F. ) ;
#4620 = EDGE_CURVE ( 'NONE', #573, #5863, #2495, .T. ) ;
#4621 = ORIENTED_EDGE ( 'NONE', *, *, #4006, .T. ) ;
#4622 = ADVANCED_FACE ( 'NONE', ( #4248 ), #4361, .T. ) ;
#4623 = CARTESIAN_POINT ( 'NONE',  ( -0.1107909172698221811, 0.08727044563203967265, 0.04507992005624333887 ) ) ;
#4624 = DIRECTION ( 'NONE',  ( -1.000000000000000000, -0.000000000000000000, 0.000000000000000000 ) ) ;
#4625 = ORIENTED_EDGE ( 'NONE', *, *, #935, .T. ) ;
#4626 = CARTESIAN_POINT ( 'NONE',  ( -0.02578740157480310588, -0.09645669291338582196, 0.01102362204724408913 ) ) ;
#4627 = DIMENSIONAL_EXPONENTS ( 1.000000000000000000, 0.000000000000000000, 0.000000000000000000, 0.000000000000000000, 0.000000000000000000, 0.000000000000000000, 0.000000000000000000 ) ;
#4628 = ORIENTED_EDGE ( 'NONE', *, *, #237, .F. ) ;
#4629 =( LENGTH_UNIT ( ) NAMED_UNIT ( * ) SI_UNIT ( $, .METRE. ) );
#4630 = MECHANICAL_DESIGN_GEOMETRIC_PRESENTATION_REPRESENTATION (  '', ( #5127 ), #1387 ) ;
#4631 = PLANE ( 'NONE',  #4695 ) ;
#4632 = PRESENTATION_LAYER_ASSIGNMENT (  '', '', ( #3191 ) ) ;
#4633 = VECTOR ( 'NONE', #3978, 39.37007874015748143 ) ;
#4634 = CARTESIAN_POINT ( 'NONE',  ( -0.1092037056162346448, -0.09125274960023661841, 0.04290462056635819393 ) ) ;
#4635 = DIRECTION ( 'NONE',  ( 1.000000000000000000, 0.000000000000000000, -0.000000000000000000 ) ) ;
#4636 = CARTESIAN_POINT ( 'NONE',  ( -0.09842519685039370636, -0.01692913385826767814, 0.01102362204724409607 ) ) ;
#4637 = DIRECTION ( 'NONE',  ( -1.000000000000000000, 0.000000000000000000, -0.000000000000000000 ) ) ;
#4638 = EDGE_CURVE ( 'NONE', #2507, #2894, #1735, .T. ) ;
#4639 =( LENGTH_UNIT ( ) NAMED_UNIT ( * ) SI_UNIT ( $, .METRE. ) );
#4640 = ORIENTED_EDGE ( 'NONE', *, *, #4287, .F. ) ;
#4641 = VECTOR ( 'NONE', #2687, 39.37007874015748143 ) ;
#4642 =( LENGTH_UNIT ( ) NAMED_UNIT ( * ) SI_UNIT ( $, .METRE. ) );
#4643 = DIRECTION ( 'NONE',  ( -0.000000000000000000, 1.000000000000000000, 0.000000000000000000 ) ) ;
#4644 = FILL_AREA_STYLE_COLOUR ( '', #2010 ) ;
#4645 = EDGE_CURVE ( 'NONE', #3103, #2845, #5873, .T. ) ;
#4646 = LINE ( 'NONE', #556, #2971 ) ;
#4647 = AXIS2_PLACEMENT_3D ( 'NONE', #4286, #2016, #3416 ) ;
#4648 = ORIENTED_EDGE ( 'NONE', *, *, #5229, .F. ) ;
#4649 = DIRECTION ( 'NONE',  ( 0.1039620511845032458, -0.1039620511844973894, 0.9891328443778534263 ) ) ;
#4650 = FILL_AREA_STYLE ('',( #5020 ) ) ;
#4651 =( CONVERSION_BASED_UNIT ( 'INCH', #586 ) LENGTH_UNIT ( ) NAMED_UNIT ( #4715 ) );
#4652 = DIRECTION ( 'NONE',  ( 1.000000000000000000, 0.000000000000000000, -0.000000000000000000 ) ) ;
#4653 = ORIENTED_EDGE ( 'NONE', *, *, #3564, .T. ) ;
#4654 = UNCERTAINTY_MEASURE_WITH_UNIT (LENGTH_MEASURE( 1.000000000000000082E-05 ), #3453, 'distance_accuracy_value', 'NONE');
#4655 = FILL_AREA_STYLE ('',( #2878 ) ) ;
#4656 = CARTESIAN_POINT ( 'NONE',  ( -0.09842519685039370636, -0.06692913385826770867, 0.000000000000000000 ) ) ;
#4657 = SURFACE_STYLE_FILL_AREA ( #934 ) ;
#4658 = ADVANCED_FACE ( 'NONE', ( #1973 ), #170, .T. ) ;
#4659 = SURFACE_SIDE_STYLE ('',( #3304 ) ) ;
#4660 = VERTEX_POINT ( 'NONE', #3968 ) ;
#4661 = CARTESIAN_POINT ( 'NONE',  ( -0.1092037056162346170, 0.08951866624615588408, 0.03937007874015747977 ) ) ;
#4662 = ORIENTED_EDGE ( 'NONE', *, *, #2313, .F. ) ;
#4663 = LINE ( 'NONE', #4214, #111 ) ;
#4664 = EDGE_LOOP ( 'NONE', ( #1935, #689, #5232, #3548, #1441, #3788, #5679, #4625, #5850, #4523, #4257, #3690, #5543, #1511, #4613, #5836, #1378, #5605, #467, #1676 ) ) ;
#4665 = CARTESIAN_POINT ( 'NONE',  ( -0.05118110236220473064, 0.07874015748031495954, 0.01102362204724409607 ) ) ;
#4666 = DIRECTION ( 'NONE',  ( 0.000000000000000000, 0.000000000000000000, -1.000000000000000000 ) ) ;
#4667 = CARTESIAN_POINT ( 'NONE',  ( -0.05807086614173229133, -0.09476012848586891357, 0.02716535433070866104 ) ) ;
#4668 = DIMENSIONAL_EXPONENTS ( 1.000000000000000000, 0.000000000000000000, 0.000000000000000000, 0.000000000000000000, 0.000000000000000000, 0.000000000000000000, 0.000000000000000000 ) ;
#4669 = VERTEX_POINT ( 'NONE', #2145 ) ;
#4670 = AXIS2_PLACEMENT_3D ( 'NONE', #3426, #3662, #4052 ) ;
#4671 =( NAMED_UNIT ( * ) PLANE_ANGLE_UNIT ( ) SI_UNIT ( $, .RADIAN. ) );
#4672 = PLANE ( 'NONE',  #2755 ) ;
#4673 = CARTESIAN_POINT ( 'NONE',  ( 0.1210629921259842590, -0.06692913385826770867, 0.01102362204724409607 ) ) ;
#4674 = EDGE_LOOP ( 'NONE', ( #5187, #5310, #124, #102 ) ) ;
#4675 = ADVANCED_FACE ( 'NONE', ( #2546 ), #3011, .F. ) ;
#4676 = CARTESIAN_POINT ( 'NONE',  ( -0.1114302207729582078, -0.09377067414544017210, 0.04008054401415313273 ) ) ;
#4677 = CARTESIAN_POINT ( 'NONE',  ( -0.09842519685039370636, 0.01692913385826775793, 0.000000000000000000 ) ) ;
#4678 = PRESENTATION_STYLE_ASSIGNMENT (( #2836 ) ) ;
#4679 = PLANE ( 'NONE',  #3255 ) ;
#4680 = COLOUR_RGB ( '',0.2862745098039215508, 0.2862745098039215508, 0.2862745098039215508 ) ;
#4681 = ORIENTED_EDGE ( 'NONE', *, *, #219, .F. ) ;
#4682 = STYLED_ITEM ( 'NONE', ( #4967 ), #5911 ) ;
#4683 =( CONVERSION_BASED_UNIT ( 'INCH', #5612 ) LENGTH_UNIT ( ) NAMED_UNIT ( #2230 ) );
#4684 = FACE_OUTER_BOUND ( 'NONE', #1521, .T. ) ;
#4685 = DIRECTION ( 'NONE',  ( 1.000000000000000000, 0.000000000000000000, -0.000000000000000000 ) ) ;
#4686 = CARTESIAN_POINT ( 'NONE',  ( 0.02903543307086614567, 0.09343410677910184148, 0.03978160812310117117 ) ) ;
#4687 =( NAMED_UNIT ( * ) SI_UNIT ( $, .STERADIAN. ) SOLID_ANGLE_UNIT ( ) );
#4688 = LINE ( 'NONE', #1969, #2398 ) ;
#4689 =( GEOMETRIC_REPRESENTATION_CONTEXT ( 3 ) GLOBAL_UNCERTAINTY_ASSIGNED_CONTEXT ( ( #3691 ) ) GLOBAL_UNIT_ASSIGNED_CONTEXT ( ( #835, #4487, #3087 ) ) REPRESENTATION_CONTEXT ( 'NONE', 'WORKASPACE' ) );
#4690 = ORIENTED_EDGE ( 'NONE', *, *, #5845, .F. ) ;
#4691 = VERTEX_POINT ( 'NONE', #4442 ) ;
#4692 = STYLED_ITEM ( 'NONE', ( #4814 ), #3509 ) ;
#4693 =( NAMED_UNIT ( * ) PLANE_ANGLE_UNIT ( ) SI_UNIT ( $, .RADIAN. ) );
#4694 = STYLED_ITEM ( 'NONE', ( #119 ), #971 ) ;
#4695 = AXIS2_PLACEMENT_3D ( 'NONE', #1771, #3584, #1311 ) ;
#4696 =( LENGTH_UNIT ( ) NAMED_UNIT ( * ) SI_UNIT ( $, .METRE. ) );
#4697 =( CONVERSION_BASED_UNIT ( 'INCH', #1541 ) LENGTH_UNIT ( ) NAMED_UNIT ( #4209 ) );
#4698 = DIRECTION ( 'NONE',  ( 0.000000000000000000, -1.000000000000000000, -0.000000000000000000 ) ) ;
#4699 =( NAMED_UNIT ( * ) PLANE_ANGLE_UNIT ( ) SI_UNIT ( $, .RADIAN. ) );
#4700 = PRESENTATION_LAYER_ASSIGNMENT (  '', '', ( #1353 ) ) ;
#4701 = MECHANICAL_DESIGN_GEOMETRIC_PRESENTATION_REPRESENTATION (  '', ( #2483 ), #5396 ) ;
#4702 = ADVANCED_FACE ( 'NONE', ( #796 ), #2611, .T. ) ;
#4703 = UNCERTAINTY_MEASURE_WITH_UNIT (LENGTH_MEASURE( 1.000000000000000082E-05 ), #1113, 'distance_accuracy_value', 'NONE');
#4704 = VECTOR ( 'NONE', #5255, 39.37007874015748143 ) ;
#4705 = ORIENTED_EDGE ( 'NONE', *, *, #2650, .T. ) ;
#4706 = FACE_OUTER_BOUND ( 'NONE', #5408, .T. ) ;
#4707 = PRESENTATION_LAYER_ASSIGNMENT (  '', '', ( #2030 ) ) ;
#4708 = CARTESIAN_POINT ( 'NONE',  ( -0.1092037056162346448, -0.08951866624615589796, 0.03937007874015765324 ) ) ;
#4709 = FILL_AREA_STYLE ('',( #4644 ) ) ;
#4710 = SURFACE_STYLE_USAGE ( .BOTH. , #3319 ) ;
#4711 = CIRCLE ( 'NONE', #4503, 0.003937007874015749712 ) ;
#4712 = MECHANICAL_DESIGN_GEOMETRIC_PRESENTATION_REPRESENTATION (  '', ( #4034 ), #4813 ) ;
#4713 = EDGE_LOOP ( 'NONE', ( #4295, #2490, #2833, #4416 ) ) ;
#4714 = CARTESIAN_POINT ( 'NONE',  ( -0.1080246379609846874, -0.09077891420826740554, 0.04290866681146490030 ) ) ;
#4715 = DIMENSIONAL_EXPONENTS ( 1.000000000000000000, 0.000000000000000000, 0.000000000000000000, 0.000000000000000000, 0.000000000000000000, 0.000000000000000000, 0.000000000000000000 ) ;
#4716 = DIRECTION ( 'NONE',  ( -0.000000000000000000, 0.000000000000000000, -1.000000000000000000 ) ) ;
#4717 = DIRECTION ( 'NONE',  ( 1.000000000000000000, 0.000000000000000000, -0.000000000000000000 ) ) ;
#4718 = LINE ( 'NONE', #5145, #5294 ) ;
#4719 = DIRECTION ( 'NONE',  ( 0.000000000000000000, 0.000000000000000000, 1.000000000000000000 ) ) ;
#4720 = EDGE_CURVE ( 'NONE', #4485, #4139, #49, .T. ) ;
#4721 = UNCERTAINTY_MEASURE_WITH_UNIT (LENGTH_MEASURE( 1.000000000000000082E-05 ), #4225, 'distance_accuracy_value', 'NONE');
#4722 =( NAMED_UNIT ( * ) PLANE_ANGLE_UNIT ( ) SI_UNIT ( $, .RADIAN. ) );
#4723 = CARTESIAN_POINT ( 'NONE',  ( -0.1092037056162347280, -0.09343410677910184148, 0.03978160812310117117 ) ) ;
#4724 = EDGE_CURVE ( 'NONE', #2029, #4559, #5527, .T. ) ;
#4725 = CARTESIAN_POINT ( 'NONE',  ( 0.1091548873361931904, -0.09132447417272140933, 0.04309097106227409435 ) ) ;
#4726 = CARTESIAN_POINT ( 'NONE',  ( 0.1161417029069161666, 0.09253043933335670934, 0.01102390154643139754 ) ) ;
#4727 =( NAMED_UNIT ( * ) PLANE_ANGLE_UNIT ( ) SI_UNIT ( $, .RADIAN. ) );
#4728 = LENGTH_MEASURE_WITH_UNIT ( LENGTH_MEASURE( 0.02539999999999999897 ), #1534 );
#4729 = ORIENTED_EDGE ( 'NONE', *, *, #5608, .F. ) ;
#4730 =( CONVERSION_BASED_UNIT ( 'INCH', #4821 ) LENGTH_UNIT ( ) NAMED_UNIT ( #2260 ) );
#4731 = ORIENTED_EDGE ( 'NONE', *, *, #991, .T. ) ;
#4732 = SURFACE_SIDE_STYLE ('',( #2889 ) ) ;
#4733 = SURFACE_STYLE_USAGE ( .BOTH. , #709 ) ;
#4734 =( NAMED_UNIT ( * ) SI_UNIT ( $, .STERADIAN. ) SOLID_ANGLE_UNIT ( ) );
#4735 = STYLED_ITEM ( 'NONE', ( #2961 ), #2629 ) ;
#4736 = UNCERTAINTY_MEASURE_WITH_UNIT (LENGTH_MEASURE( 1.000000000000000082E-05 ), #5871, 'distance_accuracy_value', 'NONE');
#4737 = CARTESIAN_POINT ( 'NONE',  ( -0.09842519685039370636, 0.08307086614173228578, 0.000000000000000000 ) ) ;
#4738 = ORIENTED_EDGE ( 'NONE', *, *, #4720, .F. ) ;
#4739 = FILL_AREA_STYLE_COLOUR ( '', #2425 ) ;
#4740 = DIRECTION ( 'NONE',  ( 0.000000000000000000, -1.000000000000000000, 0.000000000000000000 ) ) ;
#4741 = SURFACE_SIDE_STYLE ('',( #2042 ) ) ;
#4742 =( LENGTH_UNIT ( ) NAMED_UNIT ( * ) SI_UNIT ( $, .METRE. ) );
#4743 = EDGE_CURVE ( 'NONE', #5401, #4280, #1059, .T. ) ;
#4744 = PLANE ( 'NONE',  #3433 ) ;
#4745 =( NAMED_UNIT ( * ) PLANE_ANGLE_UNIT ( ) SI_UNIT ( $, .RADIAN. ) );
#4746 = STYLED_ITEM ( 'NONE', ( #2047 ), #3218 ) ;
#4747 = VERTEX_POINT ( 'NONE', #2814 ) ;
#4748 = LINE ( 'NONE', #527, #1553 ) ;
#4749 = LINE ( 'NONE', #3870, #5822 ) ;
#4750 =( LENGTH_UNIT ( ) NAMED_UNIT ( * ) SI_UNIT ( $, .METRE. ) );
#4751 = LINE ( 'NONE', #3300, #3524 ) ;
#4752 = DIRECTION ( 'NONE',  ( 1.000000000000000000, 0.000000000000000000, 0.000000000000000000 ) ) ;
#4753 = PRESENTATION_STYLE_ASSIGNMENT (( #2514 ) ) ;
#4754 = CARTESIAN_POINT ( 'NONE',  ( -0.1127188010209831254, 0.09120544190156107400, 0.03991681741988576532 ) ) ;
#4755 = ORIENTED_EDGE ( 'NONE', *, *, #4147, .F. ) ;
#4756 = ORIENTED_EDGE ( 'NONE', *, *, #3580, .F. ) ;
#4757 = FILL_AREA_STYLE ('',( #5249 ) ) ;
#4758 = EDGE_CURVE ( 'NONE', #4195, #3666, #14, .T. ) ;
#4759 =( CONVERSION_BASED_UNIT ( 'INCH', #5741 ) LENGTH_UNIT ( ) NAMED_UNIT ( #3211 ) );
#4760 = PRODUCT_DEFINITION_FORMATION_WITH_SPECIFIED_SOURCE ( 'ANY', '', #716, .NOT_KNOWN. ) ;
#4761 = PRESENTATION_STYLE_ASSIGNMENT (( #2853 ) ) ;
#4762 = FILL_AREA_STYLE ('',( #682 ) ) ;
#4763 = UNCERTAINTY_MEASURE_WITH_UNIT (LENGTH_MEASURE( 1.000000000000000082E-05 ), #3862, 'distance_accuracy_value', 'NONE');
#4764 =( LENGTH_UNIT ( ) NAMED_UNIT ( * ) SI_UNIT ( $, .METRE. ) );
#4765 = ORIENTED_EDGE ( 'NONE', *, *, #3517, .T. ) ;
#4766 = SURFACE_SIDE_STYLE ('',( #4342 ) ) ;
#4767 = FACE_OUTER_BOUND ( 'NONE', #2659, .T. ) ;
#4768 = DIRECTION ( 'NONE',  ( 0.000000000000000000, 0.000000000000000000, 1.000000000000000000 ) ) ;
#4769 = SURFACE_STYLE_FILL_AREA ( #1661 ) ;
#4770 = PRESENTATION_LAYER_ASSIGNMENT (  '', '', ( #1432 ) ) ;
#4771 =( GEOMETRIC_REPRESENTATION_CONTEXT ( 3 ) GLOBAL_UNCERTAINTY_ASSIGNED_CONTEXT ( ( #231 ) ) GLOBAL_UNIT_ASSIGNED_CONTEXT ( ( #735, #343, #4031 ) ) REPRESENTATION_CONTEXT ( 'NONE', 'WORKASPACE' ) );
#4772 = ORIENTED_EDGE ( 'NONE', *, *, #2007, .F. ) ;
#4773 = ADVANCED_FACE ( 'NONE', ( #3176 ), #5123, .F. ) ;
#4774 =( NAMED_UNIT ( * ) SI_UNIT ( $, .STERADIAN. ) SOLID_ANGLE_UNIT ( ) );
#4775 = CARTESIAN_POINT ( 'NONE',  ( 2.185478394931409404E-17, 0.03307086614173232464, 0.0009842519685039369942 ) ) ;
#4776 = SURFACE_STYLE_FILL_AREA ( #4864 ) ;
#4777 = MECHANICAL_DESIGN_GEOMETRIC_PRESENTATION_REPRESENTATION (  '', ( #2183 ), #1538 ) ;
#4778 = EDGE_CURVE ( 'NONE', #3523, #4111, #1793, .T. ) ;
#4779 = DIRECTION ( 'NONE',  ( 2.241005114736412675E-16, -1.000000000000000000, -2.355391288108391830E-17 ) ) ;
#4780 = FILL_AREA_STYLE ('',( #5706 ) ) ;
#4781 = CARTESIAN_POINT ( 'NONE',  ( 0.09842519685039370636, 0.07874015748031495954, 0.01102362204724409607 ) ) ;
#4782 = DIRECTION ( 'NONE',  ( 0.000000000000000000, 0.000000000000000000, 1.000000000000000000 ) ) ;
#4783 = DIRECTION ( 'NONE',  ( 0.000000000000000000, -0.000000000000000000, 1.000000000000000000 ) ) ;
#4784 = LENGTH_MEASURE_WITH_UNIT ( LENGTH_MEASURE( 0.02539999999999999897 ), #3394 );
#4785 = ORIENTED_EDGE ( 'NONE', *, *, #42, .T. ) ;
#4786 = PRESENTATION_STYLE_ASSIGNMENT (( #651 ) ) ;
#4787 = ORIENTED_EDGE ( 'NONE', *, *, #2916, .F. ) ;
#4788 =( GEOMETRIC_REPRESENTATION_CONTEXT ( 3 ) GLOBAL_UNCERTAINTY_ASSIGNED_CONTEXT ( ( #198 ) ) GLOBAL_UNIT_ASSIGNED_CONTEXT ( ( #3941, #2616, #4531 ) ) REPRESENTATION_CONTEXT ( 'NONE', 'WORKASPACE' ) );
#4789 = VECTOR ( 'NONE', #2830, 39.37007874015748143 ) ;
#4790 = PRODUCT_DEFINITION_SHAPE ( 'NONE', 'NONE',  #2935 ) ;
#4791 = MECHANICAL_DESIGN_GEOMETRIC_PRESENTATION_REPRESENTATION (  '', ( #5074 ), #4689 ) ;
#4792 = CARTESIAN_POINT ( 'NONE',  ( 0.1092037056162346448, 0.08951866624615589796, 0.03937007874015747977 ) ) ;
#4793 =( CONVERSION_BASED_UNIT ( 'INCH', #4297 ) LENGTH_UNIT ( ) NAMED_UNIT ( #4839 ) );
#4794 = LINE ( 'NONE', #5227, #4033 ) ;
#4795 = FACE_OUTER_BOUND ( 'NONE', #199, .T. ) ;
#4796 = EDGE_CURVE ( 'NONE', #5863, #2479, #4054, .T. ) ;
#4797 = VECTOR ( 'NONE', #4611, 39.37007874015748143 ) ;
#4798 = UNCERTAINTY_MEASURE_WITH_UNIT (LENGTH_MEASURE( 1.000000000000000082E-05 ), #4939, 'distance_accuracy_value', 'NONE');
#4799 = COLOUR_RGB ( '',0.2862745098039215508, 0.2862745098039215508, 0.2862745098039215508 ) ;
#4800 = FILL_AREA_STYLE_COLOUR ( '', #403 ) ;
#4801 = PRESENTATION_LAYER_ASSIGNMENT (  '', '', ( #3055 ) ) ;
#4802 = VERTEX_POINT ( 'NONE', #3601 ) ;
#4803 =( LENGTH_UNIT ( ) NAMED_UNIT ( * ) SI_UNIT ( $, .METRE. ) );
#4804 = SURFACE_SIDE_STYLE ('',( #2123 ) ) ;
#4805 = PRESENTATION_LAYER_ASSIGNMENT (  '', '', ( #2022 ) ) ;
#4806 =( CONVERSION_BASED_UNIT ( 'INCH', #639 ) LENGTH_UNIT ( ) NAMED_UNIT ( #5575 ) );
#4807 = CARTESIAN_POINT ( 'NONE',  ( -0.05118110236220473064, 0.07874015748031495954, 0.000000000000000000 ) ) ;
#4808 =( GEOMETRIC_REPRESENTATION_CONTEXT ( 3 ) GLOBAL_UNCERTAINTY_ASSIGNED_CONTEXT ( ( #659 ) ) GLOBAL_UNIT_ASSIGNED_CONTEXT ( ( #5489, #871, #2741 ) ) REPRESENTATION_CONTEXT ( 'NONE', 'WORKASPACE' ) );
#4809 = ORIENTED_EDGE ( 'NONE', *, *, #694, .T. ) ;
#4810 = FILL_AREA_STYLE_COLOUR ( '', #5186 ) ;
#4811 = CARTESIAN_POINT ( 'NONE',  ( 2.185478394931409404E-17, -0.03307086614173224137, 0.0009842519685039369942 ) ) ;
#4812 = COLOUR_RGB ( '',0.8313725490196077761, 0.8313725490196077761, 0.8313725490196077761 ) ;
#4813 =( GEOMETRIC_REPRESENTATION_CONTEXT ( 3 ) GLOBAL_UNCERTAINTY_ASSIGNED_CONTEXT ( ( #5531 ) ) GLOBAL_UNIT_ASSIGNED_CONTEXT ( ( #5064, #5163, #944 ) ) REPRESENTATION_CONTEXT ( 'NONE', 'WORKASPACE' ) );
#4814 = PRESENTATION_STYLE_ASSIGNMENT (( #5756 ) ) ;
#4815 =( NAMED_UNIT ( * ) PLANE_ANGLE_UNIT ( ) SI_UNIT ( $, .RADIAN. ) );
#4816 = CARTESIAN_POINT ( 'NONE',  ( -0.1161417322834644716, 0.04822834645669292486, 0.01102362204724408393 ) ) ;
#4817 = MECHANICAL_DESIGN_GEOMETRIC_PRESENTATION_REPRESENTATION (  '', ( #5009 ), #2992 ) ;
#4818 = LINE ( 'NONE', #2635, #600 ) ;
#4819 = EDGE_CURVE ( 'NONE', #650, #2726, #1337, .T. ) ;
#4820 = ORIENTED_EDGE ( 'NONE', *, *, #4201, .T. ) ;
#4821 = LENGTH_MEASURE_WITH_UNIT ( LENGTH_MEASURE( 0.02539999999999999897 ), #2462 );
#4822 = EDGE_CURVE ( 'NONE', #2413, #3763, #4270, .T. ) ;
#4823 = ORIENTED_EDGE ( 'NONE', *, *, #812, .T. ) ;
#4824 = DIRECTION ( 'NONE',  ( 0.000000000000000000, 0.000000000000000000, -1.000000000000000000 ) ) ;
#4825 = SURFACE_SIDE_STYLE ('',( #2991 ) ) ;
#4826 = DIRECTION ( 'NONE',  ( 0.1039620511844980000, 0.1039620511844980000, 0.9891328443778539814 ) ) ;
#4827 = APPLICATION_CONTEXT ( 'automotive_design' ) ;
#4828 = UNCERTAINTY_MEASURE_WITH_UNIT (LENGTH_MEASURE( 1.000000000000000082E-05 ), #4328, 'distance_accuracy_value', 'NONE');
#4829 = UNCERTAINTY_MEASURE_WITH_UNIT (LENGTH_MEASURE( 1.000000000000000082E-05 ), #3768, 'distance_accuracy_value', 'NONE');
#4830 = DIRECTION ( 'NONE',  ( 0.000000000000000000, 0.000000000000000000, 1.000000000000000000 ) ) ;
#4831 = CARTESIAN_POINT ( 'NONE',  ( -0.02578740157480311282, 0.07874015748031495954, 0.0009842519685039369942 ) ) ;
#4832 = EDGE_CURVE ( 'NONE', #130, #1271, #4688, .T. ) ;
#4833 = CARTESIAN_POINT ( 'NONE',  ( 0.1210629921259842590, -0.06692913385826770867, 0.000000000000000000 ) ) ;
#4834 =( GEOMETRIC_REPRESENTATION_CONTEXT ( 3 ) GLOBAL_UNCERTAINTY_ASSIGNED_CONTEXT ( ( #4763 ) ) GLOBAL_UNIT_ASSIGNED_CONTEXT ( ( #3862, #2122, #3500 ) ) REPRESENTATION_CONTEXT ( 'NONE', 'WORKASPACE' ) );
#4835 = SURFACE_SIDE_STYLE ('',( #2936 ) ) ;
#4836 = FILL_AREA_STYLE_COLOUR ( '', #2053 ) ;
#4837 = EDGE_CURVE ( 'NONE', #2950, #5002, #1087, .T. ) ;
#4838 = LINE ( 'NONE', #3920, #5730 ) ;
#4839 = DIMENSIONAL_EXPONENTS ( 1.000000000000000000, 0.000000000000000000, 0.000000000000000000, 0.000000000000000000, 0.000000000000000000, 0.000000000000000000, 0.000000000000000000 ) ;
#4840 = DIRECTION ( 'NONE',  ( 0.000000000000000000, -0.000000000000000000, 1.000000000000000000 ) ) ;
#4841 = ORIENTED_EDGE ( 'NONE', *, *, #1882, .F. ) ;
#4842 = PRESENTATION_STYLE_ASSIGNMENT (( #3954 ) ) ;
#4843 = CARTESIAN_POINT ( 'NONE',  ( 0.1210629921259842590, 0.06692913385826770867, 0.000000000000000000 ) ) ;
#4844 = FILL_AREA_STYLE_COLOUR ( '', #3593 ) ;
#4845 = AXIS2_PLACEMENT_3D ( 'NONE', #727, #4752, #5798 ) ;
#4846 = PRESENTATION_STYLE_ASSIGNMENT (( #701 ) ) ;
#4847 = LINE ( 'NONE', #3484, #5494 ) ;
#4848 =( NAMED_UNIT ( * ) PLANE_ANGLE_UNIT ( ) SI_UNIT ( $, .RADIAN. ) );
#4849 = ORIENTED_EDGE ( 'NONE', *, *, #2288, .T. ) ;
#4850 = CARTESIAN_POINT ( 'NONE',  ( -0.1097440944881889757, 0.03307086614173232464, 0.01102362204724409607 ) ) ;
#4851 = EDGE_LOOP ( 'NONE', ( #839, #2341, #2399, #2012 ) ) ;
#4852 = ADVANCED_FACE ( 'NONE', ( #3849 ), #2408, .T. ) ;
#4853 = LENGTH_MEASURE_WITH_UNIT ( LENGTH_MEASURE( 0.02539999999999999897 ), #312 );
#4854 = EDGE_LOOP ( 'NONE', ( #5893, #5174, #5918, #416 ) ) ;
#4855 = CARTESIAN_POINT ( 'NONE',  ( -0.1210629921259842590, 0.06692913385826770867, 0.01102362204724409607 ) ) ;
#4856 = CARTESIAN_POINT ( 'NONE',  ( 0.1210629921259842590, -0.06692913385826770867, 0.000000000000000000 ) ) ;
#4857 = PRESENTATION_STYLE_ASSIGNMENT (( #5288 ) ) ;
#4858 =( LENGTH_UNIT ( ) NAMED_UNIT ( * ) SI_UNIT ( $, .METRE. ) );
#4859 =( CONVERSION_BASED_UNIT ( 'INCH', #1962 ) LENGTH_UNIT ( ) NAMED_UNIT ( #3088 ) );
#4860 =( NAMED_UNIT ( * ) PLANE_ANGLE_UNIT ( ) SI_UNIT ( $, .RADIAN. ) );
#4861 = CARTESIAN_POINT ( 'NONE',  ( 0.1092037056162346448, -0.08951866624615589796, 0.03937007874015747977 ) ) ;
#4862 = FILL_AREA_STYLE_COLOUR ( '', #5748 ) ;
#4863 = SURFACE_STYLE_USAGE ( .BOTH. , #2566 ) ;
#4864 = FILL_AREA_STYLE ('',( #5299 ) ) ;
#4865 = EDGE_CURVE ( 'NONE', #5400, #1410, #5735, .T. ) ;
#4866 = ORIENTED_EDGE ( 'NONE', *, *, #5606, .F. ) ;
#4867 = SURFACE_STYLE_FILL_AREA ( #2908 ) ;
#4868 = SURFACE_STYLE_FILL_AREA ( #5757 ) ;
#4869 = DIRECTION ( 'NONE',  ( -0.000000000000000000, -0.000000000000000000, -1.000000000000000000 ) ) ;
#4870 =( LENGTH_UNIT ( ) NAMED_UNIT ( * ) SI_UNIT ( $, .METRE. ) );
#4871 = CARTESIAN_POINT ( 'NONE',  ( 0.08464566929133858497, 2.731847993664264143E-17, 0.0009842519685039369942 ) ) ;
#4872 = EDGE_LOOP ( 'NONE', ( #3805, #4938, #3971, #4572 ) ) ;
#4873 = VERTEX_POINT ( 'NONE', #3760 ) ;
#4874 = DIMENSIONAL_EXPONENTS ( 1.000000000000000000, 0.000000000000000000, 0.000000000000000000, 0.000000000000000000, 0.000000000000000000, 0.000000000000000000, 0.000000000000000000 ) ;
#4875 = FILL_AREA_STYLE_COLOUR ( '', #657 ) ;
#4876 = ORIENTED_EDGE ( 'NONE', *, *, #1072, .F. ) ;
#4877 = LENGTH_MEASURE_WITH_UNIT ( LENGTH_MEASURE( 0.02539999999999999897 ), #2235 );
#4878 = VERTEX_POINT ( 'NONE', #4754 ) ;
#4879 = LENGTH_MEASURE_WITH_UNIT ( LENGTH_MEASURE( 0.02539999999999999897 ), #1340 );
#4880 = VECTOR ( 'NONE', #5762, 39.37007874015748143 ) ;
#4881 = CARTESIAN_POINT ( 'NONE',  ( 0.1097440944881889757, -0.1013779527559055121, 0.01102362204724409607 ) ) ;
#4882 = PRODUCT_DEFINITION_SHAPE ( 'NONE', 'NONE',  #116 ) ;
#4883 = ORIENTED_EDGE ( 'NONE', *, *, #5380, .F. ) ;
#4884 = FACE_OUTER_BOUND ( 'NONE', #2807, .T. ) ;
#4885 = DIRECTION ( 'NONE',  ( 0.000000000000000000, 0.000000000000000000, 1.000000000000000000 ) ) ;
#4886 = FILL_AREA_STYLE_COLOUR ( '', #2217 ) ;
#4887 = PLANE ( 'NONE',  #2888 ) ;
#4888 = COLOUR_RGB ( '',0.8313725490196077761, 0.8313725490196077761, 0.8313725490196077761 ) ;
#4889 = PRESENTATION_LAYER_ASSIGNMENT (  '', '', ( #1051 ) ) ;
#4890 = COLOUR_RGB ( '',0.8313725490196077761, 0.8313725490196077761, 0.8313725490196077761 ) ;
#4891 = PRESENTATION_LAYER_ASSIGNMENT (  '', '', ( #400 ) ) ;
#4892 = SURFACE_SIDE_STYLE ('',( #1195 ) ) ;
#4893 = CARTESIAN_POINT ( 'NONE',  ( -0.009645669291338582543, -0.07499999999999999722, 0.01102362204724409607 ) ) ;
#4894 = VECTOR ( 'NONE', #5476, 39.37007874015748143 ) ;
#4895 = VECTOR ( 'NONE', #397, 39.37007874015748143 ) ;
#4896 = CARTESIAN_POINT ( 'NONE',  ( -0.09842519685039370636, -0.01692913385826767814, 0.000000000000000000 ) ) ;
#4897 = SURFACE_STYLE_FILL_AREA ( #4780 ) ;
#4898 = VECTOR ( 'NONE', #2168, 39.37007874015748143 ) ;
#4899 = DIRECTION ( 'NONE',  ( 0.000000000000000000, 0.000000000000000000, 1.000000000000000000 ) ) ;
#4900 = PRESENTATION_STYLE_ASSIGNMENT (( #3545 ) ) ;
#4901 = LINE ( 'NONE', #1204, #145 ) ;
#4902 = ORIENTED_EDGE ( 'NONE', *, *, #2405, .F. ) ;
#4903 = ADVANCED_FACE ( 'NONE', ( #215 ), #649, .F. ) ;
#4904 = ORIENTED_EDGE ( 'NONE', *, *, #2080, .T. ) ;
#4905 = MECHANICAL_DESIGN_GEOMETRIC_PRESENTATION_REPRESENTATION (  '', ( #329 ), #414 ) ;
#4906 = VECTOR ( 'NONE', #3404, 39.37007874015748143 ) ;
#4907 =( LENGTH_UNIT ( ) NAMED_UNIT ( * ) SI_UNIT ( $, .METRE. ) );
#4908 = LENGTH_MEASURE_WITH_UNIT ( LENGTH_MEASURE( 0.02539999999999999897 ), #1961 );
#4909 = CARTESIAN_POINT ( 'NONE',  ( -0.1161417322834645827, 0.09645669291338584972, 0.000000000000000000 ) ) ;
#4910 = ORIENTED_EDGE ( 'NONE', *, *, #5134, .F. ) ;
#4911 = DIRECTION ( 'NONE',  ( -0.000000000000000000, 0.000000000000000000, -1.000000000000000000 ) ) ;
#4912 = ORIENTED_EDGE ( 'NONE', *, *, #3888, .T. ) ;
#4913 = PRESENTATION_LAYER_ASSIGNMENT (  '', '', ( #5009 ) ) ;
#4914 = DIRECTION ( 'NONE',  ( 0.000000000000000000, 0.000000000000000000, 1.000000000000000000 ) ) ;
#4915 = DIMENSIONAL_EXPONENTS ( 1.000000000000000000, 0.000000000000000000, 0.000000000000000000, 0.000000000000000000, 0.000000000000000000, 0.000000000000000000, 0.000000000000000000 ) ;
#4916 = PRESENTATION_STYLE_ASSIGNMENT (( #2067 ) ) ;
#4917 = SURFACE_STYLE_FILL_AREA ( #5384 ) ;
#4918 = EDGE_CURVE ( 'NONE', #4461, #5648, #3058, .T. ) ;
#4919 = CARTESIAN_POINT ( 'NONE',  ( -0.09842519685039370636, -0.08307086614173228578, 0.01102362204724409607 ) ) ;
#4920 =( LENGTH_UNIT ( ) NAMED_UNIT ( * ) SI_UNIT ( $, .METRE. ) );
#4921 = LENGTH_MEASURE_WITH_UNIT ( LENGTH_MEASURE( 0.02539999999999999897 ), #407 );
#4922 = COLOUR_RGB ( '',0.2862745098039215508, 0.2862745098039215508, 0.2862745098039215508 ) ;
#4923 = UNCERTAINTY_MEASURE_WITH_UNIT (LENGTH_MEASURE( 1.000000000000000082E-05 ), #4087, 'distance_accuracy_value', 'NONE');
#4924 = ORIENTED_EDGE ( 'NONE', *, *, #4822, .F. ) ;
#4925 = MECHANICAL_DESIGN_GEOMETRIC_PRESENTATION_REPRESENTATION (  '', ( #5339 ), #2242 ) ;
#4926 =( GEOMETRIC_REPRESENTATION_CONTEXT ( 3 ) GLOBAL_UNCERTAINTY_ASSIGNED_CONTEXT ( ( #5199 ) ) GLOBAL_UNIT_ASSIGNED_CONTEXT ( ( #919, #2330, #3708 ) ) REPRESENTATION_CONTEXT ( 'NONE', 'WORKASPACE' ) );
#4928 = ORIENTED_EDGE ( 'NONE', *, *, #2685, .F. ) ;
#4927 = FILL_AREA_STYLE_COLOUR ( '', #491 ) ;
#4929 = LINE ( 'NONE', #4457, #1286 ) ;
#4930 = LINE ( 'NONE', #3597, #2154 ) ;
#4931 = SURFACE_SIDE_STYLE ('',( #1226 ) ) ;
#4932 = VERTEX_POINT ( 'NONE', #3511 ) ;
#4933 = SURFACE_SIDE_STYLE ('',( #1575 ) ) ;
#4934 = ORIENTED_EDGE ( 'NONE', *, *, #5323, .T. ) ;
#4935 = PRESENTATION_LAYER_ASSIGNMENT (  '', '', ( #3015 ) ) ;
#4936 =( NAMED_UNIT ( * ) SI_UNIT ( $, .STERADIAN. ) SOLID_ANGLE_UNIT ( ) );
#4937 =( NAMED_UNIT ( * ) PLANE_ANGLE_UNIT ( ) SI_UNIT ( $, .RADIAN. ) );
#4938 = ORIENTED_EDGE ( 'NONE', *, *, #5718, .T. ) ;
#4939 =( CONVERSION_BASED_UNIT ( 'INCH', #4877 ) LENGTH_UNIT ( ) NAMED_UNIT ( #1813 ) );
#4940 = DIMENSIONAL_EXPONENTS ( 1.000000000000000000, 0.000000000000000000, 0.000000000000000000, 0.000000000000000000, 0.000000000000000000, 0.000000000000000000, 0.000000000000000000 ) ;
#4941 = VERTEX_POINT ( 'NONE', #2576 ) ;
#4942 =( NAMED_UNIT ( * ) PLANE_ANGLE_UNIT ( ) SI_UNIT ( $, .RADIAN. ) );
#4943 = VECTOR ( 'NONE', #2098, 39.37007874015748143 ) ;
#4944 = UNCERTAINTY_MEASURE_WITH_UNIT (LENGTH_MEASURE( 1.000000000000000082E-05 ), #809, 'distance_accuracy_value', 'NONE');
#4945 = EDGE_CURVE ( 'NONE', #190, #4461, #1175, .T. ) ;
#4946 = PLANE ( 'NONE',  #3356 ) ;
#4947 =( GEOMETRIC_REPRESENTATION_CONTEXT ( 3 ) GLOBAL_UNCERTAINTY_ASSIGNED_CONTEXT ( ( #5743 ) ) GLOBAL_UNIT_ASSIGNED_CONTEXT ( ( #3965, #1926, #5302 ) ) REPRESENTATION_CONTEXT ( 'NONE', 'WORKASPACE' ) );
#4948 =( NAMED_UNIT ( * ) SI_UNIT ( $, .STERADIAN. ) SOLID_ANGLE_UNIT ( ) );
#4949 = SURFACE_STYLE_FILL_AREA ( #3108 ) ;
#4950 = DIRECTION ( 'NONE',  ( 0.000000000000000000, -1.000000000000000000, 0.000000000000000000 ) ) ;
#4951 = SURFACE_SIDE_STYLE ('',( #5424 ) ) ;
#4952 = CARTESIAN_POINT ( 'NONE',  ( 0.08464566929133858497, -0.07874015748031493178, 0.000000000000000000 ) ) ;
#4953 = DIRECTION ( 'NONE',  ( -0.000000000000000000, -0.000000000000000000, -1.000000000000000000 ) ) ;
#4954 = DIRECTION ( 'NONE',  ( 1.000000000000000000, 0.000000000000000000, -0.000000000000000000 ) ) ;
#4955 = CARTESIAN_POINT ( 'NONE',  ( -0.009645669291338582543, 0.07874015748031495954, 0.000000000000000000 ) ) ;
#4956 = ORIENTED_EDGE ( 'NONE', *, *, #5719, .F. ) ;
#4957 = COLOUR_RGB ( '',0.2862745098039215508, 0.2862745098039215508, 0.2862745098039215508 ) ;
#4958 = EDGE_CURVE ( 'NONE', #5002, #5211, #817, .T. ) ;
#4959 = EDGE_LOOP ( 'NONE', ( #3512, #4467, #2719, #1709 ) ) ;
#4960 = EDGE_CURVE ( 'NONE', #3093, #4878, #1359, .T. ) ;
#4961 = STYLED_ITEM ( 'NONE', ( #3009 ), #3895 ) ;
#4962 = COLOUR_RGB ( '',0.8313725490196077761, 0.8313725490196077761, 0.8313725490196077761 ) ;
#4963 = DIRECTION ( 'NONE',  ( 0.000000000000000000, 0.000000000000000000, 1.000000000000000000 ) ) ;
#4964 = ORIENTED_EDGE ( 'NONE', *, *, #2334, .F. ) ;
#4965 = ORIENTED_EDGE ( 'NONE', *, *, #2449, .F. ) ;
#4966 = ORIENTED_EDGE ( 'NONE', *, *, #2698, .T. ) ;
#4967 = PRESENTATION_STYLE_ASSIGNMENT (( #2697 ) ) ;
#4968 = CIRCLE ( 'NONE', #2378, 0.003937007874015741038 ) ;
#4969 = FILL_AREA_STYLE_COLOUR ( '', #3076 ) ;
#4970 = LINE ( 'NONE', #5872, #5404 ) ;
#4971 = EDGE_CURVE ( 'NONE', #1585, #4181, #1639, .T. ) ;
#4972 = SURFACE_SIDE_STYLE ('',( #2264 ) ) ;
#4973 = AXIS2_PLACEMENT_3D ( 'NONE', #2788, #3637, #3209 ) ;
#4974 = DIMENSIONAL_EXPONENTS ( 1.000000000000000000, 0.000000000000000000, 0.000000000000000000, 0.000000000000000000, 0.000000000000000000, 0.000000000000000000, 0.000000000000000000 ) ;
#4975 = STYLED_ITEM ( 'NONE', ( #1659 ), #522 ) ;
#4976 = CARTESIAN_POINT ( 'NONE',  ( 0.09842519685039370636, -0.06692913385826770867, 0.01102362204724409607 ) ) ;
#4977 =( LENGTH_UNIT ( ) NAMED_UNIT ( * ) SI_UNIT ( $, .METRE. ) );
#4978 = VECTOR ( 'NONE', #99, 39.37007874015748143 ) ;
#4979 = DIRECTION ( 'NONE',  ( 1.000000000000000000, 0.000000000000000000, -0.000000000000000000 ) ) ;
#4980 = PRESENTATION_LAYER_ASSIGNMENT (  '', '', ( #3826 ) ) ;
#4981 = CARTESIAN_POINT ( 'NONE',  ( -0.05118110236220473064, -0.07874015748031495954, 0.01102362204724409607 ) ) ;
#4982 = AXIS2_PLACEMENT_3D ( 'NONE', #1074, #1098, #3999 ) ;
#4983 = MECHANICAL_DESIGN_GEOMETRIC_PRESENTATION_REPRESENTATION (  '', ( #3914 ), #4012 ) ;
#4984 = VERTEX_POINT ( 'NONE', #1674 ) ;
#4985 = VECTOR ( 'NONE', #774, 39.37007874015748143 ) ;
#4986 = DIRECTION ( 'NONE',  ( -1.000000000000000000, 0.000000000000000000, -0.000000000000000000 ) ) ;
#4987 =( GEOMETRIC_REPRESENTATION_CONTEXT ( 3 ) GLOBAL_UNCERTAINTY_ASSIGNED_CONTEXT ( ( #2840 ) ) GLOBAL_UNIT_ASSIGNED_CONTEXT ( ( #4340, #262, #1486 ) ) REPRESENTATION_CONTEXT ( 'NONE', 'WORKASPACE' ) );
#4988 = SURFACE_STYLE_USAGE ( .BOTH. , #1263 ) ;
#4989 = DIRECTION ( 'NONE',  ( -2.265761274745219945E-16, 1.000000000000000000, 0.000000000000000000 ) ) ;
#4990 =( NAMED_UNIT ( * ) PLANE_ANGLE_UNIT ( ) SI_UNIT ( $, .RADIAN. ) );
#4991 = VECTOR ( 'NONE', #966, 39.37007874015748143 ) ;
#4992 = ORIENTED_EDGE ( 'NONE', *, *, #3798, .T. ) ;
#4993 = EDGE_LOOP ( 'NONE', ( #5167, #2234, #3602, #4444 ) ) ;
#4994 = VECTOR ( 'NONE', #5616, 39.37007874015748143 ) ;
#4995 = UNCERTAINTY_MEASURE_WITH_UNIT (LENGTH_MEASURE( 1.000000000000000082E-05 ), #5263, 'distance_accuracy_value', 'NONE');
#4996 = VECTOR ( 'NONE', #2476, 39.37007874015748143 ) ;
#4997 =( GEOMETRIC_REPRESENTATION_CONTEXT ( 3 ) GLOBAL_UNCERTAINTY_ASSIGNED_CONTEXT ( ( #544 ) ) GLOBAL_UNIT_ASSIGNED_CONTEXT ( ( #4859, #2837, #989 ) ) REPRESENTATION_CONTEXT ( 'NONE', 'WORKASPACE' ) );
#4998 = CARTESIAN_POINT ( 'NONE',  ( 0.09842519685039370636, 0.06692913385826770867, 0.01102362204724409607 ) ) ;
#4999 =( NAMED_UNIT ( * ) SI_UNIT ( $, .STERADIAN. ) SOLID_ANGLE_UNIT ( ) );
#5000 = EDGE_CURVE ( 'NONE', #3290, #3368, #5889, .T. ) ;
#5001 = CARTESIAN_POINT ( 'NONE',  ( -0.09842519685039370636, 0.02500000000000003955, 0.01102362204724409607 ) ) ;
#5002 = VERTEX_POINT ( 'NONE', #1764 ) ;
#5003 = CARTESIAN_POINT ( 'NONE',  ( 0.1097440944881889757, -0.07874015748031495954, 0.000000000000000000 ) ) ;
#5004 = ORIENTED_EDGE ( 'NONE', *, *, #1536, .T. ) ;
#5005 = FILL_AREA_STYLE ('',( #4085 ) ) ;
#5006 = VECTOR ( 'NONE', #3583, 39.37007874015748143 ) ;
#5007 = DIRECTION ( 'NONE',  ( 0.000000000000000000, 0.000000000000000000, -1.000000000000000000 ) ) ;
#5008 = DIRECTION ( 'NONE',  ( 0.9945218953682731788, 0.000000000000000000, 0.1045284632676536374 ) ) ;
#5009 = STYLED_ITEM ( 'NONE', ( #5065 ), #315 ) ;
#5010 =( NAMED_UNIT ( * ) PLANE_ANGLE_UNIT ( ) SI_UNIT ( $, .RADIAN. ) );
#5011 = SURFACE_STYLE_FILL_AREA ( #2705 ) ;
#5012 = CARTESIAN_POINT ( 'NONE',  ( 0.1129032691957076034, 0.09077891420826737778, 0.03889569978247375132 ) ) ;
#5013 = SURFACE_SIDE_STYLE ('',( #5418 ) ) ;
#5014 = DIRECTION ( 'NONE',  ( -1.000000000000000000, -2.191229653865440203E-16, -0.000000000000000000 ) ) ;
#5015 = ORIENTED_EDGE ( 'NONE', *, *, #5534, .T. ) ;
#5017 = EDGE_CURVE ( 'NONE', #3598, #1129, #4818, .T. ) ;
#5016 = EDGE_CURVE ( 'NONE', #4669, #2816, #4901, .T. ) ;
#5018 =( LENGTH_UNIT ( ) NAMED_UNIT ( * ) SI_UNIT ( $, .METRE. ) );
#5019 = DIMENSIONAL_EXPONENTS ( 1.000000000000000000, 0.000000000000000000, 0.000000000000000000, 0.000000000000000000, 0.000000000000000000, 0.000000000000000000, 0.000000000000000000 ) ;
#5020 = FILL_AREA_STYLE_COLOUR ( '', #1963 ) ;
#5021 = LINE ( 'NONE', #1727, #5532 ) ;
#5022 = ORIENTED_EDGE ( 'NONE', *, *, #1536, .F. ) ;
#5023 = ORIENTED_EDGE ( 'NONE', *, *, #4555, .F. ) ;
#5024 = STYLED_ITEM ( 'NONE', ( #1503 ), #2937 ) ;
#5025 = CARTESIAN_POINT ( 'NONE',  ( -0.1097440944881889757, 0.01692913385826775793, 0.01102362204724409607 ) ) ;
#5026 = CARTESIAN_POINT ( 'NONE',  ( -0.05118110236220472370, -0.07874015748031495954, 0.000000000000000000 ) ) ;
#5027 = FACE_OUTER_BOUND ( 'NONE', #5522, .T. ) ;
#5028 = ORIENTED_EDGE ( 'NONE', *, *, #2561, .F. ) ;
#5029 = DIRECTION ( 'NONE',  ( 1.000000000000000000, 0.000000000000000000, 0.000000000000000000 ) ) ;
#5030 = ORIENTED_EDGE ( 'NONE', *, *, #4067, .T. ) ;
#5031 = EDGE_CURVE ( 'NONE', #5338, #5057, #3572, .T. ) ;
#5032 = DIMENSIONAL_EXPONENTS ( 1.000000000000000000, 0.000000000000000000, 0.000000000000000000, 0.000000000000000000, 0.000000000000000000, 0.000000000000000000, 0.000000000000000000 ) ;
#5033 = SURFACE_SIDE_STYLE ('',( #427 ) ) ;
#5034 = AXIS2_PLACEMENT_3D ( 'NONE', #902, #2372, #2317 ) ;
#5035 =( LENGTH_UNIT ( ) NAMED_UNIT ( * ) SI_UNIT ( $, .METRE. ) );
#5036 = CARTESIAN_POINT ( 'NONE',  ( 0.1161417322834645827, -0.09645669291338584972, 0.0009842519685039369942 ) ) ;
#5037 = PRESENTATION_STYLE_ASSIGNMENT (( #2383 ) ) ;
#5038 = EDGE_CURVE ( 'NONE', #4111, #4559, #1703, .T. ) ;
#5039 = CARTESIAN_POINT ( 'NONE',  ( -0.1210629921259842590, -0.03307086614173224137, 0.000000000000000000 ) ) ;
#5040 = SURFACE_SIDE_STYLE ('',( #5881 ) ) ;
#5041 = DIRECTION ( 'NONE',  ( -1.000000000000000000, -2.265761274745219945E-16, 0.000000000000000000 ) ) ;
#5042 = UNCERTAINTY_MEASURE_WITH_UNIT (LENGTH_MEASURE( 1.000000000000000082E-05 ), #2606, 'distance_accuracy_value', 'NONE');
#5043 = ORIENTED_EDGE ( 'NONE', *, *, #5701, .F. ) ;
#5044 = LENGTH_MEASURE_WITH_UNIT ( LENGTH_MEASURE( 0.02539999999999999897 ), #2274 );
#5045 = CARTESIAN_POINT ( 'NONE',  ( 0.1161417322834645827, -0.09645669291338584972, 0.000000000000000000 ) ) ;
#5046 = SURFACE_SIDE_STYLE ('',( #613 ) ) ;
#5047 = ORIENTED_EDGE ( 'NONE', *, *, #975, .F. ) ;
#5048 = VERTEX_POINT ( 'NONE', #753 ) ;
#5049 = ADVANCED_FACE ( 'NONE', ( #2106 ), #791, .T. ) ;
#5050 =( LENGTH_UNIT ( ) NAMED_UNIT ( * ) SI_UNIT ( $, .METRE. ) );
#5051 = PLANE ( 'NONE',  #1458 ) ;
#5052 = FILL_AREA_STYLE_COLOUR ( '', #529 ) ;
#5053 = DIRECTION ( 'NONE',  ( 0.000000000000000000, 0.000000000000000000, 1.000000000000000000 ) ) ;
#5054 = EDGE_LOOP ( 'NONE', ( #3006, #599, #3761, #4488 ) ) ;
#5055 = CARTESIAN_POINT ( 'NONE',  ( 2.185478394931409404E-17, 0.06692913385826770867, 0.0009842519685039369942 ) ) ;
#5056 = UNCERTAINTY_MEASURE_WITH_UNIT (LENGTH_MEASURE( 1.000000000000000082E-05 ), #1284, 'distance_accuracy_value', 'NONE');
#5057 = VERTEX_POINT ( 'NONE', #1786 ) ;
#5058 = FILL_AREA_STYLE_COLOUR ( '', #3616 ) ;
#5059 = DIRECTION ( 'NONE',  ( -0.000000000000000000, -1.000000000000000000, -0.000000000000000000 ) ) ;
#5060 =( NAMED_UNIT ( * ) PLANE_ANGLE_UNIT ( ) SI_UNIT ( $, .RADIAN. ) );
#5061 = STYLED_ITEM ( 'NONE', ( #3367 ), #4097 ) ;
#5062 = SURFACE_STYLE_USAGE ( .BOTH. , #4186 ) ;
#5063 = FILL_AREA_STYLE_COLOUR ( '', #3913 ) ;
#5064 =( CONVERSION_BASED_UNIT ( 'INCH', #5566 ) LENGTH_UNIT ( ) NAMED_UNIT ( #5019 ) );
#5065 = PRESENTATION_STYLE_ASSIGNMENT (( #3217 ) ) ;
#5066 = FILL_AREA_STYLE ('',( #3742 ) ) ;
#5067 = ADVANCED_FACE ( 'NONE', ( #4493 ), #4522, .F. ) ;
#5068 = EDGE_CURVE ( 'NONE', #5048, #4028, #5495, .T. ) ;
#5069 = CARTESIAN_POINT ( 'NONE',  ( -0.09842519685039370636, 0.06692913385826770867, 0.01102362204724409607 ) ) ;
#5070 = VECTOR ( 'NONE', #1117, 39.37007874015748143 ) ;
#5071 = DIMENSIONAL_EXPONENTS ( 1.000000000000000000, 0.000000000000000000, 0.000000000000000000, 0.000000000000000000, 0.000000000000000000, 0.000000000000000000, 0.000000000000000000 ) ;
#5072 = CARTESIAN_POINT ( 'NONE',  ( -0.1097440944881889757, 0.06692913385826770867, 0.01102362204724409607 ) ) ;
#5073 = EDGE_LOOP ( 'NONE', ( #3115, #4992, #5855, #1017, #2424 ) ) ;
#5074 = STYLED_ITEM ( 'NONE', ( #2225 ), #4224 ) ;
#5075 = CARTESIAN_POINT ( 'NONE',  ( -0.1107514645067868980, -0.09611101568364040226, 0.03627971477922028315 ) ) ;
#5076 = VECTOR ( 'NONE', #4719, 39.37007874015748143 ) ;
#5077 = VECTOR ( 'NONE', #4107, 39.37007874015748143 ) ;
#5078 = DIRECTION ( 'NONE',  ( 0.000000000000000000, -1.000000000000000000, 0.000000000000000000 ) ) ;
#5079 = CARTESIAN_POINT ( 'NONE',  ( -0.1210629921259842590, -0.01692913385826767814, 0.000000000000000000 ) ) ;
#5080 = ORIENTED_EDGE ( 'NONE', *, *, #3389, .F. ) ;
#5081 = VERTEX_POINT ( 'NONE', #4955 ) ;
#5082 = VECTOR ( 'NONE', #3212, 39.37007874015748143 ) ;
#5083 = UNCERTAINTY_MEASURE_WITH_UNIT (LENGTH_MEASURE( 1.000000000000000082E-05 ), #4234, 'distance_accuracy_value', 'NONE');
#5084 =( GEOMETRIC_REPRESENTATION_CONTEXT ( 3 ) GLOBAL_UNCERTAINTY_ASSIGNED_CONTEXT ( ( #3299 ) ) GLOBAL_UNIT_ASSIGNED_CONTEXT ( ( #2336, #4745, #2361 ) ) REPRESENTATION_CONTEXT ( 'NONE', 'WORKASPACE' ) );
#5085 = SURFACE_SIDE_STYLE ('',( #3330 ) ) ;
#5086 = DIRECTION ( 'NONE',  ( 1.000000000000000000, 0.000000000000000000, 0.000000000000000000 ) ) ;
#5087 = STYLED_ITEM ( 'NONE', ( #1115 ), #4852 ) ;
#5088 = EDGE_CURVE ( 'NONE', #2919, #2845, #3556, .T. ) ;
#5089 = VECTOR ( 'NONE', #3018, 39.37007874015748143 ) ;
#5090 = ORIENTED_EDGE ( 'NONE', *, *, #2210, .T. ) ;
#5091 = CARTESIAN_POINT ( 'NONE',  ( -0.1161417322834644994, -0.08307086614173228578, 0.01102362204724408566 ) ) ;
#5092 = VERTEX_POINT ( 'NONE', #1367 ) ;
#5093 = DIRECTION ( 'NONE',  ( 0.000000000000000000, 0.000000000000000000, 1.000000000000000000 ) ) ;
#5094 = UNCERTAINTY_MEASURE_WITH_UNIT (LENGTH_MEASURE( 1.000000000000000082E-05 ), #828, 'distance_accuracy_value', 'NONE');
#5095 = COLOUR_RGB ( '',0.2862745098039215508, 0.2862745098039215508, 0.2862745098039215508 ) ;
#5096 = PRESENTATION_LAYER_ASSIGNMENT (  '', '', ( #3739 ) ) ;
#5097 =( CONVERSION_BASED_UNIT ( 'INCH', #3183 ) LENGTH_UNIT ( ) NAMED_UNIT ( #2301 ) );
#5098 = ADVANCED_FACE ( 'NONE', ( #7 ), #5452, .T. ) ;
#5099 = LENGTH_MEASURE_WITH_UNIT ( LENGTH_MEASURE( 0.02539999999999999897 ), #4184 );
#5100 = FACE_OUTER_BOUND ( 'NONE', #1566, .T. ) ;
#5101 = FILL_AREA_STYLE ('',( #5508 ) ) ;
#5102 = DIRECTION ( 'NONE',  ( -2.265761274745219945E-16, 1.000000000000000000, 0.000000000000000000 ) ) ;
#5103 = SURFACE_SIDE_STYLE ('',( #2594 ) ) ;
#5104 = DIMENSIONAL_EXPONENTS ( 1.000000000000000000, 0.000000000000000000, 0.000000000000000000, 0.000000000000000000, 0.000000000000000000, 0.000000000000000000, 0.000000000000000000 ) ;
#5105 = PRESENTATION_LAYER_ASSIGNMENT (  '', '', ( #329 ) ) ;
#5106 = CARTESIAN_POINT ( 'NONE',  ( 0.1111993392797841484, 0.08948880716714463501, 0.04379255050836113050 ) ) ;
#5107 = STYLED_ITEM ( 'NONE', ( #2498 ), #245 ) ;
#5108 = CARTESIAN_POINT ( 'NONE',  ( 0.1210629921259842590, 0.06692913385826770867, 0.01102362204724409607 ) ) ;
#5109 = DIRECTION ( 'NONE',  ( 2.191229653865440203E-16, -1.000000000000000000, 0.000000000000000000 ) ) ;
#5110 = SURFACE_STYLE_USAGE ( .BOTH. , #3710 ) ;
#5111 = SURFACE_SIDE_STYLE ('',( #1457 ) ) ;
#5112 = VERTEX_POINT ( 'NONE', #720 ) ;
#5113 = EDGE_CURVE ( 'NONE', #3839, #1271, #287, .T. ) ;
#5114 = DIRECTION ( 'NONE',  ( 1.000000000000000000, 0.000000000000000000, 0.000000000000000000 ) ) ;
#5115 = SURFACE_SIDE_STYLE ('',( #3263 ) ) ;
#5116 = SURFACE_STYLE_FILL_AREA ( #2835 ) ;
#5117 = DIRECTION ( 'NONE',  ( -0.9945218953682731788, -8.673617379884018117E-15, -0.1045284632676536374 ) ) ;
#5118 = PRESENTATION_STYLE_ASSIGNMENT (( #2805 ) ) ;
#5119 = ORIENTED_EDGE ( 'NONE', *, *, #2681, .T. ) ;
#5120 = CARTESIAN_POINT ( 'NONE',  ( -0.009645669291338582543, 0.1013779527559055121, 0.01102362204724409607 ) ) ;
#5121 = DIRECTION ( 'NONE',  ( 0.000000000000000000, 0.000000000000000000, 1.000000000000000000 ) ) ;
#5122 = LENGTH_MEASURE_WITH_UNIT ( LENGTH_MEASURE( 0.02539999999999999897 ), #4242 );
#5123 = PLANE ( 'NONE',  #1248 ) ;
#5124 = ORIENTED_EDGE ( 'NONE', *, *, #5542, .T. ) ;
#5125 = LINE ( 'NONE', #5055, #609 ) ;
#5126 = ORIENTED_EDGE ( 'NONE', *, *, #5113, .T. ) ;
#5127 = STYLED_ITEM ( 'NONE', ( #3469 ), #2794 ) ;
#5128 = CARTESIAN_POINT ( 'NONE',  ( 0.1161417322834645827, 0.06692913385826770867, 0.0009842519685039369942 ) ) ;
#5129 = COLOUR_RGB ( '',0.8313725490196077761, 0.8313725490196077761, 0.8313725490196077761 ) ;
#5130 = AXIS2_PLACEMENT_3D ( 'NONE', #4513, #430, #2269 ) ;
#5131 = CARTESIAN_POINT ( 'NONE',  ( 0.1161417322834645827, -0.07499999999999999722, 0.01102362204724409607 ) ) ;
#5132 =( LENGTH_UNIT ( ) NAMED_UNIT ( * ) SI_UNIT ( $, .METRE. ) );
#5133 =( CONVERSION_BASED_UNIT ( 'INCH', #4566 ) LENGTH_UNIT ( ) NAMED_UNIT ( #3553 ) );
#5134 = EDGE_CURVE ( 'NONE', #1904, #1433, #1583, .T. ) ;
#5135 = FACE_OUTER_BOUND ( 'NONE', #4713, .T. ) ;
#5136 = EDGE_LOOP ( 'NONE', ( #582, #4024, #1597, #263 ) ) ;
#5137 = VECTOR ( 'NONE', #5240, 39.37007874015748143 ) ;
#5138 = FILL_AREA_STYLE ('',( #4739 ) ) ;
#5139 = CARTESIAN_POINT ( 'NONE',  ( 0.1161417322834644716, -0.04822834645669292486, 0.01102362204724408566 ) ) ;
#5140 = VECTOR ( 'NONE', #1140, 39.37007874015748854 ) ;
#5141 = VERTEX_POINT ( 'NONE', #1191 ) ;
#5142 = CARTESIAN_POINT ( 'NONE',  ( -0.1103353514614928144, -0.09162974065629245213, 0.04274218604578643860 ) ) ;
#5143 = DIMENSIONAL_EXPONENTS ( 1.000000000000000000, 0.000000000000000000, 0.000000000000000000, 0.000000000000000000, 0.000000000000000000, 0.000000000000000000, 0.000000000000000000 ) ;
#5144 = FILL_AREA_STYLE ('',( #3227 ) ) ;
#5145 = CARTESIAN_POINT ( 'NONE',  ( -0.09842519685039370636, -0.08307086614173228578, 0.000000000000000000 ) ) ;
#5146 = ORIENTED_EDGE ( 'NONE', *, *, #3334, .T. ) ;
#5147 = UNCERTAINTY_MEASURE_WITH_UNIT (LENGTH_MEASURE( 1.000000000000000082E-05 ), #5824, 'distance_accuracy_value', 'NONE');
#5148 =( NAMED_UNIT ( * ) SI_UNIT ( $, .STERADIAN. ) SOLID_ANGLE_UNIT ( ) );
#5149 = SURFACE_SIDE_STYLE ('',( #3301 ) ) ;
#5150 = LINE ( 'NONE', #4686, #1494 ) ;
#5151 = CARTESIAN_POINT ( 'NONE',  ( 0.1092037056162347280, 0.09343410677910184148, 0.03978160812310110178 ) ) ;
#5152 = FILL_AREA_STYLE_COLOUR ( '', #2671 ) ;
#5153 = ORIENTED_EDGE ( 'NONE', *, *, #5134, .T. ) ;
#5154 =( NAMED_UNIT ( * ) SI_UNIT ( $, .STERADIAN. ) SOLID_ANGLE_UNIT ( ) );
#5155 = ADVANCED_FACE ( 'NONE', ( #4767 ), #4395, .F. ) ;
#5156 = ORIENTED_EDGE ( 'NONE', *, *, #2224, .T. ) ;
#5157 =( NAMED_UNIT ( * ) SI_UNIT ( $, .STERADIAN. ) SOLID_ANGLE_UNIT ( ) );
#5158 = LINE ( 'NONE', #5372, #1991 ) ;
#5159 = EDGE_LOOP ( 'NONE', ( #5190, #17, #3987, #2922 ) ) ;
#5160 = DIRECTION ( 'NONE',  ( -1.000000000000000000, 0.000000000000000000, 0.000000000000000000 ) ) ;
#5161 = FACE_OUTER_BOUND ( 'NONE', #3582, .T. ) ;
#5162 = SURFACE_SIDE_STYLE ('',( #5509 ) ) ;
#5163 =( NAMED_UNIT ( * ) PLANE_ANGLE_UNIT ( ) SI_UNIT ( $, .RADIAN. ) );
#5164 = PRESENTATION_LAYER_ASSIGNMENT (  '', '', ( #4961 ) ) ;
#5165 = STYLED_ITEM ( 'NONE', ( #3495 ), #1955 ) ;
#5166 = PRESENTATION_STYLE_ASSIGNMENT (( #1125 ) ) ;
#5167 = ORIENTED_EDGE ( 'NONE', *, *, #2313, .T. ) ;
#5168 = AXIS2_PLACEMENT_3D ( 'NONE', #5331, #2979, #1200 ) ;
#5169 = AXIS2_PLACEMENT_3D ( 'NONE', #3153, #4533, #3188 ) ;
#5170 = LINE ( 'NONE', #3381, #5226 ) ;
#5171 = EDGE_CURVE ( 'NONE', #5092, #5611, #1079, .T. ) ;
#5172 = CARTESIAN_POINT ( 'NONE',  ( -0.02578740157480310588, 0.07874015748031495954, 0.01102362204724409607 ) ) ;
#5173 = LINE ( 'NONE', #5604, #2867 ) ;
#5174 = ORIENTED_EDGE ( 'NONE', *, *, #829, .T. ) ;
#5175 = CARTESIAN_POINT ( 'NONE',  ( 0.05807086614173229133, 0.09645669291338572482, 0.01102362204724408393 ) ) ;
#5176 = CARTESIAN_POINT ( 'NONE',  ( -0.09842519685039370636, 0.03307086614173232464, 0.000000000000000000 ) ) ;
#5177 = LINE ( 'NONE', #4263, #2432 ) ;
#5178 = DIRECTION ( 'NONE',  ( 0.000000000000000000, 0.000000000000000000, 1.000000000000000000 ) ) ;
#5179 = VECTOR ( 'NONE', #3550, 39.37007874015748143 ) ;
#5180 = VECTOR ( 'NONE', #3424, 39.37007874015748143 ) ;
#5181 = LENGTH_MEASURE_WITH_UNIT ( LENGTH_MEASURE( 0.02539999999999999897 ), #1560 );
#5182 = CARTESIAN_POINT ( 'NONE',  ( -0.1103353514614928421, 0.09162974065629242437, 0.04274218604578640390 ) ) ;
#5183 =( CONVERSION_BASED_UNIT ( 'INCH', #2407 ) LENGTH_UNIT ( ) NAMED_UNIT ( #731 ) );
#5184 = PRESENTATION_STYLE_ASSIGNMENT (( #4330 ) ) ;
#5185 = DIRECTION ( 'NONE',  ( -0.000000000000000000, 1.000000000000000000, 0.000000000000000000 ) ) ;
#5186 = COLOUR_RGB ( '',0.2862745098039215508, 0.2862745098039215508, 0.2862745098039215508 ) ;
#5187 = ORIENTED_EDGE ( 'NONE', *, *, #1015, .F. ) ;
#5188 =( NAMED_UNIT ( * ) SI_UNIT ( $, .STERADIAN. ) SOLID_ANGLE_UNIT ( ) );
#5189 = DIMENSIONAL_EXPONENTS ( 1.000000000000000000, 0.000000000000000000, 0.000000000000000000, 0.000000000000000000, 0.000000000000000000, 0.000000000000000000, 0.000000000000000000 ) ;
#5190 = ORIENTED_EDGE ( 'NONE', *, *, #5916, .T. ) ;
#5191 = PRESENTATION_LAYER_ASSIGNMENT (  '', '', ( #2015 ) ) ;
#5192 = AXIS2_PLACEMENT_3D ( 'NONE', #4792, #192, #681 ) ;
#5193 = EDGE_CURVE ( 'NONE', #5002, #1082, #4310, .T. ) ;
#5194 = PRESENTATION_LAYER_ASSIGNMENT (  '', '', ( #4113 ) ) ;
#5195 = SURFACE_STYLE_FILL_AREA ( #1540 ) ;
#5196 = FACE_OUTER_BOUND ( 'NONE', #4132, .T. ) ;
#5197 =( LENGTH_UNIT ( ) NAMED_UNIT ( * ) SI_UNIT ( $, .METRE. ) );
#5198 = MECHANICAL_DESIGN_GEOMETRIC_PRESENTATION_REPRESENTATION (  '', ( #2874 ), #1567 ) ;
#5199 = UNCERTAINTY_MEASURE_WITH_UNIT (LENGTH_MEASURE( 1.000000000000000082E-05 ), #919, 'distance_accuracy_value', 'NONE');
#5200 = MECHANICAL_DESIGN_GEOMETRIC_PRESENTATION_REPRESENTATION (  '', ( #326 ), #779 ) ;
#5201 = ORIENTED_EDGE ( 'NONE', *, *, #112, .T. ) ;
#5202 = LINE ( 'NONE', #2862, #4051 ) ;
#5203 = CLOSED_SHELL ( 'NONE', ( #178, #671, #5492, #1911, #1269, #5448 ) ) ;
#5204 = PRESENTATION_STYLE_ASSIGNMENT (( #1163 ) ) ;
#5205 = CARTESIAN_POINT ( 'NONE',  ( 0.08464566929133858497, -0.08307086614173228578, 0.000000000000000000 ) ) ;
#5206 = DIRECTION ( 'NONE',  ( 0.000000000000000000, 0.000000000000000000, -1.000000000000000000 ) ) ;
#5207 = AXIS2_PLACEMENT_3D ( 'NONE', #631, #2415, #3901 ) ;
#5208 =( BOUNDED_SURFACE ( )  B_SPLINE_SURFACE ( 3, 3, ( 
 ( #5568, #118, #3613, #4124 ),
 ( #1832, #5106, #5510, #4188 ),
 ( #1914, #3740, #1722, #5474 ),
 ( #3647, #1352, #3157, #5012 ) ),
 .UNSPECIFIED., .F., .F., .T. ) 
 B_SPLINE_SURFACE_WITH_KNOTS ( ( 4, 4 ),
 ( 4, 4 ),
 ( 0.000000000000000000, 1.000000000000000000 ),
 ( 0.000000000000000000, 1.000000000000000000 ),
 .UNSPECIFIED. ) 
 GEOMETRIC_REPRESENTATION_ITEM ( )  RATIONAL_B_SPLINE_SURFACE ( (
 ( 1.000000000000000000, 0.3333333333333329263, 0.3333333333333329263, 1.000000000000000000),
 ( 0.9290532412555523312, 0.3096844137518504070, 0.3096844137518504070, 0.9290532412555523312),
 ( 0.9290532412555523312, 0.3096844137518504070, 0.3096844137518504070, 0.9290532412555523312),
 ( 1.000000000000000000, 0.3333333333333329263, 0.3333333333333329263, 1.000000000000000000) ) ) 
 REPRESENTATION_ITEM ( '' )  SURFACE ( )  );
#5209 =( GEOMETRIC_REPRESENTATION_CONTEXT ( 3 ) GLOBAL_UNCERTAINTY_ASSIGNED_CONTEXT ( ( #2789 ) ) GLOBAL_UNIT_ASSIGNED_CONTEXT ( ( #5133, #4699, #24 ) ) REPRESENTATION_CONTEXT ( 'NONE', 'WORKASPACE' ) );
#5210 = VECTOR ( 'NONE', #4652, 39.37007874015748143 ) ;
#5211 = VERTEX_POINT ( 'NONE', #238 ) ;
#5212 = DIRECTION ( 'NONE',  ( 0.000000000000000000, 1.000000000000000000, 0.000000000000000000 ) ) ;
#5213 =( NAMED_UNIT ( * ) PLANE_ANGLE_UNIT ( ) SI_UNIT ( $, .RADIAN. ) );
#5214 = EDGE_CURVE ( 'NONE', #573, #1862, #5784, .T. ) ;
#5215 = SURFACE_STYLE_FILL_AREA ( #5671 ) ;
#5216 =( LENGTH_UNIT ( ) NAMED_UNIT ( * ) SI_UNIT ( $, .METRE. ) );
#5217 = LINE ( 'NONE', #2910, #2811 ) ;
#5218 = FILL_AREA_STYLE_COLOUR ( '', #2061 ) ;
#5219 =( CONVERSION_BASED_UNIT ( 'INCH', #2050 ) LENGTH_UNIT ( ) NAMED_UNIT ( #5777 ) );
#5220 = SURFACE_SIDE_STYLE ('',( #1142 ) ) ;
#5221 = ORIENTED_EDGE ( 'NONE', *, *, #4638, .T. ) ;
#5222 = DIRECTION ( 'NONE',  ( -1.000000000000000000, -0.000000000000000000, 0.000000000000000000 ) ) ;
#5223 = ORIENTED_EDGE ( 'NONE', *, *, #5471, .T. ) ;
#5224 =( GEOMETRIC_REPRESENTATION_CONTEXT ( 3 ) GLOBAL_UNCERTAINTY_ASSIGNED_CONTEXT ( ( #2063 ) ) GLOBAL_UNIT_ASSIGNED_CONTEXT ( ( #181, #5213, #4477 ) ) REPRESENTATION_CONTEXT ( 'NONE', 'WORKASPACE' ) );
#5225 = CARTESIAN_POINT ( 'NONE',  ( -0.02578740157480311282, -0.1013779527559055121, 0.000000000000000000 ) ) ;
#5226 = VECTOR ( 'NONE', #1127, 39.37007874015748143 ) ;
#5227 = CARTESIAN_POINT ( 'NONE',  ( -0.02578740157480310588, -0.09645669291338584972, 0.000000000000000000 ) ) ;
#5228 = CARTESIAN_POINT ( 'NONE',  ( -0.09842519685039370636, -0.08307086614173228578, 0.01102362204724409607 ) ) ;
#5229 = EDGE_CURVE ( 'NONE', #2169, #3763, #323, .T. ) ;
#5230 = UNCERTAINTY_MEASURE_WITH_UNIT (LENGTH_MEASURE( 1.000000000000000082E-05 ), #1509, 'distance_accuracy_value', 'NONE');
#5231 = CARTESIAN_POINT ( 'NONE',  ( 0.1161417322834645549, -0.08307086614173228578, 0.01102362204724408913 ) ) ;
#5232 = ORIENTED_EDGE ( 'NONE', *, *, #2826, .T. ) ;
#5233 = LINE ( 'NONE', #663, #986 ) ;
#5234 =( NAMED_UNIT ( * ) PLANE_ANGLE_UNIT ( ) SI_UNIT ( $, .RADIAN. ) );
#5235 = DIRECTION ( 'NONE',  ( 2.265761274745219945E-16, -1.000000000000000000, 0.000000000000000000 ) ) ;
#5236 = ADVANCED_FACE ( 'NONE', ( #5663 ), #1626, .F. ) ;
#5237 = ORIENTED_EDGE ( 'NONE', *, *, #5113, .F. ) ;
#5238 =( LENGTH_UNIT ( ) NAMED_UNIT ( * ) SI_UNIT ( $, .METRE. ) );
#5239 = CARTESIAN_POINT ( 'NONE',  ( -0.1210629921259842590, -0.08307086614173228578, 0.000000000000000000 ) ) ;
#5240 = DIRECTION ( 'NONE',  ( 0.000000000000000000, -1.000000000000000000, -0.000000000000000000 ) ) ;
#5241 = STYLED_ITEM ( 'NONE', ( #1024 ), #3467 ) ;
#5242 = SURFACE_STYLE_USAGE ( .BOTH. , #2571 ) ;
#5243 = VECTOR ( 'NONE', #3874, 39.37007874015748143 ) ;
#5244 =( CONVERSION_BASED_UNIT ( 'INCH', #3391 ) LENGTH_UNIT ( ) NAMED_UNIT ( #4251 ) );
#5245 = FILL_AREA_STYLE ('',( #1994 ) ) ;
#5246 = EDGE_CURVE ( 'NONE', #3315, #3598, #1345, .T. ) ;
#5247 = ORIENTED_EDGE ( 'NONE', *, *, #1157, .F. ) ;
#5248 = ORIENTED_EDGE ( 'NONE', *, *, #1788, .F. ) ;
#5249 = FILL_AREA_STYLE_COLOUR ( '', #833 ) ;
#5250 = FACE_OUTER_BOUND ( 'NONE', #4854, .T. ) ;
#5251 = UNCERTAINTY_MEASURE_WITH_UNIT (LENGTH_MEASURE( 1.000000000000000082E-05 ), #357, 'distance_accuracy_value', 'NONE');
#5252 = EDGE_LOOP ( 'NONE', ( #4273, #5573, #2610, #4439 ) ) ;
#5253 = CARTESIAN_POINT ( 'NONE',  ( 0.1092037056162346587, -0.08951866624615589796, 0.03937007874015747977 ) ) ;
#5254 = DIRECTION ( 'NONE',  ( 2.265761274745219945E-16, -1.000000000000000000, -0.000000000000000000 ) ) ;
#5255 = DIRECTION ( 'NONE',  ( -0.000000000000000000, -0.000000000000000000, -1.000000000000000000 ) ) ;
#5256 = DIRECTION ( 'NONE',  ( 0.000000000000000000, -0.000000000000000000, 1.000000000000000000 ) ) ;
#5257 = SURFACE_STYLE_FILL_AREA ( #5354 ) ;
#5258 =( GEOMETRIC_REPRESENTATION_CONTEXT ( 3 ) GLOBAL_UNCERTAINTY_ASSIGNED_CONTEXT ( ( #1557 ) ) GLOBAL_UNIT_ASSIGNED_CONTEXT ( ( #310, #1706, #3900 ) ) REPRESENTATION_CONTEXT ( 'NONE', 'WORKASPACE' ) );
#5259 = EDGE_LOOP ( 'NONE', ( #4619, #5080, #3037, #1477, #361, #5854, #4690 ) ) ;
#5260 = ADVANCED_FACE ( 'NONE', ( #3079 ), #1715, .F. ) ;
#5261 = EDGE_CURVE ( 'NONE', #4941, #3120, #4062, .T. ) ;
#5262 = PRESENTATION_STYLE_ASSIGNMENT (( #1586 ) ) ;
#5263 =( CONVERSION_BASED_UNIT ( 'INCH', #2452 ) LENGTH_UNIT ( ) NAMED_UNIT ( #3899 ) );
#5264 =( CONVERSION_BASED_UNIT ( 'INCH', #2426 ) LENGTH_UNIT ( ) NAMED_UNIT ( #2521 ) );
#5265 =( CONVERSION_BASED_UNIT ( 'INCH', #3417 ) LENGTH_UNIT ( ) NAMED_UNIT ( #5313 ) );
#5266 = CARTESIAN_POINT ( 'NONE',  ( -0.1097440944881889757, -0.01692913385826767814, 0.01102362204724409607 ) ) ;
#5267 = CARTESIAN_POINT ( 'NONE',  ( -0.1097440944881889757, -0.06692913385826770867, 0.01102362204724409607 ) ) ;
#5268 = CARTESIAN_POINT ( 'NONE',  ( -0.1161417322834644994, 0.08307086614173228578, 0.01102362204724408913 ) ) ;
#5269 = CARTESIAN_POINT ( 'NONE',  ( 0.1113147800263711990, 0.09162974065629245213, 0.04193654726125712467 ) ) ;
#5270 = ORIENTED_EDGE ( 'NONE', *, *, #2092, .T. ) ;
#5271 =( NAMED_UNIT ( * ) PLANE_ANGLE_UNIT ( ) SI_UNIT ( $, .RADIAN. ) );
#5272 = ORIENTED_EDGE ( 'NONE', *, *, #5567, .F. ) ;
#5273 = AXIS2_PLACEMENT_3D ( 'NONE', #1740, #1770, #5894 ) ;
#5274 = VECTOR ( 'NONE', #2300, 39.37007874015748143 ) ;
#5275 = EDGE_CURVE ( 'NONE', #4495, #4028, #4606, .T. ) ;
#5276 = FACE_OUTER_BOUND ( 'NONE', #3661, .T. ) ;
#5277 = STYLED_ITEM ( 'NONE', ( #1956 ), #4244 ) ;
#5278 = LINE ( 'NONE', #3341, #2480 ) ;
#5279 =( GEOMETRIC_REPRESENTATION_CONTEXT ( 3 ) GLOBAL_UNCERTAINTY_ASSIGNED_CONTEXT ( ( #52 ) ) GLOBAL_UNIT_ASSIGNED_CONTEXT ( ( #1513, #91, #1037 ) ) REPRESENTATION_CONTEXT ( 'NONE', 'WORKASPACE' ) );
#5280 = FACE_OUTER_BOUND ( 'NONE', #641, .T. ) ;
#5281 = AXIS2_PLACEMENT_3D ( 'NONE', #537, #1022, #5644 ) ;
#5282 = VECTOR ( 'NONE', #1980, 39.37007874015748143 ) ;
#5283 = EDGE_CURVE ( 'NONE', #922, #5579, #1283, .T. ) ;
#5284 = UNCERTAINTY_MEASURE_WITH_UNIT (LENGTH_MEASURE( 1.000000000000000082E-05 ), #453, 'distance_accuracy_value', 'NONE');
#5285 = CARTESIAN_POINT ( 'NONE',  ( 0.1131191461491806438, -0.08951866624615592571, 0.03978160812310117811 ) ) ;
#5286 = VECTOR ( 'NONE', #3348, 39.37007874015748143 ) ;
#5287 = ORIENTED_EDGE ( 'NONE', *, *, #3253, .F. ) ;
#5288 = SURFACE_STYLE_USAGE ( .BOTH. , #478 ) ;
#5289 =( NAMED_UNIT ( * ) SI_UNIT ( $, .STERADIAN. ) SOLID_ANGLE_UNIT ( ) );
#5290 = VECTOR ( 'NONE', #5915, 39.37007874015748143 ) ;
#5291 = SURFACE_SIDE_STYLE ('',( #3436 ) ) ;
#5292 = VECTOR ( 'NONE', #1504, 39.37007874015748143 ) ;
#5293 = PLANE ( 'NONE',  #5797 ) ;
#5294 = VECTOR ( 'NONE', #2094, 39.37007874015748143 ) ;
#5295 = FACE_OUTER_BOUND ( 'NONE', #598, .T. ) ;
#5296 = CARTESIAN_POINT ( 'NONE',  ( -0.1210629921259842590, -0.02499999999999996322, 0.01102362204724409607 ) ) ;
#5297 = CARTESIAN_POINT ( 'NONE',  ( -0.05118110236220472370, -0.07874015748031495954, 0.01102362204724409607 ) ) ;
#5298 = STYLED_ITEM ( 'NONE', ( #3121 ), #5492 ) ;
#5299 = FILL_AREA_STYLE_COLOUR ( '', #5386 ) ;
#5300 = AXIS2_PLACEMENT_3D ( 'NONE', #3717, #3752, #4072 ) ;
#5301 = EDGE_CURVE ( 'NONE', #3385, #5678, #5383, .T. ) ;
#5302 =( NAMED_UNIT ( * ) SI_UNIT ( $, .STERADIAN. ) SOLID_ANGLE_UNIT ( ) );
#5303 = CARTESIAN_POINT ( 'NONE',  ( 0.1097440944881889757, 0.08307086614173225803, 0.000000000000000000 ) ) ;
#5304 = VECTOR ( 'NONE', #4911, 39.37007874015748143 ) ;
#5305 = FILL_AREA_STYLE_COLOUR ( '', #4089 ) ;
#5306 = LINE ( 'NONE', #4781, #2821 ) ;
#5307 = COLOUR_RGB ( '',0.8313725490196077761, 0.8313725490196077761, 0.8313725490196077761 ) ;
#5308 =( LENGTH_UNIT ( ) NAMED_UNIT ( * ) SI_UNIT ( $, .METRE. ) );
#5309 =( NAMED_UNIT ( * ) SI_UNIT ( $, .STERADIAN. ) SOLID_ANGLE_UNIT ( ) );
#5310 = ORIENTED_EDGE ( 'NONE', *, *, #5830, .T. ) ;
#5311 = DIRECTION ( 'NONE',  ( 0.000000000000000000, 0.000000000000000000, 1.000000000000000000 ) ) ;
#5312 = ORIENTED_EDGE ( 'NONE', *, *, #4596, .F. ) ;
#5313 = DIMENSIONAL_EXPONENTS ( 1.000000000000000000, 0.000000000000000000, 0.000000000000000000, 0.000000000000000000, 0.000000000000000000, 0.000000000000000000, 0.000000000000000000 ) ;
#5314 = CARTESIAN_POINT ( 'NONE',  ( -0.05118110236220473064, -0.07874015748031495954, 0.01102362204724409607 ) ) ;
#5315 = LENGTH_MEASURE_WITH_UNIT ( LENGTH_MEASURE( 0.02539999999999999897 ), #762 );
#5316 = ORIENTED_EDGE ( 'NONE', *, *, #5567, .T. ) ;
#5317 = SURFACE_STYLE_USAGE ( .BOTH. , #4825 ) ;
#5318 = SURFACE_STYLE_FILL_AREA ( #2589 ) ;
#5319 =( NAMED_UNIT ( * ) PLANE_ANGLE_UNIT ( ) SI_UNIT ( $, .RADIAN. ) );
#5320 = FILL_AREA_STYLE ('',( #2995 ) ) ;
#5321 = DIRECTION ( 'NONE',  ( 1.000000000000000000, 0.000000000000000000, 0.000000000000000000 ) ) ;
#5322 = SURFACE_STYLE_FILL_AREA ( #2477 ) ;
#5323 = EDGE_CURVE ( 'NONE', #5499, #1643, #1689, .T. ) ;
#5324 = VECTOR ( 'NONE', #4204, 39.37007874015748143 ) ;
#5325 = PLANE ( 'NONE',  #4481 ) ;
#5326 = AXIS2_PLACEMENT_3D ( 'NONE', #5239, #3415, #2014 ) ;
#5327 = FILL_AREA_STYLE ('',( #3475 ) ) ;
#5328 = CARTESIAN_POINT ( 'NONE',  ( -0.1128641397494070941, -0.09132447417272142320, 0.04003988830560037404 ) ) ;
#5329 = LENGTH_MEASURE_WITH_UNIT ( LENGTH_MEASURE( 0.02539999999999999897 ), #2511 );
#5330 = CARTESIAN_POINT ( 'NONE',  ( -0.02578740157480310588, 0.09645669291338580809, 0.01102362204724408913 ) ) ;
#5331 = CARTESIAN_POINT ( 'NONE',  ( 0.1210629921259842590, 0.08307086614173228578, 0.000000000000000000 ) ) ;
#5332 = LINE ( 'NONE', #2631, #5422 ) ;
#5333 = MECHANICAL_DESIGN_GEOMETRIC_PRESENTATION_REPRESENTATION (  '', ( #5725 ), #1400 ) ;
#5334 = FILL_AREA_STYLE_COLOUR ( '', #2342 ) ;
#5335 =( NAMED_UNIT ( * ) SI_UNIT ( $, .STERADIAN. ) SOLID_ANGLE_UNIT ( ) );
#5336 = CARTESIAN_POINT ( 'NONE',  ( -0.1161417322834644716, 0.04822834645669292486, 0.01102362204724408393 ) ) ;
#5337 = ORIENTED_EDGE ( 'NONE', *, *, #4035, .T. ) ;
#5338 = VERTEX_POINT ( 'NONE', #3609 ) ;
#5339 = STYLED_ITEM ( 'NONE', ( #3135 ), #2270 ) ;
#5340 = EDGE_CURVE ( 'NONE', #1241, #4495, #2776, .T. ) ;
#5341 = CARTESIAN_POINT ( 'NONE',  ( -0.1210629921259842590, -0.08307086614173228578, 0.000000000000000000 ) ) ;
#5342 = EDGE_CURVE ( 'NONE', #3793, #166, #1249, .T. ) ;
#5343 = FILL_AREA_STYLE_COLOUR ( '', #3357 ) ;
#5344 = EDGE_LOOP ( 'NONE', ( #4910, #4470, #3321, #1048 ) ) ;
#5345 = LENGTH_MEASURE_WITH_UNIT ( LENGTH_MEASURE( 0.02539999999999999897 ), #2642 );
#5346 = ORIENTED_EDGE ( 'NONE', *, *, #2666, .F. ) ;
#5347 =( LENGTH_UNIT ( ) NAMED_UNIT ( * ) SI_UNIT ( $, .METRE. ) );
#5348 = LENGTH_MEASURE_WITH_UNIT ( LENGTH_MEASURE( 0.02539999999999999897 ), #1213 );
#5349 = DIMENSIONAL_EXPONENTS ( 1.000000000000000000, 0.000000000000000000, 0.000000000000000000, 0.000000000000000000, 0.000000000000000000, 0.000000000000000000, 0.000000000000000000 ) ;
#5350 = LINE ( 'NONE', #3044, #1462 ) ;
#5351 = SURFACE_SIDE_STYLE ('',( #1247 ) ) ;
#5352 =( NAMED_UNIT ( * ) PLANE_ANGLE_UNIT ( ) SI_UNIT ( $, .RADIAN. ) );
#5353 = FACE_OUTER_BOUND ( 'NONE', #541, .T. ) ;
#5354 = FILL_AREA_STYLE ('',( #1165 ) ) ;
#5355 = SURFACE_SIDE_STYLE ('',( #5389 ) ) ;
#5356 = SURFACE_STYLE_FILL_AREA ( #5904 ) ;
#5357 = CARTESIAN_POINT ( 'NONE',  ( -0.02578740157480310588, -0.07499999999999999722, 0.01102362204724409607 ) ) ;
#5358 = PRESENTATION_STYLE_ASSIGNMENT (( #2100 ) ) ;
#5359 = VECTOR ( 'NONE', #3222, 39.37007874015748143 ) ;
#5360 =( NAMED_UNIT ( * ) SI_UNIT ( $, .STERADIAN. ) SOLID_ANGLE_UNIT ( ) );
#5362 =( BOUNDED_CURVE ( )  B_SPLINE_CURVE ( 3, ( #4255, #5569, #1454, #980 ),
 .UNSPECIFIED., .F., .T. ) 
 B_SPLINE_CURVE_WITH_KNOTS ( ( 4, 4 ),
 ( 2.358929794881228226, 3.924255512298358006 ),
 .UNSPECIFIED. ) 
 CURVE ( )  GEOMETRIC_REPRESENTATION_ITEM ( )  RATIONAL_B_SPLINE_CURVE ( ( 1.000000000000000000, 0.8060255240148480604, 0.8060255240148480604, 1.000000000000000000 ) ) 
 REPRESENTATION_ITEM ( '' )  );
#5361 = PRESENTATION_STYLE_ASSIGNMENT (( #3454 ) ) ;
#5363 =( LENGTH_UNIT ( ) NAMED_UNIT ( * ) SI_UNIT ( $, .METRE. ) );
#5364 = COLOUR_RGB ( '',0.2862745098039215508, 0.2862745098039215508, 0.2862745098039215508 ) ;
#5365 = PRESENTATION_LAYER_ASSIGNMENT (  '', '', ( #5659 ) ) ;
#5366 = CARTESIAN_POINT ( 'NONE',  ( -0.1210629921259842590, 0.08307086614173228578, 0.000000000000000000 ) ) ;
#5367 = LENGTH_MEASURE_WITH_UNIT ( LENGTH_MEASURE( 0.02539999999999999897 ), #3092 );
#5368 = SURFACE_SIDE_STYLE ('',( #5427 ) ) ;
#5369 = ORIENTED_EDGE ( 'NONE', *, *, #4971, .F. ) ;
#5370 = PLANE ( 'NONE',  #5577 ) ;
#5371 = ORIENTED_EDGE ( 'NONE', *, *, #4006, .F. ) ;
#5372 = CARTESIAN_POINT ( 'NONE',  ( -0.1122047244094488277, 0.09645669291338580809, 0.000000000000000000 ) ) ;
#5373 = SURFACE_STYLE_FILL_AREA ( #4499 ) ;
#5374 = SURFACE_STYLE_USAGE ( .BOTH. , #2586 ) ;
#5375 =( GEOMETRIC_REPRESENTATION_CONTEXT ( 3 ) GLOBAL_UNCERTAINTY_ASSIGNED_CONTEXT ( ( #1073 ) ) GLOBAL_UNIT_ASSIGNED_CONTEXT ( ( #2052, #4272, #5188 ) ) REPRESENTATION_CONTEXT ( 'NONE', 'WORKASPACE' ) );
#5376 = ORIENTED_EDGE ( 'NONE', *, *, #1049, .F. ) ;
#5377 = CARTESIAN_POINT ( 'NONE',  ( -0.009645669291338582543, -0.07874015748031495954, 0.01102362204724409607 ) ) ;
#5378 = EDGE_LOOP ( 'NONE', ( #392, #5047, #1842, #2713 ) ) ;
#5379 =( GEOMETRIC_REPRESENTATION_CONTEXT ( 3 ) GLOBAL_UNCERTAINTY_ASSIGNED_CONTEXT ( ( #5481 ) ) GLOBAL_UNIT_ASSIGNED_CONTEXT ( ( #4384, #4203, #135 ) ) REPRESENTATION_CONTEXT ( 'NONE', 'WORKASPACE' ) );
#5380 = EDGE_CURVE ( 'NONE', #2507, #3514, #4711, .T. ) ;
#5381 = VECTOR ( 'NONE', #3997, 39.37007874015748143 ) ;
#5382 = CARTESIAN_POINT ( 'NONE',  ( 0.1097440944881889757, -0.07874015748031495954, 0.000000000000000000 ) ) ;
#5383 = LINE ( 'NONE', #4451, #5503 ) ;
#5384 = FILL_AREA_STYLE ('',( #3107 ) ) ;
#5385 = STYLED_ITEM ( 'NONE', ( #5702 ), #4364 ) ;
#5386 = COLOUR_RGB ( '',0.2862745098039215508, 0.2862745098039215508, 0.2862745098039215508 ) ;
#5387 = COLOUR_RGB ( '',0.2862745098039215508, 0.2862745098039215508, 0.2862745098039215508 ) ;
#5388 =( LENGTH_UNIT ( ) NAMED_UNIT ( * ) SI_UNIT ( $, .METRE. ) );
#5389 = SURFACE_STYLE_FILL_AREA ( #2184 ) ;
#5390 = LINE ( 'NONE', #5879, #3804 ) ;
#5391 = MECHANICAL_DESIGN_GEOMETRIC_PRESENTATION_REPRESENTATION (  '', ( #2481 ), #3063 ) ;
#5392 = CARTESIAN_POINT ( 'NONE',  ( -0.09842519685039370636, -0.07499999999999999722, 0.01102362204724409607 ) ) ;
#5393 = DIMENSIONAL_EXPONENTS ( 1.000000000000000000, 0.000000000000000000, 0.000000000000000000, 0.000000000000000000, 0.000000000000000000, 0.000000000000000000, 0.000000000000000000 ) ;
#5394 = FACE_OUTER_BOUND ( 'NONE', #3179, .T. ) ;
#5395 = MECHANICAL_DESIGN_GEOMETRIC_PRESENTATION_REPRESENTATION (  '', ( #5087 ), #4315 ) ;
#5396 =( GEOMETRIC_REPRESENTATION_CONTEXT ( 3 ) GLOBAL_UNCERTAINTY_ASSIGNED_CONTEXT ( ( #3052 ) ) GLOBAL_UNIT_ASSIGNED_CONTEXT ( ( #5870, #1029, #3104 ) ) REPRESENTATION_CONTEXT ( 'NONE', 'WORKASPACE' ) );
#5397 = DIRECTION ( 'NONE',  ( -1.000000000000000000, -1.353930517835559931E-15, 0.000000000000000000 ) ) ;
#5398 = CARTESIAN_POINT ( 'NONE',  ( -0.09842519685039370636, 0.03307086614173232464, 0.000000000000000000 ) ) ;
#5399 = DIRECTION ( 'NONE',  ( 0.000000000000000000, 0.000000000000000000, -1.000000000000000000 ) ) ;
#5400 = VERTEX_POINT ( 'NONE', #4636 ) ;
#5401 = VERTEX_POINT ( 'NONE', #2354 ) ;
#5402 = ADVANCED_FACE ( 'NONE', ( #2325 ), #575, .T. ) ;
#5403 =( BOUNDED_SURFACE ( )  B_SPLINE_SURFACE ( 3, 3, ( 
 ( #3749, #160, #1427, #1522 ),
 ( #1983, #4676, #5636, #5142 ),
 ( #2873, #1554, #3778, #3713 ),
 ( #3361, #5075, #3806, #4714 ) ),
 .UNSPECIFIED., .F., .F., .F. ) 
 B_SPLINE_SURFACE_WITH_KNOTS ( ( 4, 4 ),
 ( 4, 4 ),
 ( 0.000000000000000000, 1.000000000000000000 ),
 ( 0.000000000000000000, 1.000000000000000000 ),
 .UNSPECIFIED. ) 
 GEOMETRIC_REPRESENTATION_ITEM ( )  RATIONAL_B_SPLINE_SURFACE ( (
 ( 1.000000000000000000, 0.3333333333333326487, 0.3333333333333326487, 1.000000000000000000),
 ( 0.9290532412555553288, 0.3096844137518511286, 0.3096844137518511286, 0.9290532412555553288),
 ( 0.9290532412555553288, 0.3096844137518511286, 0.3096844137518511286, 0.9290532412555553288),
 ( 1.000000000000000000, 0.3333333333333326487, 0.3333333333333326487, 1.000000000000000000) ) ) 
 REPRESENTATION_ITEM ( '' )  SURFACE ( )  );
#5404 = VECTOR ( 'NONE', #2677, 39.37007874015748143 ) ;
#5405 = CARTESIAN_POINT ( 'NONE',  ( -0.1092037056162346170, 0.08951866624615588408, 0.03937007874015747977 ) ) ;
#5406 = DIRECTION ( 'NONE',  ( 2.265761274745219945E-16, -1.000000000000000000, 0.000000000000000000 ) ) ;
#5407 = FILL_AREA_STYLE_COLOUR ( '', #2735 ) ;
#5408 = EDGE_LOOP ( 'NONE', ( #5312, #588, #2147, #2615 ) ) ;
#5409 = DIRECTION ( 'NONE',  ( -0.000000000000000000, 0.000000000000000000, -1.000000000000000000 ) ) ;
#5410 = DIRECTION ( 'NONE',  ( 1.000000000000000000, 0.000000000000000000, 0.000000000000000000 ) ) ;
#5411 = ORIENTED_EDGE ( 'NONE', *, *, #3889, .F. ) ;
#5412 = DIRECTION ( 'NONE',  ( 0.000000000000000000, 0.000000000000000000, 1.000000000000000000 ) ) ;
#5413 = EDGE_CURVE ( 'NONE', #1082, #1904, #149, .T. ) ;
#5414 = PLANE ( 'NONE',  #3346 ) ;
#5415 =( LENGTH_UNIT ( ) NAMED_UNIT ( * ) SI_UNIT ( $, .METRE. ) );
#5416 = PLANE ( 'NONE',  #3671 ) ;
#5417 = ADVANCED_FACE ( 'NONE', ( #3769 ), #3214, .F. ) ;
#5418 = SURFACE_STYLE_FILL_AREA ( #3567 ) ;
#5419 = PRESENTATION_LAYER_ASSIGNMENT (  '', '', ( #5024 ) ) ;
#5420 = UNCERTAINTY_MEASURE_WITH_UNIT (LENGTH_MEASURE( 1.000000000000000082E-05 ), #3975, 'distance_accuracy_value', 'NONE');
#5421 = ORIENTED_EDGE ( 'NONE', *, *, #1310, .F. ) ;
#5422 = VECTOR ( 'NONE', #4869, 39.37007874015748143 ) ;
#5423 = PRESENTATION_LAYER_ASSIGNMENT (  '', '', ( #3387 ) ) ;
#5425 = VERTEX_POINT ( 'NONE', #520 ) ;
#5424 = SURFACE_STYLE_FILL_AREA ( #2686 ) ;
#5426 = SURFACE_SIDE_STYLE ('',( #1225 ) ) ;
#5427 = SURFACE_STYLE_FILL_AREA ( #3986 ) ;
#5428 = EDGE_LOOP ( 'NONE', ( #480, #5337, #4849, #4381 ) ) ;
#5429 = ORIENTED_EDGE ( 'NONE', *, *, #2976, .T. ) ;
#5430 = DIMENSIONAL_EXPONENTS ( 1.000000000000000000, 0.000000000000000000, 0.000000000000000000, 0.000000000000000000, 0.000000000000000000, 0.000000000000000000, 0.000000000000000000 ) ;
#5431 = ADVANCED_FACE ( 'NONE', ( #5196 ), #606, .F. ) ;
#5432 = SURFACE_STYLE_FILL_AREA ( #764 ) ;
#5433 = EDGE_LOOP ( 'NONE', ( #5028, #4048, #2613, #5624, #141 ) ) ;
#5434 = FACE_OUTER_BOUND ( 'NONE', #5054, .T. ) ;
#5435 = DIRECTION ( 'NONE',  ( 1.000000000000000000, 0.000000000000000000, 0.000000000000000000 ) ) ;
#5436 = AXIS2_PLACEMENT_3D ( 'NONE', #618, #3842, #1134 ) ;
#5437 =( GEOMETRIC_REPRESENTATION_CONTEXT ( 3 ) GLOBAL_UNCERTAINTY_ASSIGNED_CONTEXT ( ( #3859 ) ) GLOBAL_UNIT_ASSIGNED_CONTEXT ( ( #5244, #3813, #2105 ) ) REPRESENTATION_CONTEXT ( 'NONE', 'WORKASPACE' ) );
#5438 = PRESENTATION_STYLE_ASSIGNMENT (( #4117 ) ) ;
#5439 = MECHANICAL_DESIGN_GEOMETRIC_PRESENTATION_REPRESENTATION (  '', ( #3309 ), #4947 ) ;
#5440 = SURFACE_SIDE_STYLE ('',( #4059 ) ) ;
#5441 = PLANE ( 'NONE',  #4378 ) ;
#5442 = DIRECTION ( 'NONE',  ( -0.000000000000000000, 0.000000000000000000, 1.000000000000000000 ) ) ;
#5443 =( NAMED_UNIT ( * ) PLANE_ANGLE_UNIT ( ) SI_UNIT ( $, .RADIAN. ) );
#5444 = CARTESIAN_POINT ( 'NONE',  ( 0.08464566929133858497, 0.06692913385826770867, 0.01102362204724409607 ) ) ;
#5445 = SURFACE_STYLE_FILL_AREA ( #1779 ) ;
#5446 = APPLICATION_CONTEXT ( 'automotive_design' ) ;
#5447 = EDGE_LOOP ( 'NONE', ( #3177, #4292, #3547, #5802 ) ) ;
#5448 = ADVANCED_FACE ( 'NONE', ( #1185 ), #1974, .F. ) ;
#5449 = DIMENSIONAL_EXPONENTS ( 1.000000000000000000, 0.000000000000000000, 0.000000000000000000, 0.000000000000000000, 0.000000000000000000, 0.000000000000000000, 0.000000000000000000 ) ;
#5450 = FACE_OUTER_BOUND ( 'NONE', #2032, .T. ) ;
#5451 = DIRECTION ( 'NONE',  ( 0.000000000000000000, -1.000000000000000000, -0.000000000000000000 ) ) ;
#5452 = PLANE ( 'NONE',  #1836 ) ;
#5453 = CARTESIAN_POINT ( 'NONE',  ( 0.1092037056162346448, -0.09125274960023661841, 0.04290462056635817312 ) ) ;
#5454 = MECHANICAL_DESIGN_GEOMETRIC_PRESENTATION_REPRESENTATION (  '', ( #196 ), #1992 ) ;
#5455 = EDGE_LOOP ( 'NONE', ( #4271, #3230, #5635, #3244 ) ) ;
#5456 =( GEOMETRIC_REPRESENTATION_CONTEXT ( 3 ) GLOBAL_UNCERTAINTY_ASSIGNED_CONTEXT ( ( #536 ) ) GLOBAL_UNIT_ASSIGNED_CONTEXT ( ( #5457, #418, #3577 ) ) REPRESENTATION_CONTEXT ( 'NONE', 'WORKASPACE' ) );
#5457 =( CONVERSION_BASED_UNIT ( 'INCH', #5913 ) LENGTH_UNIT ( ) NAMED_UNIT ( #3639 ) );
#5458 = VECTOR ( 'NONE', #4153, 39.37007874015748143 ) ;
#5459 =( CONVERSION_BASED_UNIT ( 'INCH', #5497 ) LENGTH_UNIT ( ) NAMED_UNIT ( #3790 ) );
#5460 = SURFACE_STYLE_FILL_AREA ( #5498 ) ;
#5461 = EDGE_LOOP ( 'NONE', ( #5369, #385, #4876, #813 ) ) ;
#5462 = CARTESIAN_POINT ( 'NONE',  ( 0.000000000000000000, 0.000000000000000000, 0.000000000000000000 ) ) ;
#5463 = ORIENTED_EDGE ( 'NONE', *, *, #2850, .F. ) ;
#5464 = FILL_AREA_STYLE ('',( #5058 ) ) ;
#5465 = DIMENSIONAL_EXPONENTS ( 1.000000000000000000, 0.000000000000000000, 0.000000000000000000, 0.000000000000000000, 0.000000000000000000, 0.000000000000000000, 0.000000000000000000 ) ;
#5466 = CARTESIAN_POINT ( 'NONE',  ( -0.02578740157480311282, 0.1013779527559054983, 0.000000000000000000 ) ) ;
#5467 = FILL_AREA_STYLE_COLOUR ( '', #4595 ) ;
#5468 = DIRECTION ( 'NONE',  ( -1.000000000000000000, 0.000000000000000000, 0.000000000000000000 ) ) ;
#5469 = CIRCLE ( 'NONE', #302, 0.003937007874015747977 ) ;
#5470 = CARTESIAN_POINT ( 'NONE',  ( -0.09842519685039370636, 0.03307086614173232464, 0.000000000000000000 ) ) ;
#5471 = EDGE_CURVE ( 'NONE', #798, #5776, #4794, .T. ) ;
#5472 = AXIS2_PLACEMENT_3D ( 'NONE', #4661, #568, #1000 ) ;
#5473 = VECTOR ( 'NONE', #1424, 39.37007874015748143 ) ;
#5474 = CARTESIAN_POINT ( 'NONE',  ( 0.1128641397494070803, 0.09132447417272139545, 0.04003988830560036710 ) ) ;
#5475 =( CONVERSION_BASED_UNIT ( 'INCH', #3677 ) LENGTH_UNIT ( ) NAMED_UNIT ( #3323 ) );
#5476 = DIRECTION ( 'NONE',  ( 0.000000000000000000, -1.000000000000000000, -0.000000000000000000 ) ) ;
#5477 = VECTOR ( 'NONE', #4133, 39.37007874015748143 ) ;
#5478 = STYLED_ITEM ( 'NONE', ( #1270 ), #671 ) ;
#5479 = PLANE ( 'NONE',  #1146 ) ;
#5480 = STYLED_ITEM ( 'NONE', ( #4842 ), #3561 ) ;
#5481 = UNCERTAINTY_MEASURE_WITH_UNIT (LENGTH_MEASURE( 1.000000000000000082E-05 ), #4384, 'distance_accuracy_value', 'NONE');
#5482 = PRESENTATION_LAYER_ASSIGNMENT (  '', '', ( #3914 ) ) ;
#5483 = ORIENTED_EDGE ( 'NONE', *, *, #2405, .T. ) ;
#5484 = MECHANICAL_DESIGN_GEOMETRIC_PRESENTATION_REPRESENTATION (  '', ( #4694 ), #3918 ) ;
#5485 = SURFACE_STYLE_USAGE ( .BOTH. , #1362 ) ;
#5486 = VECTOR ( 'NONE', #3400, 39.37007874015748143 ) ;
#5487 = CARTESIAN_POINT ( 'NONE',  ( 0.1128641397494070803, -0.09132447417272143708, 0.04003988830560040874 ) ) ;
#5488 = CARTESIAN_POINT ( 'NONE',  ( 0.1094946786082236223, 0.08980963923814488936, 0.03660165564803885552 ) ) ;
#5489 =( CONVERSION_BASED_UNIT ( 'INCH', #1046 ) LENGTH_UNIT ( ) NAMED_UNIT ( #5856 ) );
#5490 = COLOUR_RGB ( '',0.8313725490196077761, 0.8313725490196077761, 0.8313725490196077761 ) ;
#5491 = CARTESIAN_POINT ( 'NONE',  ( -0.09842519685039370636, -0.03307086614173224831, 0.0009842519685039369942 ) ) ;
#5492 = ADVANCED_FACE ( 'NONE', ( #3465 ), #1542, .T. ) ;
#5493 = EDGE_LOOP ( 'NONE', ( #1648, #1949, #471, #1498 ) ) ;
#5494 = VECTOR ( 'NONE', #3958, 39.37007874015748143 ) ;
#5495 = CIRCLE ( 'NONE', #1570, 0.003937007874015755783 ) ;
#5496 = FILL_AREA_STYLE ('',( #4105 ) ) ;
#5497 = LENGTH_MEASURE_WITH_UNIT ( LENGTH_MEASURE( 0.02539999999999999897 ), #3974 );
#5498 = FILL_AREA_STYLE ('',( #3633 ) ) ;
#5499 = VERTEX_POINT ( 'NONE', #4855 ) ;
#5500 = CARTESIAN_POINT ( 'NONE',  ( -0.09842519685039370636, -0.08307086614173228578, 0.000000000000000000 ) ) ;
#5501 = ORIENTED_EDGE ( 'NONE', *, *, #1588, .F. ) ;
#5502 = SHAPE_REPRESENTATION_RELATIONSHIP ( 'NONE' , 'NONE' ,  #1894, #1543 ) ;
#5503 = VECTOR ( 'NONE', #3106, 39.37007874015748143 ) ;
#5504 = LENGTH_MEASURE_WITH_UNIT ( LENGTH_MEASURE( 0.02539999999999999897 ), #4057 );
#5505 = DIRECTION ( 'NONE',  ( -1.000000000000000000, 0.000000000000000000, 0.000000000000000000 ) ) ;
#5506 = SURFACE_STYLE_USAGE ( .BOTH. , #4088 ) ;
#5507 = STYLED_ITEM ( 'NONE', ( #3473 ), #269 ) ;
#5508 = FILL_AREA_STYLE_COLOUR ( '', #1069 ) ;
#5509 = SURFACE_STYLE_FILL_AREA ( #3674 ) ;
#5510 = CARTESIAN_POINT ( 'NONE',  ( 0.1131581964095408482, 0.08948880716714463501, 0.04218127293930252347 ) ) ;
#5511 = VECTOR ( 'NONE', #2626, 39.37007874015748143 ) ;
#5512 = CARTESIAN_POINT ( 'NONE',  ( 0.1161416735303677505, 0.09254119362734329612, 0.01102418104561870595 ) ) ;
#5513 = EDGE_CURVE ( 'NONE', #2670, #4195, #5864, .T. ) ;
#5514 = DIMENSIONAL_EXPONENTS ( 1.000000000000000000, 0.000000000000000000, 0.000000000000000000, 0.000000000000000000, 0.000000000000000000, 0.000000000000000000, 0.000000000000000000 ) ;
#5515 = DIRECTION ( 'NONE',  ( -0.000000000000000000, -0.000000000000000000, 1.000000000000000000 ) ) ;
#5516 = CARTESIAN_POINT ( 'NONE',  ( 0.08464566929133858497, -0.08307086614173228578, 0.01102362204724409607 ) ) ;
#5517 =( CONVERSION_BASED_UNIT ( 'INCH', #3654 ) LENGTH_UNIT ( ) NAMED_UNIT ( #3285 ) );
#5518 = PRESENTATION_LAYER_ASSIGNMENT (  '', '', ( #2900 ) ) ;
#5519 = SURFACE_SIDE_STYLE ('',( #2307 ) ) ;
#5520 = FACE_OUTER_BOUND ( 'NONE', #2229, .T. ) ;
#5521 = ORIENTED_EDGE ( 'NONE', *, *, #5275, .F. ) ;
#5522 = EDGE_LOOP ( 'NONE', ( #189, #569, #3033, #2601 ) ) ;
#5523 = SURFACE_STYLE_USAGE ( .BOTH. , #1371 ) ;
#5524 = DIRECTION ( 'NONE',  ( 1.000000000000000000, 0.000000000000000000, -0.000000000000000000 ) ) ;
#5525 = DIRECTION ( 'NONE',  ( -0.000000000000000000, 0.000000000000000000, 1.000000000000000000 ) ) ;
#5526 = CARTESIAN_POINT ( 'NONE',  ( 0.1113147800263711434, -0.09162974065629242437, 0.04193654726125711080 ) ) ;
#5527 = LINE ( 'NONE', #2253, #2113 ) ;
#5528 = ORIENTED_EDGE ( 'NONE', *, *, #3540, .T. ) ;
#5529 = LINE ( 'NONE', #3727, #1133 ) ;
#5530 = ORIENTED_EDGE ( 'NONE', *, *, #2720, .F. ) ;
#5531 = UNCERTAINTY_MEASURE_WITH_UNIT (LENGTH_MEASURE( 1.000000000000000082E-05 ), #5064, 'distance_accuracy_value', 'NONE');
#5532 = VECTOR ( 'NONE', #5451, 39.37007874015748143 ) ;
#5533 = SURFACE_STYLE_USAGE ( .BOTH. , #2289 ) ;
#5534 = EDGE_CURVE ( 'NONE', #567, #879, #422, .T. ) ;
#5535 = DIRECTION ( 'NONE',  ( 0.000000000000000000, 0.000000000000000000, 1.000000000000000000 ) ) ;
#5536 = LINE ( 'NONE', #4600, #5458 ) ;
#5537 = DIRECTION ( 'NONE',  ( -1.000000000000000000, -0.000000000000000000, 0.000000000000000000 ) ) ;
#5538 =( LENGTH_UNIT ( ) NAMED_UNIT ( * ) SI_UNIT ( $, .METRE. ) );
#5539 = FILL_AREA_STYLE ('',( #65 ) ) ;
#5540 = FACE_OUTER_BOUND ( 'NONE', #1998, .T. ) ;
#5541 = SURFACE_STYLE_USAGE ( .BOTH. , #494 ) ;
#5542 = EDGE_CURVE ( 'NONE', #2064, #40, #2148, .T. ) ;
#5543 = ORIENTED_EDGE ( 'NONE', *, *, #2666, .T. ) ;
#5544 = LINE ( 'NONE', #983, #1450 ) ;
#5545 = CARTESIAN_POINT ( 'NONE',  ( 0.1122942085912495142, -0.09162974065629247988, 0.04113090847672781769 ) ) ;
#5546 = PLANE ( 'NONE',  #266 ) ;
#5547 = CARTESIAN_POINT ( 'NONE',  ( 0.1210629921259842590, -0.08307086614173228578, 0.01102362204724409607 ) ) ;
#5548 = ORIENTED_EDGE ( 'NONE', *, *, #4077, .T. ) ;
#5549 = VERTEX_POINT ( 'NONE', #3552 ) ;
#5550 = ADVANCED_FACE ( 'NONE', ( #5434 ), #5806, .F. ) ;
#5551 = DIMENSIONAL_EXPONENTS ( 1.000000000000000000, 0.000000000000000000, 0.000000000000000000, 0.000000000000000000, 0.000000000000000000, 0.000000000000000000, 0.000000000000000000 ) ;
#5552 = FACE_OUTER_BOUND ( 'NONE', #305, .T. ) ;
#5553 =( LENGTH_UNIT ( ) NAMED_UNIT ( * ) SI_UNIT ( $, .METRE. ) );
#5554 = FILL_AREA_STYLE_COLOUR ( '', #2437 ) ;
#5555 = FILL_AREA_STYLE ('',( #932 ) ) ;
#5556 = ORIENTED_EDGE ( 'NONE', *, *, #2467, .F. ) ;
#5557 = SURFACE_STYLE_USAGE ( .BOTH. , #3698 ) ;
#5558 = UNCERTAINTY_MEASURE_WITH_UNIT (LENGTH_MEASURE( 1.000000000000000082E-05 ), #4344, 'distance_accuracy_value', 'NONE');
#5559 = VERTEX_POINT ( 'NONE', #5377 ) ;
#5560 =( GEOMETRIC_REPRESENTATION_CONTEXT ( 3 ) GLOBAL_UNCERTAINTY_ASSIGNED_CONTEXT ( ( #1054 ) ) GLOBAL_UNIT_ASSIGNED_CONTEXT ( ( #2412, #4693, #5649 ) ) REPRESENTATION_CONTEXT ( 'NONE', 'WORKASPACE' ) );
#5561 = PRESENTATION_LAYER_ASSIGNMENT (  '', '', ( #196 ) ) ;
#5562 = FACE_OUTER_BOUND ( 'NONE', #3425, .T. ) ;
#5563 = FILL_AREA_STYLE ('',( #486 ) ) ;
#5564 = DIRECTION ( 'NONE',  ( -0.000000000000000000, 1.000000000000000000, 0.000000000000000000 ) ) ;
#5565 = CARTESIAN_POINT ( 'NONE',  ( 0.1097440944881889757, 0.06692913385826770867, 0.01102362204724409607 ) ) ;
#5566 = LENGTH_MEASURE_WITH_UNIT ( LENGTH_MEASURE( 0.02539999999999999897 ), #2293 );
#5567 = EDGE_CURVE ( 'NONE', #3624, #1461, #1239, .T. ) ;
#5568 = CARTESIAN_POINT ( 'NONE',  ( 0.1113147800263711573, 0.09162974065629243825, 0.04193654726125711080 ) ) ;
#5569 = CARTESIAN_POINT ( 'NONE',  ( 0.1145117393724014998, -0.09645039723698167755, 0.01114330708994938461 ) ) ;
#5570 = SURFACE_SIDE_STYLE ('',( #1550 ) ) ;
#5571 = PRESENTATION_STYLE_ASSIGNMENT (( #4710 ) ) ;
#5572 = AXIS2_PLACEMENT_3D ( 'NONE', #1756, #4276, #4979 ) ;
#5573 = ORIENTED_EDGE ( 'NONE', *, *, #5193, .F. ) ;
#5574 =( GEOMETRIC_REPRESENTATION_CONTEXT ( 3 ) GLOBAL_UNCERTAINTY_ASSIGNED_CONTEXT ( ( #5582 ) ) GLOBAL_UNIT_ASSIGNED_CONTEXT ( ( #3023, #3890, #3474 ) ) REPRESENTATION_CONTEXT ( 'NONE', 'WORKASPACE' ) );
#5575 = DIMENSIONAL_EXPONENTS ( 1.000000000000000000, 0.000000000000000000, 0.000000000000000000, 0.000000000000000000, 0.000000000000000000, 0.000000000000000000, 0.000000000000000000 ) ;
#5576 = PLANE ( 'NONE',  #5326 ) ;
#5577 = AXIS2_PLACEMENT_3D ( 'NONE', #4173, #5641, #1527 ) ;
#5578 = CARTESIAN_POINT ( 'NONE',  ( -0.09842519685039370636, -0.06692913385826770867, 0.000000000000000000 ) ) ;
#5579 = VERTEX_POINT ( 'NONE', #799 ) ;
#5580 = ORIENTED_EDGE ( 'NONE', *, *, #5088, .T. ) ;
#5581 = VECTOR ( 'NONE', #3281, 39.37007874015748143 ) ;
#5582 = UNCERTAINTY_MEASURE_WITH_UNIT (LENGTH_MEASURE( 1.000000000000000082E-05 ), #3023, 'distance_accuracy_value', 'NONE');
#5583 = CARTESIAN_POINT ( 'NONE',  ( -0.1113147800263711434, 0.09162974065629242437, 0.04193654726125711080 ) ) ;
#5584 = VECTOR ( 'NONE', #5617, 39.37007874015748143 ) ;
#5585 = CARTESIAN_POINT ( 'NONE',  ( 0.1127188010209831392, -0.09120544190156107400, 0.03991681741988575838 ) ) ;
#5586 =( CONVERSION_BASED_UNIT ( 'INCH', #511 ) LENGTH_UNIT ( ) NAMED_UNIT ( #2673 ) );
#5587 = PRESENTATION_LAYER_ASSIGNMENT (  '', '', ( #5880 ) ) ;
#5588 = EDGE_CURVE ( 'NONE', #2847, #1811, #2614, .T. ) ;
#5589 = ORIENTED_EDGE ( 'NONE', *, *, #3832, .T. ) ;
#5590 = CARTESIAN_POINT ( 'NONE',  ( -0.1210629921259842590, 0.03307086614173232464, 0.000000000000000000 ) ) ;
#5591 = VERTEX_POINT ( 'NONE', #937 ) ;
#5592 = VECTOR ( 'NONE', #5828, 39.37007874015748143 ) ;
#5593 = COLOUR_RGB ( '',0.2862745098039215508, 0.2862745098039215508, 0.2862745098039215508 ) ;
#5594 = AXIS2_PLACEMENT_3D ( 'NONE', #2353, #2262, #3703 ) ;
#5595 = DIRECTION ( 'NONE',  ( 0.000000000000000000, -0.000000000000000000, -1.000000000000000000 ) ) ;
#5596 = ORIENTED_EDGE ( 'NONE', *, *, #5171, .T. ) ;
#5597 = CARTESIAN_POINT ( 'NONE',  ( 0.1131191461491805744, 0.08951866624615589796, 0.03978160812310116423 ) ) ;
#5598 = SURFACE_STYLE_USAGE ( .BOTH. , #3737 ) ;
#5599 = COLOUR_RGB ( '',0.2862745098039215508, 0.2862745098039215508, 0.2862745098039215508 ) ;
#5600 = VECTOR ( 'NONE', #2549, 39.37007874015748143 ) ;
#5601 = ORIENTED_EDGE ( 'NONE', *, *, #157, .T. ) ;
#5602 =( NAMED_UNIT ( * ) PLANE_ANGLE_UNIT ( ) SI_UNIT ( $, .RADIAN. ) );
#5603 = DIRECTION ( 'NONE',  ( 1.000000000000000000, 2.191229653865440203E-16, 0.000000000000000000 ) ) ;
#5604 = CARTESIAN_POINT ( 'NONE',  ( -0.1161417322834645827, 0.09645669291338584972, 0.0009842519685039369942 ) ) ;
#5605 = ORIENTED_EDGE ( 'NONE', *, *, #424, .T. ) ;
#5606 = EDGE_CURVE ( 'NONE', #3457, #1033, #906, .T. ) ;
#5607 = CARTESIAN_POINT ( 'NONE',  ( -0.009645669291338582543, -0.07499999999999999722, 0.01102362204724409607 ) ) ;
#5608 = EDGE_CURVE ( 'NONE', #3988, #2950, #4112, .T. ) ;
#5609 = CARTESIAN_POINT ( 'NONE',  ( 0.1080246379609846458, -0.09077891420826737778, 0.04290866681146492112 ) ) ;
#5610 = DIRECTION ( 'NONE',  ( -1.411300455031980070E-16, 1.000000000000000000, 0.000000000000000000 ) ) ;
#5611 = VERTEX_POINT ( 'NONE', #3207 ) ;
#5612 = LENGTH_MEASURE_WITH_UNIT ( LENGTH_MEASURE( 0.02539999999999999897 ), #594 );
#5613 = CARTESIAN_POINT ( 'NONE',  ( -0.1122942085912494725, 0.09162974065629243825, 0.04113090847672781769 ) ) ;
#5614 = CARTESIAN_POINT ( 'NONE',  ( -0.1210629921259842590, 0.03307086614173232464, 0.000000000000000000 ) ) ;
#5615 = SURFACE_STYLE_USAGE ( .BOTH. , #137 ) ;
#5616 = DIRECTION ( 'NONE',  ( -1.000000000000000000, -0.000000000000000000, 0.000000000000000000 ) ) ;
#5617 = DIRECTION ( 'NONE',  ( 1.000000000000000000, -0.000000000000000000, 0.000000000000000000 ) ) ;
#5618 = ORIENTED_EDGE ( 'NONE', *, *, #1138, .T. ) ;
#5619 = DIMENSIONAL_EXPONENTS ( 1.000000000000000000, 0.000000000000000000, 0.000000000000000000, 0.000000000000000000, 0.000000000000000000, 0.000000000000000000, 0.000000000000000000 ) ;
#5620 = ORIENTED_EDGE ( 'NONE', *, *, #2186, .T. ) ;
#5621 = VECTOR ( 'NONE', #1077, 39.37007874015748143 ) ;
#5622 = EDGE_CURVE ( 'NONE', #4984, #4592, #3242, .T. ) ;
#5623 = SURFACE_STYLE_FILL_AREA ( #4757 ) ;
#5624 = ORIENTED_EDGE ( 'NONE', *, *, #1455, .F. ) ;
#5625 = CARTESIAN_POINT ( 'NONE',  ( -0.009645669291338582543, -0.06517566022095197531, 0.000000000000000000 ) ) ;
#5626 = SURFACE_STYLE_USAGE ( .BOTH. , #5103 ) ;
#5627 = LENGTH_MEASURE_WITH_UNIT ( LENGTH_MEASURE( 0.02539999999999999897 ), #4764 );
#5628 = VERTEX_POINT ( 'NONE', #3148 ) ;
#5629 = COLOUR_RGB ( '',0.2862745098039215508, 0.2862745098039215508, 0.2862745098039215508 ) ;
#5630 = CARTESIAN_POINT ( 'NONE',  ( 0.1092037056162346587, -0.08951866624615589796, 0.04330708661417323468 ) ) ;
#5631 = CYLINDRICAL_SURFACE ( 'NONE', #834, 0.003937007874015741038 ) ;
#5632 = SURFACE_STYLE_USAGE ( .BOTH. , #5046 ) ;
#5633 = LENGTH_MEASURE_WITH_UNIT ( LENGTH_MEASURE( 0.02539999999999999897 ), #3354 );
#5634 = LINE ( 'NONE', #1520, #4110 ) ;
#5635 = ORIENTED_EDGE ( 'NONE', *, *, #2072, .T. ) ;
#5636 = CARTESIAN_POINT ( 'NONE',  ( -0.1094713636432014803, -0.09377067414544021373, 0.04169182158321176057 ) ) ;
#5637 = CARTESIAN_POINT ( 'NONE',  ( 0.1122154787034354423, 0.09645666353683741978, 0.01102390154643148081 ) ) ;
#5638 = LINE ( 'NONE', #2716, #444 ) ;
#5639 =( GEOMETRIC_REPRESENTATION_CONTEXT ( 3 ) GLOBAL_UNCERTAINTY_ASSIGNED_CONTEXT ( ( #3377 ) ) GLOBAL_UNIT_ASSIGNED_CONTEXT ( ( #2057, #1524, #3776 ) ) REPRESENTATION_CONTEXT ( 'NONE', 'WORKASPACE' ) );
#5640 = CARTESIAN_POINT ( 'NONE',  ( 0.1131191461491805744, -0.08951866624615589796, 0.03978160812310116423 ) ) ;
#5641 = DIRECTION ( 'NONE',  ( -1.000000000000000000, 0.000000000000000000, 0.000000000000000000 ) ) ;
#5642 = EDGE_CURVE ( 'NONE', #1685, #3385, #2725, .T. ) ;
#5643 = UNCERTAINTY_MEASURE_WITH_UNIT (LENGTH_MEASURE( 1.000000000000000082E-05 ), #5774, 'distance_accuracy_value', 'NONE');
#5644 = DIRECTION ( 'NONE',  ( 0.000000000000000000, 0.000000000000000000, -1.000000000000000000 ) ) ;
#5645 = FACE_OUTER_BOUND ( 'NONE', #4306, .T. ) ;
#5646 = CARTESIAN_POINT ( 'NONE',  ( -0.02578740157480310588, -0.1013779527559055121, 0.000000000000000000 ) ) ;
#5647 = ORIENTED_EDGE ( 'NONE', *, *, #4164, .T. ) ;
#5648 = VERTEX_POINT ( 'NONE', #5091 ) ;
#5649 =( NAMED_UNIT ( * ) SI_UNIT ( $, .STERADIAN. ) SOLID_ANGLE_UNIT ( ) );
#5650 = ORIENTED_EDGE ( 'NONE', *, *, #5171, .F. ) ;
#5651 = FILL_AREA_STYLE_COLOUR ( '', #1915 ) ;
#5652 = COLOUR_RGB ( '',0.8313725490196077761, 0.8313725490196077761, 0.8313725490196077761 ) ;
#5653 = VECTOR ( 'NONE', #2547, 39.37007874015748143 ) ;
#5654 = DIMENSIONAL_EXPONENTS ( 1.000000000000000000, 0.000000000000000000, 0.000000000000000000, 0.000000000000000000, 0.000000000000000000, 0.000000000000000000, 0.000000000000000000 ) ;
#5655 = UNCERTAINTY_MEASURE_WITH_UNIT (LENGTH_MEASURE( 1.000000000000000082E-05 ), #1768, 'distance_accuracy_value', 'NONE');
#5656 = DIRECTION ( 'NONE',  ( 0.000000000000000000, 0.000000000000000000, -1.000000000000000000 ) ) ;
#5657 = ORIENTED_EDGE ( 'NONE', *, *, #957, .T. ) ;
#5658 = STYLED_ITEM ( 'NONE', ( #725 ), #4157 ) ;
#5659 = STYLED_ITEM ( 'NONE', ( #4761 ), #1900 ) ;
#5660 = LINE ( 'NONE', #4307, #4434 ) ;
#5661 = LINE ( 'NONE', #1488, #498 ) ;
#5662 =( NAMED_UNIT ( * ) SI_UNIT ( $, .STERADIAN. ) SOLID_ANGLE_UNIT ( ) );
#5663 = FACE_OUTER_BOUND ( 'NONE', #5455, .T. ) ;
#5664 = DIRECTION ( 'NONE',  ( 0.000000000000000000, 1.000000000000000000, 0.000000000000000000 ) ) ;
#5665 = EDGE_CURVE ( 'NONE', #3839, #2901, #5125, .T. ) ;
#5666 = ORIENTED_EDGE ( 'NONE', *, *, #2504, .F. ) ;
#5667 = PLANE ( 'NONE',  #3868 ) ;
#5668 = CARTESIAN_POINT ( 'NONE',  ( 0.1145117393724014998, 0.09645039723698162204, 0.01114330708994851898 ) ) ;
#5669 = DIRECTION ( 'NONE',  ( -0.000000000000000000, 0.000000000000000000, -1.000000000000000000 ) ) ;
#5670 = MECHANICAL_DESIGN_GEOMETRIC_PRESENTATION_REPRESENTATION (  '', ( #308 ), #2469 ) ;
#5671 = FILL_AREA_STYLE ('',( #3272 ) ) ;
#5672 = VECTOR ( 'NONE', #3679, 39.37007874015748143 ) ;
#5673 = SURFACE_STYLE_FILL_AREA ( #3812 ) ;
#5674 = EDGE_CURVE ( 'NONE', #5425, #3008, #1475, .T. ) ;
#5675 = SURFACE_STYLE_FILL_AREA ( #675 ) ;
#5676 = SURFACE_STYLE_USAGE ( .BOTH. , #4659 ) ;
#5677 =( GEOMETRIC_REPRESENTATION_CONTEXT ( 3 ) GLOBAL_UNCERTAINTY_ASSIGNED_CONTEXT ( ( #3811 ) ) GLOBAL_UNIT_ASSIGNED_CONTEXT ( ( #1806, #379, #3568 ) ) REPRESENTATION_CONTEXT ( 'NONE', 'WORKASPACE' ) );
#5678 = VERTEX_POINT ( 'NONE', #4081 ) ;
#5679 = ORIENTED_EDGE ( 'NONE', *, *, #2467, .T. ) ;
#5680 = VECTOR ( 'NONE', #183, 39.37007874015748143 ) ;
#5681 = PRESENTATION_LAYER_ASSIGNMENT (  '', '', ( #3059 ) ) ;
#5682 = FILL_AREA_STYLE_COLOUR ( '', #5652 ) ;
#5683 = VECTOR ( 'NONE', #176, 39.37007874015748143 ) ;
#5684 = EDGE_CURVE ( 'NONE', #440, #573, #1905, .T. ) ;
#5685 = COLOUR_RGB ( '',0.8313725490196077761, 0.8313725490196077761, 0.8313725490196077761 ) ;
#5686 = DIRECTION ( 'NONE',  ( 0.000000000000000000, 0.000000000000000000, 1.000000000000000000 ) ) ;
#5687 = FACE_OUTER_BOUND ( 'NONE', #277, .T. ) ;
#5688 =( NAMED_UNIT ( * ) PLANE_ANGLE_UNIT ( ) SI_UNIT ( $, .RADIAN. ) );
#5689 = AXIS2_PLACEMENT_3D ( 'NONE', #4909, #1678, #5406 ) ;
#5690 =( GEOMETRIC_REPRESENTATION_CONTEXT ( 3 ) GLOBAL_UNCERTAINTY_ASSIGNED_CONTEXT ( ( #5420 ) ) GLOBAL_UNIT_ASSIGNED_CONTEXT ( ( #3975, #3435, #5289 ) ) REPRESENTATION_CONTEXT ( 'NONE', 'WORKASPACE' ) );
#5691 = UNCERTAINTY_MEASURE_WITH_UNIT (LENGTH_MEASURE( 1.000000000000000082E-05 ), #1255, 'distance_accuracy_value', 'NONE');
#5692 = DIRECTION ( 'NONE',  ( 1.000000000000000000, 0.000000000000000000, 0.000000000000000000 ) ) ;
#5693 = EDGE_LOOP ( 'NONE', ( #109, #4075 ) ) ;
#5694 = LINE ( 'NONE', #579, #5621 ) ;
#5695 =( NAMED_UNIT ( * ) PLANE_ANGLE_UNIT ( ) SI_UNIT ( $, .RADIAN. ) );
#5696 =( CONVERSION_BASED_UNIT ( 'INCH', #3830 ) LENGTH_UNIT ( ) NAMED_UNIT ( #1476 ) );
#5697 = DIRECTION ( 'NONE',  ( 0.000000000000000000, 1.000000000000000000, 0.000000000000000000 ) ) ;
#5698 = COLOUR_RGB ( '',0.8313725490196077761, 0.8313725490196077761, 0.8313725490196077761 ) ;
#5699 = AXIS2_PLACEMENT_3D ( 'NONE', #1009, #1038, #4221 ) ;
#5700 = ORIENTED_EDGE ( 'NONE', *, *, #2045, .T. ) ;
#5701 = EDGE_CURVE ( 'NONE', #2419, #5338, #542, .T. ) ;
#5702 = PRESENTATION_STYLE_ASSIGNMENT (( #642 ) ) ;
#5703 = FACE_OUTER_BOUND ( 'NONE', #1376, .T. ) ;
#5704 = DIRECTION ( 'NONE',  ( -1.000000000000000000, -0.000000000000000000, 0.000000000000000000 ) ) ;
#5705 =( NAMED_UNIT ( * ) PLANE_ANGLE_UNIT ( ) SI_UNIT ( $, .RADIAN. ) );
#5706 = FILL_AREA_STYLE_COLOUR ( '', #1803 ) ;
#5707 = CARTESIAN_POINT ( 'NONE',  ( 0.1058728332720639681, -0.09611101568364038839, 0.04029268180821127254 ) ) ;
#5708 = DIRECTION ( 'NONE',  ( 0.000000000000000000, 0.000000000000000000, 1.000000000000000000 ) ) ;
#5709 =( NAMED_UNIT ( * ) PLANE_ANGLE_UNIT ( ) SI_UNIT ( $, .RADIAN. ) );
#5710 = CARTESIAN_POINT ( 'NONE',  ( -0.1210629921259842590, 0.06692913385826770867, 0.000000000000000000 ) ) ;
#5711 = DIRECTION ( 'NONE',  ( 2.241005114736412675E-16, -1.000000000000000000, -2.355391288108391830E-17 ) ) ;
#5712 = ORIENTED_EDGE ( 'NONE', *, *, #2720, .T. ) ;
#5713 = PLANE ( 'NONE',  #2282 ) ;
#5714 = ORIENTED_EDGE ( 'NONE', *, *, #404, .F. ) ;
#5715 = AXIS2_PLACEMENT_3D ( 'NONE', #4861, #352, #2651 ) ;
#5716 = FILL_AREA_STYLE ('',( #227 ) ) ;
#5717 = PRESENTATION_STYLE_ASSIGNMENT (( #633 ) ) ;
#5718 = EDGE_CURVE ( 'NONE', #190, #2251, #3276, .T. ) ;
#5719 = EDGE_CURVE ( 'NONE', #2461, #803, #5529, .T. ) ;
#5720 = UNCERTAINTY_MEASURE_WITH_UNIT (LENGTH_MEASURE( 1.000000000000000082E-05 ), #2948, 'distance_accuracy_value', 'NONE');
#5721 = PLANE ( 'NONE',  #857 ) ;
#5722 = EDGE_LOOP ( 'NONE', ( #3206, #1030, #661, #4965 ) ) ;
#5723 = LINE ( 'NONE', #1100, #1281 ) ;
#5724 =( CONVERSION_BASED_UNIT ( 'INCH', #1658 ) LENGTH_UNIT ( ) NAMED_UNIT ( #4025 ) );
#5725 = STYLED_ITEM ( 'NONE', ( #3029 ), #2957 ) ;
#5726 = ORIENTED_EDGE ( 'NONE', *, *, #4596, .T. ) ;
#5727 = DIRECTION ( 'NONE',  ( 0.1045284632676530129, 0.000000000000000000, -0.9945218953682732899 ) ) ;
#5728 = FACE_OUTER_BOUND ( 'NONE', #4664, .T. ) ;
#5729 = SURFACE_SIDE_STYLE ('',( #4776 ) ) ;
#5730 = VECTOR ( 'NONE', #295, 39.37007874015748143 ) ;
#5731 = EDGE_CURVE ( 'NONE', #4528, #8, #391, .T. ) ;
#5732 = CARTESIAN_POINT ( 'NONE',  ( -0.1161417322834644716, 0.04822834645669292486, 0.01102362204724408566 ) ) ;
#5733 = DIRECTION ( 'NONE',  ( 0.000000000000000000, 0.000000000000000000, 1.000000000000000000 ) ) ;
#5734 =( NAMED_UNIT ( * ) PLANE_ANGLE_UNIT ( ) SI_UNIT ( $, .RADIAN. ) );
#5735 = LINE ( 'NONE', #2885, #1460 ) ;
#5736 = EDGE_LOOP ( 'NONE', ( #5022, #4621, #1982, #4357 ) ) ;
#5737 = LINE ( 'NONE', #3369, #5180 ) ;
#5738 = VERTEX_POINT ( 'NONE', #4557 ) ;
#5739 = EDGE_CURVE ( 'NONE', #190, #4501, #481, .T. ) ;
#5740 = DIRECTION ( 'NONE',  ( 0.000000000000000000, 0.000000000000000000, 1.000000000000000000 ) ) ;
#5741 = LENGTH_MEASURE_WITH_UNIT ( LENGTH_MEASURE( 0.02539999999999999897 ), #4696 );
#5742 = FILL_AREA_STYLE_COLOUR ( '', #4812 ) ;
#5743 = UNCERTAINTY_MEASURE_WITH_UNIT (LENGTH_MEASURE( 1.000000000000000082E-05 ), #3965, 'distance_accuracy_value', 'NONE');
#5744 = DIRECTION ( 'NONE',  ( 0.000000000000000000, 0.000000000000000000, 1.000000000000000000 ) ) ;
#5745 =( LENGTH_UNIT ( ) NAMED_UNIT ( * ) SI_UNIT ( $, .METRE. ) );
#5746 = CARTESIAN_POINT ( 'NONE',  ( -0.1161417322834644994, 0.03307086614173231770, 0.01102362204724408913 ) ) ;
#5747 = CARTESIAN_POINT ( 'NONE',  ( -0.1210629921259842590, -0.08307086614173228578, 0.000000000000000000 ) ) ;
#5748 = COLOUR_RGB ( '',0.2862745098039215508, 0.2862745098039215508, 0.2862745098039215508 ) ;
#5749 = EDGE_CURVE ( 'NONE', #4331, #5776, #968, .T. ) ;
#5750 = MECHANICAL_DESIGN_GEOMETRIC_PRESENTATION_REPRESENTATION (  '', ( #4961 ), #5258 ) ;
#5751 = STYLED_ITEM ( 'NONE', ( #2823 ), #1911 ) ;
#5752 = CARTESIAN_POINT ( 'NONE',  ( -0.1210629921259842590, 0.08307086614173228578, 0.000000000000000000 ) ) ;
#5753 =( NAMED_UNIT ( * ) PLANE_ANGLE_UNIT ( ) SI_UNIT ( $, .RADIAN. ) );
#5754 =( LENGTH_UNIT ( ) NAMED_UNIT ( * ) SI_UNIT ( $, .METRE. ) );
#5755 = PLANE ( 'NONE',  #127 ) ;
#5756 = SURFACE_STYLE_USAGE ( .BOTH. , #1172 ) ;
#5757 = FILL_AREA_STYLE ('',( #5305 ) ) ;
#5758 = DIRECTION ( 'NONE',  ( 0.1039620511845041062, 0.1039620511844970563, -0.9891328443778532042 ) ) ;
#5759 =( GEOMETRIC_REPRESENTATION_CONTEXT ( 3 ) GLOBAL_UNCERTAINTY_ASSIGNED_CONTEXT ( ( #4131 ) ) GLOBAL_UNIT_ASSIGNED_CONTEXT ( ( #341, #2664, #2144 ) ) REPRESENTATION_CONTEXT ( 'NONE', 'WORKASPACE' ) );
#5760 = FILL_AREA_STYLE_COLOUR ( '', #1750 ) ;
#5761 = EDGE_LOOP ( 'NONE', ( #1205, #2039, #4653, #5272 ) ) ;
#5762 = DIRECTION ( 'NONE',  ( -1.000000000000000000, -0.000000000000000000, 0.000000000000000000 ) ) ;
#5763 = EDGE_LOOP ( 'NONE', ( #2196, #5156, #3486, #5501 ) ) ;
#5764 = MECHANICAL_DESIGN_GEOMETRIC_PRESENTATION_REPRESENTATION (  '', ( #4682 ), #4788 ) ;
#5765 = PRESENTATION_LAYER_ASSIGNMENT (  '', '', ( #4004 ) ) ;
#5766 = PRODUCT ( 'Package', 'Package', '', ( #85 ) ) ;
#5767 = FILL_AREA_STYLE_COLOUR ( '', #2458 ) ;
#5768 = EDGE_CURVE ( 'NONE', #314, #3103, #878, .T. ) ;
#5769 = MECHANICAL_DESIGN_GEOMETRIC_PRESENTATION_REPRESENTATION (  '', ( #1912 ), #5677 ) ;
#5770 = ORIENTED_EDGE ( 'NONE', *, *, #5261, .T. ) ;
#5771 = PRESENTATION_LAYER_ASSIGNMENT (  '', '', ( #2389 ) ) ;
#5772 =( GEOMETRIC_REPRESENTATION_CONTEXT ( 3 ) GLOBAL_UNCERTAINTY_ASSIGNED_CONTEXT ( ( #133 ) ) GLOBAL_UNIT_ASSIGNED_CONTEXT ( ( #4683, #1436, #1500 ) ) REPRESENTATION_CONTEXT ( 'NONE', 'WORKASPACE' ) );
#5773 = MECHANICAL_DESIGN_GEOMETRIC_PRESENTATION_REPRESENTATION (  '', ( #951 ), #5084 ) ;
#5774 =( CONVERSION_BASED_UNIT ( 'INCH', #5348 ) LENGTH_UNIT ( ) NAMED_UNIT ( #3980 ) );
#5775 = VECTOR ( 'NONE', #4151, 39.37007874015748143 ) ;
#5776 = VERTEX_POINT ( 'NONE', #4626 ) ;
#5777 = DIMENSIONAL_EXPONENTS ( 1.000000000000000000, 0.000000000000000000, 0.000000000000000000, 0.000000000000000000, 0.000000000000000000, 0.000000000000000000, 0.000000000000000000 ) ;
#5778 = LENGTH_MEASURE_WITH_UNIT ( LENGTH_MEASURE( 0.02539999999999999897 ), #2527 );
#5779 = PRESENTATION_STYLE_ASSIGNMENT (( #3105 ) ) ;
#5780 =( LENGTH_UNIT ( ) NAMED_UNIT ( * ) SI_UNIT ( $, .METRE. ) );
#5781 = DIRECTION ( 'NONE',  ( 1.000000000000000000, 0.000000000000000000, 0.000000000000000000 ) ) ;
#5782 = AXIS2_PLACEMENT_3D ( 'NONE', #4205, #1313, #5008 ) ;
#5783 = FILL_AREA_STYLE_COLOUR ( '', #1167 ) ;
#5784 = CIRCLE ( 'NONE', #3926, 0.003937007874015741038 ) ;
#5785 = LINE ( 'NONE', #375, #4633 ) ;
#5786 = CARTESIAN_POINT ( 'NONE',  ( -0.1131581964095409176, -0.08948880716714460726, 0.04218127293930256511 ) ) ;
#5787 = LINE ( 'NONE', #1169, #1604 ) ;
#5788 = DIRECTION ( 'NONE',  ( 1.000000000000000000, 2.265761274745219945E-16, 0.000000000000000000 ) ) ;
#5789 =( NAMED_UNIT ( * ) SI_UNIT ( $, .STERADIAN. ) SOLID_ANGLE_UNIT ( ) );
#5790 = VECTOR ( 'NONE', #1810, 39.37007874015748143 ) ;
#5791 = EDGE_CURVE ( 'NONE', #3093, #1925, #4389, .T. ) ;
#5792 = ORIENTED_EDGE ( 'NONE', *, *, #4335, .F. ) ;
#5793 = ADVANCED_FACE ( 'NONE', ( #51 ), #2695, .F. ) ;
#5794 = VECTOR ( 'NONE', #2256, 39.37007874015748143 ) ;
#5795 = SURFACE_SIDE_STYLE ('',( #4868 ) ) ;
#5796 = CARTESIAN_POINT ( 'NONE',  ( 0.1092037056162346448, 2.185478394931409404E-17, 0.04330708661417323468 ) ) ;
#5797 = AXIS2_PLACEMENT_3D ( 'NONE', #4807, #3437, #2531 ) ;
#5798 = DIRECTION ( 'NONE',  ( 0.000000000000000000, 0.000000000000000000, -1.000000000000000000 ) ) ;
#5799 = PLANE ( 'NONE',  #3075 ) ;
#5800 =( CONVERSION_BASED_UNIT ( 'INCH', #4356 ) LENGTH_UNIT ( ) NAMED_UNIT ( #3065 ) );
#5801 = ORIENTED_EDGE ( 'NONE', *, *, #2829, .T. ) ;
#5802 = ORIENTED_EDGE ( 'NONE', *, *, #783, .F. ) ;
#5803 = DIRECTION ( 'NONE',  ( -1.000000000000000000, -2.191229653865440203E-16, -0.000000000000000000 ) ) ;
#5804 =( NAMED_UNIT ( * ) PLANE_ANGLE_UNIT ( ) SI_UNIT ( $, .RADIAN. ) );
#5805 = ORIENTED_EDGE ( 'NONE', *, *, #5214, .F. ) ;
#5806 = PLANE ( 'NONE',  #4036 ) ;
#5807 = ORIENTED_EDGE ( 'NONE', *, *, #5229, .T. ) ;
#5808 = CARTESIAN_POINT ( 'NONE',  ( 0.09842519685039370636, -0.06692913385826770867, 0.0009842519685039369942 ) ) ;
#5809 = EDGE_CURVE ( 'NONE', #8, #2102, #2491, .T. ) ;
#5810 = DIRECTION ( 'NONE',  ( 0.000000000000000000, -0.000000000000000000, 1.000000000000000000 ) ) ;
#5811 = DIRECTION ( 'NONE',  ( 0.000000000000000000, 0.000000000000000000, 1.000000000000000000 ) ) ;
#5812 = CARTESIAN_POINT ( 'NONE',  ( -0.09842519685039370636, 0.08307086614173228578, 0.01102362204724409607 ) ) ;
#5813 = CARTESIAN_POINT ( 'NONE',  ( 0.1161417322834645827, 0.09645669291338584972, 0.000000000000000000 ) ) ;
#5814 =( LENGTH_UNIT ( ) NAMED_UNIT ( * ) SI_UNIT ( $, .METRE. ) );
#5815 =( GEOMETRIC_REPRESENTATION_CONTEXT ( 3 ) GLOBAL_UNCERTAINTY_ASSIGNED_CONTEXT ( ( #635 ) ) GLOBAL_UNIT_ASSIGNED_CONTEXT ( ( #5459, #4078, #4999 ) ) REPRESENTATION_CONTEXT ( 'NONE', 'WORKASPACE' ) );
#5816 =( GEOMETRIC_REPRESENTATION_CONTEXT ( 3 ) GLOBAL_UNCERTAINTY_ASSIGNED_CONTEXT ( ( #4339 ) ) GLOBAL_UNIT_ASSIGNED_CONTEXT ( ( #5517, #923, #207 ) ) REPRESENTATION_CONTEXT ( 'NONE', 'WORKASPACE' ) );
#5817 = CYLINDRICAL_SURFACE ( 'NONE', #3100, 0.003937007874015741038 ) ;
#5818 =( NAMED_UNIT ( * ) PLANE_ANGLE_UNIT ( ) SI_UNIT ( $, .RADIAN. ) );
#5819 =( LENGTH_UNIT ( ) NAMED_UNIT ( * ) SI_UNIT ( $, .METRE. ) );
#5820 = DIMENSIONAL_EXPONENTS ( 1.000000000000000000, 0.000000000000000000, 0.000000000000000000, 0.000000000000000000, 0.000000000000000000, 0.000000000000000000, 0.000000000000000000 ) ;
#5821 = SURFACE_STYLE_FILL_AREA ( #1697 ) ;
#5822 = VECTOR ( 'NONE', #5669, 39.37007874015748143 ) ;
#5823 = EDGE_LOOP ( 'NONE', ( #677, #1508, #3937, #5910 ) ) ;
#5824 =( CONVERSION_BASED_UNIT ( 'INCH', #3923 ) LENGTH_UNIT ( ) NAMED_UNIT ( #5393 ) );
#5825 = FACE_OUTER_BOUND ( 'NONE', #4545, .T. ) ;
#5826 = CIRCLE ( 'NONE', #5436, 0.003937007874015746242 ) ;
#5827 = CARTESIAN_POINT ( 'NONE',  ( -0.02578740157480310588, -0.07499999999999999722, 0.000000000000000000 ) ) ;
#5828 = DIRECTION ( 'NONE',  ( -0.000000000000000000, -1.000000000000000000, 0.000000000000000000 ) ) ;
#5829 = VERTEX_POINT ( 'NONE', #1997 ) ;
#5830 = EDGE_CURVE ( 'NONE', #4518, #3407, #2435, .T. ) ;
#5831 = EDGE_CURVE ( 'NONE', #4941, #4485, #5737, .T. ) ;
#5832 = ORIENTED_EDGE ( 'NONE', *, *, #1434, .F. ) ;
#5833 = DIRECTION ( 'NONE',  ( 1.000000000000000000, 0.000000000000000000, 0.000000000000000000 ) ) ;
#5834 = DIRECTION ( 'NONE',  ( 1.000000000000000000, 0.000000000000000000, 0.000000000000000000 ) ) ;
#5835 = ORIENTED_EDGE ( 'NONE', *, *, #824, .F. ) ;
#5836 = ORIENTED_EDGE ( 'NONE', *, *, #4258, .T. ) ;
#5837 =( NAMED_UNIT ( * ) SI_UNIT ( $, .STERADIAN. ) SOLID_ANGLE_UNIT ( ) );
#5838 = PRODUCT_DEFINITION_FORMATION_WITH_SPECIFIED_SOURCE ( 'ANY', '', #4350, .NOT_KNOWN. ) ;
#5839 = SURFACE_SIDE_STYLE ('',( #2620 ) ) ;
#5840 =( CONVERSION_BASED_UNIT ( 'INCH', #3155 ) LENGTH_UNIT ( ) NAMED_UNIT ( #4407 ) );
#5841 = FILL_AREA_STYLE_COLOUR ( '', #5593 ) ;
#5842 = LENGTH_MEASURE_WITH_UNIT ( LENGTH_MEASURE( 0.02539999999999999897 ), #5388 );
#5843 = SURFACE_STYLE_USAGE ( .BOTH. , #4892 ) ;
#5844 = CARTESIAN_POINT ( 'NONE',  ( -0.1092037056162347280, 0.08951866624615598123, 0.03937007874015768100 ) ) ;
#5845 = EDGE_CURVE ( 'NONE', #40, #3523, #218, .T. ) ;
#5846 = DIRECTION ( 'NONE',  ( -2.265761274745219945E-16, 1.000000000000000000, 0.000000000000000000 ) ) ;
#5847 = UNCERTAINTY_MEASURE_WITH_UNIT (LENGTH_MEASURE( 1.000000000000000082E-05 ), #5219, 'distance_accuracy_value', 'NONE');
#5848 = SURFACE_STYLE_FILL_AREA ( #4436 ) ;
#5850 = ORIENTED_EDGE ( 'NONE', *, *, #608, .T. ) ;
#5849 = DIRECTION ( 'NONE',  ( 0.000000000000000000, -1.000000000000000000, -0.000000000000000000 ) ) ;
#5851 = DIRECTION ( 'NONE',  ( -0.000000000000000000, 1.000000000000000000, 0.000000000000000000 ) ) ;
#5852 = MECHANICAL_DESIGN_GEOMETRIC_PRESENTATION_REPRESENTATION (  '', ( #5061 ), #662 ) ;
#5853 = FILL_AREA_STYLE_COLOUR ( '', #2302 ) ;
#5854 = ORIENTED_EDGE ( 'NONE', *, *, #4778, .F. ) ;
#5855 = ORIENTED_EDGE ( 'NONE', *, *, #3487, .F. ) ;
#5856 = DIMENSIONAL_EXPONENTS ( 1.000000000000000000, 0.000000000000000000, 0.000000000000000000, 0.000000000000000000, 0.000000000000000000, 0.000000000000000000, 0.000000000000000000 ) ;
#5857 =( LENGTH_UNIT ( ) NAMED_UNIT ( * ) SI_UNIT ( $, .METRE. ) );
#5858 = LINE ( 'NONE', #5314, #3989 ) ;
#5859 = EDGE_CURVE ( 'NONE', #3666, #3062, #2517, .T. ) ;
#5860 = LINE ( 'NONE', #1734, #5179 ) ;
#5861 = LENGTH_MEASURE_WITH_UNIT ( LENGTH_MEASURE( 0.02539999999999999897 ), #4385 );
#5862 = VECTOR ( 'NONE', #5222, 39.37007874015748143 ) ;
#5863 = VERTEX_POINT ( 'NONE', #678 ) ;
#5864 = LINE ( 'NONE', #2669, #5006 ) ;
#5865 = ORIENTED_EDGE ( 'NONE', *, *, #4743, .F. ) ;
#5866 = UNCERTAINTY_MEASURE_WITH_UNIT (LENGTH_MEASURE( 1.000000000000000082E-05 ), #4567, 'distance_accuracy_value', 'NONE');
#5867 = MECHANICAL_DESIGN_GEOMETRIC_PRESENTATION_REPRESENTATION (  '', ( #3345 ), #2864 ) ;
#5868 = EDGE_CURVE ( 'NONE', #1807, #4111, #1031, .T. ) ;
#5869 = FACE_OUTER_BOUND ( 'NONE', #4674, .T. ) ;
#5870 =( CONVERSION_BASED_UNIT ( 'INCH', #1772 ) LENGTH_UNIT ( ) NAMED_UNIT ( #984 ) );
#5871 =( CONVERSION_BASED_UNIT ( 'INCH', #4282 ) LENGTH_UNIT ( ) NAMED_UNIT ( #884 ) );
#5872 = CARTESIAN_POINT ( 'NONE',  ( 0.1097440944881889757, 0.1013779527559054983, 0.000000000000000000 ) ) ;
#5873 = CIRCLE ( 'NONE', #769, 0.003937007874015755783 ) ;
#5874 =( CONVERSION_BASED_UNIT ( 'INCH', #3129 ) LENGTH_UNIT ( ) NAMED_UNIT ( #4167 ) );
#5875 = AXIS2_PLACEMENT_3D ( 'NONE', #2331, #3159, #1888 ) ;
#5876 = COLOUR_RGB ( '',0.8313725490196077761, 0.8313725490196077761, 0.8313725490196077761 ) ;
#5877 = MECHANICAL_DESIGN_GEOMETRIC_PRESENTATION_REPRESENTATION (  '', ( #1747 ), #1919 ) ;
#5878 = SURFACE_STYLE_USAGE ( .BOTH. , #5355 ) ;
#5879 = CARTESIAN_POINT ( 'NONE',  ( -0.05118110236220472370, -0.07499999999999999722, 0.000000000000000000 ) ) ;
#5880 = STYLED_ITEM ( 'NONE', ( #1798 ), #1269 ) ;
#5881 = SURFACE_STYLE_FILL_AREA ( #4094 ) ;
#5882 = LINE ( 'NONE', #1666, #3403 ) ;
#5883 = VECTOR ( 'NONE', #1267, 39.37007874015748143 ) ;
#5884 = EDGE_CURVE ( 'NONE', #1076, #2413, #3851, .T. ) ;
#5885 = ORIENTED_EDGE ( 'NONE', *, *, #1028, .T. ) ;
#5886 = DIRECTION ( 'NONE',  ( 0.000000000000000000, 0.000000000000000000, 1.000000000000000000 ) ) ;
#5887 = MECHANICAL_DESIGN_GEOMETRIC_PRESENTATION_REPRESENTATION (  '', ( #3741 ), #4808 ) ;
#5888 = CARTESIAN_POINT ( 'NONE',  ( 0.1107514645067868841, 0.09611101568364047165, 0.03627971477922017907 ) ) ;
#5889 = LINE ( 'NONE', #3456, #4898 ) ;
#5890 = CIRCLE ( 'NONE', #2214, 0.008641567526184716630 ) ;
#5891 = EDGE_LOOP ( 'NONE', ( #5912, #147, #3898, #74 ) ) ;
#5892 = ORIENTED_EDGE ( 'NONE', *, *, #3240, .F. ) ;
#5893 = ORIENTED_EDGE ( 'NONE', *, *, #3758, .F. ) ;
#5894 = DIRECTION ( 'NONE',  ( 0.000000000000000000, -0.000000000000000000, -1.000000000000000000 ) ) ;
#5895 = CARTESIAN_POINT ( 'NONE',  ( -0.09842519685039370636, 0.01692913385826775793, 0.000000000000000000 ) ) ;
#5896 = CARTESIAN_POINT ( 'NONE',  ( -0.1210629921259842590, -0.06692913385826770867, 0.000000000000000000 ) ) ;
#5897 = CARTESIAN_POINT ( 'NONE',  ( -0.1092037056162346448, -0.08951866624615589796, 0.03937007874015747977 ) ) ;
#5898 = ADVANCED_FACE ( 'NONE', ( #627 ), #5713, .T. ) ;
#5899 = PRESENTATION_STYLE_ASSIGNMENT (( #3976 ) ) ;
#5900 = SURFACE_SIDE_STYLE ('',( #3156 ) ) ;
#5901 = EDGE_CURVE ( 'NONE', #1129, #1082, #1642, .T. ) ;
#5902 = LINE ( 'NONE', #2096, #5511 ) ;
#5903 = SURFACE_STYLE_FILL_AREA ( #890 ) ;
#5904 = FILL_AREA_STYLE ('',( #4862 ) ) ;
#5905 =( NAMED_UNIT ( * ) SI_UNIT ( $, .STERADIAN. ) SOLID_ANGLE_UNIT ( ) );
#5906 = PRESENTATION_LAYER_ASSIGNMENT (  '', '', ( #5127 ) ) ;
#5907 = CARTESIAN_POINT ( 'NONE',  ( -0.1210629921259842590, -0.06692913385826770867, 0.01102362204724409607 ) ) ;
#5908 = PRESENTATION_LAYER_ASSIGNMENT (  '', '', ( #2428 ) ) ;
#5909 = SURFACE_STYLE_USAGE ( .BOTH. , #4046 ) ;
#5910 = ORIENTED_EDGE ( 'NONE', *, *, #4382, .F. ) ;
#5911 = ADVANCED_FACE ( 'NONE', ( #4380 ), #880, .T. ) ;
#5912 = ORIENTED_EDGE ( 'NONE', *, *, #1120, .F. ) ;
#5913 = LENGTH_MEASURE_WITH_UNIT ( LENGTH_MEASURE( 0.02539999999999999897 ), #5553 );
#5914 =( CONVERSION_BASED_UNIT ( 'INCH', #5778 ) LENGTH_UNIT ( ) NAMED_UNIT ( #5820 ) );
#5915 = DIRECTION ( 'NONE',  ( 0.1039620511844970702, 0.1039620511845035233, 0.9891328443778534263 ) ) ;
#5916 = EDGE_CURVE ( 'NONE', #826, #2609, #2208, .T. ) ;
#5917 = VERTEX_POINT ( 'NONE', #5808 ) ;
#5918 = ORIENTED_EDGE ( 'NONE', *, *, #4758, .T. ) ;
#5919 = DIRECTION ( 'NONE',  ( -0.1039620511844972228, 0.1039620511845037037, -0.9891328443778534263 ) ) ;
#5920 =( NAMED_UNIT ( * ) PLANE_ANGLE_UNIT ( ) SI_UNIT ( $, .RADIAN. ) );
#5921 = MECHANICAL_DESIGN_GEOMETRIC_PRESENTATION_REPRESENTATION (  '', ( #1516 ), #5639 ) ;
#5922 = PLANE ( 'NONE',  #230 ) ;
#5923 = CARTESIAN_POINT ( 'NONE',  ( -0.1097440944881889757, -0.08307086614173228578, 0.01102362204724409607 ) ) ;
#5924 = CARTESIAN_POINT ( 'NONE',  ( 0.09842519685039370636, 0.08307086614173228578, 0.01102362204724409607 ) ) ;
#5925 = DIRECTION ( 'NONE',  ( 1.000000000000000000, 0.000000000000000000, 0.000000000000000000 ) ) ;
#5926 = EDGE_CURVE ( 'NONE', #4691, #1082, #393, .T. ) ;
#5927 = DIRECTION ( 'NONE',  ( 2.265761274745219945E-16, -1.000000000000000000, 0.000000000000000000 ) ) ;
#5928 = NEXT_ASSEMBLY_USAGE_OCCURRENCE ( 'NAUO1', ' ', ' ', #116, #2935, $ ) ;
#5929 = NEXT_ASSEMBLY_USAGE_OCCURRENCE ( 'NAUO2', ' ', ' ', #116, #882, $ ) ;
ENDSEC;
END-ISO-10303-21;
