ISO-10303-21;
HEADER;
FILE_DESCRIPTION (( 'STEP AP214' ),
    '1' );
FILE_NAME ('74LVC1G3157GW,125.STEP',
    '2024-12-19T16:42:35',
    ( '' ),
    ( '' ),
    'SwSTEP 2.0',
    'SolidWorks 2020',
    '' );
FILE_SCHEMA (( 'AUTOMOTIVE_DESIGN' ));
ENDSEC;

DATA;
#1 = DIRECTION ( 'NONE',  ( -2.943356597686604838E-17, 1.000000000000000000, 0.000000000000000000 ) ) ;
#2 = CARTESIAN_POINT ( 'NONE',  ( 0.9194811770199420309, 0.1855506805526029868, 0.7750000000000000222 ) ) ;
#3 = CARTESIAN_POINT ( 'NONE',  ( 0.5891057571750950572, 0.7109482755480779348, -0.7750000000000000222 ) ) ;
#4 = VERTEX_POINT ( 'NONE', #1700 ) ;
#5 = DIRECTION ( 'NONE',  ( 0.000000000000000000, 0.000000000000000000, -1.000000000000000000 ) ) ;
#6 = CARTESIAN_POINT ( 'NONE',  ( -0.5999999999999999778, 0.7249999999999999778, 1.000000000000000000 ) ) ;
#7 = ADVANCED_FACE ( 'NONE', ( #2537 ), #2135, .T. ) ;
#8 = VECTOR ( 'NONE', #2389, 1000.000000000000114 ) ;
#9 = SURFACE_STYLE_FILL_AREA ( #1234 ) ;
#10 = AXIS2_PLACEMENT_3D ( 'NONE', #237, #2126, #843 ) ;
#11 =( NAMED_UNIT ( * ) SI_UNIT ( $, .STERADIAN. ) SOLID_ANGLE_UNIT ( ) );
#12 = VERTEX_POINT ( 'NONE', #1804 ) ;
#13 = SURFACE_STYLE_FILL_AREA ( #2346 ) ;
#14 = CARTESIAN_POINT ( 'NONE',  ( 0.9194811770199400325, 0.1855506805526029868, -0.5250000000000000222 ) ) ;
#15 = PLANE ( 'NONE',  #961 ) ;
#16 = CARTESIAN_POINT ( 'NONE',  ( 0.9194811770199400325, 0.1855506805526029868, 0.1250000000000000000 ) ) ;
#17 = EDGE_CURVE ( 'NONE', #1026, #399, #1774, .T. ) ;
#18 = ORIENTED_EDGE ( 'NONE', *, *, #1961, .F. ) ;
#19 = CARTESIAN_POINT ( 'NONE',  ( 0.9330897644443499894, 0.1890517244519210049, -0.1250000000000000000 ) ) ;
#20 = EDGE_CURVE ( 'NONE', #1579, #2550, #2217, .T. ) ;
#21 = VERTEX_POINT ( 'NONE', #2440 ) ;
#22 = DIRECTION ( 'NONE',  ( -1.000000000000000000, 0.000000000000000000, 0.000000000000000000 ) ) ;
#23 =( LENGTH_UNIT ( ) NAMED_UNIT ( * ) SI_UNIT ( .MILLI., .METRE. ) );
#24 = VECTOR ( 'NONE', #2432, 1000.000000000000000 ) ;
#25 = ADVANCED_FACE ( 'NONE', ( #557 ), #1391, .T. ) ;
#26 = VERTEX_POINT ( 'NONE', #1348 ) ;
#27 = COLOUR_RGB ( '',0.2509803921568627416, 0.2509803921568627416, 0.2509803921568627416 ) ;
#28 = ADVANCED_FACE ( 'NONE', ( #1144 ), #945, .F. ) ;
#29 = FACE_OUTER_BOUND ( 'NONE', #546, .T. ) ;
#30 = CARTESIAN_POINT ( 'NONE',  ( 0.5691427783760180104, 0.9000000000000000222, -0.7750000000000000222 ) ) ;
#31 = PLANE ( 'NONE',  #1196 ) ;
#32 = DIRECTION ( 'NONE',  ( 0.000000000000000000, 1.000000000000000000, -1.146543076436556017E-16 ) ) ;
#33 = ADVANCED_FACE ( 'NONE', ( #971 ), #746, .T. ) ;
#34 = EDGE_LOOP ( 'NONE', ( #408, #2370 ) ) ;
#35 = CARTESIAN_POINT ( 'NONE',  ( 0.9194811770199400325, 0.1855506805526029868, -0.5250000000000000222 ) ) ;
#36 = LINE ( 'NONE', #634, #1967 ) ;
#37 = VERTEX_POINT ( 'NONE', #2425 ) ;
#38 = CIRCLE ( 'NONE', #2386, 0.1103742337510774107 ) ;
#39 = VECTOR ( 'NONE', #1791, 1000.000000000000000 ) ;
#40 = EDGE_CURVE ( 'NONE', #1226, #2068, #545, .T. ) ;
#41 = DIRECTION ( 'NONE',  ( 0.2491540388012210283, -0.9684638686853730416, 9.714451465470120961E-17 ) ) ;
#42 = LINE ( 'NONE', #858, #711 ) ;
#43 = ORIENTED_EDGE ( 'NONE', *, *, #147, .F. ) ;
#44 = LINE ( 'NONE', #847, #1003 ) ;
#45 = DIRECTION ( 'NONE',  ( 0.000000000000000000, 0.000000000000000000, -1.000000000000000000 ) ) ;
#46 = ORIENTED_EDGE ( 'NONE', *, *, #412, .F. ) ;
#47 =( NAMED_UNIT ( * ) SI_UNIT ( $, .STERADIAN. ) SOLID_ANGLE_UNIT ( ) );
#48 = VERTEX_POINT ( 'NONE', #1364 ) ;
#49 = AXIS2_PLACEMENT_3D ( 'NONE', #2317, #2098, #2109 ) ;
#50 = AXIS2_PLACEMENT_3D ( 'NONE', #887, #849, #1494 ) ;
#51 =( GEOMETRIC_REPRESENTATION_CONTEXT ( 3 ) GLOBAL_UNCERTAINTY_ASSIGNED_CONTEXT ( ( #140 ) ) GLOBAL_UNIT_ASSIGNED_CONTEXT ( ( #2545, #2158, #1271 ) ) REPRESENTATION_CONTEXT ( 'NONE', 'WORKASPACE' ) );
#52 = CARTESIAN_POINT ( 'NONE',  ( -0.9330897644443509886, 0.1749999999999999889, 0.7750000000000000222 ) ) ;
#53 = EDGE_CURVE ( 'NONE', #2513, #176, #1759, .T. ) ;
#54 = LINE ( 'NONE', #1321, #2183 ) ;
#55 = PLANE ( 'NONE',  #1814 ) ;
#56 = ORIENTED_EDGE ( 'NONE', *, *, #1913, .T. ) ;
#57 = DIRECTION ( 'NONE',  ( 1.000000000000000000, 3.572982729977149492E-17, 0.000000000000000000 ) ) ;
#58 = LINE ( 'NONE', #1966, #2184 ) ;
#59 = AXIS2_PLACEMENT_3D ( 'NONE', #467, #1710, #57 ) ;
#60 = EDGE_LOOP ( 'NONE', ( #1337, #1257, #1308, #946 ) ) ;
#61 = LINE ( 'NONE', #2187, #123 ) ;
#62 = FACE_OUTER_BOUND ( 'NONE', #445, .T. ) ;
#63 = VECTOR ( 'NONE', #1066, 1000.000000000000000 ) ;
#64 = ORIENTED_EDGE ( 'NONE', *, *, #2294, .F. ) ;
#65 = EDGE_LOOP ( 'NONE', ( #333, #2355, #1473, #1319 ) ) ;
#66 = CARTESIAN_POINT ( 'NONE',  ( 0.5891057571750960564, 0.7109482755480779348, 0.1250000000000000000 ) ) ;
#67 = ADVANCED_FACE ( 'NONE', ( #614 ), #2283, .T. ) ;
#68 = DIRECTION ( 'NONE',  ( 0.000000000000000000, 0.000000000000000000, -1.000000000000000000 ) ) ;
#69 = CARTESIAN_POINT ( 'NONE',  ( -0.7721955216194470450, 0.7580512762376099278, 0.1250000000000000000 ) ) ;
#70 = ORIENTED_EDGE ( 'NONE', *, *, #40, .T. ) ;
#71 = LINE ( 'NONE', #860, #2664 ) ;
#72 = FACE_BOUND ( 'NONE', #2656, .T. ) ;
#73 = VECTOR ( 'NONE', #2530, 1000.000000000000227 ) ;
#74 = EDGE_CURVE ( 'NONE', #1085, #1701, #1146, .T. ) ;
#75 = CARTESIAN_POINT ( 'NONE',  ( -0.5999999999999999778, 0.7249999999999999778, 1.000000000000000000 ) ) ;
#76 = ORIENTED_EDGE ( 'NONE', *, *, #2284, .T. ) ;
#77 = ORIENTED_EDGE ( 'NONE', *, *, #2567, .F. ) ;
#78 = ORIENTED_EDGE ( 'NONE', *, *, #2415, .T. ) ;
#79 = AXIS2_PLACEMENT_3D ( 'NONE', #2127, #249, #1661 ) ;
#80 = LINE ( 'NONE', #52, #1279 ) ;
#81 = DIRECTION ( 'NONE',  ( -1.000000000000000000, -3.572982729977149492E-17, 0.000000000000000000 ) ) ;
#82 = LINE ( 'NONE', #1931, #2654 ) ;
#83 = DIRECTION ( 'NONE',  ( 1.000000000000000000, 0.000000000000000000, 0.000000000000000000 ) ) ;
#84 = DIRECTION ( 'NONE',  ( 0.000000000000000000, 0.000000000000000000, -1.000000000000000000 ) ) ;
#85 = PLANE ( 'NONE',  #2312 ) ;
#86 = ORIENTED_EDGE ( 'NONE', *, *, #2093, .T. ) ;
#87 = VECTOR ( 'NONE', #1892, 1000.000000000000114 ) ;
#88 = EDGE_CURVE ( 'NONE', #4, #2062, #1249, .T. ) ;
#89 = ORIENTED_EDGE ( 'NONE', *, *, #1964, .T. ) ;
#90 = ORIENTED_EDGE ( 'NONE', *, *, #2437, .T. ) ;
#91 = AXIS2_PLACEMENT_3D ( 'NONE', #2473, #390, #2063 ) ;
#92 = CARTESIAN_POINT ( 'NONE',  ( -0.9330897644443509886, 0.1890517244519205053, -0.1250000000000000000 ) ) ;
#93 = PRESENTATION_STYLE_ASSIGNMENT (( #2194 ) ) ;
#94 = ORIENTED_EDGE ( 'NONE', *, *, #2372, .T. ) ;
#95 = CARTESIAN_POINT ( 'NONE',  ( 0.5891057571750960564, 0.7109482755480779348, 0.1250000000000000000 ) ) ;
#96 = DIRECTION ( 'NONE',  ( -3.374685128561435093E-33, 1.146543076436556017E-16, 1.000000000000000000 ) ) ;
#97 = EDGE_CURVE ( 'NONE', #1286, #1065, #1024, .T. ) ;
#98 = EDGE_CURVE ( 'NONE', #1286, #48, #38, .T. ) ;
#99 = ORIENTED_EDGE ( 'NONE', *, *, #378, .T. ) ;
#100 = EDGE_CURVE ( 'NONE', #200, #1000, #1875, .T. ) ;
#101 = LINE ( 'NONE', #1498, #63 ) ;
#102 = ORIENTED_EDGE ( 'NONE', *, *, #452, .F. ) ;
#103 = ORIENTED_EDGE ( 'NONE', *, *, #919, .T. ) ;
#104 = CARTESIAN_POINT ( 'NONE',  ( 0.4897956370572079665, 0.1000000000000000056, -1.084202172485503941E-16 ) ) ;
#105 = VECTOR ( 'NONE', #1130, 1000.000000000000114 ) ;
#106 = ADVANCED_FACE ( 'NONE', ( #1471 ), #394, .T. ) ;
#107 = DIRECTION ( 'NONE',  ( -1.000000000000000000, 0.000000000000000000, 0.000000000000000000 ) ) ;
#108 = EDGE_LOOP ( 'NONE', ( #2049, #604, #308, #1360 ) ) ;
#109 = VECTOR ( 'NONE', #832, 1000.000000000000227 ) ;
#110 = CARTESIAN_POINT ( 'NONE',  ( 0.5999999999999999778, 0.7249999999999999778, 0.5250000000000000222 ) ) ;
#111 = CARTESIAN_POINT ( 'NONE',  ( 1.050000000000000044, 0.1749999999999999889, -0.5250000000000000222 ) ) ;
#112 = ORIENTED_EDGE ( 'NONE', *, *, #1880, .T. ) ;
#113 = PRESENTATION_LAYER_ASSIGNMENT (  '', '', ( #1096 ) ) ;
#114 = DIRECTION ( 'NONE',  ( 0.000000000000000000, -4.738892976334379899E-17, -1.000000000000000000 ) ) ;
#115 = CARTESIAN_POINT ( 'NONE',  ( 0.9330897644443509886, 0.1890517244519210049, 0.5250000000000000222 ) ) ;
#116 = VERTEX_POINT ( 'NONE', #1067 ) ;
#117 = ORIENTED_EDGE ( 'NONE', *, *, #2039, .T. ) ;
#118 = ORIENTED_EDGE ( 'NONE', *, *, #2512, .F. ) ;
#119 = DIRECTION ( 'NONE',  ( 0.9684638686853731526, 0.2491540388012210561, 0.000000000000000000 ) ) ;
#120 = CARTESIAN_POINT ( 'NONE',  ( -0.9330897644443499894, 0.1890517244519205053, -0.5250000000000000222 ) ) ;
#121 = ORIENTED_EDGE ( 'NONE', *, *, #2593, .T. ) ;
#122 = VECTOR ( 'NONE', #2043, 1000.000000000000000 ) ;
#123 = VECTOR ( 'NONE', #1525, 1000.000000000000000 ) ;
#124 = DIRECTION ( 'NONE',  ( 0.000000000000000000, 0.000000000000000000, -1.000000000000000000 ) ) ;
#125 = PLANE ( 'NONE',  #216 ) ;
#126 = ORIENTED_EDGE ( 'NONE', *, *, #2282, .T. ) ;
#127 = DIRECTION ( 'NONE',  ( 0.000000000000000000, 0.000000000000000000, -1.000000000000000000 ) ) ;
#128 = DIRECTION ( 'NONE',  ( -0.2491540388012205565, 0.9684638686853731526, -9.714451465470132055E-17 ) ) ;
#129 = DIRECTION ( 'NONE',  ( -2.943356597686604838E-17, 1.000000000000000000, 0.000000000000000000 ) ) ;
#130 = ORIENTED_EDGE ( 'NONE', *, *, #2455, .T. ) ;
#131 = AXIS2_PLACEMENT_3D ( 'NONE', #2481, #831, #1658 ) ;
#132 = CARTESIAN_POINT ( 'NONE',  ( -0.5891057571750980548, 0.9000000000000000222, 0.7750000000000000222 ) ) ;
#133 = DIRECTION ( 'NONE',  ( 1.000000000000000000, 2.943356597686604838E-17, 7.218934827212509410E-34 ) ) ;
#134 = DIRECTION ( 'NONE',  ( -1.285169013722664112E-15, -1.000000000000000000, 0.000000000000000000 ) ) ;
#135 = ORIENTED_EDGE ( 'NONE', *, *, #100, .F. ) ;
#136 = CARTESIAN_POINT ( 'NONE',  ( -1.050000000000000044, -1.343801279233765973E-16, -0.1250000000000000000 ) ) ;
#137 = DIRECTION ( 'NONE',  ( 0.000000000000000000, 0.000000000000000000, -1.000000000000000000 ) ) ;
#138 = CARTESIAN_POINT ( 'NONE',  ( 0.9330897644443499894, 0.1890517244519210049, -0.7750000000000000222 ) ) ;
#139 = AXIS2_PLACEMENT_3D ( 'NONE', #1406, #1394, #2667 ) ;
#140 = UNCERTAINTY_MEASURE_WITH_UNIT (LENGTH_MEASURE( 1.000000000000000082E-05 ), #2545, 'distance_accuracy_value', 'NONE');
#141 = ORIENTED_EDGE ( 'NONE', *, *, #809, .F. ) ;
#142 = CARTESIAN_POINT ( 'NONE',  ( 1.050000000000000044, 0.1749999999999999889, -0.5250000000000000222 ) ) ;
#143 = CARTESIAN_POINT ( 'NONE',  ( -1.050000000000000044, 0.1749999999999999889, -0.5250000000000000222 ) ) ;
#144 = ORIENTED_EDGE ( 'NONE', *, *, #221, .F. ) ;
#145 = DIRECTION ( 'NONE',  ( 0.000000000000000000, -1.314788682286784163E-15, -1.000000000000000000 ) ) ;
#146 = CARTESIAN_POINT ( 'NONE',  ( 0.9330897644443499894, 0.1890517244519210049, -0.5250000000000000222 ) ) ;
#147 = EDGE_CURVE ( 'NONE', #1938, #1569, #2524, .T. ) ;
#148 = ADVANCED_FACE ( 'NONE', ( #2476 ), #1235, .F. ) ;
#149 = DIRECTION ( 'NONE',  ( -3.374685128561435093E-33, 1.146543076436556017E-16, 1.000000000000000000 ) ) ;
#150 = VERTEX_POINT ( 'NONE', #2311 ) ;
#151 = DIRECTION ( 'NONE',  ( 0.9684638686853732636, -0.2491540388012205842, 1.110223024625156540E-16 ) ) ;
#152 = DIRECTION ( 'NONE',  ( -1.000000000000000000, 1.289598908346509963E-15, 1.110223024625155924E-16 ) ) ;
#153 = ORIENTED_EDGE ( 'NONE', *, *, #1044, .T. ) ;
#154 = VECTOR ( 'NONE', #552, 1000.000000000000227 ) ;
#155 = LINE ( 'NONE', #987, #848 ) ;
#156 = DIRECTION ( 'NONE',  ( -2.943356597686604838E-17, 1.000000000000000000, 0.000000000000000000 ) ) ;
#157 = EDGE_CURVE ( 'NONE', #2550, #2320, #1485, .T. ) ;
#158 = ORIENTED_EDGE ( 'NONE', *, *, #274, .T. ) ;
#159 = CARTESIAN_POINT ( 'NONE',  ( 0.5891057571750950572, 0.7109482755480779348, -0.5250000000000000222 ) ) ;
#160 = FACE_OUTER_BOUND ( 'NONE', #525, .T. ) ;
#161 = EDGE_CURVE ( 'NONE', #1320, #1065, #2297, .T. ) ;
#162 = ORIENTED_EDGE ( 'NONE', *, *, #2007, .T. ) ;
#163 = DIRECTION ( 'NONE',  ( -0.2491540388012205842, 0.9684638686853732636, 0.000000000000000000 ) ) ;
#164 = AXIS2_PLACEMENT_3D ( 'NONE', #921, #2180, #508 ) ;
#165 = DIRECTION ( 'NONE',  ( 0.000000000000000000, 0.000000000000000000, -1.000000000000000000 ) ) ;
#166 = VECTOR ( 'NONE', #914, 1000.000000000000000 ) ;
#167 = ORIENTED_EDGE ( 'NONE', *, *, #1294, .T. ) ;
#168 = DIRECTION ( 'NONE',  ( -1.000000000000000000, 0.000000000000000000, 0.000000000000000000 ) ) ;
#169 = DIRECTION ( 'NONE',  ( -0.1710878697460359588, 0.9702875252478136980, -0.1710878697460359588 ) ) ;
#170 = DIRECTION ( 'NONE',  ( 0.000000000000000000, -1.000000000000000000, 1.146543076436556017E-16 ) ) ;
#171 = ORIENTED_EDGE ( 'NONE', *, *, #2415, .F. ) ;
#172 = EDGE_CURVE ( 'NONE', #1828, #1732, #2344, .T. ) ;
#173 = DIRECTION ( 'NONE',  ( -2.220446049250309876E-16, -5.551115123125779621E-17, -1.000000000000000000 ) ) ;
#174 = LINE ( 'NONE', #1395, #1272 ) ;
#175 = CIRCLE ( 'NONE', #682, 0.1103742337510774107 ) ;
#176 = VERTEX_POINT ( 'NONE', #653 ) ;
#177 = DIRECTION ( 'NONE',  ( -1.000000000000000000, 8.663263802081679477E-16, 0.000000000000000000 ) ) ;
#178 = LINE ( 'NONE', #2061, #2289 ) ;
#179 = ORIENTED_EDGE ( 'NONE', *, *, #772, .T. ) ;
#180 = AXIS2_PLACEMENT_3D ( 'NONE', #132, #547, #340 ) ;
#181 = VECTOR ( 'NONE', #875, 1000.000000000000000 ) ;
#182 = ADVANCED_FACE ( 'NONE', ( #1041 ), #1267, .F. ) ;
#183 = ADVANCED_FACE ( 'NONE', ( #224 ), #31, .T. ) ;
#184 = CARTESIAN_POINT ( 'NONE',  ( -0.5999999999999999778, 0.7249999999999999778, 0.1250000000000000000 ) ) ;
#185 = ADVANCED_FACE ( 'NONE', ( #870 ), #1883, .T. ) ;
#186 = DIRECTION ( 'NONE',  ( 0.000000000000000000, 0.000000000000000000, -1.000000000000000000 ) ) ;
#187 = AXIS2_PLACEMENT_3D ( 'NONE', #454, #1245, #1300 ) ;
#188 = CARTESIAN_POINT ( 'NONE',  ( -0.7500000000000000000, 0.1419487237623900111, -0.5250000000000000222 ) ) ;
#189 = EDGE_LOOP ( 'NONE', ( #1202, #1514, #912, #2040 ) ) ;
#190 = CARTESIAN_POINT ( 'NONE',  ( -0.9194811770199420309, 0.1855506805526029868, 0.1250000000000000000 ) ) ;
#191 = LINE ( 'NONE', #1210, #1352 ) ;
#192 = CARTESIAN_POINT ( 'NONE',  ( -0.5891057571750980548, 0.7109482755480790450, 0.5250000000000000222 ) ) ;
#193 = ORIENTED_EDGE ( 'NONE', *, *, #1237, .T. ) ;
#194 = LINE ( 'NONE', #1011, #692 ) ;
#195 = VECTOR ( 'NONE', #1220, 1000.000000000000114 ) ;
#196 = SURFACE_STYLE_USAGE ( .BOTH. , #801 ) ;
#197 = VECTOR ( 'NONE', #2099, 1000.000000000000000 ) ;
#198 = ORIENTED_EDGE ( 'NONE', *, *, #762, .T. ) ;
#199 =( LENGTH_UNIT ( ) NAMED_UNIT ( * ) SI_UNIT ( .MILLI., .METRE. ) );
#200 = VERTEX_POINT ( 'NONE', #2502 ) ;
#201 = ADVANCED_FACE ( 'NONE', ( #820 ), #2493, .F. ) ;
#202 = CYLINDRICAL_SURFACE ( 'NONE', #492, 0.1890517244519220319 ) ;
#203 = DIRECTION ( 'NONE',  ( 0.000000000000000000, 0.000000000000000000, -1.000000000000000000 ) ) ;
#204 = EDGE_LOOP ( 'NONE', ( #77, #1283, #483, #179 ) ) ;
#205 = DIRECTION ( 'NONE',  ( 1.000000000000000000, 0.000000000000000000, 0.000000000000000000 ) ) ;
#206 =( LENGTH_UNIT ( ) NAMED_UNIT ( * ) SI_UNIT ( .MILLI., .METRE. ) );
#207 = ORIENTED_EDGE ( 'NONE', *, *, #2596, .T. ) ;
#208 = VECTOR ( 'NONE', #1055, 1000.000000000000000 ) ;
#209 = CARTESIAN_POINT ( 'NONE',  ( -0.5414578816515279724, 1.057008851471601840, -0.9414578816515259962 ) ) ;
#210 = LINE ( 'NONE', #1200, #195 ) ;
#211 = CARTESIAN_POINT ( 'NONE',  ( -0.9330897644443509886, -9.121781922234990018E-18, 0.1250000000000000000 ) ) ;
#212 = ORIENTED_EDGE ( 'NONE', *, *, #1517, .F. ) ;
#213 = DIRECTION ( 'NONE',  ( 0.9684638686853731526, 0.2491540388012210561, 0.000000000000000000 ) ) ;
#214 = ORIENTED_EDGE ( 'NONE', *, *, #1957, .T. ) ;
#215 = EDGE_CURVE ( 'NONE', #2461, #718, #1589, .T. ) ;
#216 = AXIS2_PLACEMENT_3D ( 'NONE', #941, #1154, #2644 ) ;
#217 = CARTESIAN_POINT ( 'NONE',  ( -0.3133450250061304843, 1.050000000000000044, -0.6940556515928619774 ) ) ;
#218 = VECTOR ( 'NONE', #1036, 1000.000000000000114 ) ;
#219 = EDGE_CURVE ( 'NONE', #609, #2295, #1947, .T. ) ;
#220 = ORIENTED_EDGE ( 'NONE', *, *, #1289, .F. ) ;
#221 = EDGE_CURVE ( 'NONE', #231, #1972, #2359, .T. ) ;
#222 = LINE ( 'NONE', #1039, #87 ) ;
#223 = PLANE ( 'NONE',  #1920 ) ;
#224 = FACE_OUTER_BOUND ( 'NONE', #1643, .T. ) ;
#225 = LINE ( 'NONE', #1476, #1224 ) ;
#226 = ORIENTED_EDGE ( 'NONE', *, *, #649, .T. ) ;
#227 = PRESENTATION_STYLE_ASSIGNMENT (( #2101 ) ) ;
#228 = VECTOR ( 'NONE', #956, 1000.000000000000000 ) ;
#229 = DIRECTION ( 'NONE',  ( -1.000000000000000000, 0.000000000000000000, 0.000000000000000000 ) ) ;
#230 = ORIENTED_EDGE ( 'NONE', *, *, #2246, .F. ) ;
#231 = VERTEX_POINT ( 'NONE', #2193 ) ;
#232 = LINE ( 'NONE', #2065, #693 ) ;
#233 = DIRECTION ( 'NONE',  ( -2.943356597686604838E-17, 1.000000000000000000, 0.000000000000000000 ) ) ;
#234 = VECTOR ( 'NONE', #998, 1000.000000000000000 ) ;
#235 = DIRECTION ( 'NONE',  ( 0.000000000000000000, 0.000000000000000000, -1.000000000000000000 ) ) ;
#236 = CIRCLE ( 'NONE', #1401, 0.1890517244519220319 ) ;
#237 = CARTESIAN_POINT ( 'NONE',  ( 0.9330897644443499894, 0.1890517244519205053, 0.1250000000000000000 ) ) ;
#238 = FACE_OUTER_BOUND ( 'NONE', #986, .T. ) ;
#239 = ORIENTED_EDGE ( 'NONE', *, *, #219, .T. ) ;
#240 = PLANE ( 'NONE',  #187 ) ;
#241 = DIRECTION ( 'NONE',  ( -2.943356597686604838E-17, 1.000000000000000000, 0.000000000000000000 ) ) ;
#242 = ORIENTED_EDGE ( 'NONE', *, *, #1987, .F. ) ;
#243 =( NAMED_UNIT ( * ) PLANE_ANGLE_UNIT ( ) SI_UNIT ( $, .RADIAN. ) );
#244 = AXIS2_PLACEMENT_3D ( 'NONE', #788, #2462, #114 ) ;
#245 = ORIENTED_EDGE ( 'NONE', *, *, #739, .T. ) ;
#246 = EDGE_CURVE ( 'NONE', #1667, #1444, #695, .T. ) ;
#247 = DIRECTION ( 'NONE',  ( -1.000000000000000000, 0.000000000000000000, 0.000000000000000000 ) ) ;
#248 = DIRECTION ( 'NONE',  ( 0.000000000000000000, 1.000000000000000000, -1.146543076436556017E-16 ) ) ;
#249 = DIRECTION ( 'NONE',  ( -3.374685128561435093E-33, 1.146543076436556017E-16, 1.000000000000000000 ) ) ;
#250 = DIRECTION ( 'NONE',  ( -2.943356597686604838E-17, 1.000000000000000000, -1.146543076436556017E-16 ) ) ;
#251 = ORIENTED_EDGE ( 'NONE', *, *, #623, .T. ) ;
#252 = CARTESIAN_POINT ( 'NONE',  ( -0.9330897644443509886, -2.724964224619259673E-17, 0.7750000000000000222 ) ) ;
#253 = ORIENTED_EDGE ( 'NONE', *, *, #1323, .F. ) ;
#254 = DIRECTION ( 'NONE',  ( 0.000000000000000000, 0.000000000000000000, -1.000000000000000000 ) ) ;
#255 = CARTESIAN_POINT ( 'NONE',  ( -1.050000000000000044, -4.816437116732940303E-17, -0.5250000000000000222 ) ) ;
#256 = ORIENTED_EDGE ( 'NONE', *, *, #2081, .F. ) ;
#257 = ADVANCED_FACE ( 'NONE', ( #2397 ), #298, .F. ) ;
#258 = ORIENTED_EDGE ( 'NONE', *, *, #2186, .T. ) ;
#259 = MECHANICAL_DESIGN_GEOMETRIC_PRESENTATION_REPRESENTATION (  '', ( #907 ), #610 ) ;
#260 = DIRECTION ( 'NONE',  ( 1.000000000000000000, 0.000000000000000000, 0.000000000000000000 ) ) ;
#261 = CARTESIAN_POINT ( 'NONE',  ( -0.9330897644443509886, 0.1749999999999999889, 0.1250000000000000000 ) ) ;
#262 = ORIENTED_EDGE ( 'NONE', *, *, #895, .F. ) ;
#263 = CARTESIAN_POINT ( 'NONE',  ( -0.5691427783760198977, 0.9000000000000000222, 0.5250000000000000222 ) ) ;
#264 = CARTESIAN_POINT ( 'NONE',  ( 0.7721955216194450466, 0.7580512762376099278, 0.7750000000000000222 ) ) ;
#265 = LINE ( 'NONE', #1318, #2154 ) ;
#266 = ORIENTED_EDGE ( 'NONE', *, *, #1916, .F. ) ;
#267 = AXIS2_PLACEMENT_3D ( 'NONE', #1404, #2257, #432 ) ;
#268 = ORIENTED_EDGE ( 'NONE', *, *, #2066, .F. ) ;
#269 = EDGE_LOOP ( 'NONE', ( #1844, #962, #1769, #2695 ) ) ;
#270 = PLANE ( 'NONE',  #1685 ) ;
#271 = AXIS2_PLACEMENT_3D ( 'NONE', #1425, #1412, #374 ) ;
#272 = LINE ( 'NONE', #285, #1951 ) ;
#273 = CARTESIAN_POINT ( 'NONE',  ( -0.4897956370572099649, 0.1000000000000000056, 0.8897956370572099871 ) ) ;
#274 = EDGE_CURVE ( 'NONE', #938, #26, #327, .T. ) ;
#275 = CARTESIAN_POINT ( 'NONE',  ( 0.5891057571750960564, 0.9000000000000000222, 0.1250000000000000000 ) ) ;
#276 = CIRCLE ( 'NONE', #541, 0.1890517244519220319 ) ;
#277 = ORIENTED_EDGE ( 'NONE', *, *, #215, .F. ) ;
#278 = LINE ( 'NONE', #470, #166 ) ;
#279 = VERTEX_POINT ( 'NONE', #1309 ) ;
#280 = EDGE_LOOP ( 'NONE', ( #1984, #245, #957, #2441 ) ) ;
#281 = ORIENTED_EDGE ( 'NONE', *, *, #1810, .T. ) ;
#282 = CIRCLE ( 'NONE', #1316, 0.1890517244519215045 ) ;
#283 = AXIS2_PLACEMENT_3D ( 'NONE', #902, #2562, #2175 ) ;
#284 = ADVANCED_FACE ( 'NONE', ( #1339 ), #1324, .T. ) ;
#285 = CARTESIAN_POINT ( 'NONE',  ( -0.5891057571750980548, 0.9000000000000000222, -0.1250000000000000000 ) ) ;
#286 = ORIENTED_EDGE ( 'NONE', *, *, #2236, .F. ) ;
#287 = EDGE_CURVE ( 'NONE', #26, #2309, #680, .T. ) ;
#288 = CARTESIAN_POINT ( 'NONE',  ( 0.9194811770199420309, 0.1855506805526029868, 0.7750000000000000222 ) ) ;
#289 = LINE ( 'NONE', #1273, #389 ) ;
#290 = ORIENTED_EDGE ( 'NONE', *, *, #1465, .T. ) ;
#291 = VECTOR ( 'NONE', #302, 1000.000000000000000 ) ;
#292 = ORIENTED_EDGE ( 'NONE', *, *, #1327, .T. ) ;
#293 = EDGE_CURVE ( 'NONE', #1405, #2550, #414, .T. ) ;
#294 = ORIENTED_EDGE ( 'NONE', *, *, #980, .T. ) ;
#295 = CARTESIAN_POINT ( 'NONE',  ( -0.5891057571750980548, 0.9000000000000000222, 0.5250000000000000222 ) ) ;
#296 = EDGE_CURVE ( 'NONE', #413, #1731, #282, .T. ) ;
#297 = AXIS2_PLACEMENT_3D ( 'NONE', #2559, #241, #2364 ) ;
#298 = PLANE ( 'NONE',  #764 ) ;
#299 = AXIS2_PLACEMENT_3D ( 'NONE', #793, #1432, #368 ) ;
#300 = ORIENTED_EDGE ( 'NONE', *, *, #296, .T. ) ;
#301 = CARTESIAN_POINT ( 'NONE',  ( -0.5891057571750980548, 0.7109482755480790450, -0.1250000000000000000 ) ) ;
#302 = DIRECTION ( 'NONE',  ( 1.000000000000000000, 9.343165878557569289E-16, 0.000000000000000000 ) ) ;
#303 = PLANE ( 'NONE',  #1561 ) ;
#304 = ORIENTED_EDGE ( 'NONE', *, *, #1014, .F. ) ;
#305 = VECTOR ( 'NONE', #684, 1000.000000000000000 ) ;
#306 = PLANE ( 'NONE',  #1977 ) ;
#307 = ORIENTED_EDGE ( 'NONE', *, *, #2484, .T. ) ;
#308 = ORIENTED_EDGE ( 'NONE', *, *, #418, .T. ) ;
#309 = EDGE_CURVE ( 'NONE', #324, #609, #534, .T. ) ;
#310 = DIRECTION ( 'NONE',  ( 0.000000000000000000, 0.000000000000000000, -1.000000000000000000 ) ) ;
#311 = COLOUR_RGB ( '',0.2509803921568627416, 0.2509803921568627416, 0.2509803921568627416 ) ;
#312 = LINE ( 'NONE', #1135, #806 ) ;
#313 = VERTEX_POINT ( 'NONE', #1297 ) ;
#314 = LINE ( 'NONE', #510, #2221 ) ;
#315 = VECTOR ( 'NONE', #2276, 1000.000000000000114 ) ;
#316 = ADVANCED_FACE ( 'NONE', ( #2208 ), #1121, .F. ) ;
#317 = CARTESIAN_POINT ( 'NONE',  ( 0.9330897644443499894, 0.1890517244519205053, 0.7750000000000000222 ) ) ;
#318 = LINE ( 'NONE', #741, #425 ) ;
#319 = DIRECTION ( 'NONE',  ( 0.9684638686853731526, 0.2491540388012210561, 0.000000000000000000 ) ) ;
#320 = ORIENTED_EDGE ( 'NONE', *, *, #1913, .F. ) ;
#321 = CARTESIAN_POINT ( 'NONE',  ( -1.050000000000000044, 0.1749999999999999889, 0.1250000000000000000 ) ) ;
#322 = CARTESIAN_POINT ( 'NONE',  ( 0.9330897644443499894, -7.028755952812661607E-17, 0.1250000000000000000 ) ) ;
#323 = CARTESIAN_POINT ( 'NONE',  ( -0.9330897644443509886, 0.1890517244519210049, 0.1250000000000000000 ) ) ;
#324 = VERTEX_POINT ( 'NONE', #2168 ) ;
#325 = PLANE ( 'NONE',  #180 ) ;
#326 = DIRECTION ( 'NONE',  ( 1.000000000000000000, 9.343165878557569289E-16, 0.000000000000000000 ) ) ;
#327 = LINE ( 'NONE', #738, #1445 ) ;
#328 = ORIENTED_EDGE ( 'NONE', *, *, #2081, .T. ) ;
#329 = AXIS2_PLACEMENT_3D ( 'NONE', #1519, #2373, #1962 ) ;
#330 = EDGE_CURVE ( 'NONE', #2468, #761, #312, .T. ) ;
#331 = LINE ( 'NONE', #288, #154 ) ;
#332 = DIRECTION ( 'NONE',  ( -0.1736481776669314692, -0.9848077530122079093, 9.020562075079388263E-17 ) ) ;
#333 = ORIENTED_EDGE ( 'NONE', *, *, #2280, .F. ) ;
#334 = LINE ( 'NONE', #744, #1904 ) ;
#335 = PLANE ( 'NONE',  #2419 ) ;
#336 = DIRECTION ( 'NONE',  ( -1.000000000000000000, 1.289598908346509963E-15, 1.110223024625155924E-16 ) ) ;
#337 = ORIENTED_EDGE ( 'NONE', *, *, #2200, .T. ) ;
#338 = VECTOR ( 'NONE', #235, 1000.000000000000000 ) ;
#339 = EDGE_CURVE ( 'NONE', #1410, #2513, #2690, .T. ) ;
#340 = DIRECTION ( 'NONE',  ( 0.000000000000000000, -4.738892976334379899E-17, -1.000000000000000000 ) ) ;
#341 = ORIENTED_EDGE ( 'NONE', *, *, #817, .F. ) ;
#342 = VECTOR ( 'NONE', #2687, 1000.000000000000227 ) ;
#343 = ADVANCED_FACE ( 'NONE', ( #896 ), #479, .T. ) ;
#344 = CARTESIAN_POINT ( 'NONE',  ( -0.9194811770199420309, 0.1855506805526029868, -0.5250000000000000222 ) ) ;
#345 = LINE ( 'NONE', #1169, #1382 ) ;
#346 = VECTOR ( 'NONE', #2678, 1000.000000000000000 ) ;
#347 = UNCERTAINTY_MEASURE_WITH_UNIT (LENGTH_MEASURE( 1.000000000000000082E-05 ), #23, 'distance_accuracy_value', 'NONE');
#348 = ORIENTED_EDGE ( 'NONE', *, *, #1803, .T. ) ;
#349 = CARTESIAN_POINT ( 'NONE',  ( 0.5891057571750950572, 0.9000000000000000222, -0.5250000000000000222 ) ) ;
#350 = DIRECTION ( 'NONE',  ( -1.000000000000000000, 0.000000000000000000, 0.000000000000000000 ) ) ;
#351 = ORIENTED_EDGE ( 'NONE', *, *, #1149, .F. ) ;
#352 = CARTESIAN_POINT ( 'NONE',  ( 0.5891057571750960564, 0.9000000000000000222, 0.7750000000000000222 ) ) ;
#353 = DIRECTION ( 'NONE',  ( -0.1736481776669314692, -0.9848077530122079093, 9.020562075079388263E-17 ) ) ;
#354 = CARTESIAN_POINT ( 'NONE',  ( -0.9330897644443509886, 0.1890517244519210049, 0.5250000000000000222 ) ) ;
#355 = ORIENTED_EDGE ( 'NONE', *, *, #2290, .F. ) ;
#356 = CARTESIAN_POINT ( 'NONE',  ( -0.5891057571750980548, 0.9000000000000000222, 0.1250000000000000000 ) ) ;
#357 = DIRECTION ( 'NONE',  ( -8.718776447396789675E-16, -1.000000000000000000, 0.000000000000000000 ) ) ;
#358 = CARTESIAN_POINT ( 'NONE',  ( -0.5691427783760198977, 0.9000000000000000222, 0.5250000000000000222 ) ) ;
#359 = VERTEX_POINT ( 'NONE', #2155 ) ;
#360 = AXIS2_PLACEMENT_3D ( 'NONE', #1124, #1113, #2586 ) ;
#361 = CARTESIAN_POINT ( 'NONE',  ( -1.050000000000000044, 0.1749999999999999889, 0.5250000000000000222 ) ) ;
#362 = CARTESIAN_POINT ( 'NONE',  ( -0.9330897644443509886, 0.1890517244519210049, 0.5250000000000000222 ) ) ;
#363 = DIRECTION ( 'NONE',  ( -0.1736481776669305255, 0.9848077530122081313, 0.000000000000000000 ) ) ;
#364 = ORIENTED_EDGE ( 'NONE', *, *, #430, .T. ) ;
#365 = VECTOR ( 'NONE', #250, 1000.000000000000000 ) ;
#366 = CARTESIAN_POINT ( 'NONE',  ( 0.5891057571750960564, 0.9000000000000000222, -0.1250000000000000000 ) ) ;
#367 = DIRECTION ( 'NONE',  ( -6.204419398959465481E-18, 0.1736481776669305255, -0.9848077530122081313 ) ) ;
#368 = DIRECTION ( 'NONE',  ( 1.000000000000000000, 0.000000000000000000, 0.000000000000000000 ) ) ;
#369 = DIRECTION ( 'NONE',  ( 0.000000000000000000, 0.000000000000000000, -1.000000000000000000 ) ) ;
#370 = ORIENTED_EDGE ( 'NONE', *, *, #851, .T. ) ;
#371 = EDGE_CURVE ( 'NONE', #2163, #1878, #272, .T. ) ;
#372 = ADVANCED_FACE ( 'NONE', ( #1109 ), #2569, .F. ) ;
#373 = PLANE ( 'NONE',  #1870 ) ;
#374 = DIRECTION ( 'NONE',  ( 0.000000000000000000, -4.455970410782350271E-16, -1.000000000000000000 ) ) ;
#375 = VECTOR ( 'NONE', #854, 1000.000000000000000 ) ;
#376 = LINE ( 'NONE', #1648, #1943 ) ;
#377 = AXIS2_PLACEMENT_3D ( 'NONE', #877, #1714, #673 ) ;
#378 = EDGE_CURVE ( 'NONE', #1349, #2625, #633, .T. ) ;
#379 = ORIENTED_EDGE ( 'NONE', *, *, #2487, .F. ) ;
#380 = CARTESIAN_POINT ( 'NONE',  ( 0.5999999999999999778, 0.7249999999999999778, 0.7750000000000000222 ) ) ;
#381 = DIRECTION ( 'NONE',  ( -1.000000000000000000, 0.000000000000000000, 0.000000000000000000 ) ) ;
#382 = ORIENTED_EDGE ( 'NONE', *, *, #1025, .T. ) ;
#383 = DIRECTION ( 'NONE',  ( -0.2491540388012210283, -0.9684638686853730416, 8.326672684688669123E-17 ) ) ;
#384 = ORIENTED_EDGE ( 'NONE', *, *, #1666, .T. ) ;
#385 = CARTESIAN_POINT ( 'NONE',  ( -0.3133450250061304843, 1.100000000000000089, -0.8044298853439389996 ) ) ;
#386 = DIRECTION ( 'NONE',  ( 1.000000000000000000, 0.000000000000000000, 0.000000000000000000 ) ) ;
#387 = VERTEX_POINT ( 'NONE', #592 ) ;
#388 = VECTOR ( 'NONE', #1918, 1000.000000000000000 ) ;
#389 = VECTOR ( 'NONE', #1302, 1000.000000000000000 ) ;
#390 = DIRECTION ( 'NONE',  ( 0.000000000000000000, 0.000000000000000000, -1.000000000000000000 ) ) ;
#391 = PRESENTATION_LAYER_ASSIGNMENT (  '', '', ( #1789 ) ) ;
#392 = ORIENTED_EDGE ( 'NONE', *, *, #20, .F. ) ;
#393 = CARTESIAN_POINT ( 'NONE',  ( 0.9330897644443499894, -5.215969920416889688E-17, -0.5250000000000000222 ) ) ;
#394 = CYLINDRICAL_SURFACE ( 'NONE', #1821, 0.1890517244519215045 ) ;
#395 = ADVANCED_FACE ( 'NONE', ( #160 ), #1593, .F. ) ;
#396 = COLOUR_RGB ( '',0.7921568627450980005, 0.8196078431372548767, 0.9333333333333333481 ) ;
#397 = VERTEX_POINT ( 'NONE', #1826 ) ;
#398 = DIRECTION ( 'NONE',  ( 0.000000000000000000, 0.000000000000000000, -1.000000000000000000 ) ) ;
#399 = VERTEX_POINT ( 'NONE', #979 ) ;
#400 = DIRECTION ( 'NONE',  ( -0.9684638686853732636, -0.2491540388012205842, 0.000000000000000000 ) ) ;
#401 = DIRECTION ( 'NONE',  ( 0.000000000000000000, 0.000000000000000000, -1.000000000000000000 ) ) ;
#402 = VECTOR ( 'NONE', #1773, 1000.000000000000000 ) ;
#403 = ORIENTED_EDGE ( 'NONE', *, *, #2200, .F. ) ;
#404 = LINE ( 'NONE', #6, #2107 ) ;
#405 = EDGE_CURVE ( 'NONE', #2557, #1716, #2272, .T. ) ;
#406 = FILL_AREA_STYLE_COLOUR ( '', #2232 ) ;
#407 = MECHANICAL_DESIGN_GEOMETRIC_PRESENTATION_REPRESENTATION (  '', ( #1487 ), #757 ) ;
#408 = ORIENTED_EDGE ( 'NONE', *, *, #1380, .T. ) ;
#409 = LINE ( 'NONE', #768, #234 ) ;
#410 = DIRECTION ( 'NONE',  ( -0.2491540388012205842, 0.9684638686853732636, 0.000000000000000000 ) ) ;
#411 = FACE_OUTER_BOUND ( 'NONE', #2030, .T. ) ;
#412 = EDGE_CURVE ( 'NONE', #581, #2320, #993, .T. ) ;
#413 = VERTEX_POINT ( 'NONE', #188 ) ;
#414 = CIRCLE ( 'NONE', #1103, 0.1890517244519220319 ) ;
#415 = CIRCLE ( 'NONE', #1446, 0.1890517244519215045 ) ;
#416 = CARTESIAN_POINT ( 'NONE',  ( 0.9330897644443499894, 0.1890517244519205053, 0.1250000000000000000 ) ) ;
#417 = EDGE_LOOP ( 'NONE', ( #1080, #879, #1015, #290 ) ) ;
#418 = EDGE_CURVE ( 'NONE', #1074, #1872, #2670, .T. ) ;
#419 = PRESENTATION_STYLE_ASSIGNMENT (( #2296 ) ) ;
#420 = CARTESIAN_POINT ( 'NONE',  ( 0.5891057571750960564, 0.9000000000000000222, 0.1250000000000000000 ) ) ;
#421 = EDGE_CURVE ( 'NONE', #1106, #2062, #1617, .T. ) ;
#422 = SHAPE_DEFINITION_REPRESENTATION ( #1084, #1640 ) ;
#423 = ORIENTED_EDGE ( 'NONE', *, *, #339, .T. ) ;
#424 =( NAMED_UNIT ( * ) SI_UNIT ( $, .STERADIAN. ) SOLID_ANGLE_UNIT ( ) );
#425 = VECTOR ( 'NONE', #1909, 1000.000000000000000 ) ;
#426 = CARTESIAN_POINT ( 'NONE',  ( -1.050000000000000044, 0.1749999999999999889, 0.1250000000000000000 ) ) ;
#427 = DIRECTION ( 'NONE',  ( 0.000000000000000000, 0.000000000000000000, -1.000000000000000000 ) ) ;
#428 = CARTESIAN_POINT ( 'NONE',  ( 0.7721955216194450466, 0.7580512762376099278, -0.5250000000000000222 ) ) ;
#429 = ORIENTED_EDGE ( 'NONE', *, *, #1163, .T. ) ;
#430 = EDGE_CURVE ( 'NONE', #1579, #581, #2223, .T. ) ;
#431 = SURFACE_SIDE_STYLE ('',( #2307 ) ) ;
#432 = DIRECTION ( 'NONE',  ( 0.000000000000000000, 0.000000000000000000, 1.000000000000000000 ) ) ;
#433 = ORIENTED_EDGE ( 'NONE', *, *, #1440, .T. ) ;
#434 = VECTOR ( 'NONE', #2689, 1000.000000000000114 ) ;
#435 = EDGE_CURVE ( 'NONE', #790, #1927, #576, .T. ) ;
#436 = DIRECTION ( 'NONE',  ( 2.220446049250309876E-16, 5.551115123125779621E-17, 1.000000000000000000 ) ) ;
#437 = CARTESIAN_POINT ( 'NONE',  ( -0.9330897644443509886, 0.1749999999999999889, -0.1250000000000000000 ) ) ;
#438 = CARTESIAN_POINT ( 'NONE',  ( 0.9330897644443499894, 0.1749999999999999889, 0.7750000000000000222 ) ) ;
#439 = ORIENTED_EDGE ( 'NONE', *, *, #2471, .T. ) ;
#440 = LINE ( 'NONE', #2333, #2192 ) ;
#441 = VECTOR ( 'NONE', #944, 1000.000000000000000 ) ;
#442 = CARTESIAN_POINT ( 'NONE',  ( 0.9330897644443499894, -7.028755952812661607E-17, 0.1250000000000000000 ) ) ;
#443 =( LENGTH_UNIT ( ) NAMED_UNIT ( * ) SI_UNIT ( .MILLI., .METRE. ) );
#444 = ORIENTED_EDGE ( 'NONE', *, *, #1706, .T. ) ;
#445 = EDGE_LOOP ( 'NONE', ( #2491, #433, #1388, #1090, #1941, #994, #2675, #78, #2640, #710 ) ) ;
#446 = ADVANCED_FACE ( 'NONE', ( #2206 ), #2249, .F. ) ;
#447 = LINE ( 'NONE', #190, #1236 ) ;
#448 = CLOSED_SHELL ( 'NONE', ( #182, #1681, #2113, #1101, #201, #1450, #257, #2179, #2268, #1190, #2166, #1043 ) ) ;
#449 = AXIS2_PLACEMENT_3D ( 'NONE', #2303, #203, #1018 ) ;
#450 = CARTESIAN_POINT ( 'NONE',  ( -0.7721955216194470450, 0.7580512762376099278, -0.7750000000000000222 ) ) ;
#451 = CARTESIAN_POINT ( 'NONE',  ( 0.7721955216194450466, 0.7580512762376099278, -0.7750000000000000222 ) ) ;
#452 = EDGE_CURVE ( 'NONE', #1872, #1524, #792, .T. ) ;
#453 = ORIENTED_EDGE ( 'NONE', *, *, #2581, .F. ) ;
#454 = CARTESIAN_POINT ( 'NONE',  ( 0.9330897644443499894, -5.215969920416889688E-17, -0.5250000000000000222 ) ) ;
#455 = DIRECTION ( 'NONE',  ( 0.000000000000000000, 6.393519583917790203E-16, -1.000000000000000000 ) ) ;
#456 = ADVANCED_FACE ( 'NONE', ( #591 ), #2412, .F. ) ;
#457 = ORIENTED_EDGE ( 'NONE', *, *, #17, .T. ) ;
#458 = CYLINDRICAL_SURFACE ( 'NONE', #377, 0.1890517244519215045 ) ;
#459 = DIRECTION ( 'NONE',  ( 0.000000000000000000, 0.000000000000000000, -1.000000000000000000 ) ) ;
#460 = VECTOR ( 'NONE', #2582, 1000.000000000000000 ) ;
#461 = VECTOR ( 'NONE', #254, 1000.000000000000000 ) ;
#462 = ORIENTED_EDGE ( 'NONE', *, *, #2003, .F. ) ;
#463 = ORIENTED_EDGE ( 'NONE', *, *, #1606, .T. ) ;
#464 = DIRECTION ( 'NONE',  ( 0.000000000000000000, -1.000000000000000000, 1.146543076436556017E-16 ) ) ;
#465 = VECTOR ( 'NONE', #398, 1000.000000000000000 ) ;
#466 = VERTEX_POINT ( 'NONE', #992 ) ;
#467 = CARTESIAN_POINT ( 'NONE',  ( -0.5999999999999999778, 0.7249999999999999778, 1.000000000000000000 ) ) ;
#468 = DIRECTION ( 'NONE',  ( -1.285169013722664112E-15, -1.000000000000000000, 0.000000000000000000 ) ) ;
#469 = VERTEX_POINT ( 'NONE', #1004 ) ;
#470 = CARTESIAN_POINT ( 'NONE',  ( 1.050000000000000044, 0.1749999999999999889, -0.1250000000000000000 ) ) ;
#471 = CYLINDRICAL_SURFACE ( 'NONE', #1705, 0.01405172445192136299 ) ;
#472 = ORIENTED_EDGE ( 'NONE', *, *, #686, .T. ) ;
#473 = ORIENTED_EDGE ( 'NONE', *, *, #1753, .T. ) ;
#474 = AXIS2_PLACEMENT_3D ( 'NONE', #685, #1076, #2172 ) ;
#475 = ORIENTED_EDGE ( 'NONE', *, *, #2351, .T. ) ;
#476 = AXIS2_PLACEMENT_3D ( 'NONE', #934, #1985, #2032 ) ;
#477 = ADVANCED_FACE ( 'NONE', ( #1407 ), #959, .F. ) ;
#478 = DIRECTION ( 'NONE',  ( 0.000000000000000000, 0.000000000000000000, -1.000000000000000000 ) ) ;
#479 = CYLINDRICAL_SURFACE ( 'NONE', #1771, 0.1890517244519220319 ) ;
#480 = DIRECTION ( 'NONE',  ( -2.943356597686604838E-17, 1.000000000000000000, -1.146543076436556017E-16 ) ) ;
#481 = CARTESIAN_POINT ( 'NONE',  ( 0.9194811770199420309, 0.1855506805526029868, 0.7750000000000000222 ) ) ;
#482 = CARTESIAN_POINT ( 'NONE',  ( -1.050000000000000044, -2.470504176880705188E-16, 0.7750000000000000222 ) ) ;
#483 = ORIENTED_EDGE ( 'NONE', *, *, #855, .T. ) ;
#484 = CARTESIAN_POINT ( 'NONE',  ( 0.9194811770199420309, 0.1855506805526029868, -0.7750000000000000222 ) ) ;
#485 = ORIENTED_EDGE ( 'NONE', *, *, #2366, .F. ) ;
#486 = CIRCLE ( 'NONE', #1217, 0.1890517244519220319 ) ;
#487 = ORIENTED_EDGE ( 'NONE', *, *, #2363, .T. ) ;
#488 = EDGE_CURVE ( 'NONE', #747, #1817, #174, .T. ) ;
#489 = VERTEX_POINT ( 'NONE', #2220 ) ;
#490 = ADVANCED_FACE ( 'NONE', ( #1161 ), #974, .T. ) ;
#491 = CARTESIAN_POINT ( 'NONE',  ( 1.050000000000000044, 2.296513834124305100E-17, 0.7750000000000000222 ) ) ;
#492 = AXIS2_PLACEMENT_3D ( 'NONE', #2287, #2071, #1017 ) ;
#493 = DIRECTION ( 'NONE',  ( -1.000000000000000000, 8.718776447396789675E-16, 0.000000000000000000 ) ) ;
#494 = SURFACE_STYLE_FILL_AREA ( #2430 ) ;
#495 = EDGE_LOOP ( 'NONE', ( #1295, #1219, #2489, #370 ) ) ;
#496 = DIRECTION ( 'NONE',  ( -1.000000000000000000, 0.000000000000000000, 0.000000000000000000 ) ) ;
#497 = CARTESIAN_POINT ( 'NONE',  ( 0.5999999999999999778, 0.7249999999999999778, -0.1250000000000000000 ) ) ;
#498 = PRODUCT_RELATED_PRODUCT_CATEGORY ( 'part', '', ( #2027 ) ) ;
#499 = EDGE_LOOP ( 'NONE', ( #927, #1788, #2375, #2190 ) ) ;
#500 = EDGE_CURVE ( 'NONE', #2418, #1817, #749, .T. ) ;
#501 = PRESENTATION_STYLE_ASSIGNMENT (( #878 ) ) ;
#502 = EDGE_LOOP ( 'NONE', ( #2224, #1887, #903, #2683, #2551, #220, #815, #1501, #2090, #2380 ) ) ;
#503 = EDGE_CURVE ( 'NONE', #1716, #1971, #415, .T. ) ;
#504 = ORIENTED_EDGE ( 'NONE', *, *, #421, .T. ) ;
#505 = AXIS2_PLACEMENT_3D ( 'NONE', #723, #1535, #1975 ) ;
#506 = FACE_OUTER_BOUND ( 'NONE', #1703, .T. ) ;
#507 = AXIS2_PLACEMENT_3D ( 'NONE', #2631, #2229, #2649 ) ;
#508 = DIRECTION ( 'NONE',  ( -1.000000000000000000, 0.000000000000000000, 0.000000000000000000 ) ) ;
#509 = EDGE_LOOP ( 'NONE', ( #1891, #1784, #1963, #1005 ) ) ;
#510 = CARTESIAN_POINT ( 'NONE',  ( 0.7721955216194450466, 0.7580512762376099278, 0.7750000000000000222 ) ) ;
#511 = FACE_OUTER_BOUND ( 'NONE', #2070, .T. ) ;
#512 = DIRECTION ( 'NONE',  ( 0.000000000000000000, 0.000000000000000000, -1.000000000000000000 ) ) ;
#513 = EDGE_CURVE ( 'NONE', #1878, #697, #2635, .T. ) ;
#514 = ORIENTED_EDGE ( 'NONE', *, *, #651, .F. ) ;
#515 = CIRCLE ( 'NONE', #131, 0.01405172445192136299 ) ;
#516 = CARTESIAN_POINT ( 'NONE',  ( -0.5999999999999999778, 0.7249999999999999778, 0.7750000000000000222 ) ) ;
#517 = ORIENTED_EDGE ( 'NONE', *, *, #702, .T. ) ;
#518 = VERTEX_POINT ( 'NONE', #1177 ) ;
#519 = DIRECTION ( 'NONE',  ( 1.000000000000000000, 0.000000000000000000, 0.000000000000000000 ) ) ;
#520 = PRESENTATION_LAYER_ASSIGNMENT (  '', '', ( #1032 ) ) ;
#521 = VECTOR ( 'NONE', #2402, 1000.000000000000000 ) ;
#522 = DIRECTION ( 'NONE',  ( -8.718776447396789675E-16, -1.000000000000000000, 0.000000000000000000 ) ) ;
#523 = SURFACE_SIDE_STYLE ('',( #724 ) ) ;
#524 = STYLED_ITEM ( 'NONE', ( #227 ), #1640 ) ;
#525 = EDGE_LOOP ( 'NONE', ( #2599, #1515, #1031, #2044, #193, #1118, #99, #2633, #2252, #2227 ) ) ;
#526 = DIRECTION ( 'NONE',  ( 1.000000000000000000, 2.943356597686604838E-17, 0.000000000000000000 ) ) ;
#527 = CARTESIAN_POINT ( 'NONE',  ( -0.9330897644443509886, 6.729278719454340224E-17, 0.5250000000000000222 ) ) ;
#528 = ORIENTED_EDGE ( 'NONE', *, *, #1034, .T. ) ;
#529 = LINE ( 'NONE', #380, #1903 ) ;
#530 = CARTESIAN_POINT ( 'NONE',  ( -1.050000000000000044, -1.208212286701180036E-17, 0.1250000000000000000 ) ) ;
#531 = VERTEX_POINT ( 'NONE', #2033 ) ;
#532 = CARTESIAN_POINT ( 'NONE',  ( -0.5999999999999999778, 0.7249999999999999778, -0.5250000000000000222 ) ) ;
#533 = PRESENTATION_LAYER_ASSIGNMENT (  '', '', ( #913 ) ) ;
#534 = LINE ( 'NONE', #1097, #1673 ) ;
#535 = VERTEX_POINT ( 'NONE', #2467 ) ;
#536 = VECTOR ( 'NONE', #137, 1000.000000000000000 ) ;
#537 = DIRECTION ( 'NONE',  ( 1.000000000000000000, 2.943356597686604838E-17, 0.000000000000000000 ) ) ;
#538 = PLANE ( 'NONE',  #2011 ) ;
#539 = UNCERTAINTY_MEASURE_WITH_UNIT (LENGTH_MEASURE( 1.000000000000000082E-05 ), #1594, 'distance_accuracy_value', 'NONE');
#540 = EDGE_LOOP ( 'NONE', ( #2576, #1170, #2646, #1127 ) ) ;
#541 = AXIS2_PLACEMENT_3D ( 'NONE', #1083, #1932, #83 ) ;
#542 = ADVANCED_FACE ( 'NONE', ( #2391 ), #2133, .F. ) ;
#543 = PLANE ( 'NONE',  #244 ) ;
#544 = DIRECTION ( 'NONE',  ( 1.000000000000000000, 3.572982729977149492E-17, 0.000000000000000000 ) ) ;
#545 = LINE ( 'NONE', #1191, #122 ) ;
#546 = EDGE_LOOP ( 'NONE', ( #1692, #46, #2540, #2245 ) ) ;
#547 = DIRECTION ( 'NONE',  ( 1.357589115994098057E-15, -1.000000000000000000, 4.738892976334379899E-17 ) ) ;
#548 = EDGE_CURVE ( 'NONE', #1731, #37, #61, .T. ) ;
#549 =( NAMED_UNIT ( * ) PLANE_ANGLE_UNIT ( ) SI_UNIT ( $, .RADIAN. ) );
#550 = EDGE_LOOP ( 'NONE', ( #1392, #701, #1265, #859 ) ) ;
#551 = EDGE_CURVE ( 'NONE', #1656, #1927, #2367, .T. ) ;
#552 = DIRECTION ( 'NONE',  ( -0.2491540388012205565, 0.9684638686853731526, -9.714451465470132055E-17 ) ) ;
#553 = CARTESIAN_POINT ( 'NONE',  ( 0.5999999999999999778, 0.7249999999999999778, 0.1250000000000000000 ) ) ;
#554 = ORIENTED_EDGE ( 'NONE', *, *, #309, .T. ) ;
#555 = CARTESIAN_POINT ( 'NONE',  ( 0.9330897644443499894, 0.1749999999999999889, 0.1250000000000000000 ) ) ;
#556 = LINE ( 'NONE', #2663, #619 ) ;
#557 = FACE_OUTER_BOUND ( 'NONE', #2059, .T. ) ;
#558 = ORIENTED_EDGE ( 'NONE', *, *, #1458, .F. ) ;
#559 = VECTOR ( 'NONE', #5, 1000.000000000000000 ) ;
#560 = FACE_OUTER_BOUND ( 'NONE', #2369, .T. ) ;
#561 = CARTESIAN_POINT ( 'NONE',  ( 0.5648747289909159530, 0.5257946891170379722, 0.9648747289909150870 ) ) ;
#562 = EDGE_CURVE ( 'NONE', #1927, #1151, #278, .T. ) ;
#563 = DIRECTION ( 'NONE',  ( 0.000000000000000000, -1.000000000000000000, 1.146543076436556017E-16 ) ) ;
#564 = DIRECTION ( 'NONE',  ( 0.000000000000000000, 0.000000000000000000, -1.000000000000000000 ) ) ;
#565 = ORIENTED_EDGE ( 'NONE', *, *, #1163, .F. ) ;
#566 = VECTOR ( 'NONE', #2211, 1000.000000000000000 ) ;
#567 = DIRECTION ( 'NONE',  ( -1.000000000000000000, 0.000000000000000000, 0.000000000000000000 ) ) ;
#568 = FACE_OUTER_BOUND ( 'NONE', #1942, .T. ) ;
#569 = AXIS2_PLACEMENT_3D ( 'NONE', #2000, #2047, #1790 ) ;
#570 = VERTEX_POINT ( 'NONE', #715 ) ;
#571 = DIRECTION ( 'NONE',  ( -2.943356597686604838E-17, 1.000000000000000000, -1.146543076436556017E-16 ) ) ;
#572 = CYLINDRICAL_SURFACE ( 'NONE', #1930, 0.01405172445192136299 ) ;
#573 = EDGE_CURVE ( 'NONE', #761, #756, #2125, .T. ) ;
#574 = EDGE_LOOP ( 'NONE', ( #1599, #2348, #1050, #429 ) ) ;
#575 = FACE_OUTER_BOUND ( 'NONE', #1397, .T. ) ;
#576 = LINE ( 'NONE', #2679, #808 ) ;
#577 = ADVANCED_FACE ( 'NONE', ( #1729 ), #458, .T. ) ;
#578 = ADVANCED_FACE ( 'NONE', ( #889 ), #1497, .F. ) ;
#579 = VECTOR ( 'NONE', #587, 1000.000000000000000 ) ;
#580 = ADVANCED_FACE ( 'NONE', ( #1157 ), #2617, .F. ) ;
#581 = VERTEX_POINT ( 'NONE', #2452 ) ;
#582 = FACE_OUTER_BOUND ( 'NONE', #588, .T. ) ;
#583 = DIRECTION ( 'NONE',  ( 0.000000000000000000, 0.000000000000000000, -1.000000000000000000 ) ) ;
#584 = ORIENTED_EDGE ( 'NONE', *, *, #771, .F. ) ;
#585 = VECTOR ( 'NONE', #310, 1000.000000000000000 ) ;
#586 = FACE_OUTER_BOUND ( 'NONE', #509, .T. ) ;
#587 = DIRECTION ( 'NONE',  ( -1.000000000000000000, -3.572982729977149492E-17, 0.000000000000000000 ) ) ;
#588 = EDGE_LOOP ( 'NONE', ( #76, #304, #2086, #1276 ) ) ;
#589 = EDGE_CURVE ( 'NONE', #2326, #2604, #758, .T. ) ;
#590 = CARTESIAN_POINT ( 'NONE',  ( 0.5999999999999999778, 0.7249999999999999778, 0.7750000000000000222 ) ) ;
#591 = FACE_OUTER_BOUND ( 'NONE', #905, .T. ) ;
#592 = CARTESIAN_POINT ( 'NONE',  ( 0.9330897644443499894, -2.107134249084490197E-16, 0.5250000000000000222 ) ) ;
#593 = ORIENTED_EDGE ( 'NONE', *, *, #1277, .F. ) ;
#594 = DIRECTION ( 'NONE',  ( -1.000000000000000000, 8.718776447396789675E-16, 0.000000000000000000 ) ) ;
#595 = VECTOR ( 'NONE', #2121, 1000.000000000000000 ) ;
#596 = CARTESIAN_POINT ( 'NONE',  ( 0.9330897644443499894, 0.1749999999999999889, 0.1250000000000000000 ) ) ;
#597 = VECTOR ( 'NONE', #2624, 1000.000000000000000 ) ;
#598 = EDGE_LOOP ( 'NONE', ( #1375, #1045, #2137, #472 ) ) ;
#599 = DIRECTION ( 'NONE',  ( -0.1710878697460359588, -0.9702875252478136980, 0.1710878697460359588 ) ) ;
#600 = EDGE_CURVE ( 'NONE', #880, #397, #1785, .T. ) ;
#601 =( NAMED_UNIT ( * ) PLANE_ANGLE_UNIT ( ) SI_UNIT ( $, .RADIAN. ) );
#602 = CARTESIAN_POINT ( 'NONE',  ( -0.3133450250061304843, 1.050000000000000044, -0.5836814178417849552 ) ) ;
#603 = AXIS2_PLACEMENT_3D ( 'NONE', #66, #881, #2123 ) ;
#604 = ORIENTED_EDGE ( 'NONE', *, *, #1720, .F. ) ;
#605 = ORIENTED_EDGE ( 'NONE', *, *, #2039, .F. ) ;
#606 = PLANE ( 'NONE',  #2004 ) ;
#607 = DIRECTION ( 'NONE',  ( 0.000000000000000000, 0.000000000000000000, -1.000000000000000000 ) ) ;
#608 = CARTESIAN_POINT ( 'NONE',  ( -1.050000000000000044, 0.1749999999999999889, 0.1250000000000000000 ) ) ;
#609 = VERTEX_POINT ( 'NONE', #969 ) ;
#610 =( GEOMETRIC_REPRESENTATION_CONTEXT ( 3 ) GLOBAL_UNCERTAINTY_ASSIGNED_CONTEXT ( ( #2025 ) ) GLOBAL_UNIT_ASSIGNED_CONTEXT ( ( #206, #601, #2106 ) ) REPRESENTATION_CONTEXT ( 'NONE', 'WORKASPACE' ) );
#611 = CARTESIAN_POINT ( 'NONE',  ( -0.9330897644443499894, -1.675020352789175144E-16, -0.7750000000000000222 ) ) ;
#612 = VECTOR ( 'NONE', #781, 1000.000000000000000 ) ;
#613 = DIRECTION ( 'NONE',  ( 0.000000000000000000, -0.9848077530122081313, 0.1736481776669305255 ) ) ;
#614 = FACE_OUTER_BOUND ( 'NONE', #1183, .T. ) ;
#615 = ORIENTED_EDGE ( 'NONE', *, *, #1376, .T. ) ;
#616 = CARTESIAN_POINT ( 'NONE',  ( -0.9330897644443509886, 0.1749999999999999889, 0.1250000000000000000 ) ) ;
#617 = CARTESIAN_POINT ( 'NONE',  ( 0.9194811770199400325, 0.1855506805526029868, 0.1250000000000000000 ) ) ;
#618 = DIRECTION ( 'NONE',  ( 0.000000000000000000, 0.000000000000000000, -1.000000000000000000 ) ) ;
#619 = VECTOR ( 'NONE', #2439, 1000.000000000000000 ) ;
#620 = EDGE_CURVE ( 'NONE', #1656, #621, #955, .T. ) ;
#621 = VERTEX_POINT ( 'NONE', #555 ) ;
#622 = CARTESIAN_POINT ( 'NONE',  ( 1.050000000000000044, 0.1749999999999999889, -0.7750000000000000222 ) ) ;
#623 = EDGE_CURVE ( 'NONE', #2630, #2468, #334, .T. ) ;
#624 = AXIS2_PLACEMENT_3D ( 'NONE', #344, #151, #1815 ) ;
#625 = LINE ( 'NONE', #1652, #218 ) ;
#626 = DIRECTION ( 'NONE',  ( -1.000000000000000000, -3.572982729977149492E-17, 0.000000000000000000 ) ) ;
#627 = EDGE_CURVE ( 'NONE', #909, #116, #1818, .T. ) ;
#628 = VERTEX_POINT ( 'NONE', #142 ) ;
#629 = CARTESIAN_POINT ( 'NONE',  ( -0.9194811770199420309, 0.1855506805526029868, 0.5250000000000000222 ) ) ;
#630 = LINE ( 'NONE', #1449, #342 ) ;
#631 = ORIENTED_EDGE ( 'NONE', *, *, #1649, .T. ) ;
#632 = AXIS2_PLACEMENT_3D ( 'NONE', #760, #2244, #363 ) ;
#633 = CIRCLE ( 'NONE', #2691, 0.01405172445192136299 ) ;
#634 = CARTESIAN_POINT ( 'NONE',  ( 1.050000000000000044, 0.1749999999999999889, -0.7750000000000000222 ) ) ;
#635 = EDGE_LOOP ( 'NONE', ( #423, #867, #1145, #972 ) ) ;
#636 = DIRECTION ( 'NONE',  ( 1.000000000000000000, 0.000000000000000000, 0.000000000000000000 ) ) ;
#637 = LINE ( 'NONE', #1459, #2561 ) ;
#638 = CIRCLE ( 'NONE', #1111, 0.01405172445192136299 ) ;
#639 = ADVANCED_FACE ( 'NONE', ( #586 ), #1171, .F. ) ;
#640 = FACE_OUTER_BOUND ( 'NONE', #1751, .T. ) ;
#641 = CARTESIAN_POINT ( 'NONE',  ( -0.9194811770199420309, 0.1855506805526029868, -0.7750000000000000222 ) ) ;
#642 = VERTEX_POINT ( 'NONE', #1801 ) ;
#643 = LINE ( 'NONE', #1908, #1119 ) ;
#644 = LINE ( 'NONE', #2575, #2228 ) ;
#645 = AXIS2_PLACEMENT_3D ( 'NONE', #1683, #1023, #1874 ) ;
#646 = AXIS2_PLACEMENT_3D ( 'NONE', #19, #1665, #205 ) ;
#647 = FACE_OUTER_BOUND ( 'NONE', #1709, .T. ) ;
#648 = EDGE_LOOP ( 'NONE', ( #473, #1369, #242, #56 ) ) ;
#649 = EDGE_CURVE ( 'NONE', #1968, #12, #943, .T. ) ;
#650 = MECHANICAL_DESIGN_GEOMETRIC_PRESENTATION_REPRESENTATION (  '', ( #1789 ), #2315 ) ;
#651 = EDGE_CURVE ( 'NONE', #12, #642, #1674, .T. ) ;
#652 = CARTESIAN_POINT ( 'NONE',  ( -0.3133450250061304843, 1.100000000000000089, -0.6940556515928619774 ) ) ;
#653 = CARTESIAN_POINT ( 'NONE',  ( 0.5691427783760180104, 0.9000000000000000222, 0.5250000000000000222 ) ) ;
#654 = LINE ( 'NONE', #2516, #2429 ) ;
#655 = ORIENTED_EDGE ( 'NONE', *, *, #936, .F. ) ;
#656 = DIRECTION ( 'NONE',  ( -1.000000000000000000, -3.572982729977149492E-17, 0.000000000000000000 ) ) ;
#657 = VECTOR ( 'NONE', #988, 1000.000000000000000 ) ;
#658 = FACE_OUTER_BOUND ( 'NONE', #540, .T. ) ;
#659 = ORIENTED_EDGE ( 'NONE', *, *, #726, .T. ) ;
#660 = DIRECTION ( 'NONE',  ( -1.000000000000000000, 0.000000000000000000, 0.000000000000000000 ) ) ;
#661 = ORIENTED_EDGE ( 'NONE', *, *, #418, .F. ) ;
#662 = VERTEX_POINT ( 'NONE', #1835 ) ;
#663 = VECTOR ( 'NONE', #1829, 1000.000000000000000 ) ;
#664 = CARTESIAN_POINT ( 'NONE',  ( 0.9330897644443499894, 0.1890517244519205053, 0.7750000000000000222 ) ) ;
#665 = CLOSED_SHELL ( 'NONE', ( #1741, #185, #1580, #343, #2057, #1540, #777, #456, #786, #577, #578, #1934 ) ) ;
#666 = VECTOR ( 'NONE', #1426, 1000.000000000000114 ) ;
#667 = DIRECTION ( 'NONE',  ( 0.000000000000000000, 0.000000000000000000, 1.000000000000000000 ) ) ;
#668 = CARTESIAN_POINT ( 'NONE',  ( -0.5891057571750980548, 0.7109482755480779348, 0.1250000000000000000 ) ) ;
#669 = ORIENTED_EDGE ( 'NONE', *, *, #2173, .T. ) ;
#670 = LINE ( 'NONE', #1478, #1030 ) ;
#671 = EDGE_LOOP ( 'NONE', ( #2684, #2146, #2165, #675 ) ) ;
#672 = EDGE_CURVE ( 'NONE', #2309, #1287, #155, .T. ) ;
#673 = DIRECTION ( 'NONE',  ( 1.000000000000000000, 0.000000000000000000, 0.000000000000000000 ) ) ;
#674 = DIRECTION ( 'NONE',  ( 0.000000000000000000, -1.000000000000000000, 1.146543076436556017E-16 ) ) ;
#675 = ORIENTED_EDGE ( 'NONE', *, *, #172, .T. ) ;
#676 = VECTOR ( 'NONE', #2662, 1000.000000000000000 ) ;
#677 = ORIENTED_EDGE ( 'NONE', *, *, #1454, .T. ) ;
#678 = ORIENTED_EDGE ( 'NONE', *, *, #2593, .F. ) ;
#679 = DIRECTION ( 'NONE',  ( -3.374685128561435093E-33, 1.146543076436556017E-16, 1.000000000000000000 ) ) ;
#680 = LINE ( 'NONE', #908, #1995 ) ;
#681 = FACE_OUTER_BOUND ( 'NONE', #1278, .T. ) ;
#682 = AXIS2_PLACEMENT_3D ( 'NONE', #1646, #1, #818 ) ;
#683 = ORIENTED_EDGE ( 'NONE', *, *, #2036, .F. ) ;
#684 = DIRECTION ( 'NONE',  ( 0.000000000000000000, 0.000000000000000000, -1.000000000000000000 ) ) ;
#685 = CARTESIAN_POINT ( 'NONE',  ( -0.5891057571750980548, 0.7109482755480779348, -0.5250000000000000222 ) ) ;
#686 = EDGE_CURVE ( 'NONE', #642, #12, #1197, .T. ) ;
#687 = ORIENTED_EDGE ( 'NONE', *, *, #2487, .T. ) ;
#688 = DIRECTION ( 'NONE',  ( 0.000000000000000000, 0.000000000000000000, 1.000000000000000000 ) ) ;
#689 = CARTESIAN_POINT ( 'NONE',  ( -0.9330897644443499894, 0.1890517244519205053, -0.7750000000000000222 ) ) ;
#690 = ORIENTED_EDGE ( 'NONE', *, *, #1744, .F. ) ;
#691 = EDGE_LOOP ( 'NONE', ( #103, #1994 ) ) ;
#692 = VECTOR ( 'NONE', #1726, 1000.000000000000000 ) ;
#693 = VECTOR ( 'NONE', #1051, 1000.000000000000000 ) ;
#694 = EDGE_CURVE ( 'NONE', #2305, #1115, #1586, .T. ) ;
#695 = LINE ( 'NONE', #708, #2474 ) ;
#696 = CARTESIAN_POINT ( 'NONE',  ( -0.3133450250061304843, 1.050000000000000044, -0.8044298853439389996 ) ) ;
#697 = VERTEX_POINT ( 'NONE', #1389 ) ;
#698 = EDGE_CURVE ( 'NONE', #1115, #1247, #2242, .T. ) ;
#699 = ADVANCED_FACE ( 'NONE', ( #2041 ), #543, .F. ) ;
#700 = PLANE ( 'NONE',  #1691 ) ;
#701 = ORIENTED_EDGE ( 'NONE', *, *, #2669, .F. ) ;
#702 = EDGE_CURVE ( 'NONE', #570, #1365, #1403, .T. ) ;
#703 = DIRECTION ( 'NONE',  ( -3.374685128561435093E-33, 1.146543076436556017E-16, 1.000000000000000000 ) ) ;
#704 = ORIENTED_EDGE ( 'NONE', *, *, #435, .F. ) ;
#705 = DIRECTION ( 'NONE',  ( 0.000000000000000000, 1.000000000000000000, -1.146543076436556017E-16 ) ) ;
#706 = DIRECTION ( 'NONE',  ( 0.000000000000000000, -1.000845842425429858E-16, -1.000000000000000000 ) ) ;
#707 = VECTOR ( 'NONE', #2580, 1000.000000000000000 ) ;
#708 = CARTESIAN_POINT ( 'NONE',  ( 0.5891057571750960564, 0.9000000000000000222, -0.7750000000000000222 ) ) ;
#709 =( NAMED_UNIT ( * ) PLANE_ANGLE_UNIT ( ) SI_UNIT ( $, .RADIAN. ) );
#710 = ORIENTED_EDGE ( 'NONE', *, *, #2236, .T. ) ;
#711 = VECTOR ( 'NONE', #884, 1000.000000000000227 ) ;
#712 = CARTESIAN_POINT ( 'NONE',  ( -0.7500000000000000000, 0.1419487237623900111, -0.1250000000000000000 ) ) ;
#713 = CARTESIAN_POINT ( 'NONE',  ( 0.5691427783760180104, 0.9000000000000000222, -0.5250000000000000222 ) ) ;
#714 = ORIENTED_EDGE ( 'NONE', *, *, #2290, .T. ) ;
#715 = CARTESIAN_POINT ( 'NONE',  ( -0.5999999999999999778, 0.7249999999999999778, -0.7750000000000000222 ) ) ;
#716 = EDGE_CURVE ( 'NONE', #1512, #1167, #529, .T. ) ;
#717 = DIRECTION ( 'NONE',  ( 0.000000000000000000, 0.000000000000000000, -1.000000000000000000 ) ) ;
#718 = VERTEX_POINT ( 'NONE', #928 ) ;
#719 = ORIENTED_EDGE ( 'NONE', *, *, #600, .T. ) ;
#720 = VECTOR ( 'NONE', #336, 1000.000000000000000 ) ;
#721 = CYLINDRICAL_SURFACE ( 'NONE', #1894, 0.1890517244519220319 ) ;
#722 = AXIS2_PLACEMENT_3D ( 'NONE', #1611, #2028, #2438 ) ;
#723 = CARTESIAN_POINT ( 'NONE',  ( 0.9194811770199400325, 0.1855506805526029868, -0.5250000000000000222 ) ) ;
#724 = SURFACE_STYLE_FILL_AREA ( #1764 ) ;
#725 = ORIENTED_EDGE ( 'NONE', *, *, #2614, .F. ) ;
#726 = EDGE_CURVE ( 'NONE', #2309, #2589, #2201, .T. ) ;
#727 = CYLINDRICAL_SURFACE ( 'NONE', #1734, 0.1890517244519215045 ) ;
#728 = CARTESIAN_POINT ( 'NONE',  ( -0.7721955216194470450, 0.7580512762376099278, 0.1250000000000000000 ) ) ;
#729 = FACE_OUTER_BOUND ( 'NONE', #1068, .T. ) ;
#730 = ORIENTED_EDGE ( 'NONE', *, *, #2517, .T. ) ;
#731 = MANIFOLD_SOLID_BREP ( 'NONE', #2073 ) ;
#732 = CARTESIAN_POINT ( 'NONE',  ( -0.9194811770199420309, 0.1855506805526025149, 0.7750000000000000222 ) ) ;
#733 = CARTESIAN_POINT ( 'NONE',  ( 0.9194811770199400325, 0.1855506805526029868, -0.5250000000000000222 ) ) ;
#734 = ORIENTED_EDGE ( 'NONE', *, *, #2235, .T. ) ;
#735 = CARTESIAN_POINT ( 'NONE',  ( 1.050000000000000044, 1.405360219255710014E-16, -0.5250000000000000222 ) ) ;
#736 = VECTOR ( 'NONE', #173, 1000.000000000000000 ) ;
#737 = VECTOR ( 'NONE', #2629, 1000.000000000000114 ) ;
#738 = CARTESIAN_POINT ( 'NONE',  ( -0.9330897644443509886, -9.121781922234990018E-18, 0.1250000000000000000 ) ) ;
#739 = EDGE_CURVE ( 'NONE', #1885, #2114, #637, .T. ) ;
#740 = DIRECTION ( 'NONE',  ( -1.000000000000000000, 0.000000000000000000, 0.000000000000000000 ) ) ;
#741 = CARTESIAN_POINT ( 'NONE',  ( 0.5891057571750950572, 0.9000000000000000222, -0.5250000000000000222 ) ) ;
#742 = DIRECTION ( 'NONE',  ( 0.000000000000000000, -1.000000000000000000, 1.146543076436556017E-16 ) ) ;
#743 = VERTEX_POINT ( 'NONE', #2490 ) ;
#744 = CARTESIAN_POINT ( 'NONE',  ( 1.050000000000000044, 0.1749999999999999889, 0.7750000000000000222 ) ) ;
#745 = DIRECTION ( 'NONE',  ( 0.000000000000000000, 0.000000000000000000, -1.000000000000000000 ) ) ;
#746 = PLANE ( 'NONE',  #632 ) ;
#747 = VERTEX_POINT ( 'NONE', #1251 ) ;
#748 = DIRECTION ( 'NONE',  ( 1.000000000000000000, 0.000000000000000000, 0.000000000000000000 ) ) ;
#749 = LINE ( 'NONE', #561, #2387 ) ;
#750 = VECTOR ( 'NONE', #2013, 1000.000000000000000 ) ;
#751 = CARTESIAN_POINT ( 'NONE',  ( 0.5691427783760159009, 0.9000000000000000222, -0.1250000000000000000 ) ) ;
#752 = EDGE_CURVE ( 'NONE', #662, #790, #2328, .T. ) ;
#753 = DIRECTION ( 'NONE',  ( 0.000000000000000000, 0.000000000000000000, -1.000000000000000000 ) ) ;
#754 = CARTESIAN_POINT ( 'NONE',  ( 0.9330897644443499894, 0.1749999999999999889, -0.1250000000000000000 ) ) ;
#755 = PLANE ( 'NONE',  #2271 ) ;
#756 = VERTEX_POINT ( 'NONE', #1053 ) ;
#757 =( GEOMETRIC_REPRESENTATION_CONTEXT ( 3 ) GLOBAL_UNCERTAINTY_ASSIGNED_CONTEXT ( ( #2435 ) ) GLOBAL_UNIT_ASSIGNED_CONTEXT ( ( #922, #709, #2610 ) ) REPRESENTATION_CONTEXT ( 'NONE', 'WORKASPACE' ) );
#758 = LINE ( 'NONE', #732, #978 ) ;
#759 = CARTESIAN_POINT ( 'NONE',  ( 0.5999999999999999778, 0.7249999999999999778, 1.000000000000000000 ) ) ;
#760 = CARTESIAN_POINT ( 'NONE',  ( -0.5999999999999999778, 0.7249999999999999778, 1.000000000000000000 ) ) ;
#761 = VERTEX_POINT ( 'NONE', #1902 ) ;
#762 = EDGE_CURVE ( 'NONE', #1983, #489, #856, .T. ) ;
#763 = CARTESIAN_POINT ( 'NONE',  ( 0.5999999999999999778, 0.7249999999999999778, 0.7750000000000000222 ) ) ;
#764 = AXIS2_PLACEMENT_3D ( 'NONE', #1749, #522, #493 ) ;
#765 = AXIS2_PLACEMENT_3D ( 'NONE', #146, #186, #2428 ) ;
#766 = LINE ( 'NONE', #981, #1209 ) ;
#767 = EDGE_LOOP ( 'NONE', ( #2381, #1869, #1999, #528 ) ) ;
#768 = CARTESIAN_POINT ( 'NONE',  ( -1.050000000000000044, -1.343801279233765973E-16, -0.1250000000000000000 ) ) ;
#769 = CARTESIAN_POINT ( 'NONE',  ( -0.5999999999999999778, 0.7249999999999999778, 0.5250000000000000222 ) ) ;
#770 = ORIENTED_EDGE ( 'NONE', *, *, #2074, .T. ) ;
#771 = EDGE_CURVE ( 'NONE', #1187, #2461, #447, .T. ) ;
#772 = EDGE_CURVE ( 'NONE', #2326, #1415, #2478, .T. ) ;
#773 = DIRECTION ( 'NONE',  ( 1.000000000000000000, 9.343165878557569289E-16, 0.000000000000000000 ) ) ;
#774 = LINE ( 'NONE', #1601, #750 ) ;
#775 = ORIENTED_EDGE ( 'NONE', *, *, #1180, .F. ) ;
#776 = CIRCLE ( 'NONE', #1457, 0.1890517244519215045 ) ;
#777 = ADVANCED_FACE ( 'NONE', ( #1518 ), #1296, .F. ) ;
#778 = PLANE ( 'NONE',  #1513 ) ;
#779 = DIRECTION ( 'NONE',  ( -2.943356597686604838E-17, 1.000000000000000000, 0.000000000000000000 ) ) ;
#780 = DIRECTION ( 'NONE',  ( 0.000000000000000000, -1.000000000000000000, 1.146543076436556017E-16 ) ) ;
#781 = DIRECTION ( 'NONE',  ( 0.000000000000000000, 0.000000000000000000, -1.000000000000000000 ) ) ;
#782 = ORIENTED_EDGE ( 'NONE', *, *, #589, .T. ) ;
#783 = CIRCLE ( 'NONE', #2094, 0.1103742337510774107 ) ;
#784 = FACE_OUTER_BOUND ( 'NONE', #691, .T. ) ;
#785 = CARTESIAN_POINT ( 'NONE',  ( 0.5691427783760180104, 0.9000000000000000222, -0.5250000000000000222 ) ) ;
#786 = ADVANCED_FACE ( 'NONE', ( #2357 ), #1929, .F. ) ;
#787 = ORIENTED_EDGE ( 'NONE', *, *, #500, .T. ) ;
#788 = CARTESIAN_POINT ( 'NONE',  ( -0.5891057571750980548, 0.9000000000000000222, 0.1250000000000000000 ) ) ;
#789 = CARTESIAN_POINT ( 'NONE',  ( -0.5891057571750980548, 0.7109482755480790450, 0.7750000000000000222 ) ) ;
#790 = VERTEX_POINT ( 'NONE', #1108 ) ;
#791 = PLANE ( 'NONE',  #1207 ) ;
#792 = LINE ( 'NONE', #2234, #1863 ) ;
#793 = CARTESIAN_POINT ( 'NONE',  ( 0.000000000000000000, 0.000000000000000000, 0.000000000000000000 ) ) ;
#794 = ORIENTED_EDGE ( 'NONE', *, *, #672, .T. ) ;
#795 = ADVANCED_FACE ( 'NONE', ( #1534 ), #270, .T. ) ;
#796 = LINE ( 'NONE', #1435, #1660 ) ;
#797 = DIRECTION ( 'NONE',  ( 0.000000000000000000, 0.000000000000000000, -1.000000000000000000 ) ) ;
#798 = ORIENTED_EDGE ( 'NONE', *, *, #98, .T. ) ;
#799 = AXIS2_PLACEMENT_3D ( 'NONE', #1028, #819, #2672 ) ;
#800 = DIRECTION ( 'NONE',  ( 1.000000000000000000, 3.572982729977149492E-17, 0.000000000000000000 ) ) ;
#801 = SURFACE_SIDE_STYLE ('',( #2475 ) ) ;
#802 = DIRECTION ( 'NONE',  ( 0.1710878697460359588, -0.9702875252478136980, 0.1710878697460359588 ) ) ;
#803 = ORIENTED_EDGE ( 'NONE', *, *, #293, .T. ) ;
#804 = ORIENTED_EDGE ( 'NONE', *, *, #1946, .F. ) ;
#805 = LINE ( 'NONE', #1398, #1712 ) ;
#806 = VECTOR ( 'NONE', #1353, 1000.000000000000000 ) ;
#807 = DIRECTION ( 'NONE',  ( 6.204419398959465481E-18, -0.1736481776669305255, 0.9848077530122081313 ) ) ;
#808 = VECTOR ( 'NONE', #1825, 1000.000000000000000 ) ;
#809 = EDGE_CURVE ( 'NONE', #1226, #1938, #1416, .T. ) ;
#810 = ORIENTED_EDGE ( 'NONE', *, *, #1091, .F. ) ;
#811 = CARTESIAN_POINT ( 'NONE',  ( -0.5691427783760198977, 0.9000000000000000222, -0.1250000000000000000 ) ) ;
#812 = DIRECTION ( 'NONE',  ( 0.1736481776669314692, -0.9848077530122079093, -6.938893903907229918E-18 ) ) ;
#813 = VECTOR ( 'NONE', #1341, 1000.000000000000000 ) ;
#814 =( NAMED_UNIT ( * ) PLANE_ANGLE_UNIT ( ) SI_UNIT ( $, .RADIAN. ) );
#815 = ORIENTED_EDGE ( 'NONE', *, *, #219, .F. ) ;
#816 = ORIENTED_EDGE ( 'NONE', *, *, #936, .T. ) ;
#817 = EDGE_CURVE ( 'NONE', #743, #938, #776, .T. ) ;
#818 = DIRECTION ( 'NONE',  ( 0.000000000000000000, 0.000000000000000000, 1.000000000000000000 ) ) ;
#819 = DIRECTION ( 'NONE',  ( 0.000000000000000000, 0.000000000000000000, -1.000000000000000000 ) ) ;
#820 = FACE_OUTER_BOUND ( 'NONE', #1307, .T. ) ;
#821 = DIRECTION ( 'NONE',  ( 0.000000000000000000, 0.000000000000000000, -1.000000000000000000 ) ) ;
#822 = CIRCLE ( 'NONE', #91, 0.01405172445192136299 ) ;
#823 = ORIENTED_EDGE ( 'NONE', *, *, #274, .F. ) ;
#824 = AXIS2_PLACEMENT_3D ( 'NONE', #2692, #1889, #22 ) ;
#825 = DIRECTION ( 'NONE',  ( 0.000000000000000000, 0.000000000000000000, -1.000000000000000000 ) ) ;
#826 = EDGE_CURVE ( 'NONE', #1537, #2390, #1095, .T. ) ;
#827 = SURFACE_SIDE_STYLE ('',( #9 ) ) ;
#828 = ORIENTED_EDGE ( 'NONE', *, *, #296, .F. ) ;
#829 = EDGE_CURVE ( 'NONE', #324, #2630, #1719, .T. ) ;
#830 = ORIENTED_EDGE ( 'NONE', *, *, #548, .T. ) ;
#831 = DIRECTION ( 'NONE',  ( 0.000000000000000000, 0.000000000000000000, 1.000000000000000000 ) ) ;
#832 = DIRECTION ( 'NONE',  ( 0.2491540388012205565, 0.9684638686853731526, -4.163336342344340724E-17 ) ) ;
#833 = CARTESIAN_POINT ( 'NONE',  ( -0.5891057571750980548, 0.7109482755480779348, 0.1250000000000000000 ) ) ;
#834 = CARTESIAN_POINT ( 'NONE',  ( 1.050000000000000044, 0.1749999999999999889, 0.7750000000000000222 ) ) ;
#835 = ORIENTED_EDGE ( 'NONE', *, *, #2596, .F. ) ;
#836 = CARTESIAN_POINT ( 'NONE',  ( 0.9330897644443499894, -1.182737838770814118E-17, -0.7750000000000000222 ) ) ;
#837 = ORIENTED_EDGE ( 'NONE', *, *, #74, .F. ) ;
#838 = FILL_AREA_STYLE ('',( #1455 ) ) ;
#839 = DIRECTION ( 'NONE',  ( 1.000000000000000000, 0.000000000000000000, 0.000000000000000000 ) ) ;
#840 = CLOSED_SHELL ( 'NONE', ( #67, #25, #1414, #1334 ) ) ;
#841 = EDGE_LOOP ( 'NONE', ( #118, #1102, #439, #1141 ) ) ;
#842 = CARTESIAN_POINT ( 'NONE',  ( -0.5999999999999999778, 0.7249999999999999778, -0.5250000000000000222 ) ) ;
#843 = DIRECTION ( 'NONE',  ( -1.000000000000000000, 0.000000000000000000, 0.000000000000000000 ) ) ;
#844 = DIRECTION ( 'NONE',  ( -0.9684638686853732636, -0.2491540388012205842, 0.000000000000000000 ) ) ;
#845 = DIRECTION ( 'NONE',  ( 0.000000000000000000, 0.000000000000000000, -1.000000000000000000 ) ) ;
#846 = ORIENTED_EDGE ( 'NONE', *, *, #1025, .F. ) ;
#847 = CARTESIAN_POINT ( 'NONE',  ( 0.5414578816515249748, 0.3929911485283969497, -0.9414578816515259962 ) ) ;
#848 = VECTOR ( 'NONE', #773, 1000.000000000000000 ) ;
#849 = DIRECTION ( 'NONE',  ( 0.9684638686853732636, -0.2491540388012205842, 1.110223024625156540E-16 ) ) ;
#850 = ORIENTED_EDGE ( 'NONE', *, *, #1834, .T. ) ;
#851 = EDGE_CURVE ( 'NONE', #2266, #1247, #80, .T. ) ;
#852 = ADVANCED_FACE ( 'NONE', ( #1704 ), #1504, .T. ) ;
#853 = CARTESIAN_POINT ( 'NONE',  ( 0.5891057571750950572, 0.7109482755480779348, -0.5250000000000000222 ) ) ;
#854 = DIRECTION ( 'NONE',  ( -2.943356597686604838E-17, 1.000000000000000000, -1.146543076436556017E-16 ) ) ;
#855 = EDGE_CURVE ( 'NONE', #2266, #2326, #638, .T. ) ;
#856 = LINE ( 'NONE', #1686, #2352 ) ;
#857 = CARTESIAN_POINT ( 'NONE',  ( -0.9330897644443499894, 0.1749999999999999889, -0.5250000000000000222 ) ) ;
#858 = CARTESIAN_POINT ( 'NONE',  ( -0.9194811770199420309, 0.1855506805526029868, -0.5250000000000000222 ) ) ;
#859 = ORIENTED_EDGE ( 'NONE', *, *, #405, .T. ) ;
#860 = CARTESIAN_POINT ( 'NONE',  ( -0.4897956370572120188, 0.1000000000000000056, -1.084202172485503941E-16 ) ) ;
#861 = CARTESIAN_POINT ( 'NONE',  ( 0.5999999999999999778, 0.7249999999999999778, -0.5250000000000000222 ) ) ;
#862 = VERTEX_POINT ( 'NONE', #1591 ) ;
#863 = AXIS2_PLACEMENT_3D ( 'NONE', #1900, #1668, #636 ) ;
#864 = VECTOR ( 'NONE', #911, 1000.000000000000114 ) ;
#865 = LINE ( 'NONE', #255, #2674 ) ;
#866 = DIRECTION ( 'NONE',  ( 1.000000000000000000, 1.357589115994098057E-15, -1.665334536937734811E-16 ) ) ;
#867 = ORIENTED_EDGE ( 'NONE', *, *, #1239, .F. ) ;
#868 = COLOUR_RGB ( '',0.7921568627450980005, 0.8196078431372548767, 0.9333333333333333481 ) ;
#869 = DIRECTION ( 'NONE',  ( 9.343165878557569289E-16, -1.000000000000000000, 1.000845842425429858E-16 ) ) ;
#870 = FACE_OUTER_BOUND ( 'NONE', #1464, .T. ) ;
#871 = CARTESIAN_POINT ( 'NONE',  ( -0.5891057571750960564, 0.9000000000000000222, -0.7750000000000000222 ) ) ;
#872 = EDGE_LOOP ( 'NONE', ( #1427, #1492, #277, #584, #1355, #1333, #2449, #823, #341, #1262 ) ) ;
#873 = EDGE_CURVE ( 'NONE', #2238, #2305, #82, .T. ) ;
#874 = AXIS2_PLACEMENT_3D ( 'NONE', #2424, #2408, #2029 ) ;
#875 = DIRECTION ( 'NONE',  ( 1.000000000000000000, 3.572982729977149492E-17, 0.000000000000000000 ) ) ;
#876 = EDGE_LOOP ( 'NONE', ( #885, #453, #328, #2422 ) ) ;
#877 = CARTESIAN_POINT ( 'NONE',  ( -0.9330897644443509886, 0.1890517244519210049, 0.7750000000000000222 ) ) ;
#878 = SURFACE_STYLE_USAGE ( .BOTH. , #1105 ) ;
#879 = ORIENTED_EDGE ( 'NONE', *, *, #1880, .F. ) ;
#880 = VERTEX_POINT ( 'NONE', #1737 ) ;
#881 = DIRECTION ( 'NONE',  ( 0.000000000000000000, 0.000000000000000000, 1.000000000000000000 ) ) ;
#882 = VECTOR ( 'NONE', #2128, 1000.000000000000000 ) ;
#883 = DIRECTION ( 'NONE',  ( 1.000000000000000000, 0.000000000000000000, 0.000000000000000000 ) ) ;
#884 = DIRECTION ( 'NONE',  ( 0.2491540388012205565, 0.9684638686853731526, -4.163336342344340724E-17 ) ) ;
#885 = ORIENTED_EDGE ( 'NONE', *, *, #293, .F. ) ;
#886 = CARTESIAN_POINT ( 'NONE',  ( -0.9194811770199420309, 0.1855506805526029868, -0.1250000000000000000 ) ) ;
#887 = CARTESIAN_POINT ( 'NONE',  ( -0.9194811770199420309, 0.1855506805526025149, 0.7750000000000000222 ) ) ;
#888 = ORIENTED_EDGE ( 'NONE', *, *, #771, .T. ) ;
#889 = FACE_OUTER_BOUND ( 'NONE', #65, .T. ) ;
#890 = ORIENTED_EDGE ( 'NONE', *, *, #1781, .T. ) ;
#891 = ORIENTED_EDGE ( 'NONE', *, *, #2669, .T. ) ;
#892 = EDGE_CURVE ( 'NONE', #1701, #324, #1722, .T. ) ;
#893 = ORIENTED_EDGE ( 'NONE', *, *, #2327, .F. ) ;
#894 = DIRECTION ( 'NONE',  ( -0.9848077530122081313, 0.1736481776669305255, 1.060335127665142068E-16 ) ) ;
#895 = EDGE_CURVE ( 'NONE', #150, #2266, #2018, .T. ) ;
#896 = FACE_OUTER_BOUND ( 'NONE', #1724, .T. ) ;
#897 = PLANE ( 'NONE',  #924 ) ;
#898 = STYLED_ITEM ( 'NONE', ( #2286 ), #731 ) ;
#899 = ADVANCED_FACE ( 'NONE', ( #1563 ), #1368, .F. ) ;
#900 = DIRECTION ( 'NONE',  ( 0.9848077530122081313, -0.1736481776669305255, -1.110223024625156171E-16 ) ) ;
#901 = EDGE_LOOP ( 'NONE', ( #968, #558, #1469, #835 ) ) ;
#902 = CARTESIAN_POINT ( 'NONE',  ( -0.9330897644443509886, 0.1890517244519210049, 0.1250000000000000000 ) ) ;
#903 = ORIENTED_EDGE ( 'NONE', *, *, #339, .F. ) ;
#904 = VECTOR ( 'NONE', #1755, 1000.000000000000114 ) ;
#905 = EDGE_LOOP ( 'NONE', ( #1453, #565, #1019, #615 ) ) ;
#906 = ADVANCED_FACE ( 'NONE', ( #1792 ), #1809, .F. ) ;
#907 = STYLED_ITEM ( 'NONE', ( #2523 ), #1642 ) ;
#908 = CARTESIAN_POINT ( 'NONE',  ( -1.050000000000000044, -1.208212286701180036E-17, 0.1250000000000000000 ) ) ;
#909 = VERTEX_POINT ( 'NONE', #1926 ) ;
#910 = CARTESIAN_POINT ( 'NONE',  ( -0.5999999999999999778, 0.7249999999999999778, -0.5250000000000000222 ) ) ;
#911 = DIRECTION ( 'NONE',  ( -0.2491540388012210283, -0.9684638686853730416, 8.326672684688669123E-17 ) ) ;
#912 = ORIENTED_EDGE ( 'NONE', *, *, #452, .T. ) ;
#913 = STYLED_ITEM ( 'NONE', ( #501 ), #1677 ) ;
#914 = DIRECTION ( 'NONE',  ( -1.000000000000000000, 8.663263802081679477E-16, 0.000000000000000000 ) ) ;
#915 = DIRECTION ( 'NONE',  ( 1.000000000000000000, 0.000000000000000000, 0.000000000000000000 ) ) ;
#916 = ORIENTED_EDGE ( 'NONE', *, *, #1082, .F. ) ;
#917 = ORIENTED_EDGE ( 'NONE', *, *, #817, .T. ) ;
#918 = DIRECTION ( 'NONE',  ( 0.000000000000000000, 0.000000000000000000, -1.000000000000000000 ) ) ;
#919 = EDGE_CURVE ( 'NONE', #1065, #1320, #175, .T. ) ;
#920 = AXIS2_PLACEMENT_3D ( 'NONE', #1549, #248, #2329 ) ;
#921 = CARTESIAN_POINT ( 'NONE',  ( 0.9330897644443499894, 0.1890517244519205053, 0.7750000000000000222 ) ) ;
#922 =( LENGTH_UNIT ( ) NAMED_UNIT ( * ) SI_UNIT ( .MILLI., .METRE. ) );
#923 = ORIENTED_EDGE ( 'NONE', *, *, #1838, .F. ) ;
#924 = AXIS2_PLACEMENT_3D ( 'NONE', #1042, #1491, #1676 ) ;
#925 = FACE_OUTER_BOUND ( 'NONE', #1486, .T. ) ;
#926 = CARTESIAN_POINT ( 'NONE',  ( 0.4897956370572069118, 0.1000000000000000056, -0.8897956370572099871 ) ) ;
#927 = ORIENTED_EDGE ( 'NONE', *, *, #573, .T. ) ;
#928 = CARTESIAN_POINT ( 'NONE',  ( -0.5891057571750980548, 0.9000000000000000222, 0.1250000000000000000 ) ) ;
#929 = DIRECTION ( 'NONE',  ( 0.000000000000000000, 0.000000000000000000, -1.000000000000000000 ) ) ;
#930 = DIRECTION ( 'NONE',  ( -3.374685128561435093E-33, 1.146543076436556017E-16, 1.000000000000000000 ) ) ;
#931 = ORIENTED_EDGE ( 'NONE', *, *, #1748, .T. ) ;
#932 = EDGE_CURVE ( 'NONE', #1885, #531, #2108, .T. ) ;
#933 = VECTOR ( 'NONE', #1550, 1000.000000000000000 ) ;
#934 = CARTESIAN_POINT ( 'NONE',  ( -0.3133450250061284859, 1.050000000000000044, -0.6940556515928619774 ) ) ;
#935 = VECTOR ( 'NONE', #2256, 1000.000000000000114 ) ;
#936 = EDGE_CURVE ( 'NONE', #862, #1878, #1881, .T. ) ;
#937 = CARTESIAN_POINT ( 'NONE',  ( 0.5891057571750960564, 0.7109482755480779348, 0.5250000000000000222 ) ) ;
#938 = VERTEX_POINT ( 'NONE', #1240 ) ;
#939 = LINE ( 'NONE', #728, #1806 ) ;
#940 = VECTOR ( 'NONE', #1027, 1000.000000000000114 ) ;
#941 = CARTESIAN_POINT ( 'NONE',  ( 0.9330897644443499894, -7.028755952812661607E-17, 0.1250000000000000000 ) ) ;
#942 = ORIENTED_EDGE ( 'NONE', *, *, #1838, .T. ) ;
#943 = LINE ( 'NONE', #2605, #1317 ) ;
#944 = DIRECTION ( 'NONE',  ( 1.000000000000000000, 3.572982729977149492E-17, 0.000000000000000000 ) ) ;
#945 = PLANE ( 'NONE',  #977 ) ;
#946 = ORIENTED_EDGE ( 'NONE', *, *, #1639, .T. ) ;
#947 = PLANE ( 'NONE',  #139 ) ;
#948 = DIRECTION ( 'NONE',  ( -1.000000000000000000, 1.285169013722664112E-15, 0.000000000000000000 ) ) ;
#949 = AXIS2_PLACEMENT_3D ( 'NONE', #853, #1851, #1429 ) ;
#950 = VERTEX_POINT ( 'NONE', #14 ) ;
#951 = CARTESIAN_POINT ( 'NONE',  ( -1.050000000000000044, 0.1749999999999999889, 0.5250000000000000222 ) ) ;
#952 = CARTESIAN_POINT ( 'NONE',  ( -0.5891057571750980548, 0.9000000000000000222, -0.1250000000000000000 ) ) ;
#953 = EDGE_CURVE ( 'NONE', #1287, #1187, #515, .T. ) ;
#954 = ORIENTED_EDGE ( 'NONE', *, *, #371, .F. ) ;
#955 = LINE ( 'NONE', #1346, #676 ) ;
#956 = DIRECTION ( 'NONE',  ( 1.000000000000000000, 3.572982729977149492E-17, 0.000000000000000000 ) ) ;
#957 = ORIENTED_EDGE ( 'NONE', *, *, #1987, .T. ) ;
#958 = FACE_OUTER_BOUND ( 'NONE', #1899, .T. ) ;
#959 = PLANE ( 'NONE',  #2046 ) ;
#960 = AXIS2_PLACEMENT_3D ( 'NONE', #1079, #703, #1940 ) ;
#961 = AXIS2_PLACEMENT_3D ( 'NONE', #652, #2301, #2191 ) ;
#962 = ORIENTED_EDGE ( 'NONE', *, *, #2345, .F. ) ;
#963 = LINE ( 'NONE', #1329, #291 ) ;
#964 = ADVANCED_FACE ( 'NONE', ( #1423 ), #606, .F. ) ;
#965 = DIRECTION ( 'NONE',  ( -2.943356597686604838E-17, 1.000000000000000000, 0.000000000000000000 ) ) ;
#966 = DIRECTION ( 'NONE',  ( 0.2491540388012210283, -0.9684638686853730416, 9.714451465470120961E-17 ) ) ;
#967 = EDGE_CURVE ( 'NONE', #2320, #570, #222, .T. ) ;
#968 = ORIENTED_EDGE ( 'NONE', *, *, #2627, .F. ) ;
#969 = CARTESIAN_POINT ( 'NONE',  ( 1.050000000000000044, 1.175075677819790007E-16, 0.5250000000000000222 ) ) ;
#970 = CARTESIAN_POINT ( 'NONE',  ( 0.9330897644443499894, -1.383754559602162082E-16, -0.1250000000000000000 ) ) ;
#971 = FACE_OUTER_BOUND ( 'NONE', #1718, .T. ) ;
#972 = ORIENTED_EDGE ( 'NONE', *, *, #1014, .T. ) ;
#973 = PLANE ( 'NONE',  #1335 ) ;
#974 = PLANE ( 'NONE',  #2343 ) ;
#975 = DIRECTION ( 'NONE',  ( -1.000000000000000000, -3.572982729977149492E-17, 0.000000000000000000 ) ) ;
#976 = ADVANCED_FACE ( 'NONE', ( #29 ), #373, .F. ) ;
#977 = AXIS2_PLACEMENT_3D ( 'NONE', #1787, #2619, #1173 ) ;
#978 = VECTOR ( 'NONE', #2012, 1000.000000000000227 ) ;
#979 = CARTESIAN_POINT ( 'NONE',  ( -0.9194811770199420309, 0.1855506805526029868, -0.7750000000000000222 ) ) ;
#980 = EDGE_CURVE ( 'NONE', #718, #862, #1357, .T. ) ;
#981 = CARTESIAN_POINT ( 'NONE',  ( 0.7500000000000000000, 0.1419487237623902054, 0.1250000000000000000 ) ) ;
#982 = ORIENTED_EDGE ( 'NONE', *, *, #1706, .F. ) ;
#983 = ADVANCED_FACE ( 'NONE', ( #2006 ), #727, .T. ) ;
#984 = CARTESIAN_POINT ( 'NONE',  ( 0.5338773822343239051, 1.100000000000000089, 1.000000000000000000 ) ) ;
#985 = LINE ( 'NONE', #211, #2117 ) ;
#986 = EDGE_LOOP ( 'NONE', ( #1482, #392, #364, #2083 ) ) ;
#987 = CARTESIAN_POINT ( 'NONE',  ( -1.050000000000000044, 0.1749999999999999889, 0.1250000000000000000 ) ) ;
#988 = DIRECTION ( 'NONE',  ( 1.000000000000000000, 3.572982729977149492E-17, 0.000000000000000000 ) ) ;
#989 = ORIENTED_EDGE ( 'NONE', *, *, #2313, .T. ) ;
#990 = AXIS2_PLACEMENT_3D ( 'NONE', #2139, #1070, #706 ) ;
#991 = CYLINDRICAL_SURFACE ( 'NONE', #569, 0.01405172445192136299 ) ;
#992 = CARTESIAN_POINT ( 'NONE',  ( -0.7721955216194470450, 0.7580512762376099278, -0.5250000000000000222 ) ) ;
#993 = LINE ( 'NONE', #1794, #1493 ) ;
#994 = ORIENTED_EDGE ( 'NONE', *, *, #620, .T. ) ;
#995 = VECTOR ( 'NONE', #1120, 1000.000000000000000 ) ;
#996 = CIRCLE ( 'NONE', #474, 0.1890517244519220319 ) ;
#997 = STYLED_ITEM ( 'NONE', ( #1990 ), #2553 ) ;
#998 = DIRECTION ( 'NONE',  ( -2.943356597686604838E-17, 1.000000000000000000, -1.146543076436556017E-16 ) ) ;
#999 = CARTESIAN_POINT ( 'NONE',  ( 0.9330897644443499894, -7.028755952812661607E-17, 0.1250000000000000000 ) ) ;
#1000 = VERTEX_POINT ( 'NONE', #136 ) ;
#1001 = CARTESIAN_POINT ( 'NONE',  ( 0.5999999999999999778, 0.7249999999999999778, -0.5250000000000000222 ) ) ;
#1002 = APPLICATION_CONTEXT ( 'automotive_design' ) ;
#1003 = VECTOR ( 'NONE', #1952, 1000.000000000000114 ) ;
#1004 = CARTESIAN_POINT ( 'NONE',  ( 0.5999999999999999778, 0.7249999999999999778, -0.5250000000000000222 ) ) ;
#1005 = ORIENTED_EDGE ( 'NONE', *, *, #1082, .T. ) ;
#1006 = DIRECTION ( 'NONE',  ( 0.2491540388012205565, 0.9684638686853731526, -4.163336342344340724E-17 ) ) ;
#1007 = FACE_OUTER_BOUND ( 'NONE', #1607, .T. ) ;
#1008 = LINE ( 'NONE', #1029, #666 ) ;
#1009 = ORIENTED_EDGE ( 'NONE', *, *, #698, .T. ) ;
#1010 = AXIS2_PLACEMENT_3D ( 'NONE', #317, #1139, #567 ) ;
#1011 = CARTESIAN_POINT ( 'NONE',  ( 1.050000000000000044, 4.534307118134380459E-17, -0.7750000000000000222 ) ) ;
#1012 = COLOUR_RGB ( '',0.7921568627450980005, 0.8196078431372548767, 0.9333333333333333481 ) ;
#1013 = LINE ( 'NONE', #1862, #1288 ) ;
#1014 = EDGE_CURVE ( 'NONE', #2100, #1410, #314, .T. ) ;
#1015 = ORIENTED_EDGE ( 'NONE', *, *, #2087, .T. ) ;
#1016 = ORIENTED_EDGE ( 'NONE', *, *, #1618, .F. ) ;
#1017 = DIRECTION ( 'NONE',  ( 1.000000000000000000, 0.000000000000000000, 0.000000000000000000 ) ) ;
#1018 = DIRECTION ( 'NONE',  ( -1.000000000000000000, 0.000000000000000000, 0.000000000000000000 ) ) ;
#1019 = ORIENTED_EDGE ( 'NONE', *, *, #2246, .T. ) ;
#1020 = EDGE_CURVE ( 'NONE', #2589, #1349, #963, .T. ) ;
#1021 = LINE ( 'NONE', #1871, #2526 ) ;
#1022 = ORIENTED_EDGE ( 'NONE', *, *, #1312, .T. ) ;
#1023 = DIRECTION ( 'NONE',  ( -2.943356597686604838E-17, 1.000000000000000000, 0.000000000000000000 ) ) ;
#1024 = LINE ( 'NONE', #602, #375 ) ;
#1025 = EDGE_CURVE ( 'NONE', #880, #1667, #318, .T. ) ;
#1026 = VERTEX_POINT ( 'NONE', #1695 ) ;
#1027 = DIRECTION ( 'NONE',  ( -0.1710878697460359588, -0.9702875252478136980, -0.1710878697460359588 ) ) ;
#1028 = CARTESIAN_POINT ( 'NONE',  ( 0.9330897644443499894, 0.1890517244519205053, 0.1250000000000000000 ) ) ;
#1029 = CARTESIAN_POINT ( 'NONE',  ( -0.5999999999999999778, 0.7249999999999999778, 1.000000000000000000 ) ) ;
#1030 = VECTOR ( 'NONE', #2350, 1000.000000000000000 ) ;
#1031 = ORIENTED_EDGE ( 'NONE', *, *, #1277, .T. ) ;
#1032 = STYLED_ITEM ( 'NONE', ( #419 ), #1670 ) ;
#1033 = DIRECTION ( 'NONE',  ( 0.2491540388012210283, -0.9684638686853730416, 9.714451465470120961E-17 ) ) ;
#1034 = EDGE_CURVE ( 'NONE', #2078, #2238, #1072, .T. ) ;
#1035 = ORIENTED_EDGE ( 'NONE', *, *, #1454, .F. ) ;
#1036 = DIRECTION ( 'NONE',  ( 0.1736481776669314692, -0.9848077530122079093, -6.938893903907229918E-18 ) ) ;
#1037 = CARTESIAN_POINT ( 'NONE',  ( -0.9330897644443509886, 3.121053889422574565E-17, -0.1250000000000000000 ) ) ;
#1038 = VERTEX_POINT ( 'NONE', #1483 ) ;
#1039 = CARTESIAN_POINT ( 'NONE',  ( -0.5691427783760198977, 0.9000000000000000222, -0.7750000000000000222 ) ) ;
#1040 = CYLINDRICAL_SURFACE ( 'NONE', #10, 0.01405172445192136299 ) ;
#1041 = FACE_OUTER_BOUND ( 'NONE', #1620, .T. ) ;
#1042 = CARTESIAN_POINT ( 'NONE',  ( -1.050000000000000044, 0.1749999999999999889, -0.5250000000000000222 ) ) ;
#1043 = ADVANCED_FACE ( 'NONE', ( #925 ), #2642, .F. ) ;
#1044 = EDGE_CURVE ( 'NONE', #313, #387, #1830, .T. ) ;
#1045 = ORIENTED_EDGE ( 'NONE', *, *, #1380, .F. ) ;
#1046 = DIRECTION ( 'NONE',  ( -1.000000000000000000, -3.572982729977149492E-17, 0.000000000000000000 ) ) ;
#1047 = LINE ( 'NONE', #1897, #434 ) ;
#1048 = ADVANCED_FACE ( 'NONE', ( #1978 ), #2611, .F. ) ;
#1049 = ORIENTED_EDGE ( 'NONE', *, *, #1901, .T. ) ;
#1050 = ORIENTED_EDGE ( 'NONE', *, *, #2036, .T. ) ;
#1051 = DIRECTION ( 'NONE',  ( 0.000000000000000000, 0.000000000000000000, -1.000000000000000000 ) ) ;
#1052 = AXIS2_PLACEMENT_3D ( 'NONE', #192, #1436, #2265 ) ;
#1053 = CARTESIAN_POINT ( 'NONE',  ( 0.9194811770199420309, 0.1855506805526029868, 0.5250000000000000222 ) ) ;
#1054 = EDGE_CURVE ( 'NONE', #1085, #313, #2225, .T. ) ;
#1055 = DIRECTION ( 'NONE',  ( 0.000000000000000000, 0.000000000000000000, -1.000000000000000000 ) ) ;
#1056 = FACE_OUTER_BOUND ( 'NONE', #635, .T. ) ;
#1057 = DIRECTION ( 'NONE',  ( 0.000000000000000000, 0.000000000000000000, -1.000000000000000000 ) ) ;
#1058 = CARTESIAN_POINT ( 'NONE',  ( -0.5891057571750980548, 0.9000000000000000222, -0.5250000000000000222 ) ) ;
#1059 = ORIENTED_EDGE ( 'NONE', *, *, #2337, .F. ) ;
#1060 = ORIENTED_EDGE ( 'NONE', *, *, #2314, .F. ) ;
#1061 = AXIS2_PLACEMENT_3D ( 'NONE', #617, #844, #410 ) ;
#1062 = LINE ( 'NONE', #481, #1424 ) ;
#1063 = AXIS2_PLACEMENT_3D ( 'NONE', #1556, #1600, #168 ) ;
#1064 = PLANE ( 'NONE',  #50 ) ;
#1065 = VERTEX_POINT ( 'NONE', #1371 ) ;
#1066 = DIRECTION ( 'NONE',  ( 0.000000000000000000, 0.000000000000000000, -1.000000000000000000 ) ) ;
#1067 = CARTESIAN_POINT ( 'NONE',  ( 0.9330897644443499894, 0.1749999999999999889, -0.7750000000000000222 ) ) ;
#1068 = EDGE_LOOP ( 'NONE', ( #2485, #2464, #725, #1227 ) ) ;
#1069 = EDGE_CURVE ( 'NONE', #1855, #2163, #2031, .T. ) ;
#1070 = DIRECTION ( 'NONE',  ( 9.343165878557569289E-16, -1.000000000000000000, 1.000845842425429858E-16 ) ) ;
#1071 = CYLINDRICAL_SURFACE ( 'NONE', #920, 0.1103742337510774107 ) ;
#1072 = LINE ( 'NONE', #1468, #559 ) ;
#1073 = CARTESIAN_POINT ( 'NONE',  ( 0.5891057571750960564, 0.9000000000000000222, 0.5250000000000000222 ) ) ;
#1074 = VERTEX_POINT ( 'NONE', #2008 ) ;
#1075 = DIRECTION ( 'NONE',  ( 2.220446049250309876E-16, 5.551115123125779621E-17, 1.000000000000000000 ) ) ;
#1076 = DIRECTION ( 'NONE',  ( 0.000000000000000000, 0.000000000000000000, -1.000000000000000000 ) ) ;
#1077 = ORIENTED_EDGE ( 'NONE', *, *, #932, .F. ) ;
#1078 = VECTOR ( 'NONE', #2622, 1000.000000000000000 ) ;
#1079 = CARTESIAN_POINT ( 'NONE',  ( -0.9330897644443509886, 0.1890517244519210049, 0.5250000000000000222 ) ) ;
#1080 = ORIENTED_EDGE ( 'NONE', *, *, #2164, .F. ) ;
#1081 = ORIENTED_EDGE ( 'NONE', *, *, #97, .T. ) ;
#1082 = EDGE_CURVE ( 'NONE', #628, #1915, #2420, .T. ) ;
#1083 = CARTESIAN_POINT ( 'NONE',  ( 0.5891057571750960564, 0.7109482755480779348, 0.7750000000000000222 ) ) ;
#1084 = PRODUCT_DEFINITION_SHAPE ( 'NONE', 'NONE',  #1576 ) ;
#1085 = VERTEX_POINT ( 'NONE', #1168 ) ;
#1086 = CIRCLE ( 'NONE', #2626, 0.01405172445192136299 ) ;
#1087 = CARTESIAN_POINT ( 'NONE',  ( -0.5338773822343260145, 1.100000000000000089, 0.9338773822343250375 ) ) ;
#1088 = EDGE_LOOP ( 'NONE', ( #2479, #982, #1112, #382 ) ) ;
#1089 = DIRECTION ( 'NONE',  ( -3.374685128561435093E-33, 1.146543076436556017E-16, 1.000000000000000000 ) ) ;
#1090 = ORIENTED_EDGE ( 'NONE', *, *, #2048, .T. ) ;
#1091 = EDGE_CURVE ( 'NONE', #2461, #1855, #939, .T. ) ;
#1092 = ORIENTED_EDGE ( 'NONE', *, *, #1901, .F. ) ;
#1093 = ORIENTED_EDGE ( 'NONE', *, *, #716, .F. ) ;
#1094 = ADVANCED_FACE ( 'NONE', ( #1313 ), #2022, .F. ) ;
#1095 = LINE ( 'NONE', #2541, #2519 ) ;
#1096 = STYLED_ITEM ( 'NONE', ( #2005 ), #2546 ) ;
#1097 = CARTESIAN_POINT ( 'NONE',  ( 1.050000000000000044, 2.296513834124305100E-17, 0.7750000000000000222 ) ) ;
#1098 = PRESENTATION_STYLE_ASSIGNMENT (( #1708 ) ) ;
#1099 = CARTESIAN_POINT ( 'NONE',  ( 1.050000000000000044, -1.215373272076250120E-16, 0.1250000000000000000 ) ) ;
#1100 = CARTESIAN_POINT ( 'NONE',  ( 0.9194811770199420309, 0.1855506805526029868, -0.7750000000000000222 ) ) ;
#1101 = ADVANCED_FACE ( 'NONE', ( #511 ), #1797, .T. ) ;
#1102 = ORIENTED_EDGE ( 'NONE', *, *, #17, .F. ) ;
#1103 = AXIS2_PLACEMENT_3D ( 'NONE', #2554, #1505, #1564 ) ;
#1104 = VECTOR ( 'NONE', #2251, 1000.000000000000000 ) ;
#1105 = SURFACE_SIDE_STYLE ('',( #2162 ) ) ;
#1106 = VERTEX_POINT ( 'NONE', #2171 ) ;
#1107 = ORIENTED_EDGE ( 'NONE', *, *, #873, .T. ) ;
#1108 = CARTESIAN_POINT ( 'NONE',  ( 1.050000000000000044, -1.354151150154394195E-16, -0.1250000000000000000 ) ) ;
#1109 = FACE_OUTER_BOUND ( 'NONE', #417, .T. ) ;
#1110 =( NAMED_UNIT ( * ) SI_UNIT ( $, .STERADIAN. ) SOLID_ANGLE_UNIT ( ) );
#1111 = AXIS2_PLACEMENT_3D ( 'NONE', #2555, #1948, #260 ) ;
#1112 = ORIENTED_EDGE ( 'NONE', *, *, #600, .F. ) ;
#1113 = DIRECTION ( 'NONE',  ( 0.000000000000000000, 0.000000000000000000, 1.000000000000000000 ) ) ;
#1114 = FACE_OUTER_BOUND ( 'NONE', #2594, .T. ) ;
#1115 = VERTEX_POINT ( 'NONE', #951 ) ;
#1116 = VERTEX_POINT ( 'NONE', #2210 ) ;
#1117 = CIRCLE ( 'NONE', #1511, 0.01405172445192136299 ) ;
#1118 = ORIENTED_EDGE ( 'NONE', *, *, #1020, .T. ) ;
#1119 = VECTOR ( 'NONE', #1694, 1000.000000000000000 ) ;
#1120 = DIRECTION ( 'NONE',  ( 1.000000000000000000, 1.357589115994098057E-15, -1.665334536937734811E-16 ) ) ;
#1121 = PLANE ( 'NONE',  #505 ) ;
#1122 = SURFACE_STYLE_USAGE ( .BOTH. , #1310 ) ;
#1123 = ORIENTED_EDGE ( 'NONE', *, *, #147, .T. ) ;
#1124 = CARTESIAN_POINT ( 'NONE',  ( 0.9330897644443499894, 0.1890517244519210049, -0.5250000000000000222 ) ) ;
#1125 = LINE ( 'NONE', #1359, #2358 ) ;
#1126 = EDGE_CURVE ( 'NONE', #1269, #2100, #331, .T. ) ;
#1127 = ORIENTED_EDGE ( 'NONE', *, *, #2660, .T. ) ;
#1128 = VECTOR ( 'NONE', #1033, 1000.000000000000114 ) ;
#1129 = EDGE_CURVE ( 'NONE', #2557, #1630, #2203, .T. ) ;
#1130 = DIRECTION ( 'NONE',  ( -0.1736481776669314692, -0.9848077530122079093, 9.020562075079388263E-17 ) ) ;
#1131 = ORIENTED_EDGE ( 'NONE', *, *, #2327, .T. ) ;
#1132 = ORIENTED_EDGE ( 'NONE', *, *, #1618, .T. ) ;
#1133 = LINE ( 'NONE', #2529, #2110 ) ;
#1134 = AXIS2_PLACEMENT_3D ( 'NONE', #1867, #357, #594 ) ;
#1135 = CARTESIAN_POINT ( 'NONE',  ( 0.9330897644443499894, 0.1749999999999999889, 0.7750000000000000222 ) ) ;
#1136 = FILL_AREA_STYLE_COLOUR ( '', #396 ) ;
#1137 = ORIENTED_EDGE ( 'NONE', *, *, #752, .F. ) ;
#1138 = CLOSED_SHELL ( 'NONE', ( #1671, #183, #2532, #1250, #1048, #1728, #2507, #906, #1663, #983, #964, #976 ) ) ;
#1139 = DIRECTION ( 'NONE',  ( 0.000000000000000000, 0.000000000000000000, -1.000000000000000000 ) ) ;
#1140 = CARTESIAN_POINT ( 'NONE',  ( 0.5999999999999999778, 0.7249999999999999778, 0.7750000000000000222 ) ) ;
#1141 = ORIENTED_EDGE ( 'NONE', *, *, #2581, .T. ) ;
#1142 = CARTESIAN_POINT ( 'NONE',  ( 1.050000000000000044, 2.296513834124305100E-17, 0.7750000000000000222 ) ) ;
#1143 = DIRECTION ( 'NONE',  ( 1.000000000000000000, 2.943356597686604838E-17, 7.218934827212509410E-34 ) ) ;
#1144 = FACE_OUTER_BOUND ( 'NONE', #2665, .T. ) ;
#1145 = ORIENTED_EDGE ( 'NONE', *, *, #2455, .F. ) ;
#1146 = CIRCLE ( 'NONE', #1770, 0.1890517244519215045 ) ;
#1147 = DIRECTION ( 'NONE',  ( 0.000000000000000000, 0.000000000000000000, 1.000000000000000000 ) ) ;
#1148 = CARTESIAN_POINT ( 'NONE',  ( -0.5891057571750980548, 0.9000000000000000222, -0.5250000000000000222 ) ) ;
#1149 = EDGE_CURVE ( 'NONE', #1731, #1074, #1965, .T. ) ;
#1150 = CARTESIAN_POINT ( 'NONE',  ( -0.5891057571750980548, 0.7109482755480790450, 0.7750000000000000222 ) ) ;
#1151 = VERTEX_POINT ( 'NONE', #754 ) ;
#1152 = CARTESIAN_POINT ( 'NONE',  ( 1.050000000000000044, 0.1749999999999999889, -0.5250000000000000222 ) ) ;
#1153 = AXIS2_PLACEMENT_3D ( 'NONE', #1280, #2153, #2371 ) ;
#1154 = DIRECTION ( 'NONE',  ( -2.943356597686604838E-17, 1.000000000000000000, 0.000000000000000000 ) ) ;
#1155 = UNCERTAINTY_MEASURE_WITH_UNIT (LENGTH_MEASURE( 1.000000000000000082E-05 ), #443, 'distance_accuracy_value', 'NONE');
#1156 = VERTEX_POINT ( 'NONE', #910 ) ;
#1157 = FACE_OUTER_BOUND ( 'NONE', #2500, .T. ) ;
#1158 = DIRECTION ( 'NONE',  ( 0.000000000000000000, 0.000000000000000000, -1.000000000000000000 ) ) ;
#1159 = VERTEX_POINT ( 'NONE', #712 ) ;
#1160 = FACE_OUTER_BOUND ( 'NONE', #1800, .T. ) ;
#1161 = FACE_OUTER_BOUND ( 'NONE', #1672, .T. ) ;
#1162 = VECTOR ( 'NONE', #332, 1000.000000000000114 ) ;
#1163 = EDGE_CURVE ( 'NONE', #2129, #2305, #1342, .T. ) ;
#1164 = PRESENTATION_LAYER_ASSIGNMENT (  '', '', ( #907 ) ) ;
#1165 = DIRECTION ( 'NONE',  ( 1.000000000000000000, 0.000000000000000000, 0.000000000000000000 ) ) ;
#1166 =( LENGTH_UNIT ( ) NAMED_UNIT ( * ) SI_UNIT ( .MILLI., .METRE. ) );
#1167 = VERTEX_POINT ( 'NONE', #110 ) ;
#1168 = CARTESIAN_POINT ( 'NONE',  ( 0.7500000000000000000, 0.1419487237623900111, 0.7750000000000000222 ) ) ;
#1169 = CARTESIAN_POINT ( 'NONE',  ( 0.5891057571750960564, 0.9000000000000000222, 0.1250000000000000000 ) ) ;
#1170 = ORIENTED_EDGE ( 'NONE', *, *, #500, .F. ) ;
#1171 = PLANE ( 'NONE',  #722 ) ;
#1172 = LINE ( 'NONE', #970, #1345 ) ;
#1173 = DIRECTION ( 'NONE',  ( -1.000000000000000000, 1.285169013722664112E-15, 0.000000000000000000 ) ) ;
#1174 = ORIENTED_EDGE ( 'NONE', *, *, #1543, .F. ) ;
#1175 = ADVANCED_FACE ( 'NONE', ( #1538 ), #2388, .T. ) ;
#1176 = FACE_OUTER_BOUND ( 'NONE', #1477, .T. ) ;
#1177 = CARTESIAN_POINT ( 'NONE',  ( 0.7500000000000000000, 0.1419487237623900111, -0.1250000000000000000 ) ) ;
#1178 = DIRECTION ( 'NONE',  ( 1.000000000000000000, 3.572982729977149492E-17, 0.000000000000000000 ) ) ;
#1179 = EDGE_CURVE ( 'NONE', #2468, #1269, #1305, .T. ) ;
#1180 = EDGE_CURVE ( 'NONE', #1828, #1537, #210, .T. ) ;
#1181 = LINE ( 'NONE', #2034, #612 ) ;
#1182 = AXIS2_PLACEMENT_3D ( 'NONE', #1386, #1857, #2492 ) ;
#1183 = EDGE_LOOP ( 'NONE', ( #798, #1547, #2477, #1551 ) ) ;
#1184 = PLANE ( 'NONE',  #271 ) ;
#1185 = FACE_OUTER_BOUND ( 'NONE', #1853, .T. ) ;
#1186 = CLOSED_SHELL ( 'NONE', ( #1175, #1361, #477, #33, #2400, #2138, #1616, #2118, #1502, #2588, #795, #490, #2508 ) ) ;
#1187 = VERTEX_POINT ( 'NONE', #2447 ) ;
#1188 = DIRECTION ( 'NONE',  ( 1.000000000000000000, 9.343165878557569289E-16, 0.000000000000000000 ) ) ;
#1189 = CARTESIAN_POINT ( 'NONE',  ( 0.7500000000000000000, 0.1419487237623902054, 0.1250000000000000000 ) ) ;
#1190 = ADVANCED_FACE ( 'NONE', ( #1007 ), #2084, .T. ) ;
#1191 = CARTESIAN_POINT ( 'NONE',  ( 0.7721955216194450466, 0.7580512762376099278, 0.1250000000000000000 ) ) ;
#1192 = ORIENTED_EDGE ( 'NONE', *, *, #1091, .T. ) ;
#1193 = DIRECTION ( 'NONE',  ( 0.000000000000000000, 0.000000000000000000, -1.000000000000000000 ) ) ;
#1194 = DIRECTION ( 'NONE',  ( -1.000000000000000000, 0.000000000000000000, 6.300132569003599724E-18 ) ) ;
#1195 = DIRECTION ( 'NONE',  ( -2.943356597686604838E-17, 1.000000000000000000, 0.000000000000000000 ) ) ;
#1196 = AXIS2_PLACEMENT_3D ( 'NONE', #2318, #1254, #2302 ) ;
#1197 = CIRCLE ( 'NONE', #1063, 0.1103742337510774107 ) ;
#1198 = CARTESIAN_POINT ( 'NONE',  ( -1.050000000000000044, -4.816437116732940303E-17, -0.5250000000000000222 ) ) ;
#1199 = ORIENTED_EDGE ( 'NONE', *, *, #2682, .F. ) ;
#1200 = CARTESIAN_POINT ( 'NONE',  ( -0.5999999999999999778, 0.7249999999999999778, 0.7750000000000000222 ) ) ;
#1201 = DIRECTION ( 'NONE',  ( -0.1736481776669314692, -0.9848077530122079093, 9.020562075079388263E-17 ) ) ;
#1202 = ORIENTED_EDGE ( 'NONE', *, *, #2499, .F. ) ;
#1203 = DIRECTION ( 'NONE',  ( 0.000000000000000000, 0.000000000000000000, -1.000000000000000000 ) ) ;
#1204 = LINE ( 'NONE', #2053, #1433 ) ;
#1205 = DIRECTION ( 'NONE',  ( -2.943356597686604838E-17, 1.000000000000000000, 0.000000000000000000 ) ) ;
#1206 = ORIENTED_EDGE ( 'NONE', *, *, #2345, .T. ) ;
#1207 = AXIS2_PLACEMENT_3D ( 'NONE', #2233, #1590, #145 ) ;
#1208 = VECTOR ( 'NONE', #1285, 1000.000000000000000 ) ;
#1209 = VECTOR ( 'NONE', #564, 1000.000000000000000 ) ;
#1210 = CARTESIAN_POINT ( 'NONE',  ( -0.9194811770199420309, 0.1855506805526029868, 0.1250000000000000000 ) ) ;
#1211 = DIRECTION ( 'NONE',  ( 0.2491540388012210283, -0.9684638686853730416, 9.714451465470120961E-17 ) ) ;
#1212 = EDGE_LOOP ( 'NONE', ( #1595, #1555, #1976, #121 ) ) ;
#1213 = DIRECTION ( 'NONE',  ( -1.000000000000000000, 8.663263802081679477E-16, 0.000000000000000000 ) ) ;
#1214 = MECHANICAL_DESIGN_GEOMETRIC_PRESENTATION_REPRESENTATION (  '', ( #524 ), #2615 ) ;
#1215 = EDGE_CURVE ( 'NONE', #1365, #37, #2157, .T. ) ;
#1216 = CARTESIAN_POINT ( 'NONE',  ( -0.9330897644443499894, 0.1749999999999999889, -0.7750000000000000222 ) ) ;
#1217 = AXIS2_PLACEMENT_3D ( 'NONE', #789, #745, #2650 ) ;
#1218 = ORIENTED_EDGE ( 'NONE', *, *, #1639, .F. ) ;
#1219 = ORIENTED_EDGE ( 'NONE', *, *, #1376, .F. ) ;
#1220 = DIRECTION ( 'NONE',  ( -0.2491540388012210283, -0.9684638686853730416, 8.326672684688669123E-17 ) ) ;
#1221 = PLANE ( 'NONE',  #2207 ) ;
#1222 = ORIENTED_EDGE ( 'NONE', *, *, #1126, .T. ) ;
#1223 = FACE_OUTER_BOUND ( 'NONE', #671, .T. ) ;
#1224 = VECTOR ( 'NONE', #1723, 1000.000000000000000 ) ;
#1225 = PLANE ( 'NONE',  #2361 ) ;
#1226 = VERTEX_POINT ( 'NONE', #1608 ) ;
#1227 = ORIENTED_EDGE ( 'NONE', *, *, #752, .T. ) ;
#1228 = VECTOR ( 'NONE', #1914, 1000.000000000000000 ) ;
#1229 = CARTESIAN_POINT ( 'NONE',  ( -0.3133450250061304843, 1.050000000000000044, -0.5836814178417849552 ) ) ;
#1230 = DIRECTION ( 'NONE',  ( 0.000000000000000000, 0.000000000000000000, -1.000000000000000000 ) ) ;
#1231 = ORIENTED_EDGE ( 'NONE', *, *, #1350, .F. ) ;
#1232 = DIRECTION ( 'NONE',  ( 0.000000000000000000, 0.000000000000000000, -1.000000000000000000 ) ) ;
#1233 = ORIENTED_EDGE ( 'NONE', *, *, #1020, .F. ) ;
#1234 = FILL_AREA_STYLE ('',( #406 ) ) ;
#1235 = PLANE ( 'NONE',  #2643 ) ;
#1236 = VECTOR ( 'NONE', #1006, 1000.000000000000227 ) ;
#1237 = EDGE_CURVE ( 'NONE', #1000, #2589, #409, .T. ) ;
#1238 = ORIENTED_EDGE ( 'NONE', *, *, #855, .F. ) ;
#1239 = EDGE_CURVE ( 'NONE', #1488, #2513, #796, .T. ) ;
#1240 = CARTESIAN_POINT ( 'NONE',  ( -0.9330897644443509886, -9.121781922234990018E-18, 0.1250000000000000000 ) ) ;
#1241 = CARTESIAN_POINT ( 'NONE',  ( -0.9194811770199420309, 0.1855506805526029868, 0.5250000000000000222 ) ) ;
#1242 = CARTESIAN_POINT ( 'NONE',  ( 0.7721955216194450466, 0.7580512762376099278, -0.5250000000000000222 ) ) ;
#1243 = VECTOR ( 'NONE', #2038, 1000.000000000000000 ) ;
#1244 = ORIENTED_EDGE ( 'NONE', *, *, #2048, .F. ) ;
#1245 = DIRECTION ( 'NONE',  ( -2.943356597686604838E-17, 1.000000000000000000, 0.000000000000000000 ) ) ;
#1246 = LINE ( 'NONE', #611, #579 ) ;
#1247 = VERTEX_POINT ( 'NONE', #1596 ) ;
#1248 = DIRECTION ( 'NONE',  ( -5.551115123125780237E-17, -0.1736481776669305255, -0.9848077530122081313 ) ) ;
#1249 = LINE ( 'NONE', #1627, #595 ) ;
#1250 = ADVANCED_FACE ( 'NONE', ( #2482 ), #202, .T. ) ;
#1251 = CARTESIAN_POINT ( 'NONE',  ( 0.5338773822343239051, 1.100000000000000089, 0.9338773822343270359 ) ) ;
#1252 = VECTOR ( 'NONE', #128, 1000.000000000000227 ) ;
#1253 = CARTESIAN_POINT ( 'NONE',  ( -0.7500000000000000000, 0.1419487237623900111, -0.7750000000000000222 ) ) ;
#1254 = DIRECTION ( 'NONE',  ( -3.374685128561435093E-33, 1.146543076436556017E-16, 1.000000000000000000 ) ) ;
#1255 = DIRECTION ( 'NONE',  ( 0.000000000000000000, 0.000000000000000000, -1.000000000000000000 ) ) ;
#1256 = LINE ( 'NONE', #2111, #1581 ) ;
#1257 = ORIENTED_EDGE ( 'NONE', *, *, #1876, .F. ) ;
#1258 = ORIENTED_EDGE ( 'NONE', *, *, #1440, .F. ) ;
#1259 = DIRECTION ( 'NONE',  ( 0.000000000000000000, 0.000000000000000000, -1.000000000000000000 ) ) ;
#1260 = PLANE ( 'NONE',  #297 ) ;
#1261 = AXIS2_PLACEMENT_3D ( 'NONE', #1659, #2501, #519 ) ;
#1262 = ORIENTED_EDGE ( 'NONE', *, *, #2087, .F. ) ;
#1263 = ADVANCED_FACE ( 'NONE', ( #1647 ), #1621, .F. ) ;
#1264 = CARTESIAN_POINT ( 'NONE',  ( 0.9330897644443499894, 0.1890517244519205053, 0.7750000000000000222 ) ) ;
#1265 = ORIENTED_EDGE ( 'NONE', *, *, #1129, .F. ) ;
#1266 = CARTESIAN_POINT ( 'NONE',  ( 0.5891057571750960564, 0.9000000000000000222, 0.7750000000000000222 ) ) ;
#1267 = PLANE ( 'NONE',  #79 ) ;
#1268 = LINE ( 'NONE', #261, #882 ) ;
#1269 = VERTEX_POINT ( 'NONE', #2 ) ;
#1270 = VECTOR ( 'NONE', #1546, 1000.000000000000000 ) ;
#1271 =( NAMED_UNIT ( * ) SI_UNIT ( $, .STERADIAN. ) SOLID_ANGLE_UNIT ( ) );
#1272 = VECTOR ( 'NONE', #802, 1000.000000000000114 ) ;
#1273 = CARTESIAN_POINT ( 'NONE',  ( -0.9330897644443509886, -2.724964224619259673E-17, 0.7750000000000000222 ) ) ;
#1274 = EDGE_LOOP ( 'NONE', ( #135, #1574, #158, #770 ) ) ;
#1275 = FACE_OUTER_BOUND ( 'NONE', #1603, .T. ) ;
#1276 = ORIENTED_EDGE ( 'NONE', *, *, #2641, .T. ) ;
#1277 = EDGE_CURVE ( 'NONE', #1159, #200, #2247, .T. ) ;
#1278 = EDGE_LOOP ( 'NONE', ( #1632, #226, #2169, #2368 ) ) ;
#1279 = VECTOR ( 'NONE', #1945, 1000.000000000000000 ) ;
#1280 = CARTESIAN_POINT ( 'NONE',  ( -0.9330897644443509886, -2.724964224619259673E-17, 0.7750000000000000222 ) ) ;
#1281 = CARTESIAN_POINT ( 'NONE',  ( -0.5999999999999999778, 0.7249999999999999778, 0.7750000000000000222 ) ) ;
#1282 = SURFACE_STYLE_FILL_AREA ( #1949 ) ;
#1283 = ORIENTED_EDGE ( 'NONE', *, *, #851, .F. ) ;
#1284 = LINE ( 'NONE', #2520, #2534 ) ;
#1285 = DIRECTION ( 'NONE',  ( -2.943356597686604838E-17, 1.000000000000000000, -1.146543076436556017E-16 ) ) ;
#1286 = VERTEX_POINT ( 'NONE', #1229 ) ;
#1287 = VERTEX_POINT ( 'NONE', #616 ) ;
#1288 = VECTOR ( 'NONE', #812, 1000.000000000000114 ) ;
#1289 = EDGE_CURVE ( 'NONE', #2295, #761, #2469, .T. ) ;
#1290 = CARTESIAN_POINT ( 'NONE',  ( -0.5999999999999999778, 0.7249999999999999778, 0.7750000000000000222 ) ) ;
#1291 =( NAMED_UNIT ( * ) SI_UNIT ( $, .STERADIAN. ) SOLID_ANGLE_UNIT ( ) );
#1292 = ORIENTED_EDGE ( 'NONE', *, *, #421, .F. ) ;
#1293 = ORIENTED_EDGE ( 'NONE', *, *, #1888, .F. ) ;
#1294 = EDGE_CURVE ( 'NONE', #1187, #2625, #191, .T. ) ;
#1295 = ORIENTED_EDGE ( 'NONE', *, *, #698, .F. ) ;
#1296 = PLANE ( 'NONE',  #990 ) ;
#1297 = CARTESIAN_POINT ( 'NONE',  ( 0.7500000000000000000, 0.1419487237623900111, 0.5250000000000000222 ) ) ;
#1298 = CARTESIAN_POINT ( 'NONE',  ( -1.050000000000000044, 0.1749999999999999889, 0.7750000000000000222 ) ) ;
#1299 = CYLINDRICAL_SURFACE ( 'NONE', #2681, 0.1103742337510774107 ) ;
#1300 = DIRECTION ( 'NONE',  ( 1.000000000000000000, 2.943356597686604838E-17, 0.000000000000000000 ) ) ;
#1301 =( GEOMETRIC_REPRESENTATION_CONTEXT ( 3 ) GLOBAL_UNCERTAINTY_ASSIGNED_CONTEXT ( ( #1799 ) ) GLOBAL_UNIT_ASSIGNED_CONTEXT ( ( #1925, #243, #1291 ) ) REPRESENTATION_CONTEXT ( 'NONE', 'WORKASPACE' ) );
#1302 = DIRECTION ( 'NONE',  ( -1.000000000000000000, -3.572982729977149492E-17, 0.000000000000000000 ) ) ;
#1303 = ORIENTED_EDGE ( 'NONE', *, *, #2499, .T. ) ;
#1304 = FACE_OUTER_BOUND ( 'NONE', #1527, .T. ) ;
#1305 = CIRCLE ( 'NONE', #1010, 0.01405172445192136299 ) ;
#1306 = ADVANCED_FACE ( 'NONE', ( #2253 ), #1184, .F. ) ;
#1307 = EDGE_LOOP ( 'NONE', ( #2621, #2052, #171, #2578 ) ) ;
#1308 = ORIENTED_EDGE ( 'NONE', *, *, #1528, .T. ) ;
#1309 = CARTESIAN_POINT ( 'NONE',  ( -0.5999999999999999778, 0.7249999999999999778, 0.1250000000000000000 ) ) ;
#1310 = SURFACE_SIDE_STYLE ('',( #494 ) ) ;
#1311 = ORIENTED_EDGE ( 'NONE', *, *, #1753, .F. ) ;
#1312 = EDGE_CURVE ( 'NONE', #1865, #21, #2037, .T. ) ;
#1313 = FACE_OUTER_BOUND ( 'NONE', #2105, .T. ) ;
#1314 = LINE ( 'NONE', #442, #181 ) ;
#1315 = ORIENTED_EDGE ( 'NONE', *, *, #1430, .T. ) ;
#1316 = AXIS2_PLACEMENT_3D ( 'NONE', #120, #1763, #107 ) ;
#1317 = VECTOR ( 'NONE', #571, 1000.000000000000000 ) ;
#1318 = CARTESIAN_POINT ( 'NONE',  ( 0.5999999999999999778, 0.7249999999999999778, -0.1250000000000000000 ) ) ;
#1319 = ORIENTED_EDGE ( 'NONE', *, *, #826, .T. ) ;
#1320 = VERTEX_POINT ( 'NONE', #385 ) ;
#1321 = CARTESIAN_POINT ( 'NONE',  ( 0.5999999999999999778, 0.7249999999999999778, 0.1250000000000000000 ) ) ;
#1322 = ADVANCED_FACE ( 'NONE', ( #582 ), #2459, .F. ) ;
#1323 = EDGE_CURVE ( 'NONE', #747, #1865, #1845, .T. ) ;
#1324 = CYLINDRICAL_SURFACE ( 'NONE', #164, 0.1890517244519215045 ) ;
#1325 = FILL_AREA_STYLE_COLOUR ( '', #2548 ) ;
#1326 = VECTOR ( 'NONE', #1178, 1000.000000000000000 ) ;
#1327 = EDGE_CURVE ( 'NONE', #1167, #313, #805, .T. ) ;
#1328 = DIRECTION ( 'NONE',  ( 0.000000000000000000, 0.000000000000000000, -1.000000000000000000 ) ) ;
#1329 = CARTESIAN_POINT ( 'NONE',  ( -1.050000000000000044, 0.1749999999999999889, -0.1250000000000000000 ) ) ;
#1330 = LINE ( 'NONE', #111, #1841 ) ;
#1331 = ORIENTED_EDGE ( 'NONE', *, *, #378, .F. ) ;
#1332 = CARTESIAN_POINT ( 'NONE',  ( 0.5338773822343239051, 1.100000000000000089, -0.9338773822343250375 ) ) ;
#1333 = ORIENTED_EDGE ( 'NONE', *, *, #672, .F. ) ;
#1334 = ADVANCED_FACE ( 'NONE', ( #784 ), #15, .T. ) ;
#1335 = AXIS2_PLACEMENT_3D ( 'NONE', #1839, #2427, #2608 ) ;
#1336 = VECTOR ( 'NONE', #800, 1000.000000000000000 ) ;
#1337 = ORIENTED_EDGE ( 'NONE', *, *, #702, .F. ) ;
#1338 = DIRECTION ( 'NONE',  ( 0.2491540388012205565, 0.9684638686853731526, -4.163336342344340724E-17 ) ) ;
#1339 = FACE_OUTER_BOUND ( 'NONE', #2671, .T. ) ;
#1340 = ORIENTED_EDGE ( 'NONE', *, *, #1289, .T. ) ;
#1341 = DIRECTION ( 'NONE',  ( 1.000000000000000000, 1.357589115994098057E-15, -1.665334536937734811E-16 ) ) ;
#1342 = LINE ( 'NONE', #2181, #2067 ) ;
#1343 = DIRECTION ( 'NONE',  ( -0.2491540388012205565, 0.9684638686853731526, -9.714451465470132055E-17 ) ) ;
#1344 = ORIENTED_EDGE ( 'NONE', *, *, #1411, .T. ) ;
#1345 = VECTOR ( 'NONE', #544, 1000.000000000000000 ) ;
#1346 = CARTESIAN_POINT ( 'NONE',  ( 1.050000000000000044, 0.1749999999999999889, 0.1250000000000000000 ) ) ;
#1347 = DIRECTION ( 'NONE',  ( -0.2491540388012205565, 0.9684638686853731526, -9.714451465470132055E-17 ) ) ;
#1348 = CARTESIAN_POINT ( 'NONE',  ( -1.050000000000000044, -1.208212286701180036E-17, 0.1250000000000000000 ) ) ;
#1349 = VERTEX_POINT ( 'NONE', #437 ) ;
#1350 = EDGE_CURVE ( 'NONE', #1524, #1645, #1893, .T. ) ;
#1351 = LINE ( 'NONE', #2442, #2613 ) ;
#1352 = VECTOR ( 'NONE', #607, 1000.000000000000000 ) ;
#1353 = DIRECTION ( 'NONE',  ( 0.000000000000000000, 0.000000000000000000, -1.000000000000000000 ) ) ;
#1354 = FILL_AREA_STYLE ('',( #2598 ) ) ;
#1355 = ORIENTED_EDGE ( 'NONE', *, *, #953, .F. ) ;
#1356 = CIRCLE ( 'NONE', #1052, 0.1890517244519220319 ) ;
#1357 = LINE ( 'NONE', #356, #813 ) ;
#1358 = DIRECTION ( 'NONE',  ( 0.000000000000000000, 0.000000000000000000, -1.000000000000000000 ) ) ;
#1359 = CARTESIAN_POINT ( 'NONE',  ( -0.7721955216194470450, 0.7580512762376099278, 0.7750000000000000222 ) ) ;
#1360 = ORIENTED_EDGE ( 'NONE', *, *, #1584, .T. ) ;
#1361 = ADVANCED_FACE ( 'NONE', ( #1475 ), #1071, .F. ) ;
#1362 = DIRECTION ( 'NONE',  ( -1.000000000000000000, 8.663263802081679477E-16, 0.000000000000000000 ) ) ;
#1363 = LINE ( 'NONE', #2042, #441 ) ;
#1364 = CARTESIAN_POINT ( 'NONE',  ( -0.3133450250061304843, 1.050000000000000044, -0.8044298853439389996 ) ) ;
#1365 = VERTEX_POINT ( 'NONE', #1253 ) ;
#1366 = CYLINDRICAL_SURFACE ( 'NONE', #1690, 0.1890517244519220319 ) ;
#1367 = DIRECTION ( 'NONE',  ( 1.000000000000000000, 2.943356597686604838E-17, 0.000000000000000000 ) ) ;
#1368 = PLANE ( 'NONE',  #2480 ) ;
#1369 = ORIENTED_EDGE ( 'NONE', *, *, #488, .F. ) ;
#1370 = ADVANCED_FACE ( 'NONE', ( #1056 ), #721, .T. ) ;
#1371 = CARTESIAN_POINT ( 'NONE',  ( -0.3133450250061304843, 1.100000000000000089, -0.5836814178417849552 ) ) ;
#1372 = COLOUR_RGB ( '',0.7921568627450980005, 0.8196078431372548767, 0.9333333333333333481 ) ;
#1373 = DIRECTION ( 'NONE',  ( 1.000000000000000000, 0.000000000000000000, 0.000000000000000000 ) ) ;
#1374 = UNCERTAINTY_MEASURE_WITH_UNIT (LENGTH_MEASURE( 1.000000000000000082E-05 ), #1166, 'distance_accuracy_value', 'NONE');
#1375 = ORIENTED_EDGE ( 'NONE', *, *, #649, .F. ) ;
#1376 = EDGE_CURVE ( 'NONE', #150, #1115, #2382, .T. ) ;
#1377 = CARTESIAN_POINT ( 'NONE',  ( 0.9330897644443499894, 0.1749999999999999889, -0.5250000000000000222 ) ) ;
#1378 = CARTESIAN_POINT ( 'NONE',  ( 0.5691427783760180104, 0.9000000000000000222, 0.7750000000000000222 ) ) ;
#1379 = ORIENTED_EDGE ( 'NONE', *, *, #503, .F. ) ;
#1380 = EDGE_CURVE ( 'NONE', #2332, #1968, #2585, .T. ) ;
#1381 = FACE_OUTER_BOUND ( 'NONE', #204, .T. ) ;
#1382 = VECTOR ( 'NONE', #152, 1000.000000000000000 ) ;
#1383 = DIRECTION ( 'NONE',  ( 1.000000000000000000, 0.000000000000000000, 0.000000000000000000 ) ) ;
#1384 = ORIENTED_EDGE ( 'NONE', *, *, #1465, .F. ) ;
#1385 = EDGE_CURVE ( 'NONE', #1747, #1775, #1758, .T. ) ;
#1386 = CARTESIAN_POINT ( 'NONE',  ( -0.9330897644443509886, 0.1890517244519205053, -0.1250000000000000000 ) ) ;
#1387 = DIRECTION ( 'NONE',  ( 0.000000000000000000, 0.000000000000000000, 1.000000000000000000 ) ) ;
#1388 = ORIENTED_EDGE ( 'NONE', *, *, #1385, .T. ) ;
#1389 = CARTESIAN_POINT ( 'NONE',  ( -0.5999999999999999778, 0.7249999999999999778, -0.1250000000000000000 ) ) ;
#1390 = LINE ( 'NONE', #733, #1252 ) ;
#1391 = CYLINDRICAL_SURFACE ( 'NONE', #2342, 0.1103742337510774107 ) ;
#1392 = ORIENTED_EDGE ( 'NONE', *, *, #503, .T. ) ;
#1393 = VECTOR ( 'NONE', #2676, 1000.000000000000000 ) ;
#1394 = DIRECTION ( 'NONE',  ( -3.374685128561435093E-33, 1.146543076436556017E-16, 1.000000000000000000 ) ) ;
#1395 = CARTESIAN_POINT ( 'NONE',  ( 0.5999999999999999778, 0.7249999999999999778, 1.000000000000000000 ) ) ;
#1396 = AXIS2_PLACEMENT_3D ( 'NONE', #1460, #705, #1531 ) ;
#1397 = EDGE_LOOP ( 'NONE', ( #1588, #2263, #253, #1860 ) ) ;
#1398 = CARTESIAN_POINT ( 'NONE',  ( 0.5999999999999999778, 0.7249999999999999778, 0.5250000000000000222 ) ) ;
#1399 = DIRECTION ( 'NONE',  ( -1.000000000000000000, -3.572982729977149492E-17, 0.000000000000000000 ) ) ;
#1400 = EDGE_CURVE ( 'NONE', #2625, #1855, #1133, .T. ) ;
#1401 = AXIS2_PLACEMENT_3D ( 'NONE', #3, #2288, #386 ) ;
#1402 = ORIENTED_EDGE ( 'NONE', *, *, #1796, .F. ) ;
#1403 = LINE ( 'NONE', #2407, #935 ) ;
#1404 = CARTESIAN_POINT ( 'NONE',  ( -0.5691427783760198977, 0.9000000000000000222, 0.7750000000000000222 ) ) ;
#1405 = VERTEX_POINT ( 'NONE', #450 ) ;
#1406 = CARTESIAN_POINT ( 'NONE',  ( 0.9330897644443499894, 0.1890517244519210049, -0.5250000000000000222 ) ) ;
#1407 = FACE_OUTER_BOUND ( 'NONE', #901, .T. ) ;
#1408 = VECTOR ( 'NONE', #866, 1000.000000000000000 ) ;
#1409 = VECTOR ( 'NONE', #1188, 1000.000000000000000 ) ;
#1410 = VERTEX_POINT ( 'NONE', #1905 ) ;
#1411 = EDGE_CURVE ( 'NONE', #1415, #2152, #1688, .T. ) ;
#1412 = DIRECTION ( 'NONE',  ( 0.9684638686853732636, -0.2491540388012205842, 1.110223024625156540E-16 ) ) ;
#1413 = LINE ( 'NONE', #428, #1717 ) ;
#1414 = ADVANCED_FACE ( 'NONE', ( #2514 ), #1675, .F. ) ;
#1415 = VERTEX_POINT ( 'NONE', #629 ) ;
#1416 = CIRCLE ( 'NONE', #603, 0.1890517244519220319 ) ;
#1417 = CARTESIAN_POINT ( 'NONE',  ( 0.5891057571750960564, 0.9000000000000000222, 0.1250000000000000000 ) ) ;
#1418 = CARTESIAN_POINT ( 'NONE',  ( -0.9330897644443509886, 0.1890517244519210049, 0.1250000000000000000 ) ) ;
#1419 = PRODUCT_CONTEXT ( 'NONE', #1936, 'mechanical' ) ;
#1420 = ORIENTED_EDGE ( 'NONE', *, *, #246, .F. ) ;
#1421 = EDGE_LOOP ( 'NONE', ( #1431, #1218, #300, #830 ) ) ;
#1422 = COLOUR_RGB ( '',0.7921568627450980005, 0.8196078431372548767, 0.9333333333333333481 ) ;
#1423 = FACE_OUTER_BOUND ( 'NONE', #60, .T. ) ;
#1424 = VECTOR ( 'NONE', #84, 1000.000000000000000 ) ;
#1425 = CARTESIAN_POINT ( 'NONE',  ( -0.9194811770199420309, 0.1855506805526029868, 0.1250000000000000000 ) ) ;
#1426 = DIRECTION ( 'NONE',  ( -0.1710878697460359588, 0.9702875252478136980, 0.1710878697460359588 ) ) ;
#1427 = ORIENTED_EDGE ( 'NONE', *, *, #1964, .F. ) ;
#1428 = FACE_OUTER_BOUND ( 'NONE', #2565, .T. ) ;
#1429 = DIRECTION ( 'NONE',  ( 1.000000000000000000, 0.000000000000000000, 0.000000000000000000 ) ) ;
#1430 = EDGE_CURVE ( 'NONE', #1488, #2082, #1448, .T. ) ;
#1431 = ORIENTED_EDGE ( 'NONE', *, *, #1215, .F. ) ;
#1432 = DIRECTION ( 'NONE',  ( 0.000000000000000000, 0.000000000000000000, 1.000000000000000000 ) ) ;
#1433 = VECTOR ( 'NONE', #2267, 1000.000000000000000 ) ;
#1434 = ORIENTED_EDGE ( 'NONE', *, *, #829, .T. ) ;
#1435 = CARTESIAN_POINT ( 'NONE',  ( 0.5891057571750960564, 0.9000000000000000222, 0.7750000000000000222 ) ) ;
#1436 = DIRECTION ( 'NONE',  ( 0.000000000000000000, 0.000000000000000000, -1.000000000000000000 ) ) ;
#1437 = ORIENTED_EDGE ( 'NONE', *, *, #1069, .F. ) ;
#1438 = LINE ( 'NONE', #1001, #1128 ) ;
#1439 = PRESENTATION_LAYER_ASSIGNMENT (  '', '', ( #1487 ) ) ;
#1440 = EDGE_CURVE ( 'NONE', #4, #1747, #54, .T. ) ;
#1441 = LINE ( 'NONE', #2079, #2096 ) ;
#1442 = DIRECTION ( 'NONE',  ( 0.000000000000000000, 0.000000000000000000, -1.000000000000000000 ) ) ;
#1443 = ADVANCED_FACE ( 'NONE', ( #506 ), #223, .F. ) ;
#1444 = VERTEX_POINT ( 'NONE', #30 ) ;
#1445 = VECTOR ( 'NONE', #81, 1000.000000000000000 ) ;
#1446 = AXIS2_PLACEMENT_3D ( 'NONE', #2017, #1808, #1615 ) ;
#1447 = DIRECTION ( 'NONE',  ( -0.9684638686853731526, 0.2491540388012210561, 0.000000000000000000 ) ) ;
#1448 = LINE ( 'NONE', #1266, #388 ) ;
#1449 = CARTESIAN_POINT ( 'NONE',  ( 0.9194811770199420309, 0.1855506805526029868, 0.5250000000000000222 ) ) ;
#1450 = ADVANCED_FACE ( 'NONE', ( #640 ), #1040, .F. ) ;
#1451 = ORIENTED_EDGE ( 'NONE', *, *, #1400, .F. ) ;
#1452 = DIRECTION ( 'NONE',  ( 0.1736481776669314692, -0.9848077530122079093, -6.938893903907229918E-18 ) ) ;
#1453 = ORIENTED_EDGE ( 'NONE', *, *, #694, .F. ) ;
#1454 = EDGE_CURVE ( 'NONE', #1038, #2688, #1707, .T. ) ;
#1455 = FILL_AREA_STYLE_COLOUR ( '', #1422 ) ;
#1456 = DIRECTION ( 'NONE',  ( -2.943356597686604838E-17, 1.000000000000000000, 0.000000000000000000 ) ) ;
#1457 = AXIS2_PLACEMENT_3D ( 'NONE', #1917, #1735, #247 ) ;
#1458 = EDGE_CURVE ( 'NONE', #2418, #2177, #1974, .T. ) ;
#1459 = CARTESIAN_POINT ( 'NONE',  ( -0.5338773822343260145, 1.100000000000000089, 1.000000000000000000 ) ) ;
#1460 = CARTESIAN_POINT ( 'NONE',  ( -0.3133450250061284859, 1.050000000000000044, -0.6940556515928619774 ) ) ;
#1461 = CARTESIAN_POINT ( 'NONE',  ( -0.9330897644443509886, 0.1890517244519210049, 0.7750000000000000222 ) ) ;
#1462 = CARTESIAN_POINT ( 'NONE',  ( 0.4897956370572079665, 0.1000000000000000056, 0.8897956370572099871 ) ) ;
#1463 = VECTOR ( 'NONE', #45, 1000.000000000000000 ) ;
#1464 = EDGE_LOOP ( 'NONE', ( #1954, #144, #1837, #2174, #1238, #262, #230, #683, #2410, #775 ) ) ;
#1465 = EDGE_CURVE ( 'NONE', #743, #1159, #2466, .T. ) ;
#1466 = CARTESIAN_POINT ( 'NONE',  ( -1.050000000000000044, 0.1749999999999999889, -0.1250000000000000000 ) ) ;
#1467 = FACE_OUTER_BOUND ( 'NONE', #2095, .T. ) ;
#1468 = CARTESIAN_POINT ( 'NONE',  ( -0.9330897644443509886, -2.724964224619259673E-17, 0.7750000000000000222 ) ) ;
#1469 = ORIENTED_EDGE ( 'NONE', *, *, #2198, .F. ) ;
#1470 = CARTESIAN_POINT ( 'NONE',  ( 0.5891057571750960564, 0.9000000000000000222, -0.7750000000000000222 ) ) ;
#1471 = FACE_OUTER_BOUND ( 'NONE', #1928, .T. ) ;
#1472 = ORIENTED_EDGE ( 'NONE', *, *, #1528, .F. ) ;
#1473 = ORIENTED_EDGE ( 'NONE', *, *, #1180, .T. ) ;
#1474 = AXIS2_PLACEMENT_3D ( 'NONE', #689, #1970, #1757 ) ;
#1475 = FACE_OUTER_BOUND ( 'NONE', #598, .T. ) ;
#1476 = CARTESIAN_POINT ( 'NONE',  ( -1.050000000000000044, 0.1749999999999999889, -0.7750000000000000222 ) ) ;
#1477 = EDGE_LOOP ( 'NONE', ( #162, #916, #1958, #198 ) ) ;
#1478 = CARTESIAN_POINT ( 'NONE',  ( 0.5891057571750960564, 0.9000000000000000222, -0.1250000000000000000 ) ) ;
#1479 = ADVANCED_FACE ( 'NONE', ( #958 ), #1366, .T. ) ;
#1480 = ORIENTED_EDGE ( 'NONE', *, *, #1054, .F. ) ;
#1481 = VECTOR ( 'NONE', #177, 1000.000000000000000 ) ;
#1482 = ORIENTED_EDGE ( 'NONE', *, *, #157, .F. ) ;
#1483 = CARTESIAN_POINT ( 'NONE',  ( -0.5891057571750980548, 0.9000000000000000222, 0.5250000000000000222 ) ) ;
#1484 = DIRECTION ( 'NONE',  ( 0.000000000000000000, 0.000000000000000000, -1.000000000000000000 ) ) ;
#1485 = LINE ( 'NONE', #2339, #1408 ) ;
#1486 = EDGE_LOOP ( 'NONE', ( #504, #2136, #18, #2161 ) ) ;
#1487 = STYLED_ITEM ( 'NONE', ( #1098 ), #2542 ) ;
#1488 = VERTEX_POINT ( 'NONE', #352 ) ;
#1489 = CARTESIAN_POINT ( 'NONE',  ( -0.5999999999999999778, 0.7249999999999999778, 1.000000000000000000 ) ) ;
#1490 = FILL_AREA_STYLE_COLOUR ( '', #1372 ) ;
#1491 = DIRECTION ( 'NONE',  ( 9.343165878557569289E-16, -1.000000000000000000, 1.000845842425429858E-16 ) ) ;
#1492 = ORIENTED_EDGE ( 'NONE', *, *, #980, .F. ) ;
#1493 = VECTOR ( 'NONE', #369, 1000.000000000000000 ) ;
#1494 = DIRECTION ( 'NONE',  ( 0.000000000000000000, -4.455970410782350271E-16, -1.000000000000000000 ) ) ;
#1495 = ADVANCED_FACE ( 'NONE', ( #2016 ), #947, .T. ) ;
#1496 = ORIENTED_EDGE ( 'NONE', *, *, #2558, .F. ) ;
#1497 = PLANE ( 'NONE',  #1822 ) ;
#1498 = CARTESIAN_POINT ( 'NONE',  ( 0.5691427783760180104, 0.9000000000000000222, -0.5250000000000000222 ) ) ;
#1499 = ORIENTED_EDGE ( 'NONE', *, *, #2627, .T. ) ;
#1500 = ORIENTED_EDGE ( 'NONE', *, *, #1149, .T. ) ;
#1501 = ORIENTED_EDGE ( 'NONE', *, *, #1864, .F. ) ;
#1502 = ADVANCED_FACE ( 'NONE', ( #575 ), #791, .T. ) ;
#1503 = AXIS2_PLACEMENT_3D ( 'NONE', #664, #679, #780 ) ;
#1504 = PLANE ( 'NONE',  #1503 ) ;
#1505 = DIRECTION ( 'NONE',  ( 0.000000000000000000, 0.000000000000000000, -1.000000000000000000 ) ) ;
#1506 = SURFACE_SIDE_STYLE ('',( #1282 ) ) ;
#1507 = ORIENTED_EDGE ( 'NONE', *, *, #726, .F. ) ;
#1508 = ADVANCED_FACE ( 'NONE', ( #1176 ), #778, .F. ) ;
#1509 = FILL_AREA_STYLE_COLOUR ( '', #868 ) ;
#1510 = DIRECTION ( 'NONE',  ( -0.2491540388012210283, -0.9684638686853730416, 8.326672684688669123E-17 ) ) ;
#1511 = AXIS2_PLACEMENT_3D ( 'NONE', #1625, #825, #229 ) ;
#1512 = VERTEX_POINT ( 'NONE', #590 ) ;
#1513 = AXIS2_PLACEMENT_3D ( 'NONE', #735, #1807, #1614 ) ;
#1514 = ORIENTED_EDGE ( 'NONE', *, *, #1584, .F. ) ;
#1515 = ORIENTED_EDGE ( 'NONE', *, *, #2164, .T. ) ;
#1516 = ORIENTED_EDGE ( 'NONE', *, *, #2567, .T. ) ;
#1517 = EDGE_CURVE ( 'NONE', #1524, #1026, #2270, .T. ) ;
#1518 = FACE_OUTER_BOUND ( 'NONE', #495, .T. ) ;
#1519 = CARTESIAN_POINT ( 'NONE',  ( -0.5999999999999999778, 0.7249999999999999778, 0.1250000000000000000 ) ) ;
#1520 = FACE_OUTER_BOUND ( 'NONE', #2379, .T. ) ;
#1521 = ORIENTED_EDGE ( 'NONE', *, *, #2258, .F. ) ;
#1522 = DIRECTION ( 'NONE',  ( 1.000000000000000000, 0.000000000000000000, 0.000000000000000000 ) ) ;
#1523 = FACE_OUTER_BOUND ( 'NONE', #1530, .T. ) ;
#1524 = VERTEX_POINT ( 'NONE', #2219 ) ;
#1525 = DIRECTION ( 'NONE',  ( 0.000000000000000000, 0.000000000000000000, -1.000000000000000000 ) ) ;
#1526 = AXIS2_PLACEMENT_3D ( 'NONE', #301, #1358, #740 ) ;
#1527 = EDGE_LOOP ( 'NONE', ( #403, #1231, #2275, #457 ) ) ;
#1528 = EDGE_CURVE ( 'NONE', #1156, #413, #2653, .T. ) ;
#1529 = EDGE_CURVE ( 'NONE', #1968, #2332, #2525, .T. ) ;
#1530 = EDGE_LOOP ( 'NONE', ( #2213, #1420, #2291, #690, #462, #2014, #2021, #1402, #1379, #893 ) ) ;
#1531 = DIRECTION ( 'NONE',  ( -1.000000000000000000, 0.000000000000000000, 0.000000000000000000 ) ) ;
#1532 = MECHANICAL_DESIGN_GEOMETRIC_PRESENTATION_REPRESENTATION (  '', ( #1096 ), #1859 ) ;
#1533 = ADVANCED_FACE ( 'NONE', ( #1160 ), #2634, .F. ) ;
#1534 = FACE_OUTER_BOUND ( 'NONE', #2616, .T. ) ;
#1535 = DIRECTION ( 'NONE',  ( -0.9684638686853732636, -0.2491540388012205842, 0.000000000000000000 ) ) ;
#1536 = CARTESIAN_POINT ( 'NONE',  ( 0.7500000000000000000, 0.1419487237623900111, -0.5250000000000000222 ) ) ;
#1537 = VERTEX_POINT ( 'NONE', #2248 ) ;
#1538 = FACE_OUTER_BOUND ( 'NONE', #34, .T. ) ;
#1539 = CARTESIAN_POINT ( 'NONE',  ( -0.9330897644443499894, 0.1890517244519205053, -0.7750000000000000222 ) ) ;
#1540 = ADVANCED_FACE ( 'NONE', ( #1381 ), #991, .F. ) ;
#1541 = EDGE_LOOP ( 'NONE', ( #2255, #1933, #2426, #891 ) ) ;
#1542 = VECTOR ( 'NONE', #353, 1000.000000000000114 ) ;
#1543 = EDGE_CURVE ( 'NONE', #1559, #1106, #1351, .T. ) ;
#1544 = CARTESIAN_POINT ( 'NONE',  ( 0.9330897644443509886, 0.1890517244519210049, 0.5250000000000000222 ) ) ;
#1545 = PLANE ( 'NONE',  #1655 ) ;
#1546 = DIRECTION ( 'NONE',  ( 0.000000000000000000, 0.000000000000000000, -1.000000000000000000 ) ) ;
#1547 = ORIENTED_EDGE ( 'NONE', *, *, #2450, .T. ) ;
#1548 = VERTEX_POINT ( 'NONE', #1604 ) ;
#1549 = CARTESIAN_POINT ( 'NONE',  ( -0.3133450250061284859, 1.050000000000000044, -0.6940556515928619774 ) ) ;
#1550 = DIRECTION ( 'NONE',  ( -2.943356597686604838E-17, 1.000000000000000000, -1.146543076436556017E-16 ) ) ;
#1551 = ORIENTED_EDGE ( 'NONE', *, *, #97, .F. ) ;
#1552 = DIRECTION ( 'NONE',  ( 1.000000000000000000, 0.000000000000000000, 0.000000000000000000 ) ) ;
#1553 = DIRECTION ( 'NONE',  ( -2.943356597686604838E-17, 1.000000000000000000, 0.000000000000000000 ) ) ;
#1554 = CARTESIAN_POINT ( 'NONE',  ( -1.050000000000000044, -2.470504176880705188E-16, 0.7750000000000000222 ) ) ;
#1555 = ORIENTED_EDGE ( 'NONE', *, *, #2351, .F. ) ;
#1556 = CARTESIAN_POINT ( 'NONE',  ( -0.3133450250061304843, 1.100000000000000089, -0.6940556515928619774 ) ) ;
#1557 = DIRECTION ( 'NONE',  ( -1.000000000000000000, 0.000000000000000000, 0.000000000000000000 ) ) ;
#1558 = CARTESIAN_POINT ( 'NONE',  ( -0.9194811770199420309, 0.1855506805526029868, -0.5250000000000000222 ) ) ;
#1559 = VERTEX_POINT ( 'NONE', #1776 ) ;
#1560 = VECTOR ( 'NONE', #383, 1000.000000000000114 ) ;
#1561 = AXIS2_PLACEMENT_3D ( 'NONE', #138, #96, #742 ) ;
#1562 = DIRECTION ( 'NONE',  ( -1.000000000000000000, 0.000000000000000000, 0.000000000000000000 ) ) ;
#1563 = FACE_OUTER_BOUND ( 'NONE', #1088, .T. ) ;
#1564 = DIRECTION ( 'NONE',  ( -1.000000000000000000, 0.000000000000000000, 0.000000000000000000 ) ) ;
#1565 = ORIENTED_EDGE ( 'NONE', *, *, #430, .F. ) ;
#1566 = DIRECTION ( 'NONE',  ( 0.000000000000000000, 0.000000000000000000, 1.000000000000000000 ) ) ;
#1567 = LINE ( 'NONE', #1140, #2404 ) ;
#1568 = UNCERTAINTY_MEASURE_WITH_UNIT (LENGTH_MEASURE( 1.000000000000000082E-05 ), #1779, 'distance_accuracy_value', 'NONE');
#1569 = VERTEX_POINT ( 'NONE', #366 ) ;
#1570 = VECTOR ( 'NONE', #169, 1000.000000000000114 ) ;
#1571 = ADVANCED_FACE ( 'NONE', ( #560 ), #973, .F. ) ;
#1572 = CARTESIAN_POINT ( 'NONE',  ( -1.050000000000000044, -2.609282054958850249E-16, 0.5250000000000000222 ) ) ;
#1573 = CARTESIAN_POINT ( 'NONE',  ( 0.9330897644443499894, -5.215969920416889688E-17, -0.5250000000000000222 ) ) ;
#1574 = ORIENTED_EDGE ( 'NONE', *, *, #2363, .F. ) ;
#1575 = DIRECTION ( 'NONE',  ( 0.000000000000000000, 0.000000000000000000, -1.000000000000000000 ) ) ;
#1576 = PRODUCT_DEFINITION ( 'UNKNOWN', '', #2527, #2212 ) ;
#1577 = DIRECTION ( 'NONE',  ( 0.1736481776669314692, -0.9848077530122079093, -6.938893903907229918E-18 ) ) ;
#1578 =( NAMED_UNIT ( * ) SI_UNIT ( $, .STERADIAN. ) SOLID_ANGLE_UNIT ( ) );
#1579 = VERTEX_POINT ( 'NONE', #2205 ) ;
#1580 = ADVANCED_FACE ( 'NONE', ( #1824 ), #325, .F. ) ;
#1581 = VECTOR ( 'NONE', #2156, 1000.000000000000000 ) ;
#1582 = DIRECTION ( 'NONE',  ( 0.000000000000000000, 0.000000000000000000, -1.000000000000000000 ) ) ;
#1583 = DIRECTION ( 'NONE',  ( -3.572982729977149492E-17, 1.000000000000000000, 0.000000000000000000 ) ) ;
#1584 = EDGE_CURVE ( 'NONE', #1872, #2431, #1626, .T. ) ;
#1585 = EDGE_LOOP ( 'NONE', ( #126, #2122, #1980, #931, #850, #2278, #463, #1911, #2142, #719 ) ) ;
#1586 = LINE ( 'NONE', #1572, #2600 ) ;
#1587 = PLANE ( 'NONE',  #874 ) ;
#1588 = ORIENTED_EDGE ( 'NONE', *, *, #2103, .T. ) ;
#1589 = CIRCLE ( 'NONE', #2510, 0.1890517244519220319 ) ;
#1590 = DIRECTION ( 'NONE',  ( 0.9848077530122081313, 0.1736481776669305255, -2.283106586962049480E-16 ) ) ;
#1591 = CARTESIAN_POINT ( 'NONE',  ( -0.5691427783760198977, 0.9000000000000000222, 0.1250000000000000000 ) ) ;
#1592 = EDGE_CURVE ( 'NONE', #1444, #1116, #625, .T. ) ;
#1593 = PLANE ( 'NONE',  #2645 ) ;
#1594 =( LENGTH_UNIT ( ) NAMED_UNIT ( * ) SI_UNIT ( .MILLI., .METRE. ) );
#1595 = ORIENTED_EDGE ( 'NONE', *, *, #1744, .T. ) ;
#1596 = CARTESIAN_POINT ( 'NONE',  ( -0.9330897644443509886, 0.1749999999999999889, 0.5250000000000000222 ) ) ;
#1597 =( GEOMETRIC_REPRESENTATION_CONTEXT ( 3 ) GLOBAL_UNCERTAINTY_ASSIGNED_CONTEXT ( ( #2647 ) ) GLOBAL_UNIT_ASSIGNED_CONTEXT ( ( #199, #1644, #424 ) ) REPRESENTATION_CONTEXT ( 'NONE', 'WORKASPACE' ) );
#1598 = LINE ( 'NONE', #2612, #566 ) ;
#1599 = ORIENTED_EDGE ( 'NONE', *, *, #873, .F. ) ;
#1600 = DIRECTION ( 'NONE',  ( 0.000000000000000000, 1.000000000000000000, -1.146543076436556017E-16 ) ) ;
#1601 = CARTESIAN_POINT ( 'NONE',  ( 0.9330897644443499894, -2.107134249084490197E-16, 0.5250000000000000222 ) ) ;
#1602 = CARTESIAN_POINT ( 'NONE',  ( -0.5891057571750980548, 0.9000000000000000222, -0.5250000000000000222 ) ) ;
#1603 = EDGE_LOOP ( 'NONE', ( #2119, #2579, #890, #1107, #1765, #1009, #1516, #1344, #2659, #677 ) ) ;
#1604 = CARTESIAN_POINT ( 'NONE',  ( -1.050000000000000044, -1.162522675994190075E-16, -0.7750000000000000222 ) ) ;
#1605 = VECTOR ( 'NONE', #2521, 1000.000000000000000 ) ;
#1606 = EDGE_CURVE ( 'NONE', #909, #950, #1743, .T. ) ;
#1607 = EDGE_LOOP ( 'NONE', ( #1678, #1059, #1832, #2293 ) ) ;
#1608 = CARTESIAN_POINT ( 'NONE',  ( 0.7721955216194450466, 0.7580512762376099278, 0.1250000000000000000 ) ) ;
#1609 = DIRECTION ( 'NONE',  ( -1.000000000000000000, 0.000000000000000000, 0.000000000000000000 ) ) ;
#1610 = ORIENTED_EDGE ( 'NONE', *, *, #330, .F. ) ;
#1611 = CARTESIAN_POINT ( 'NONE',  ( 1.050000000000000044, 0.1749999999999999889, -0.5250000000000000222 ) ) ;
#1612 = PLANE ( 'NONE',  #267 ) ;
#1613 = ORIENTED_EDGE ( 'NONE', *, *, #513, .F. ) ;
#1614 = DIRECTION ( 'NONE',  ( -3.572982729977149492E-17, 1.000000000000000000, 0.000000000000000000 ) ) ;
#1615 = DIRECTION ( 'NONE',  ( 1.000000000000000000, 0.000000000000000000, 0.000000000000000000 ) ) ;
#1616 = ADVANCED_FACE ( 'NONE', ( #2091 ), #1225, .T. ) ;
#1617 = LINE ( 'NONE', #751, #2260 ) ;
#1618 = EDGE_CURVE ( 'NONE', #2068, #1569, #1879, .T. ) ;
#1619 = VECTOR ( 'NONE', #2628, 1000.000000000000000 ) ;
#1620 = EDGE_LOOP ( 'NONE', ( #1292, #2356, #1016, #1521, #1820, #2185, #704, #1742, #2648, #1713 ) ) ;
#1621 = PLANE ( 'NONE',  #1134 ) ;
#1622 = CARTESIAN_POINT ( 'NONE',  ( -0.9194811770199420309, 0.1855506805526025149, 0.7750000000000000222 ) ) ;
#1623 = CLOSED_SHELL ( 'NONE', ( #395, #7, #699, #2458, #1306, #542, #1443, #1833, #148, #106, #372, #1571 ) ) ;
#1624 = EDGE_LOOP ( 'NONE', ( #1780, #1733, #2189, #659 ) ) ;
#1625 = CARTESIAN_POINT ( 'NONE',  ( 0.9330897644443499894, 0.1890517244519210049, -0.1250000000000000000 ) ) ;
#1626 = LINE ( 'NONE', #2497, #346 ) ;
#1627 = CARTESIAN_POINT ( 'NONE',  ( 0.5999999999999999778, 0.7249999999999999778, 0.1250000000000000000 ) ) ;
#1628 = AXIS2_PLACEMENT_3D ( 'NONE', #1461, #2140, #464 ) ;
#1629 = VECTOR ( 'NONE', #1997, 1000.000000000000000 ) ;
#1630 = VERTEX_POINT ( 'NONE', #393 ) ;
#1631 = CARTESIAN_POINT ( 'NONE',  ( 1.050000000000000044, -1.215373272076250120E-16, 0.1250000000000000000 ) ) ;
#1632 = ORIENTED_EDGE ( 'NONE', *, *, #1529, .F. ) ;
#1633 = CARTESIAN_POINT ( 'NONE',  ( -0.5691427783760198977, 0.9000000000000000222, 0.1250000000000000000 ) ) ;
#1634 = DIRECTION ( 'NONE',  ( 0.000000000000000000, 0.000000000000000000, -1.000000000000000000 ) ) ;
#1635 = LINE ( 'NONE', #2277, #1898 ) ;
#1636 = ORIENTED_EDGE ( 'NONE', *, *, #829, .F. ) ;
#1637 = MECHANICAL_DESIGN_GEOMETRIC_PRESENTATION_REPRESENTATION (  '', ( #898 ), #1597 ) ;
#1638 = CARTESIAN_POINT ( 'NONE',  ( -0.5999999999999999778, 0.7249999999999999778, -0.5250000000000000222 ) ) ;
#1639 = EDGE_CURVE ( 'NONE', #413, #1365, #1441, .T. ) ;
#1640 = ADVANCED_BREP_SHAPE_REPRESENTATION ( '74LVC1G3157GW,125', ( #1642, #2549, #2542, #2553, #1677, #1670, #2546, #731, #299 ), #51 ) ;
#1641 = PLANE ( 'NONE',  #645 ) ;
#1642 = MANIFOLD_SOLID_BREP ( 'NONE', #448 ) ;
#1643 = EDGE_LOOP ( 'NONE', ( #1060, #1565, #256, #2504, #212, #102, #661, #351, #828, #1472 ) ) ;
#1644 =( NAMED_UNIT ( * ) PLANE_ANGLE_UNIT ( ) SI_UNIT ( $, .RADIAN. ) );
#1645 = VERTEX_POINT ( 'NONE', #1216 ) ;
#1646 = CARTESIAN_POINT ( 'NONE',  ( -0.3133450250061304843, 1.100000000000000089, -0.6940556515928619774 ) ) ;
#1647 = FACE_OUTER_BOUND ( 'NONE', #2465, .T. ) ;
#1648 = CARTESIAN_POINT ( 'NONE',  ( -0.5691427783760198977, 0.9000000000000000222, -0.5250000000000000222 ) ) ;
#1649 = EDGE_CURVE ( 'NONE', #1701, #387, #232, .T. ) ;
#1650 = ORIENTED_EDGE ( 'NONE', *, *, #967, .T. ) ;
#1651 = CARTESIAN_POINT ( 'NONE',  ( -0.2029707912550530180, 1.050000000000000044, -0.6940556515928619774 ) ) ;
#1652 = CARTESIAN_POINT ( 'NONE',  ( 0.5691427783760180104, 0.9000000000000000222, -0.7750000000000000222 ) ) ;
#1653 = ORIENTED_EDGE ( 'NONE', *, *, #1856, .T. ) ;
#1654 = APPLICATION_PROTOCOL_DEFINITION ( 'draft international standard', 'automotive_design', 1998, #1002 ) ;
#1655 = AXIS2_PLACEMENT_3D ( 'NONE', #1955, #1089, #674 ) ;
#1656 = VERTEX_POINT ( 'NONE', #2324 ) ;
#1657 = EDGE_CURVE ( 'NONE', #2436, #880, #2403, .T. ) ;
#1658 = DIRECTION ( 'NONE',  ( 1.000000000000000000, 0.000000000000000000, 0.000000000000000000 ) ) ;
#1659 = CARTESIAN_POINT ( 'NONE',  ( 0.9330897644443499894, 0.1890517244519205053, 0.1250000000000000000 ) ) ;
#1660 = VECTOR ( 'NONE', #1634, 1000.000000000000000 ) ;
#1661 = DIRECTION ( 'NONE',  ( 0.000000000000000000, -1.000000000000000000, 1.146543076436556017E-16 ) ) ;
#1662 = DIRECTION ( 'NONE',  ( 0.9848077530122079093, 0.1736481776669314692, 0.000000000000000000 ) ) ;
#1663 = ADVANCED_FACE ( 'NONE', ( #647 ), #1641, .F. ) ;
#1664 = ORIENTED_EDGE ( 'NONE', *, *, #2186, .F. ) ;
#1665 = DIRECTION ( 'NONE',  ( 0.000000000000000000, 0.000000000000000000, 1.000000000000000000 ) ) ;
#1666 = EDGE_CURVE ( 'NONE', #176, #1167, #1013, .T. ) ;
#1667 = VERTEX_POINT ( 'NONE', #1470 ) ;
#1668 = DIRECTION ( 'NONE',  ( 0.000000000000000000, 0.000000000000000000, 1.000000000000000000 ) ) ;
#1669 = DIRECTION ( 'NONE',  ( 1.000000000000000000, 2.943356597686604838E-17, 0.000000000000000000 ) ) ;
#1670 = MANIFOLD_SOLID_BREP ( 'NONE', #665 ) ;
#1671 = ADVANCED_FACE ( 'NONE', ( #2338 ), #2054, .F. ) ;
#1672 = EDGE_LOOP ( 'NONE', ( #2406, #1077, #2149, #1022 ) ) ;
#1673 = VECTOR ( 'NONE', #2383, 1000.000000000000000 ) ;
#1674 = CIRCLE ( 'NONE', #507, 0.1103742337510774107 ) ;
#1675 = PLANE ( 'NONE',  #49 ) ;
#1676 = DIRECTION ( 'NONE',  ( 0.000000000000000000, -1.000845842425429858E-16, -1.000000000000000000 ) ) ;
#1677 = MANIFOLD_SOLID_BREP ( 'NONE', #840 ) ;
#1678 = ORIENTED_EDGE ( 'NONE', *, *, #1960, .T. ) ;
#1679 = CARTESIAN_POINT ( 'NONE',  ( 0.000000000000000000, 0.1000000000000000056, -0.8897956370572099871 ) ) ;
#1680 = LINE ( 'NONE', #1696, #1605 ) ;
#1681 = ADVANCED_FACE ( 'NONE', ( #62 ), #1545, .T. ) ;
#1682 = ORIENTED_EDGE ( 'NONE', *, *, #2235, .F. ) ;
#1683 = CARTESIAN_POINT ( 'NONE',  ( -0.9330897644443499894, -9.941413884682779897E-17, -0.5250000000000000222 ) ) ;
#1684 = CARTESIAN_POINT ( 'NONE',  ( -0.3133450250061304843, 1.050000000000000044, -0.6940556515928619774 ) ) ;
#1685 = AXIS2_PLACEMENT_3D ( 'NONE', #1489, #894, #2167 ) ;
#1686 = CARTESIAN_POINT ( 'NONE',  ( 1.050000000000000044, 1.405360219255710014E-16, -0.5250000000000000222 ) ) ;
#1687 = EDGE_CURVE ( 'NONE', #2062, #518, #265, .T. ) ;
#1688 = LINE ( 'NONE', #1241, #109 ) ;
#1689 = FILL_AREA_STYLE_COLOUR ( '', #27 ) ;
#1690 = AXIS2_PLACEMENT_3D ( 'NONE', #159, #1193, #1562 ) ;
#1691 = AXIS2_PLACEMENT_3D ( 'NONE', #275, #468, #2533 ) ;
#1692 = ORIENTED_EDGE ( 'NONE', *, *, #967, .F. ) ;
#1693 = AXIS2_PLACEMENT_3D ( 'NONE', #354, #2237, #1383 ) ;
#1694 = DIRECTION ( 'NONE',  ( 0.000000000000000000, 0.000000000000000000, -1.000000000000000000 ) ) ;
#1695 = CARTESIAN_POINT ( 'NONE',  ( -0.9194811770199420309, 0.1855506805526029868, -0.5250000000000000222 ) ) ;
#1696 = CARTESIAN_POINT ( 'NONE',  ( -0.5891057571750980548, 0.9000000000000000222, 0.7750000000000000222 ) ) ;
#1697 = VERTEX_POINT ( 'NONE', #75 ) ;
#1698 = DIRECTION ( 'NONE',  ( 0.000000000000000000, 0.000000000000000000, -1.000000000000000000 ) ) ;
#1699 = CARTESIAN_POINT ( 'NONE',  ( -0.3133450250061304843, 1.100000000000000089, -0.6940556515928619774 ) ) ;
#1700 = CARTESIAN_POINT ( 'NONE',  ( 0.5999999999999999778, 0.7249999999999999778, 0.1250000000000000000 ) ) ;
#1701 = VERTEX_POINT ( 'NONE', #2120 ) ;
#1702 = VECTOR ( 'NONE', #1046, 1000.000000000000000 ) ;
#1703 = EDGE_LOOP ( 'NONE', ( #1233, #1507, #794, #90 ) ) ;
#1704 = FACE_OUTER_BOUND ( 'NONE', #1956, .T. ) ;
#1705 = AXIS2_PLACEMENT_3D ( 'NONE', #2176, #459, #915 ) ;
#1706 = EDGE_CURVE ( 'NONE', #397, #1444, #101, .T. ) ;
#1707 = LINE ( 'NONE', #295, #995 ) ;
#1708 = SURFACE_STYLE_USAGE ( .BOTH. , #1506 ) ;
#1709 = EDGE_LOOP ( 'NONE', ( #1092, #2035, #1500, #2583 ) ) ;
#1710 = DIRECTION ( 'NONE',  ( -6.204419398959465481E-18, 0.1736481776669305255, 0.9848077530122081313 ) ) ;
#1711 = CARTESIAN_POINT ( 'NONE',  ( -0.4237192587572080060, 1.050000000000000044, -0.6940556515928619774 ) ) ;
#1712 = VECTOR ( 'NONE', #2657, 1000.000000000000114 ) ;
#1713 = ORIENTED_EDGE ( 'NONE', *, *, #1687, .F. ) ;
#1714 = DIRECTION ( 'NONE',  ( 0.000000000000000000, 0.000000000000000000, -1.000000000000000000 ) ) ;
#1715 = CLOSED_SHELL ( 'NONE', ( #1873, #852, #28, #1370, #1322, #1812, #1263, #580, #1094, #284, #1533, #1823 ) ) ;
#1716 = VERTEX_POINT ( 'NONE', #2535 ) ;
#1717 = VECTOR ( 'NONE', #165, 1000.000000000000000 ) ;
#1718 = EDGE_LOOP ( 'NONE', ( #379, #1991, #207, #94 ) ) ;
#1719 = LINE ( 'NONE', #491, #2444 ) ;
#1720 = EDGE_CURVE ( 'NONE', #1074, #1548, #865, .T. ) ;
#1721 = CARTESIAN_POINT ( 'NONE',  ( 1.050000000000000044, 1.175075677819790007E-16, 0.5250000000000000222 ) ) ;
#1722 = LINE ( 'NONE', #2002, #1326 ) ;
#1723 = DIRECTION ( 'NONE',  ( 1.000000000000000000, 9.343165878557569289E-16, 0.000000000000000000 ) ) ;
#1724 = EDGE_LOOP ( 'NONE', ( #485, #1664, #1653, #86 ) ) ;
#1725 = LINE ( 'NONE', #35, #305 ) ;
#1726 = DIRECTION ( 'NONE',  ( -2.943356597686604838E-17, 1.000000000000000000, -1.146543076436556017E-16 ) ) ;
#1727 = ORIENTED_EDGE ( 'NONE', *, *, #309, .F. ) ;
#1728 = ADVANCED_FACE ( 'NONE', ( #1304 ), #471, .F. ) ;
#1729 = FACE_OUTER_BOUND ( 'NONE', #767, .T. ) ;
#1730 = LINE ( 'NONE', #484, #2538 ) ;
#1731 = VERTEX_POINT ( 'NONE', #2148 ) ;
#1732 = VERTEX_POINT ( 'NONE', #2577 ) ;
#1733 = ORIENTED_EDGE ( 'NONE', *, *, #2074, .F. ) ;
#1734 = AXIS2_PLACEMENT_3D ( 'NONE', #1766, #2601, #1552 ) ;
#1735 = DIRECTION ( 'NONE',  ( 0.000000000000000000, 0.000000000000000000, -1.000000000000000000 ) ) ;
#1736 = DIRECTION ( 'NONE',  ( 1.000000000000000000, 1.357589115994098057E-15, -1.665334536937734811E-16 ) ) ;
#1737 = CARTESIAN_POINT ( 'NONE',  ( 0.5891057571750950572, 0.9000000000000000222, -0.5250000000000000222 ) ) ;
#1738 = DIRECTION ( 'NONE',  ( 1.000000000000000000, 0.000000000000000000, 0.000000000000000000 ) ) ;
#1739 = DIRECTION ( 'NONE',  ( -2.943356597686604838E-17, 1.000000000000000000, 0.000000000000000000 ) ) ;
#1740 = VECTOR ( 'NONE', #618, 1000.000000000000000 ) ;
#1741 = ADVANCED_FACE ( 'NONE', ( #1275 ), #2134, .F. ) ;
#1742 = ORIENTED_EDGE ( 'NONE', *, *, #1803, .F. ) ;
#1743 = CIRCLE ( 'NONE', #824, 0.01405172445192136299 ) ;
#1744 = EDGE_CURVE ( 'NONE', #2131, #2506, #1730, .T. ) ;
#1745 = DIRECTION ( 'NONE',  ( 0.2491540388012210283, -0.9684638686853730416, 9.714451465470120961E-17 ) ) ;
#1746 = ORIENTED_EDGE ( 'NONE', *, *, #2512, .T. ) ;
#1747 = VERTEX_POINT ( 'NONE', #1189 ) ;
#1748 = EDGE_CURVE ( 'NONE', #1630, #1983, #1802, .T. ) ;
#1749 = CARTESIAN_POINT ( 'NONE',  ( 1.050000000000000044, 0.1749999999999999889, 0.1250000000000000000 ) ) ;
#1750 = SURFACE_STYLE_FILL_AREA ( #1354 ) ;
#1751 = EDGE_LOOP ( 'NONE', ( #214, #64, #1293, #1206 ) ) ;
#1752 =( GEOMETRIC_REPRESENTATION_CONTEXT ( 3 ) GLOBAL_UNCERTAINTY_ASSIGNED_CONTEXT ( ( #1155 ) ) GLOBAL_UNIT_ASSIGNED_CONTEXT ( ( #443, #2563, #47 ) ) REPRESENTATION_CONTEXT ( 'NONE', 'WORKASPACE' ) );
#1753 = EDGE_CURVE ( 'NONE', #1697, #1817, #2188, .T. ) ;
#1754 = CARTESIAN_POINT ( 'NONE',  ( 0.9330897644443509886, 0.1890517244519210049, 0.5250000000000000222 ) ) ;
#1755 = DIRECTION ( 'NONE',  ( 0.1736481776669314692, -0.9848077530122079093, -6.938893903907229918E-18 ) ) ;
#1756 = EDGE_LOOP ( 'NONE', ( #1331, #2285, #2564, #167 ) ) ;
#1757 = DIRECTION ( 'NONE',  ( 0.000000000000000000, -1.000000000000000000, 1.146543076436556017E-16 ) ) ;
#1758 = CIRCLE ( 'NONE', #1261, 0.1890517244519215045 ) ;
#1759 = LINE ( 'NONE', #2591, #720 ) ;
#1760 = ORIENTED_EDGE ( 'NONE', *, *, #2003, .T. ) ;
#1761 = DIRECTION ( 'NONE',  ( -1.000000000000000000, 0.000000000000000000, 0.000000000000000000 ) ) ;
#1762 = EDGE_CURVE ( 'NONE', #950, #2436, #1390, .T. ) ;
#1763 = DIRECTION ( 'NONE',  ( 0.000000000000000000, 0.000000000000000000, -1.000000000000000000 ) ) ;
#1764 = FILL_AREA_STYLE ('',( #1325 ) ) ;
#1765 = ORIENTED_EDGE ( 'NONE', *, *, #694, .T. ) ;
#1766 = CARTESIAN_POINT ( 'NONE',  ( -0.9330897644443499894, 0.1890517244519205053, -0.5250000000000000222 ) ) ;
#1767 = CARTESIAN_POINT ( 'NONE',  ( -0.9330897644443499894, -9.941413884682779897E-17, -0.5250000000000000222 ) ) ;
#1768 = LINE ( 'NONE', #1993, #904 ) ;
#1769 = ORIENTED_EDGE ( 'NONE', *, *, #620, .F. ) ;
#1770 = AXIS2_PLACEMENT_3D ( 'NONE', #1264, #2693, #2080 ) ;
#1771 = AXIS2_PLACEMENT_3D ( 'NONE', #1150, #68, #883 ) ;
#1772 = DIRECTION ( 'NONE',  ( -3.572982729977149492E-17, 1.000000000000000000, 0.000000000000000000 ) ) ;
#1773 = DIRECTION ( 'NONE',  ( 0.000000000000000000, 0.000000000000000000, -1.000000000000000000 ) ) ;
#1774 = LINE ( 'NONE', #1558, #2045 ) ;
#1775 = VERTEX_POINT ( 'NONE', #322 ) ;
#1776 = CARTESIAN_POINT ( 'NONE',  ( 0.5691427783760180104, 0.9000000000000000222, 0.1250000000000000000 ) ) ;
#1777 = VECTOR ( 'NONE', #1255, 1000.000000000000000 ) ;
#1778 = DIRECTION ( 'NONE',  ( 0.000000000000000000, 0.000000000000000000, 1.000000000000000000 ) ) ;
#1779 =( LENGTH_UNIT ( ) NAMED_UNIT ( * ) SI_UNIT ( .MILLI., .METRE. ) );
#1780 = ORIENTED_EDGE ( 'NONE', *, *, #1237, .F. ) ;
#1781 = EDGE_CURVE ( 'NONE', #2390, #2238, #2064, .T. ) ;
#1782 = CARTESIAN_POINT ( 'NONE',  ( 0.5691427783760180104, 0.9000000000000000222, 0.1250000000000000000 ) ) ;
#1783 = DIRECTION ( 'NONE',  ( -1.000000000000000000, -3.572982729977149492E-17, 0.000000000000000000 ) ) ;
#1784 = ORIENTED_EDGE ( 'NONE', *, *, #627, .F. ) ;
#1785 = LINE ( 'NONE', #349, #1629 ) ;
#1786 = CARTESIAN_POINT ( 'NONE',  ( -0.4897956370572099649, 0.1000000000000000056, -0.8897956370572099871 ) ) ;
#1787 = CARTESIAN_POINT ( 'NONE',  ( 0.5891057571750960564, 0.9000000000000000222, 0.7750000000000000222 ) ) ;
#1788 = ORIENTED_EDGE ( 'NONE', *, *, #2641, .F. ) ;
#1789 = STYLED_ITEM ( 'NONE', ( #93 ), #2549 ) ;
#1790 = DIRECTION ( 'NONE',  ( 1.000000000000000000, 0.000000000000000000, 0.000000000000000000 ) ) ;
#1791 = DIRECTION ( 'NONE',  ( 1.000000000000000000, 1.357589115994098057E-15, -1.665334536937734811E-16 ) ) ;
#1792 = FACE_OUTER_BOUND ( 'NONE', #108, .T. ) ;
#1793 = EDGE_CURVE ( 'NONE', #1972, #1828, #2632, .T. ) ;
#1794 = CARTESIAN_POINT ( 'NONE',  ( -0.5691427783760198977, 0.9000000000000000222, -0.5250000000000000222 ) ) ;
#1795 = EDGE_LOOP ( 'NONE', ( #804, #2394, #1499, #281 ) ) ;
#1796 = EDGE_CURVE ( 'NONE', #1971, #489, #1363, .T. ) ;
#1797 = CYLINDRICAL_SURFACE ( 'NONE', #2330, 0.1890517244519220319 ) ;
#1798 = LINE ( 'NONE', #2182, #737 ) ;
#1799 = UNCERTAINTY_MEASURE_WITH_UNIT (LENGTH_MEASURE( 1.000000000000000082E-05 ), #1925, 'distance_accuracy_value', 'NONE');
#1800 = EDGE_LOOP ( 'NONE', ( #292, #1480, #2572, #2592 ) ) ;
#1801 = CARTESIAN_POINT ( 'NONE',  ( -0.4237192587572080060, 1.100000000000000089, -0.6940556515928619774 ) ) ;
#1802 = LINE ( 'NONE', #1573, #228 ) ;
#1803 = EDGE_CURVE ( 'NONE', #2199, #790, #1172, .T. ) ;
#1804 = CARTESIAN_POINT ( 'NONE',  ( -0.2029707912550530180, 1.100000000000000089, -0.6940556515928619774 ) ) ;
#1805 = ORIENTED_EDGE ( 'NONE', *, *, #1215, .T. ) ;
#1806 = VECTOR ( 'NONE', #124, 1000.000000000000000 ) ;
#1807 = DIRECTION ( 'NONE',  ( -1.000000000000000000, -3.572982729977149492E-17, 0.000000000000000000 ) ) ;
#1808 = DIRECTION ( 'NONE',  ( 0.000000000000000000, 0.000000000000000000, 1.000000000000000000 ) ) ;
#1809 = PLANE ( 'NONE',  #2132 ) ;
#1810 = EDGE_CURVE ( 'NONE', #1848, #531, #2230, .T. ) ;
#1811 = CARTESIAN_POINT ( 'NONE',  ( 0.7500000000000000000, 0.1419487237623900111, -0.5250000000000000222 ) ) ;
#1812 = ADVANCED_FACE ( 'NONE', ( #2216 ), #572, .F. ) ;
#1813 = ORIENTED_EDGE ( 'NONE', *, *, #2112, .T. ) ;
#1814 = AXIS2_PLACEMENT_3D ( 'NONE', #1058, #1906, #2347 ) ;
#1815 = DIRECTION ( 'NONE',  ( 0.000000000000000000, -4.455970410782350271E-16, -1.000000000000000000 ) ) ;
#1816 = CARTESIAN_POINT ( 'NONE',  ( 1.050000000000000044, -1.215373272076250120E-16, 0.1250000000000000000 ) ) ;
#1817 = VERTEX_POINT ( 'NONE', #759 ) ;
#1818 = LINE ( 'NONE', #1377, #2511 ) ;
#1819 = CARTESIAN_POINT ( 'NONE',  ( 0.9330897644443499894, 0.1890517244519205053, 0.7750000000000000222 ) ) ;
#1820 = ORIENTED_EDGE ( 'NONE', *, *, #1957, .F. ) ;
#1821 = AXIS2_PLACEMENT_3D ( 'NONE', #1418, #1442, #839 ) ;
#1822 = AXIS2_PLACEMENT_3D ( 'NONE', #1290, #2147, #688 ) ;
#1823 = ADVANCED_FACE ( 'NONE', ( #2392 ), #1587, .F. ) ;
#1824 = FACE_OUTER_BOUND ( 'NONE', #2694, .T. ) ;
#1825 = DIRECTION ( 'NONE',  ( -2.943356597686604838E-17, 1.000000000000000000, -1.146543076436556017E-16 ) ) ;
#1826 = CARTESIAN_POINT ( 'NONE',  ( 0.5691427783760180104, 0.9000000000000000222, -0.5250000000000000222 ) ) ;
#1827 = FACE_OUTER_BOUND ( 'NONE', #648, .T. ) ;
#1828 = VERTEX_POINT ( 'NONE', #516 ) ;
#1829 = DIRECTION ( 'NONE',  ( -2.220446049250309876E-16, -5.551115123125779621E-17, -1.000000000000000000 ) ) ;
#1830 = CIRCLE ( 'NONE', #2677, 0.1890517244519215045 ) ;
#1831 = CARTESIAN_POINT ( 'NONE',  ( -0.7500000000000000000, 0.1419487237623900111, 0.5250000000000000222 ) ) ;
#1832 = ORIENTED_EDGE ( 'NONE', *, *, #1385, .F. ) ;
#1833 = ADVANCED_FACE ( 'NONE', ( #1981 ), #335, .F. ) ;
#1834 = EDGE_CURVE ( 'NONE', #1983, #628, #556, .T. ) ;
#1835 = CARTESIAN_POINT ( 'NONE',  ( 1.050000000000000044, -1.215373272076250120E-16, 0.1250000000000000000 ) ) ;
#1836 = CARTESIAN_POINT ( 'NONE',  ( -0.5999999999999999778, 0.7249999999999999778, -1.000000000000000000 ) ) ;
#1837 = ORIENTED_EDGE ( 'NONE', *, *, #1856, .F. ) ;
#1838 = EDGE_CURVE ( 'NONE', #2082, #176, #1998, .T. ) ;
#1839 = CARTESIAN_POINT ( 'NONE',  ( -0.5691427783760198977, 0.9000000000000000222, 0.1250000000000000000 ) ) ;
#1840 = DIRECTION ( 'NONE',  ( 0.1710878697460359588, 0.9702875252478136980, 0.1710878697460359588 ) ) ;
#1841 = VECTOR ( 'NONE', #1979, 1000.000000000000000 ) ;
#1842 = MECHANICAL_DESIGN_GEOMETRIC_PRESENTATION_REPRESENTATION (  '', ( #997 ), #2143 ) ;
#1843 = DIRECTION ( 'NONE',  ( 0.000000000000000000, 0.000000000000000000, 1.000000000000000000 ) ) ;
#1844 = ORIENTED_EDGE ( 'NONE', *, *, #562, .T. ) ;
#1845 = LINE ( 'NONE', #984, #663 ) ;
#1846 = CARTESIAN_POINT ( 'NONE',  ( 1.050000000000000044, 0.1749999999999999889, 0.5250000000000000222 ) ) ;
#1847 = VECTOR ( 'NONE', #2115, 1000.000000000000000 ) ;
#1848 = VERTEX_POINT ( 'NONE', #1786 ) ;
#1849 = CARTESIAN_POINT ( 'NONE',  ( -0.5999999999999999778, 1.100000000000000089, 0.9338773822343250375 ) ) ;
#1850 = MECHANICAL_DESIGN_GEOMETRIC_PRESENTATION_REPRESENTATION (  '', ( #913 ), #1301 ) ;
#1851 = DIRECTION ( 'NONE',  ( 0.000000000000000000, 0.000000000000000000, 1.000000000000000000 ) ) ;
#1852 = AXIS2_PLACEMENT_3D ( 'NONE', #2686, #400, #163 ) ;
#1853 = EDGE_LOOP ( 'NONE', ( #348, #1137, #1244, #2454 ) ) ;
#1854 = SURFACE_STYLE_USAGE ( .BOTH. , #2069 ) ;
#1855 = VERTEX_POINT ( 'NONE', #2618 ) ;
#1856 = EDGE_CURVE ( 'NONE', #2604, #231, #486, .T. ) ;
#1857 = DIRECTION ( 'NONE',  ( 0.000000000000000000, 0.000000000000000000, -1.000000000000000000 ) ) ;
#1858 = CARTESIAN_POINT ( 'NONE',  ( -0.5999999999999999778, 0.7249999999999999778, 1.000000000000000000 ) ) ;
#1859 =( GEOMETRIC_REPRESENTATION_CONTEXT ( 3 ) GLOBAL_UNCERTAINTY_ASSIGNED_CONTEXT ( ( #1374 ) ) GLOBAL_UNIT_ASSIGNED_CONTEXT ( ( #1166, #2384, #2020 ) ) REPRESENTATION_CONTEXT ( 'NONE', 'WORKASPACE' ) );
#1860 = ORIENTED_EDGE ( 'NONE', *, *, #488, .T. ) ;
#1861 = CARTESIAN_POINT ( 'NONE',  ( -0.5338773822343279019, 1.100000000000000089, -0.9338773822343250375 ) ) ;
#1862 = CARTESIAN_POINT ( 'NONE',  ( 0.5691427783760180104, 0.9000000000000000222, 0.5250000000000000222 ) ) ;
#1863 = VECTOR ( 'NONE', #326, 1000.000000000000000 ) ;
#1864 = EDGE_CURVE ( 'NONE', #387, #609, #774, .T. ) ;
#1865 = VERTEX_POINT ( 'NONE', #1332 ) ;
#1866 = ORIENTED_EDGE ( 'NONE', *, *, #686, .F. ) ;
#1867 = CARTESIAN_POINT ( 'NONE',  ( 1.050000000000000044, 0.1749999999999999889, 0.7750000000000000222 ) ) ;
#1868 = CARTESIAN_POINT ( 'NONE',  ( -1.050000000000000044, -2.609282054958850249E-16, 0.5250000000000000222 ) ) ;
#1869 = ORIENTED_EDGE ( 'NONE', *, *, #826, .F. ) ;
#1870 = AXIS2_PLACEMENT_3D ( 'NONE', #2685, #2446, #2584 ) ;
#1871 = CARTESIAN_POINT ( 'NONE',  ( 0.5691427783760180104, 0.9000000000000000222, 0.1250000000000000000 ) ) ;
#1872 = VERTEX_POINT ( 'NONE', #143 ) ;
#1873 = ADVANCED_FACE ( 'NONE', ( #2453 ), #306, .F. ) ;
#1874 = DIRECTION ( 'NONE',  ( 1.000000000000000000, 2.943356597686604838E-17, 0.000000000000000000 ) ) ;
#1875 = LINE ( 'NONE', #1037, #2259 ) ;
#1876 = EDGE_CURVE ( 'NONE', #1156, #570, #2077, .T. ) ;
#1877 = VECTOR ( 'NONE', #1510, 1000.000000000000114 ) ;
#1878 = VERTEX_POINT ( 'NONE', #811 ) ;
#1879 = CIRCLE ( 'NONE', #863, 0.1890517244519220319 ) ;
#1880 = EDGE_CURVE ( 'NONE', #279, #697, #2486, .T. ) ;
#1881 = LINE ( 'NONE', #1633, #208 ) ;
#1882 = DIRECTION ( 'NONE',  ( 0.000000000000000000, 0.000000000000000000, -1.000000000000000000 ) ) ;
#1883 = PLANE ( 'NONE',  #1628 ) ;
#1884 = FACE_OUTER_BOUND ( 'NONE', #550, .T. ) ;
#1885 = VERTEX_POINT ( 'NONE', #1861 ) ;
#1886 = CARTESIAN_POINT ( 'NONE',  ( 1.050000000000000044, 0.1749999999999999889, -0.1250000000000000000 ) ) ;
#1887 = ORIENTED_EDGE ( 'NONE', *, *, #53, .F. ) ;
#1888 = EDGE_CURVE ( 'NONE', #621, #359, #1086, .T. ) ;
#1889 = DIRECTION ( 'NONE',  ( 0.000000000000000000, 0.000000000000000000, -1.000000000000000000 ) ) ;
#1890 = DIRECTION ( 'NONE',  ( -2.943356597686604838E-17, 1.000000000000000000, 0.000000000000000000 ) ) ;
#1891 = ORIENTED_EDGE ( 'NONE', *, *, #1973, .T. ) ;
#1892 = DIRECTION ( 'NONE',  ( -0.1736481776669314692, -0.9848077530122079093, 9.020562075079388263E-17 ) ) ;
#1893 = LINE ( 'NONE', #857, #585 ) ;
#1894 = AXIS2_PLACEMENT_3D ( 'NONE', #2595, #918, #1761 ) ;
#1895 = CARTESIAN_POINT ( 'NONE',  ( -0.3133450250061284859, 1.050000000000000044, -0.6940556515928619774 ) ) ;
#1896 = ORIENTED_EDGE ( 'NONE', *, *, #2450, .F. ) ;
#1897 = CARTESIAN_POINT ( 'NONE',  ( -0.5691427783760198977, 0.9000000000000000222, 0.1250000000000000000 ) ) ;
#1898 = VECTOR ( 'NONE', #2072, 1000.000000000000227 ) ;
#1899 = EDGE_LOOP ( 'NONE', ( #989, #846, #2304, #475 ) ) ;
#1900 = CARTESIAN_POINT ( 'NONE',  ( 0.5891057571750960564, 0.7109482755480779348, -0.1250000000000000000 ) ) ;
#1901 = EDGE_CURVE ( 'NONE', #37, #1548, #1246, .T. ) ;
#1902 = CARTESIAN_POINT ( 'NONE',  ( 0.9330897644443499894, 0.1749999999999999889, 0.5250000000000000222 ) ) ;
#1903 = VECTOR ( 'NONE', #1203, 1000.000000000000000 ) ;
#1904 = VECTOR ( 'NONE', #1362, 1000.000000000000000 ) ;
#1905 = CARTESIAN_POINT ( 'NONE',  ( 0.7721955216194450466, 0.7580512762376099278, 0.5250000000000000222 ) ) ;
#1906 = DIRECTION ( 'NONE',  ( 1.357589115994098057E-15, -1.000000000000000000, 4.738892976334379899E-17 ) ) ;
#1907 = EDGE_LOOP ( 'NONE', ( #2445, #605 ) ) ;
#1908 = CARTESIAN_POINT ( 'NONE',  ( -0.5891057571750980548, 0.9000000000000000222, 0.1250000000000000000 ) ) ;
#1909 = DIRECTION ( 'NONE',  ( 0.000000000000000000, 0.000000000000000000, -1.000000000000000000 ) ) ;
#1910 = DIRECTION ( 'NONE',  ( -2.220446049250309876E-16, -5.551115123125779621E-17, -1.000000000000000000 ) ) ;
#1911 = ORIENTED_EDGE ( 'NONE', *, *, #1762, .T. ) ;
#1912 = ADVANCED_FACE ( 'NONE', ( #1428 ), #2102, .F. ) ;
#1913 = EDGE_CURVE ( 'NONE', #2114, #1697, #404, .T. ) ;
#1914 = DIRECTION ( 'NONE',  ( 0.000000000000000000, 0.000000000000000000, -1.000000000000000000 ) ) ;
#1915 = VERTEX_POINT ( 'NONE', #622 ) ;
#1916 = EDGE_CURVE ( 'NONE', #469, #2557, #1438, .T. ) ;
#1917 = CARTESIAN_POINT ( 'NONE',  ( -0.9330897644443509886, 0.1890517244519210049, 0.1250000000000000000 ) ) ;
#1918 = DIRECTION ( 'NONE',  ( -1.000000000000000000, 1.289598908346509963E-15, 1.110223024625155924E-16 ) ) ;
#1919 = LINE ( 'NONE', #2571, #197 ) ;
#1920 = AXIS2_PLACEMENT_3D ( 'NONE', #426, #869, #2178 ) ;
#1921 = CIRCLE ( 'NONE', #646, 0.1890517244519215045 ) ;
#1922 = ORIENTED_EDGE ( 'NONE', *, *, #1239, .T. ) ;
#1923 = LINE ( 'NONE', #1711, #1208 ) ;
#1924 = ORIENTED_EDGE ( 'NONE', *, *, #772, .F. ) ;
#1925 =( LENGTH_UNIT ( ) NAMED_UNIT ( * ) SI_UNIT ( .MILLI., .METRE. ) );
#1926 = CARTESIAN_POINT ( 'NONE',  ( 0.9330897644443499894, 0.1749999999999999889, -0.5250000000000000222 ) ) ;
#1927 = VERTEX_POINT ( 'NONE', #1886 ) ;
#1928 = EDGE_LOOP ( 'NONE', ( #593, #1384, #917, #487 ) ) ;
#1929 = PLANE ( 'NONE',  #1153 ) ;
#1930 = AXIS2_PLACEMENT_3D ( 'NONE', #1819, #1158, #1557 ) ;
#1931 = CARTESIAN_POINT ( 'NONE',  ( -0.9330897644443509886, 6.729278719454340224E-17, 0.5250000000000000222 ) ) ;
#1932 = DIRECTION ( 'NONE',  ( 0.000000000000000000, 0.000000000000000000, 1.000000000000000000 ) ) ;
#1933 = ORIENTED_EDGE ( 'NONE', *, *, #762, .F. ) ;
#1934 = ADVANCED_FACE ( 'NONE', ( #1223 ), #1612, .F. ) ;
#1935 = LINE ( 'NONE', #1679, #1702 ) ;
#1936 = APPLICATION_CONTEXT ( 'automotive_design' ) ;
#1937 = FACE_OUTER_BOUND ( 'NONE', #280, .T. ) ;
#1938 = VERTEX_POINT ( 'NONE', #1417 ) ;
#1939 = EDGE_LOOP ( 'NONE', ( #384, #1093, #1682, #942 ) ) ;
#1940 = DIRECTION ( 'NONE',  ( 0.000000000000000000, -1.000000000000000000, 1.146543076436556017E-16 ) ) ;
#1941 = ORIENTED_EDGE ( 'NONE', *, *, #2614, .T. ) ;
#1942 = EDGE_LOOP ( 'NONE', ( #2204, #1496, #1258, #2026 ) ) ;
#1943 = VECTOR ( 'NONE', #1201, 1000.000000000000114 ) ;
#1944 = EDGE_LOOP ( 'NONE', ( #1451, #2472, #888, #1192 ) ) ;
#1945 = DIRECTION ( 'NONE',  ( 0.000000000000000000, 0.000000000000000000, -1.000000000000000000 ) ) ;
#1946 = EDGE_CURVE ( 'NONE', #21, #531, #1204, .T. ) ;
#1947 = LINE ( 'NONE', #1721, #933 ) ;
#1948 = DIRECTION ( 'NONE',  ( 0.000000000000000000, 0.000000000000000000, 1.000000000000000000 ) ) ;
#1949 = FILL_AREA_STYLE ('',( #1689 ) ) ;
#1950 = AXIS2_PLACEMENT_3D ( 'NONE', #937, #1778, #2609 ) ;
#1951 = VECTOR ( 'NONE', #1736, 1000.000000000000000 ) ;
#1952 = DIRECTION ( 'NONE',  ( 0.1710878697460359588, 0.9702875252478136980, -0.1710878697460359588 ) ) ;
#1953 = CARTESIAN_POINT ( 'NONE',  ( 0.5691427783760180104, 0.9000000000000000222, 0.7750000000000000222 ) ) ;
#1954 = ORIENTED_EDGE ( 'NONE', *, *, #1793, .F. ) ;
#1955 = CARTESIAN_POINT ( 'NONE',  ( 0.9330897644443499894, 0.1890517244519205053, 0.1250000000000000000 ) ) ;
#1956 = EDGE_LOOP ( 'NONE', ( #734, #669, #2323, #2566, #1434, #251, #2385, #1222, #130, #1315 ) ) ;
#1957 = EDGE_CURVE ( 'NONE', #1151, #535, #1117, .T. ) ;
#1958 = ORIENTED_EDGE ( 'NONE', *, *, #1834, .F. ) ;
#1959 = PRESENTATION_LAYER_ASSIGNMENT (  '', '', ( #898 ) ) ;
#1960 = EDGE_CURVE ( 'NONE', #518, #2199, #1921, .T. ) ;
#1961 = EDGE_CURVE ( 'NONE', #1559, #4, #1021, .T. ) ;
#1962 = DIRECTION ( 'NONE',  ( 0.000000000000000000, 0.000000000000000000, 1.000000000000000000 ) ) ;
#1963 = ORIENTED_EDGE ( 'NONE', *, *, #2160, .F. ) ;
#1964 = EDGE_CURVE ( 'NONE', #862, #279, #1047, .T. ) ;
#1965 = LINE ( 'NONE', #1767, #1619 ) ;
#1966 = CARTESIAN_POINT ( 'NONE',  ( -1.050000000000000044, -1.208212286701180036E-17, 0.1250000000000000000 ) ) ;
#1967 = VECTOR ( 'NONE', #1213, 1000.000000000000000 ) ;
#1968 = VERTEX_POINT ( 'NONE', #1651 ) ;
#1969 = CARTESIAN_POINT ( 'NONE',  ( 1.050000000000000044, 0.1749999999999999889, 0.1250000000000000000 ) ) ;
#1970 = DIRECTION ( 'NONE',  ( -3.374685128561435093E-33, 1.146543076436556017E-16, 1.000000000000000000 ) ) ;
#1971 = VERTEX_POINT ( 'NONE', #836 ) ;
#1972 = VERTEX_POINT ( 'NONE', #2505 ) ;
#1973 = EDGE_CURVE ( 'NONE', #1915, #116, #36, .T. ) ;
#1974 = LINE ( 'NONE', #104, #736 ) ;
#1975 = DIRECTION ( 'NONE',  ( -0.2491540388012205842, 0.9684638686853732636, 0.000000000000000000 ) ) ;
#1976 = ORIENTED_EDGE ( 'NONE', *, *, #1762, .F. ) ;
#1977 = AXIS2_PLACEMENT_3D ( 'NONE', #115, #2606, #2292 ) ;
#1978 = FACE_OUTER_BOUND ( 'NONE', #841, .T. ) ;
#1979 = DIRECTION ( 'NONE',  ( -1.000000000000000000, 8.663263802081679477E-16, 0.000000000000000000 ) ) ;
#1980 = ORIENTED_EDGE ( 'NONE', *, *, #1129, .T. ) ;
#1981 = FACE_OUTER_BOUND ( 'NONE', #1624, .T. ) ;
#1982 = AXIS2_PLACEMENT_3D ( 'NONE', #2377, #965, #537 ) ;
#1983 = VERTEX_POINT ( 'NONE', #2463 ) ;
#1984 = ORIENTED_EDGE ( 'NONE', *, *, #2637, .T. ) ;
#1985 = DIRECTION ( 'NONE',  ( 0.000000000000000000, 1.000000000000000000, -1.146543076436556017E-16 ) ) ;
#1986 = AXIS2_PLACEMENT_3D ( 'NONE', #323, #930, #170 ) ;
#1987 = EDGE_CURVE ( 'NONE', #2114, #747, #2308, .T. ) ;
#1988 = AXIS2_PLACEMENT_3D ( 'NONE', #2658, #583, #1609 ) ;
#1989 = DIRECTION ( 'NONE',  ( -2.943356597686604838E-17, 1.000000000000000000, -1.146543076436556017E-16 ) ) ;
#1990 = PRESENTATION_STYLE_ASSIGNMENT (( #1122 ) ) ;
#1991 = ORIENTED_EDGE ( 'NONE', *, *, #1810, .F. ) ;
#1992 = CARTESIAN_POINT ( 'NONE',  ( 0.7500000000000000000, 0.1419487237623900111, 0.7750000000000000222 ) ) ;
#1993 = CARTESIAN_POINT ( 'NONE',  ( 0.5691427783760180104, 0.9000000000000000222, 0.7750000000000000222 ) ) ;
#1994 = ORIENTED_EDGE ( 'NONE', *, *, #161, .T. ) ;
#1995 = VECTOR ( 'NONE', #1989, 1000.000000000000000 ) ;
#1996 = AXIS2_PLACEMENT_3D ( 'NONE', #1142, #2215, #1772 ) ;
#1997 = DIRECTION ( 'NONE',  ( -1.000000000000000000, 1.289598908346509963E-15, 1.110223024625155924E-16 ) ) ;
#1998 = LINE ( 'NONE', #1378, #402 ) ;
#1999 = ORIENTED_EDGE ( 'NONE', *, *, #2300, .T. ) ;
#2000 = CARTESIAN_POINT ( 'NONE',  ( -0.9330897644443509886, 0.1890517244519210049, 0.7750000000000000222 ) ) ;
#2001 = CARTESIAN_POINT ( 'NONE',  ( -1.050000000000000044, -2.470504176880705188E-16, 0.7750000000000000222 ) ) ;
#2002 = CARTESIAN_POINT ( 'NONE',  ( 0.9330897644443499894, 2.000479739646615437E-17, 0.7750000000000000222 ) ) ;
#2003 = EDGE_CURVE ( 'NONE', #116, #2131, #822, .T. ) ;
#2004 = AXIS2_PLACEMENT_3D ( 'NONE', #842, #1447, #2097 ) ;
#2005 = PRESENTATION_STYLE_ASSIGNMENT (( #2639 ) ) ;
#2006 = FACE_OUTER_BOUND ( 'NONE', #1421, .T. ) ;
#2007 = EDGE_CURVE ( 'NONE', #489, #1915, #194, .T. ) ;
#2008 = CARTESIAN_POINT ( 'NONE',  ( -1.050000000000000044, -4.816437116732940303E-17, -0.5250000000000000222 ) ) ;
#2009 = LINE ( 'NONE', #769, #864 ) ;
#2010 = EDGE_LOOP ( 'NONE', ( #1760, #678, #2341, #2607 ) ) ;
#2011 = AXIS2_PLACEMENT_3D ( 'NONE', #1816, #1783, #1583 ) ;
#2012 = DIRECTION ( 'NONE',  ( 0.2491540388012205565, 0.9684638686853731526, -4.163336342344340724E-17 ) ) ;
#2013 = DIRECTION ( 'NONE',  ( 1.000000000000000000, 3.572982729977149492E-17, 0.000000000000000000 ) ) ;
#2014 = ORIENTED_EDGE ( 'NONE', *, *, #1973, .F. ) ;
#2015 = AXIS2_PLACEMENT_3D ( 'NONE', #2261, #1147, #748 ) ;
#2016 = FACE_OUTER_BOUND ( 'NONE', #1585, .T. ) ;
#2017 = CARTESIAN_POINT ( 'NONE',  ( 0.9330897644443499894, 0.1890517244519210049, -0.7750000000000000222 ) ) ;
#2018 = LINE ( 'NONE', #1298, #2306 ) ;
#2019 = CARTESIAN_POINT ( 'NONE',  ( -0.9330897644443509886, 0.1890517244519205053, -0.1250000000000000000 ) ) ;
#2020 =( NAMED_UNIT ( * ) SI_UNIT ( $, .STERADIAN. ) SOLID_ANGLE_UNIT ( ) );
#2021 = ORIENTED_EDGE ( 'NONE', *, *, #2007, .F. ) ;
#2022 = PLANE ( 'NONE',  #1982 ) ;
#2023 = CARTESIAN_POINT ( 'NONE',  ( 0.9194811770199420309, 0.1855506805526029868, -0.1250000000000000000 ) ) ;
#2024 = EDGE_CURVE ( 'NONE', #2332, #642, #1923, .T. ) ;
#2025 = UNCERTAINTY_MEASURE_WITH_UNIT (LENGTH_MEASURE( 1.000000000000000082E-05 ), #206, 'distance_accuracy_value', 'NONE');
#2026 = ORIENTED_EDGE ( 'NONE', *, *, #88, .T. ) ;
#2027 = PRODUCT ( '74LVC1G3157GW,125', '74LVC1G3157GW,125', '', ( #1419 ) ) ;
#2028 = DIRECTION ( 'NONE',  ( -8.718776447396789675E-16, -1.000000000000000000, 0.000000000000000000 ) ) ;
#2029 = DIRECTION ( 'NONE',  ( 0.000000000000000000, 0.000000000000000000, -1.000000000000000000 ) ) ;
#2030 = EDGE_LOOP ( 'NONE', ( #2336, #268, #2150, #444 ) ) ;
#2031 = CIRCLE ( 'NONE', #1526, 0.1890517244519220319 ) ;
#2032 = DIRECTION ( 'NONE',  ( -1.000000000000000000, 0.000000000000000000, 0.000000000000000000 ) ) ;
#2033 = CARTESIAN_POINT ( 'NONE',  ( -0.5999999999999999778, 0.7249999999999999778, -1.000000000000000000 ) ) ;
#2034 = CARTESIAN_POINT ( 'NONE',  ( -0.7721955216194470450, 0.7580512762376099278, -0.5250000000000000222 ) ) ;
#2035 = ORIENTED_EDGE ( 'NONE', *, *, #548, .F. ) ;
#2036 = EDGE_CURVE ( 'NONE', #2078, #2129, #289, .T. ) ;
#2037 = LINE ( 'NONE', #2264, #315 ) ;
#2038 = DIRECTION ( 'NONE',  ( 0.000000000000000000, 0.000000000000000000, -1.000000000000000000 ) ) ;
#2039 = EDGE_CURVE ( 'NONE', #48, #1286, #783, .T. ) ;
#2040 = ORIENTED_EDGE ( 'NONE', *, *, #1350, .T. ) ;
#2041 = FACE_OUTER_BOUND ( 'NONE', #2560, .T. ) ;
#2042 = CARTESIAN_POINT ( 'NONE',  ( 0.9330897644443499894, -1.182737838770814118E-17, -0.7750000000000000222 ) ) ;
#2043 = DIRECTION ( 'NONE',  ( 0.000000000000000000, 0.000000000000000000, -1.000000000000000000 ) ) ;
#2044 = ORIENTED_EDGE ( 'NONE', *, *, #100, .T. ) ;
#2045 = VECTOR ( 'NONE', #717, 1000.000000000000000 ) ;
#2046 = AXIS2_PLACEMENT_3D ( 'NONE', #2055, #779, #1367 ) ;
#2047 = DIRECTION ( 'NONE',  ( 0.000000000000000000, 0.000000000000000000, -1.000000000000000000 ) ) ;
#2048 = EDGE_CURVE ( 'NONE', #1775, #662, #1314, .T. ) ;
#2049 = ORIENTED_EDGE ( 'NONE', *, *, #2484, .F. ) ;
#2050 = DIRECTION ( 'NONE',  ( -1.000000000000000000, 0.000000000000000000, 0.000000000000000000 ) ) ;
#2051 = LINE ( 'NONE', #999, #2638 ) ;
#2052 = ORIENTED_EDGE ( 'NONE', *, *, #40, .F. ) ;
#2053 = CARTESIAN_POINT ( 'NONE',  ( -0.5999999999999999778, 0.7249999999999999778, -1.000000000000000000 ) ) ;
#2054 = PLANE ( 'NONE',  #1474 ) ;
#2055 = CARTESIAN_POINT ( 'NONE',  ( 0.000000000000000000, 0.1000000000000000056, -1.084202172485503941E-16 ) ) ;
#2056 = VECTOR ( 'NONE', #1343, 1000.000000000000227 ) ;
#2057 = ADVANCED_FACE ( 'NONE', ( #1114 ), #1064, .F. ) ;
#2058 = CIRCLE ( 'NONE', #1693, 0.01405172445192136299 ) ;
#2059 = EDGE_LOOP ( 'NONE', ( #1896, #117, #1081, #2522 ) ) ;
#2060 = CARTESIAN_POINT ( 'NONE',  ( -0.9330897644443499894, 0.1890517244519205053, -0.7750000000000000222 ) ) ;
#2061 = CARTESIAN_POINT ( 'NONE',  ( 0.5999999999999999778, 0.7249999999999999778, -0.7750000000000000222 ) ) ;
#2062 = VERTEX_POINT ( 'NONE', #497 ) ;
#2063 = DIRECTION ( 'NONE',  ( -1.000000000000000000, 0.000000000000000000, 0.000000000000000000 ) ) ;
#2064 = CIRCLE ( 'NONE', #2195, 0.1890517244519215045 ) ;
#2065 = CARTESIAN_POINT ( 'NONE',  ( 0.9330897644443499894, 2.000479739646615437E-17, 0.7750000000000000222 ) ) ;
#2066 = EDGE_CURVE ( 'NONE', #469, #1116, #2116, .T. ) ;
#2067 = VECTOR ( 'NONE', #2196, 1000.000000000000000 ) ;
#2068 = VERTEX_POINT ( 'NONE', #2159 ) ;
#2069 = SURFACE_SIDE_STYLE ('',( #13 ) ) ;
#2070 = EDGE_LOOP ( 'NONE', ( #1132, #43, #141, #70 ) ) ;
#2071 = DIRECTION ( 'NONE',  ( 0.000000000000000000, 0.000000000000000000, -1.000000000000000000 ) ) ;
#2072 = DIRECTION ( 'NONE',  ( -0.2491540388012205565, 0.9684638686853731526, -9.714451465470132055E-17 ) ) ;
#2073 = CLOSED_SHELL ( 'NONE', ( #2151, #1495, #899, #1479, #316, #446, #639, #1508, #2680, #2396, #1912, #2316 ) ) ;
#2074 = EDGE_CURVE ( 'NONE', #26, #1000, #58, .T. ) ;
#2075 = VECTOR ( 'NONE', #797, 1000.000000000000000 ) ;
#2076 = ORIENTED_EDGE ( 'NONE', *, *, #2066, .T. ) ;
#2077 = LINE ( 'NONE', #1638, #1393 ) ;
#2078 = VERTEX_POINT ( 'NONE', #252 ) ;
#2079 = CARTESIAN_POINT ( 'NONE',  ( -0.7500000000000000000, 0.1419487237623900111, -0.5250000000000000222 ) ) ;
#2080 = DIRECTION ( 'NONE',  ( 1.000000000000000000, 0.000000000000000000, 0.000000000000000000 ) ) ;
#2081 = EDGE_CURVE ( 'NONE', #466, #1579, #996, .T. ) ;
#2082 = VERTEX_POINT ( 'NONE', #1953 ) ;
#2083 = ORIENTED_EDGE ( 'NONE', *, *, #412, .T. ) ;
#2084 = CYLINDRICAL_SURFACE ( 'NONE', #799, 0.1890517244519215045 ) ;
#2085 = LINE ( 'NONE', #834, #1740 ) ;
#2086 = ORIENTED_EDGE ( 'NONE', *, *, #1126, .F. ) ;
#2087 = EDGE_CURVE ( 'NONE', #279, #743, #2322, .T. ) ;
#2088 = AXIS2_PLACEMENT_3D ( 'NONE', #1782, #2401, #1582 ) ;
#2089 = DIRECTION ( 'NONE',  ( 0.000000000000000000, 0.000000000000000000, -1.000000000000000000 ) ) ;
#2090 = ORIENTED_EDGE ( 'NONE', *, *, #1044, .F. ) ;
#2091 = FACE_OUTER_BOUND ( 'NONE', #1795, .T. ) ;
#2092 = CARTESIAN_POINT ( 'NONE',  ( -0.9330897644443509886, -9.121781922234990018E-18, 0.1250000000000000000 ) ) ;
#2093 = EDGE_CURVE ( 'NONE', #231, #1038, #1680, .T. ) ;
#2094 = AXIS2_PLACEMENT_3D ( 'NONE', #2145, #1739, #2547 ) ;
#2095 = EDGE_LOOP ( 'NONE', ( #1813, #1174, #286, #1123 ) ) ;
#2096 = VECTOR ( 'NONE', #2269, 1000.000000000000000 ) ;
#2097 = DIRECTION ( 'NONE',  ( 0.000000000000000000, 0.000000000000000000, 1.000000000000000000 ) ) ;
#2098 = DIRECTION ( 'NONE',  ( -2.943356597686604838E-17, 1.000000000000000000, -1.146543076436556017E-16 ) ) ;
#2099 = DIRECTION ( 'NONE',  ( 2.220446049250309876E-16, 5.551115123125779621E-17, 1.000000000000000000 ) ) ;
#2100 = VERTEX_POINT ( 'NONE', #264 ) ;
#2101 = SURFACE_STYLE_USAGE ( .BOTH. , #431 ) ;
#2102 = PLANE ( 'NONE',  #2325 ) ;
#2103 = EDGE_CURVE ( 'NONE', #1817, #21, #644, .T. ) ;
#2104 = ORIENTED_EDGE ( 'NONE', *, *, #1864, .T. ) ;
#2105 = EDGE_LOOP ( 'NONE', ( #2104, #1727, #2518, #631 ) ) ;
#2106 =( NAMED_UNIT ( * ) SI_UNIT ( $, .STERADIAN. ) SOLID_ANGLE_UNIT ( ) );
#2107 = VECTOR ( 'NONE', #599, 1000.000000000000114 ) ;
#2108 = LINE ( 'NONE', #209, #940 ) ;
#2109 = DIRECTION ( 'NONE',  ( 0.000000000000000000, -1.146543076436556017E-16, -1.000000000000000000 ) ) ;
#2110 = VECTOR ( 'NONE', #1338, 1000.000000000000227 ) ;
#2111 = CARTESIAN_POINT ( 'NONE',  ( -0.5691427783760198977, 0.9000000000000000222, 0.7750000000000000222 ) ) ;
#2112 = EDGE_CURVE ( 'NONE', #1569, #1106, #670, .T. ) ;
#2113 = ADVANCED_FACE ( 'NONE', ( #1467 ), #700, .F. ) ;
#2114 = VERTEX_POINT ( 'NONE', #1087 ) ;
#2115 = DIRECTION ( 'NONE',  ( -2.943356597686604838E-17, 1.000000000000000000, -1.146543076436556017E-16 ) ) ;
#2116 = LINE ( 'NONE', #861, #1463 ) ;
#2117 = VECTOR ( 'NONE', #401, 1000.000000000000000 ) ;
#2118 = ADVANCED_FACE ( 'NONE', ( #1937, #72 ), #1260, .T. ) ;
#2119 = ORIENTED_EDGE ( 'NONE', *, *, #2222, .T. ) ;
#2120 = CARTESIAN_POINT ( 'NONE',  ( 0.9330897644443499894, 2.000479739646615437E-17, 0.7750000000000000222 ) ) ;
#2121 = DIRECTION ( 'NONE',  ( 0.000000000000000000, 0.000000000000000000, -1.000000000000000000 ) ) ;
#2122 = ORIENTED_EDGE ( 'NONE', *, *, #1916, .T. ) ;
#2123 = DIRECTION ( 'NONE',  ( 1.000000000000000000, 0.000000000000000000, 0.000000000000000000 ) ) ;
#2124 = VECTOR ( 'NONE', #1057, 1000.000000000000000 ) ;
#2125 = CIRCLE ( 'NONE', #2214, 0.01405172445192136299 ) ;
#2126 = DIRECTION ( 'NONE',  ( 0.000000000000000000, 0.000000000000000000, -1.000000000000000000 ) ) ;
#2127 = CARTESIAN_POINT ( 'NONE',  ( 0.9330897644443499894, 0.1890517244519210049, -0.1250000000000000000 ) ) ;
#2128 = DIRECTION ( 'NONE',  ( 0.000000000000000000, 0.000000000000000000, -1.000000000000000000 ) ) ;
#2129 = VERTEX_POINT ( 'NONE', #482 ) ;
#2130 = DIRECTION ( 'NONE',  ( 0.000000000000000000, 0.000000000000000000, -1.000000000000000000 ) ) ;
#2131 = VERTEX_POINT ( 'NONE', #1100 ) ;
#2132 = AXIS2_PLACEMENT_3D ( 'NONE', #2636, #2443, #1195 ) ;
#2133 = CYLINDRICAL_SURFACE ( 'NONE', #283, 0.01405172445192136299 ) ;
#2134 = PLANE ( 'NONE',  #960 ) ;
#2135 = PLANE ( 'NONE',  #1986 ) ;
#2136 = ORIENTED_EDGE ( 'NONE', *, *, #88, .F. ) ;
#2137 = ORIENTED_EDGE ( 'NONE', *, *, #2024, .T. ) ;
#2138 = ADVANCED_FACE ( 'NONE', ( #658 ), #85, .T. ) ;
#2139 = CARTESIAN_POINT ( 'NONE',  ( -1.050000000000000044, 0.1749999999999999889, 0.7750000000000000222 ) ) ;
#2140 = DIRECTION ( 'NONE',  ( -3.374685128561435093E-33, 1.146543076436556017E-16, 1.000000000000000000 ) ) ;
#2141 = LINE ( 'NONE', #696, #365 ) ;
#2142 = ORIENTED_EDGE ( 'NONE', *, *, #1657, .T. ) ;
#2143 =( GEOMETRIC_REPRESENTATION_CONTEXT ( 3 ) GLOBAL_UNCERTAINTY_ASSIGNED_CONTEXT ( ( #1568 ) ) GLOBAL_UNIT_ASSIGNED_CONTEXT ( ( #1779, #549, #1110 ) ) REPRESENTATION_CONTEXT ( 'NONE', 'WORKASPACE' ) );
#2144 = FACE_OUTER_BOUND ( 'NONE', #1541, .T. ) ;
#2145 = CARTESIAN_POINT ( 'NONE',  ( -0.3133450250061304843, 1.050000000000000044, -0.6940556515928619774 ) ) ;
#2146 = ORIENTED_EDGE ( 'NONE', *, *, #2517, .F. ) ;
#2147 = DIRECTION ( 'NONE',  ( -0.9684638686853731526, 0.2491540388012210561, 0.000000000000000000 ) ) ;
#2148 = CARTESIAN_POINT ( 'NONE',  ( -0.9330897644443499894, -9.941413884682779897E-17, -0.5250000000000000222 ) ) ;
#2149 = ORIENTED_EDGE ( 'NONE', *, *, #2637, .F. ) ;
#2150 = ORIENTED_EDGE ( 'NONE', *, *, #2282, .F. ) ;
#2151 = ADVANCED_FACE ( 'NONE', ( #1523 ), #303, .F. ) ;
#2152 = VERTEX_POINT ( 'NONE', #2448 ) ;
#2153 = DIRECTION ( 'NONE',  ( -2.943356597686604838E-17, 1.000000000000000000, 0.000000000000000000 ) ) ;
#2154 = VECTOR ( 'NONE', #1745, 1000.000000000000114 ) ;
#2155 = CARTESIAN_POINT ( 'NONE',  ( 0.9194811770199400325, 0.1855506805526029868, 0.1250000000000000000 ) ) ;
#2156 = DIRECTION ( 'NONE',  ( 0.000000000000000000, 0.000000000000000000, -1.000000000000000000 ) ) ;
#2157 = CIRCLE ( 'NONE', #2376, 0.1890517244519215045 ) ;
#2158 =( NAMED_UNIT ( * ) PLANE_ANGLE_UNIT ( ) SI_UNIT ( $, .RADIAN. ) );
#2159 = CARTESIAN_POINT ( 'NONE',  ( 0.7721955216194450466, 0.7580512762376099278, -0.1250000000000000000 ) ) ;
#2160 = EDGE_CURVE ( 'NONE', #628, #909, #1330, .T. ) ;
#2161 = ORIENTED_EDGE ( 'NONE', *, *, #1543, .T. ) ;
#2162 = SURFACE_STYLE_FILL_AREA ( #2590 ) ;
#2163 = VERTEX_POINT ( 'NONE', #952 ) ;
#2164 = EDGE_CURVE ( 'NONE', #697, #1159, #1798, .T. ) ;
#2165 = ORIENTED_EDGE ( 'NONE', *, *, #1793, .T. ) ;
#2166 = ADVANCED_FACE ( 'NONE', ( #568 ), #755, .F. ) ;
#2167 = DIRECTION ( 'NONE',  ( 1.076692506148453945E-16, 0.000000000000000000, 1.000000000000000000 ) ) ;
#2168 = CARTESIAN_POINT ( 'NONE',  ( 1.050000000000000044, 2.296513834124305100E-17, 0.7750000000000000222 ) ) ;
#2169 = ORIENTED_EDGE ( 'NONE', *, *, #651, .T. ) ;
#2170 = AXIS2_PLACEMENT_3D ( 'NONE', #1699, #2536, #667 ) ;
#2171 = CARTESIAN_POINT ( 'NONE',  ( 0.5691427783760159009, 0.9000000000000000222, -0.1250000000000000000 ) ) ;
#2172 = DIRECTION ( 'NONE',  ( -1.000000000000000000, 0.000000000000000000, 0.000000000000000000 ) ) ;
#2173 = EDGE_CURVE ( 'NONE', #1512, #1085, #1567, .T. ) ;
#2174 = ORIENTED_EDGE ( 'NONE', *, *, #589, .F. ) ;
#2175 = DIRECTION ( 'NONE',  ( 1.000000000000000000, 0.000000000000000000, 0.000000000000000000 ) ) ;
#2176 = CARTESIAN_POINT ( 'NONE',  ( -0.9330897644443499894, 0.1890517244519205053, -0.5250000000000000222 ) ) ;
#2177 = VERTEX_POINT ( 'NONE', #926 ) ;
#2178 = DIRECTION ( 'NONE',  ( 0.000000000000000000, -1.000845842425429858E-16, -1.000000000000000000 ) ) ;
#2179 = ADVANCED_FACE ( 'NONE', ( #729 ), #538, .F. ) ;
#2180 = DIRECTION ( 'NONE',  ( 0.000000000000000000, 0.000000000000000000, -1.000000000000000000 ) ) ;
#2181 = CARTESIAN_POINT ( 'NONE',  ( -1.050000000000000044, -2.470504176880705188E-16, 0.7750000000000000222 ) ) ;
#2182 = CARTESIAN_POINT ( 'NONE',  ( -0.5999999999999999778, 0.7249999999999999778, -0.1250000000000000000 ) ) ;
#2183 = VECTOR ( 'NONE', #41, 1000.000000000000114 ) ;
#2184 = VECTOR ( 'NONE', #2130, 1000.000000000000000 ) ;
#2185 = ORIENTED_EDGE ( 'NONE', *, *, #562, .F. ) ;
#2186 = EDGE_CURVE ( 'NONE', #2604, #2152, #1125, .T. ) ;
#2187 = CARTESIAN_POINT ( 'NONE',  ( -0.9330897644443499894, -9.941413884682779897E-17, -0.5250000000000000222 ) ) ;
#2188 = LINE ( 'NONE', #2202, #657 ) ;
#2189 = ORIENTED_EDGE ( 'NONE', *, *, #287, .T. ) ;
#2190 = ORIENTED_EDGE ( 'NONE', *, *, #330, .T. ) ;
#2191 = DIRECTION ( 'NONE',  ( 0.000000000000000000, -1.146543076436556017E-16, -1.000000000000000000 ) ) ;
#2192 = VECTOR ( 'NONE', #656, 1000.000000000000000 ) ;
#2193 = CARTESIAN_POINT ( 'NONE',  ( -0.5891057571750980548, 0.9000000000000000222, 0.7750000000000000222 ) ) ;
#2194 = SURFACE_STYLE_USAGE ( .BOTH. , #523 ) ;
#2195 = AXIS2_PLACEMENT_3D ( 'NONE', #362, #929, #350 ) ;
#2196 = DIRECTION ( 'NONE',  ( 0.000000000000000000, 0.000000000000000000, -1.000000000000000000 ) ) ;
#2197 = DIRECTION ( 'NONE',  ( 0.000000000000000000, 0.000000000000000000, -1.000000000000000000 ) ) ;
#2198 = EDGE_CURVE ( 'NONE', #2539, #2418, #1598, .T. ) ;
#2199 = VERTEX_POINT ( 'NONE', #2434 ) ;
#2200 = EDGE_CURVE ( 'NONE', #1645, #399, #2451, .T. ) ;
#2201 = LINE ( 'NONE', #321, #1777 ) ;
#2202 = CARTESIAN_POINT ( 'NONE',  ( -0.5999999999999999778, 0.7249999999999999778, 1.000000000000000000 ) ) ;
#2203 = CIRCLE ( 'NONE', #360, 0.1890517244519215045 ) ;
#2204 = ORIENTED_EDGE ( 'NONE', *, *, #1687, .T. ) ;
#2205 = CARTESIAN_POINT ( 'NONE',  ( -0.5891057571750980548, 0.9000000000000000222, -0.5250000000000000222 ) ) ;
#2206 = FACE_OUTER_BOUND ( 'NONE', #2010, .T. ) ;
#2207 = AXIS2_PLACEMENT_3D ( 'NONE', #1858, #807, #1399 ) ;
#2208 = FACE_OUTER_BOUND ( 'NONE', #1212, .T. ) ;
#2209 = ORIENTED_EDGE ( 'NONE', *, *, #221, .T. ) ;
#2210 = CARTESIAN_POINT ( 'NONE',  ( 0.5999999999999999778, 0.7249999999999999778, -0.7750000000000000222 ) ) ;
#2211 = DIRECTION ( 'NONE',  ( 1.000000000000000000, 3.572982729977149492E-17, 0.000000000000000000 ) ) ;
#2212 = PRODUCT_DEFINITION_CONTEXT ( 'detailed design', #1002, 'design' ) ;
#2213 = ORIENTED_EDGE ( 'NONE', *, *, #1592, .F. ) ;
#2214 = AXIS2_PLACEMENT_3D ( 'NONE', #1544, #1698, #660 ) ;
#2215 = DIRECTION ( 'NONE',  ( -1.000000000000000000, -3.572982729977149492E-17, 0.000000000000000000 ) ) ;
#2216 = FACE_OUTER_BOUND ( 'NONE', #499, .T. ) ;
#2217 = LINE ( 'NONE', #1602, #1270 ) ;
#2218 = ORIENTED_EDGE ( 'NONE', *, *, #1430, .F. ) ;
#2219 = CARTESIAN_POINT ( 'NONE',  ( -0.9330897644443499894, 0.1749999999999999889, -0.5250000000000000222 ) ) ;
#2220 = CARTESIAN_POINT ( 'NONE',  ( 1.050000000000000044, 4.534307118134380459E-17, -0.7750000000000000222 ) ) ;
#2221 = VECTOR ( 'NONE', #753, 1000.000000000000000 ) ;
#2222 = EDGE_CURVE ( 'NONE', #2688, #1732, #2226, .T. ) ;
#2223 = LINE ( 'NONE', #1148, #39 ) ;
#2224 = ORIENTED_EDGE ( 'NONE', *, *, #1666, .F. ) ;
#2225 = LINE ( 'NONE', #1992, #24 ) ;
#2226 = LINE ( 'NONE', #358, #1162 ) ;
#2227 = ORIENTED_EDGE ( 'NONE', *, *, #371, .T. ) ;
#2228 = VECTOR ( 'NONE', #1910, 1000.000000000000000 ) ;
#2229 = DIRECTION ( 'NONE',  ( 0.000000000000000000, 1.000000000000000000, -1.146543076436556017E-16 ) ) ;
#2230 = LINE ( 'NONE', #1836, #1570 ) ;
#2231 = ORIENTED_EDGE ( 'NONE', *, *, #2372, .F. ) ;
#2232 = COLOUR_RGB ( '',0.7921568627450980005, 0.8196078431372548767, 0.9333333333333333481 ) ;
#2233 = CARTESIAN_POINT ( 'NONE',  ( 0.5999999999999999778, 0.7249999999999999778, 1.000000000000000000 ) ) ;
#2234 = CARTESIAN_POINT ( 'NONE',  ( -1.050000000000000044, 0.1749999999999999889, -0.5250000000000000222 ) ) ;
#2235 = EDGE_CURVE ( 'NONE', #2082, #1512, #1768, .T. ) ;
#2236 = EDGE_CURVE ( 'NONE', #1938, #1559, #345, .T. ) ;
#2237 = DIRECTION ( 'NONE',  ( 0.000000000000000000, 0.000000000000000000, 1.000000000000000000 ) ) ;
#2238 = VERTEX_POINT ( 'NONE', #527 ) ;
#2239 = CARTESIAN_POINT ( 'NONE',  ( 1.050000000000000044, 0.1749999999999999889, 0.5250000000000000222 ) ) ;
#2240 = CARTESIAN_POINT ( 'NONE',  ( -0.9330897644443509886, 0.1749999999999999889, 0.7750000000000000222 ) ) ;
#2241 = ORIENTED_EDGE ( 'NONE', *, *, #2198, .T. ) ;
#2242 = LINE ( 'NONE', #361, #1409 ) ;
#2243 = CARTESIAN_POINT ( 'NONE',  ( -0.5691427783760198977, 0.9000000000000000222, 0.7750000000000000222 ) ) ;
#2244 = DIRECTION ( 'NONE',  ( -0.9848077530122081313, -0.1736481776669305255, 1.060335127665142068E-16 ) ) ;
#2245 = ORIENTED_EDGE ( 'NONE', *, *, #1876, .T. ) ;
#2246 = EDGE_CURVE ( 'NONE', #2129, #150, #2603, .T. ) ;
#2247 = CIRCLE ( 'NONE', #1182, 0.1890517244519215045 ) ;
#2248 = CARTESIAN_POINT ( 'NONE',  ( -0.7500000000000000000, 0.1419487237623900111, 0.7750000000000000222 ) ) ;
#2249 = CYLINDRICAL_SURFACE ( 'NONE', #765, 0.01405172445192136299 ) ;
#2251 = DIRECTION ( 'NONE',  ( 0.000000000000000000, 0.000000000000000000, -1.000000000000000000 ) ) ;
#2250 = AXIS2_PLACEMENT_3D ( 'NONE', #785, #1662, #821 ) ;
#2252 = ORIENTED_EDGE ( 'NONE', *, *, #1069, .T. ) ;
#2253 = FACE_OUTER_BOUND ( 'NONE', #1944, .T. ) ;
#2254 = LINE ( 'NONE', #16, #1243 ) ;
#2255 = ORIENTED_EDGE ( 'NONE', *, *, #1796, .T. ) ;
#2256 = DIRECTION ( 'NONE',  ( -0.2491540388012210283, -0.9684638686853730416, 8.326672684688669123E-17 ) ) ;
#2257 = DIRECTION ( 'NONE',  ( -0.9848077530122079093, 0.1736481776669314692, 0.000000000000000000 ) ) ;
#2258 = EDGE_CURVE ( 'NONE', #535, #2068, #2421, .T. ) ;
#2259 = VECTOR ( 'NONE', #626, 1000.000000000000000 ) ;
#2260 = VECTOR ( 'NONE', #1577, 1000.000000000000114 ) ;
#2261 = CARTESIAN_POINT ( 'NONE',  ( -0.9330897644443499894, 0.1890517244519205053, -0.5250000000000000222 ) ) ;
#2262 = APPLICATION_PROTOCOL_DEFINITION ( 'draft international standard', 'automotive_design', 1998, #1936 ) ;
#2263 = ORIENTED_EDGE ( 'NONE', *, *, #1312, .F. ) ;
#2264 = CARTESIAN_POINT ( 'NONE',  ( 0.5648747289909138436, 0.9242053108829620944, -0.9648747289909169744 ) ) ;
#2265 = DIRECTION ( 'NONE',  ( -1.000000000000000000, 0.000000000000000000, 0.000000000000000000 ) ) ;
#2266 = VERTEX_POINT ( 'NONE', #2240 ) ;
#2267 = DIRECTION ( 'NONE',  ( -1.000000000000000000, -3.572982729977149492E-17, 0.000000000000000000 ) ) ;
#2268 = ADVANCED_FACE ( 'NONE', ( #1185 ), #125, .F. ) ;
#2269 = DIRECTION ( 'NONE',  ( 0.000000000000000000, 0.000000000000000000, -1.000000000000000000 ) ) ;
#2270 = CIRCLE ( 'NONE', #2015, 0.01405172445192136299 ) ;
#2271 = AXIS2_PLACEMENT_3D ( 'NONE', #553, #319, #512 ) ;
#2272 = LINE ( 'NONE', #1811, #1104 ) ;
#2273 = ORIENTED_EDGE ( 'NONE', *, *, #1649, .F. ) ;
#2274 = CARTESIAN_POINT ( 'NONE',  ( -0.9194811770199420309, 0.1855506805526025149, 0.7750000000000000222 ) ) ;
#2275 = ORIENTED_EDGE ( 'NONE', *, *, #1517, .T. ) ;
#2276 = DIRECTION ( 'NONE',  ( 0.1710878697460359588, -0.9702875252478136980, -0.1710878697460359588 ) ) ;
#2277 = CARTESIAN_POINT ( 'NONE',  ( 0.9194811770199400325, 0.1855506805526029868, 0.1250000000000000000 ) ) ;
#2278 = ORIENTED_EDGE ( 'NONE', *, *, #2160, .T. ) ;
#2279 = DIRECTION ( 'NONE',  ( 0.000000000000000000, 0.000000000000000000, -1.000000000000000000 ) ) ;
#2280 = EDGE_CURVE ( 'NONE', #1732, #2390, #2009, .T. ) ;
#2281 = VECTOR ( 'NONE', #1232, 1000.000000000000000 ) ;
#2282 = EDGE_CURVE ( 'NONE', #397, #469, #2587, .T. ) ;
#2283 = CYLINDRICAL_SURFACE ( 'NONE', #2433, 0.1103742337510774107 ) ;
#2284 = EDGE_CURVE ( 'NONE', #756, #1410, #630, .T. ) ;
#2285 = ORIENTED_EDGE ( 'NONE', *, *, #2437, .F. ) ;
#2286 = PRESENTATION_STYLE_ASSIGNMENT (( #1854 ) ) ;
#2287 = CARTESIAN_POINT ( 'NONE',  ( -0.5891057571750980548, 0.7109482755480779348, -0.5250000000000000222 ) ) ;
#2288 = DIRECTION ( 'NONE',  ( 0.000000000000000000, 0.000000000000000000, 1.000000000000000000 ) ) ;
#2289 = VECTOR ( 'NONE', #1211, 1000.000000000000114 ) ;
#2290 = EDGE_CURVE ( 'NONE', #2630, #2295, #2085, .T. ) ;
#2291 = ORIENTED_EDGE ( 'NONE', *, *, #2313, .F. ) ;
#2292 = DIRECTION ( 'NONE',  ( 0.000000000000000000, -1.000000000000000000, 1.146543076436556017E-16 ) ) ;
#2293 = ORIENTED_EDGE ( 'NONE', *, *, #2558, .T. ) ;
#2294 = EDGE_CURVE ( 'NONE', #359, #535, #2254, .T. ) ;
#2295 = VERTEX_POINT ( 'NONE', #1846 ) ;
#2296 = SURFACE_STYLE_USAGE ( .BOTH. , #827 ) ;
#2297 = CIRCLE ( 'NONE', #2170, 0.1103742337510774107 ) ;
#2298 = AXIS2_PLACEMENT_3D ( 'NONE', #2001, #133, #1205 ) ;
#2299 = ORIENTED_EDGE ( 'NONE', *, *, #623, .F. ) ;
#2300 = EDGE_CURVE ( 'NONE', #1537, #2078, #2661, .T. ) ;
#2301 = DIRECTION ( 'NONE',  ( -2.943356597686604838E-17, 1.000000000000000000, -1.146543076436556017E-16 ) ) ;
#2302 = DIRECTION ( 'NONE',  ( 0.000000000000000000, -1.000000000000000000, 1.146543076436556017E-16 ) ) ;
#2303 = CARTESIAN_POINT ( 'NONE',  ( -0.9330897644443509886, 0.1890517244519210049, 0.7750000000000000222 ) ) ;
#2304 = ORIENTED_EDGE ( 'NONE', *, *, #1657, .F. ) ;
#2305 = VERTEX_POINT ( 'NONE', #1868 ) ;
#2306 = VECTOR ( 'NONE', #2570, 1000.000000000000000 ) ;
#2307 = SURFACE_STYLE_FILL_AREA ( #2362 ) ;
#2308 = LINE ( 'NONE', #1849, #1336 ) ;
#2309 = VERTEX_POINT ( 'NONE', #608 ) ;
#2310 = CARTESIAN_POINT ( 'NONE',  ( -0.5999999999999999778, 0.7249999999999999778, -1.000000000000000000 ) ) ;
#2311 = CARTESIAN_POINT ( 'NONE',  ( -1.050000000000000044, 0.1749999999999999889, 0.7750000000000000222 ) ) ;
#2312 = AXIS2_PLACEMENT_3D ( 'NONE', #2334, #900, #455 ) ;
#2313 = EDGE_CURVE ( 'NONE', #2506, #1667, #236, .T. ) ;
#2314 = EDGE_CURVE ( 'NONE', #581, #1156, #376, .T. ) ;
#2315 =( GEOMETRIC_REPRESENTATION_CONTEXT ( 3 ) GLOBAL_UNCERTAINTY_ASSIGNED_CONTEXT ( ( #539 ) ) GLOBAL_UNIT_ASSIGNED_CONTEXT ( ( #1594, #2417, #1578 ) ) REPRESENTATION_CONTEXT ( 'NONE', 'WORKASPACE' ) );
#2316 = ADVANCED_FACE ( 'NONE', ( #411 ), #2470, .F. ) ;
#2317 = CARTESIAN_POINT ( 'NONE',  ( -0.3133450250061304843, 1.050000000000000044, -0.6940556515928619774 ) ) ;
#2318 = CARTESIAN_POINT ( 'NONE',  ( -0.9330897644443499894, 0.1890517244519205053, -0.5250000000000000222 ) ) ;
#2319 = LINE ( 'NONE', #641, #73 ) ;
#2320 = VERTEX_POINT ( 'NONE', #2503 ) ;
#2321 = CARTESIAN_POINT ( 'NONE',  ( 1.050000000000000044, 0.1749999999999999889, 0.7750000000000000222 ) ) ;
#2322 = LINE ( 'NONE', #2378, #1877 ) ;
#2323 = ORIENTED_EDGE ( 'NONE', *, *, #74, .T. ) ;
#2324 = CARTESIAN_POINT ( 'NONE',  ( 1.050000000000000044, 0.1749999999999999889, 0.1250000000000000000 ) ) ;
#2325 = AXIS2_PLACEMENT_3D ( 'NONE', #2496, #213, #2279 ) ;
#2326 = VERTEX_POINT ( 'NONE', #1622 ) ;
#2327 = EDGE_CURVE ( 'NONE', #1116, #1716, #178, .T. ) ;
#2328 = LINE ( 'NONE', #1631, #338 ) ;
#2329 = DIRECTION ( 'NONE',  ( -1.000000000000000000, 0.000000000000000000, 0.000000000000000000 ) ) ;
#2330 = AXIS2_PLACEMENT_3D ( 'NONE', #95, #1328, #496 ) ;
#2331 = DIRECTION ( 'NONE',  ( -1.000000000000000000, 0.000000000000000000, 0.000000000000000000 ) ) ;
#2332 = VERTEX_POINT ( 'NONE', #2494 ) ;
#2333 = CARTESIAN_POINT ( 'NONE',  ( -0.5999999999999999778, 1.100000000000000089, -0.9338773822343250375 ) ) ;
#2334 = CARTESIAN_POINT ( 'NONE',  ( 0.5999999999999999778, 0.7249999999999999778, 1.000000000000000000 ) ) ;
#2335 = AXIS2_PLACEMENT_3D ( 'NONE', #668, #845, #1738 ) ;
#2336 = ORIENTED_EDGE ( 'NONE', *, *, #1592, .T. ) ;
#2337 = EDGE_CURVE ( 'NONE', #1775, #2199, #2051, .T. ) ;
#2338 = FACE_OUTER_BOUND ( 'NONE', #2666, .T. ) ;
#2339 = CARTESIAN_POINT ( 'NONE',  ( -0.5891057571750960564, 0.9000000000000000222, -0.7750000000000000222 ) ) ;
#2340 = ORIENTED_EDGE ( 'NONE', *, *, #53, .T. ) ;
#2341 = ORIENTED_EDGE ( 'NONE', *, *, #1606, .F. ) ;
#2342 = AXIS2_PLACEMENT_3D ( 'NONE', #2409, #129, #2651 ) ;
#2343 = AXIS2_PLACEMENT_3D ( 'NONE', #2623, #367, #1194 ) ;
#2344 = LINE ( 'NONE', #1281, #2124 ) ;
#2345 = EDGE_CURVE ( 'NONE', #621, #1151, #2673, .T. ) ;
#2346 = FILL_AREA_STYLE ('',( #1490 ) ) ;
#2347 = DIRECTION ( 'NONE',  ( 0.000000000000000000, -4.738892976334379899E-17, -1.000000000000000000 ) ) ;
#2348 = ORIENTED_EDGE ( 'NONE', *, *, #1034, .F. ) ;
#2349 = CARTESIAN_POINT ( 'NONE',  ( -0.7721955216194470450, 0.7580512762376099278, 0.7750000000000000222 ) ) ;
#2350 = DIRECTION ( 'NONE',  ( -1.000000000000000000, 1.289598908346509963E-15, 1.110223024625155924E-16 ) ) ;
#2351 = EDGE_CURVE ( 'NONE', #2436, #2506, #1413, .T. ) ;
#2352 = VECTOR ( 'NONE', #2528, 1000.000000000000000 ) ;
#2353 = FILL_AREA_STYLE_COLOUR ( '', #311 ) ;
#2354 = ORIENTED_EDGE ( 'NONE', *, *, #2682, .T. ) ;
#2355 = ORIENTED_EDGE ( 'NONE', *, *, #172, .F. ) ;
#2356 = ORIENTED_EDGE ( 'NONE', *, *, #2112, .F. ) ;
#2357 = FACE_OUTER_BOUND ( 'NONE', #574, .T. ) ;
#2358 = VECTOR ( 'NONE', #2197, 1000.000000000000000 ) ;
#2359 = LINE ( 'NONE', #2597, #460 ) ;
#2360 = CARTESIAN_POINT ( 'NONE',  ( -1.050000000000000044, 0.1749999999999999889, -0.7750000000000000222 ) ) ;
#2361 = AXIS2_PLACEMENT_3D ( 'NONE', #2310, #1248, #613 ) ;
#2362 = FILL_AREA_STYLE ('',( #1509 ) ) ;
#2363 = EDGE_CURVE ( 'NONE', #938, #200, #985, .T. ) ;
#2364 = DIRECTION ( 'NONE',  ( 1.000000000000000000, 2.943356597686604838E-17, 0.000000000000000000 ) ) ;
#2365 = ORIENTED_EDGE ( 'NONE', *, *, #932, .T. ) ;
#2366 = EDGE_CURVE ( 'NONE', #2152, #1038, #1356, .T. ) ;
#2367 = LINE ( 'NONE', #1969, #461 ) ;
#2368 = ORIENTED_EDGE ( 'NONE', *, *, #2024, .F. ) ;
#2369 = EDGE_LOOP ( 'NONE', ( #1613, #655, #89, #112 ) ) ;
#2370 = ORIENTED_EDGE ( 'NONE', *, *, #1529, .T. ) ;
#2371 = DIRECTION ( 'NONE',  ( 1.000000000000000000, 2.943356597686604838E-17, 0.000000000000000000 ) ) ;
#2372 = EDGE_CURVE ( 'NONE', #2539, #1697, #1008, .T. ) ;
#2373 = DIRECTION ( 'NONE',  ( -0.9684638686853731526, 0.2491540388012210561, 0.000000000000000000 ) ) ;
#2374 = CYLINDRICAL_SURFACE ( 'NONE', #2335, 0.1890517244519220319 ) ;
#2375 = ORIENTED_EDGE ( 'NONE', *, *, #1179, .F. ) ;
#2376 = AXIS2_PLACEMENT_3D ( 'NONE', #2060, #1882, #2050 ) ;
#2377 = CARTESIAN_POINT ( 'NONE',  ( 0.9330897644443499894, 2.000479739646615437E-17, 0.7750000000000000222 ) ) ;
#2378 = CARTESIAN_POINT ( 'NONE',  ( -0.5999999999999999778, 0.7249999999999999778, 0.1250000000000000000 ) ) ;
#2379 = EDGE_LOOP ( 'NONE', ( #1437, #810, #2652, #2354 ) ) ;
#2380 = ORIENTED_EDGE ( 'NONE', *, *, #1327, .F. ) ;
#2381 = ORIENTED_EDGE ( 'NONE', *, *, #1781, .F. ) ;
#2382 = LINE ( 'NONE', #2395, #707 ) ;
#2383 = DIRECTION ( 'NONE',  ( 0.000000000000000000, 0.000000000000000000, -1.000000000000000000 ) ) ;
#2384 =( NAMED_UNIT ( * ) PLANE_ANGLE_UNIT ( ) SI_UNIT ( $, .RADIAN. ) );
#2385 = ORIENTED_EDGE ( 'NONE', *, *, #1179, .T. ) ;
#2386 = AXIS2_PLACEMENT_3D ( 'NONE', #1684, #1456, #2498 ) ;
#2387 = VECTOR ( 'NONE', #1840, 1000.000000000000114 ) ;
#2388 = PLANE ( 'NONE',  #2543 ) ;
#2389 = DIRECTION ( 'NONE',  ( 0.1736481776669314692, -0.9848077530122079093, -6.938893903907229918E-18 ) ) ;
#2390 = VERTEX_POINT ( 'NONE', #1831 ) ;
#2391 = FACE_OUTER_BOUND ( 'NONE', #1756, .T. ) ;
#2392 = FACE_OUTER_BOUND ( 'NONE', #1939, .T. ) ;
#2393 = ORIENTED_EDGE ( 'NONE', *, *, #2093, .F. ) ;
#2394 = ORIENTED_EDGE ( 'NONE', *, *, #2660, .F. ) ;
#2395 = CARTESIAN_POINT ( 'NONE',  ( -1.050000000000000044, 0.1749999999999999889, 0.7750000000000000222 ) ) ;
#2396 = ADVANCED_FACE ( 'NONE', ( #1884 ), #2483, .T. ) ;
#2397 = FACE_OUTER_BOUND ( 'NONE', #269, .T. ) ;
#2398 = SURFACE_SIDE_STYLE ('',( #1750 ) ) ;
#2399 = ORIENTED_EDGE ( 'NONE', *, *, #157, .T. ) ;
#2400 = ADVANCED_FACE ( 'NONE', ( #2460 ), #1221, .T. ) ;
#2401 = DIRECTION ( 'NONE',  ( 0.9848077530122079093, 0.1736481776669314692, 0.000000000000000000 ) ) ;
#2402 = DIRECTION ( 'NONE',  ( -2.943356597686604838E-17, 1.000000000000000000, -1.146543076436556017E-16 ) ) ;
#2403 = CIRCLE ( 'NONE', #949, 0.1890517244519220319 ) ;
#2404 = VECTOR ( 'NONE', #966, 1000.000000000000114 ) ;
#2405 = PRESENTATION_LAYER_ASSIGNMENT (  '', '', ( #997 ) ) ;
#2406 = ORIENTED_EDGE ( 'NONE', *, *, #1946, .T. ) ;
#2407 = CARTESIAN_POINT ( 'NONE',  ( -0.5999999999999999778, 0.7249999999999999778, -0.7750000000000000222 ) ) ;
#2408 = DIRECTION ( 'NONE',  ( 0.9848077530122079093, 0.1736481776669314692, 0.000000000000000000 ) ) ;
#2409 = CARTESIAN_POINT ( 'NONE',  ( -0.3133450250061304843, 1.050000000000000044, -0.6940556515928619774 ) ) ;
#2410 = ORIENTED_EDGE ( 'NONE', *, *, #2300, .F. ) ;
#2411 = DIRECTION ( 'NONE',  ( 0.000000000000000000, 0.000000000000000000, -1.000000000000000000 ) ) ;
#2412 = PLANE ( 'NONE',  #2298 ) ;
#2413 = CARTESIAN_POINT ( 'NONE',  ( 0.5891057571750950572, 0.9000000000000000222, -0.5250000000000000222 ) ) ;
#2414 = PRESENTATION_LAYER_ASSIGNMENT (  '', '', ( #524 ) ) ;
#2415 = EDGE_CURVE ( 'NONE', #359, #1226, #1635, .T. ) ;
#2416 = DIRECTION ( 'NONE',  ( -1.000000000000000000, 1.289598908346509963E-15, 1.110223024625155924E-16 ) ) ;
#2417 =( NAMED_UNIT ( * ) PLANE_ANGLE_UNIT ( ) SI_UNIT ( $, .RADIAN. ) );
#2418 = VERTEX_POINT ( 'NONE', #1462 ) ;
#2419 = AXIS2_PLACEMENT_3D ( 'NONE', #530, #1143, #156 ) ;
#2420 = LINE ( 'NONE', #1152, #536 ) ;
#2421 = LINE ( 'NONE', #2023, #2056 ) ;
#2422 = ORIENTED_EDGE ( 'NONE', *, *, #20, .T. ) ;
#2423 = DIRECTION ( 'NONE',  ( -2.943356597686604838E-17, 1.000000000000000000, -1.146543076436556017E-16 ) ) ;
#2424 = CARTESIAN_POINT ( 'NONE',  ( 0.5691427783760180104, 0.9000000000000000222, 0.7750000000000000222 ) ) ;
#2425 = CARTESIAN_POINT ( 'NONE',  ( -0.9330897644443499894, -1.675020352789175144E-16, -0.7750000000000000222 ) ) ;
#2426 = ORIENTED_EDGE ( 'NONE', *, *, #1748, .F. ) ;
#2427 = DIRECTION ( 'NONE',  ( -0.9848077530122079093, 0.1736481776669314692, 0.000000000000000000 ) ) ;
#2428 = DIRECTION ( 'NONE',  ( -1.000000000000000000, 0.000000000000000000, 0.000000000000000000 ) ) ;
#2429 = VECTOR ( 'NONE', #480, 1000.000000000000000 ) ;
#2430 = FILL_AREA_STYLE ('',( #1136 ) ) ;
#2431 = VERTEX_POINT ( 'NONE', #2360 ) ;
#2432 = DIRECTION ( 'NONE',  ( 0.000000000000000000, 0.000000000000000000, -1.000000000000000000 ) ) ;
#2433 = AXIS2_PLACEMENT_3D ( 'NONE', #217, #233, #2509 ) ;
#2434 = CARTESIAN_POINT ( 'NONE',  ( 0.9330897644443499894, -1.383754559602162082E-16, -0.1250000000000000000 ) ) ;
#2435 = UNCERTAINTY_MEASURE_WITH_UNIT (LENGTH_MEASURE( 1.000000000000000082E-05 ), #922, 'distance_accuracy_value', 'NONE');
#2436 = VERTEX_POINT ( 'NONE', #1242 ) ;
#2437 = EDGE_CURVE ( 'NONE', #1287, #1349, #1268, .T. ) ;
#2438 = DIRECTION ( 'NONE',  ( -1.000000000000000000, 8.718776447396789675E-16, 0.000000000000000000 ) ) ;
#2439 = DIRECTION ( 'NONE',  ( -2.943356597686604838E-17, 1.000000000000000000, -1.146543076436556017E-16 ) ) ;
#2440 = CARTESIAN_POINT ( 'NONE',  ( 0.5999999999999999778, 0.7249999999999999778, -1.000000000000000000 ) ) ;
#2441 = ORIENTED_EDGE ( 'NONE', *, *, #1323, .T. ) ;
#2442 = CARTESIAN_POINT ( 'NONE',  ( 0.5691427783760180104, 0.9000000000000000222, 0.1250000000000000000 ) ) ;
#2443 = DIRECTION ( 'NONE',  ( 1.000000000000000000, 2.943356597686604838E-17, 7.218934827212509410E-34 ) ) ;
#2444 = VECTOR ( 'NONE', #2552, 1000.000000000000000 ) ;
#2445 = ORIENTED_EDGE ( 'NONE', *, *, #98, .F. ) ;
#2446 = DIRECTION ( 'NONE',  ( -0.9848077530122079093, 0.1736481776669314692, 0.000000000000000000 ) ) ;
#2447 = CARTESIAN_POINT ( 'NONE',  ( -0.9194811770199420309, 0.1855506805526029868, 0.1250000000000000000 ) ) ;
#2448 = CARTESIAN_POINT ( 'NONE',  ( -0.7721955216194470450, 0.7580512762376099278, 0.5250000000000000222 ) ) ;
#2449 = ORIENTED_EDGE ( 'NONE', *, *, #287, .F. ) ;
#2450 = EDGE_CURVE ( 'NONE', #48, #1320, #2141, .T. ) ;
#2451 = CIRCLE ( 'NONE', #2568, 0.01405172445192136299 ) ;
#2452 = CARTESIAN_POINT ( 'NONE',  ( -0.5691427783760198977, 0.9000000000000000222, -0.5250000000000000222 ) ) ;
#2453 = FACE_OUTER_BOUND ( 'NONE', #502, .T. ) ;
#2454 = ORIENTED_EDGE ( 'NONE', *, *, #2337, .T. ) ;
#2455 = EDGE_CURVE ( 'NONE', #2100, #1488, #276, .T. ) ;
#2456 = CARTESIAN_POINT ( 'NONE',  ( -0.7500000000000000000, 0.1419487237623900111, 0.1250000000000000000 ) ) ;
#2457 = ORIENTED_EDGE ( 'NONE', *, *, #1411, .F. ) ;
#2458 = ADVANCED_FACE ( 'NONE', ( #1520 ), #2374, .T. ) ;
#2459 = PLANE ( 'NONE',  #1852 ) ;
#2460 = FACE_OUTER_BOUND ( 'NONE', #2620, .T. ) ;
#2461 = VERTEX_POINT ( 'NONE', #69 ) ;
#2462 = DIRECTION ( 'NONE',  ( 1.357589115994098057E-15, -1.000000000000000000, 4.738892976334379899E-17 ) ) ;
#2463 = CARTESIAN_POINT ( 'NONE',  ( 1.050000000000000044, 1.405360219255710014E-16, -0.5250000000000000222 ) ) ;
#2464 = ORIENTED_EDGE ( 'NONE', *, *, #551, .F. ) ;
#2465 = EDGE_LOOP ( 'NONE', ( #1340, #1610, #2299, #714 ) ) ;
#2466 = LINE ( 'NONE', #2456, #1078 ) ;
#2467 = CARTESIAN_POINT ( 'NONE',  ( 0.9194811770199420309, 0.1855506805526029868, -0.1250000000000000000 ) ) ;
#2468 = VERTEX_POINT ( 'NONE', #438 ) ;
#2469 = LINE ( 'NONE', #2239, #1481 ) ;
#2470 = PLANE ( 'NONE',  #2250 ) ;
#2471 = EDGE_CURVE ( 'NONE', #1026, #466, #42, .T. ) ;
#2472 = ORIENTED_EDGE ( 'NONE', *, *, #1294, .F. ) ;
#2473 = CARTESIAN_POINT ( 'NONE',  ( 0.9330897644443499894, 0.1890517244519210049, -0.7750000000000000222 ) ) ;
#2474 = VECTOR ( 'NONE', #2416, 1000.000000000000000 ) ;
#2475 = SURFACE_STYLE_FILL_AREA ( #838 ) ;
#2476 = FACE_OUTER_BOUND ( 'NONE', #1274, .T. ) ;
#2477 = ORIENTED_EDGE ( 'NONE', *, *, #919, .F. ) ;
#2478 = LINE ( 'NONE', #2274, #465 ) ;
#2479 = ORIENTED_EDGE ( 'NONE', *, *, #246, .T. ) ;
#2480 = AXIS2_PLACEMENT_3D ( 'NONE', #2413, #134, #948 ) ;
#2481 = CARTESIAN_POINT ( 'NONE',  ( -0.9330897644443509886, 0.1890517244519210049, 0.1250000000000000000 ) ) ;
#2482 = FACE_OUTER_BOUND ( 'NONE', #876, .T. ) ;
#2483 = CYLINDRICAL_SURFACE ( 'NONE', #1988, 0.1890517244519215045 ) ;
#2484 = EDGE_CURVE ( 'NONE', #1548, #2431, #654, .T. ) ;
#2485 = ORIENTED_EDGE ( 'NONE', *, *, #435, .T. ) ;
#2486 = LINE ( 'NONE', #184, #2281 ) ;
#2487 = EDGE_CURVE ( 'NONE', #531, #1697, #1919, .T. ) ;
#2488 = AXIS2_PLACEMENT_3D ( 'NONE', #763, #119, #2411 ) ;
#2489 = ORIENTED_EDGE ( 'NONE', *, *, #895, .T. ) ;
#2490 = CARTESIAN_POINT ( 'NONE',  ( -0.7500000000000000000, 0.1419487237623900111, 0.1250000000000000000 ) ) ;
#2491 = ORIENTED_EDGE ( 'NONE', *, *, #1961, .T. ) ;
#2492 = DIRECTION ( 'NONE',  ( -1.000000000000000000, 0.000000000000000000, 0.000000000000000000 ) ) ;
#2493 = PLANE ( 'NONE',  #1061 ) ;
#2494 = CARTESIAN_POINT ( 'NONE',  ( -0.4237192587572080060, 1.050000000000000044, -0.6940556515928619774 ) ) ;
#2495 = ORIENTED_EDGE ( 'NONE', *, *, #1054, .T. ) ;
#2496 = CARTESIAN_POINT ( 'NONE',  ( 0.5999999999999999778, 0.7249999999999999778, -0.5250000000000000222 ) ) ;
#2497 = CARTESIAN_POINT ( 'NONE',  ( -1.050000000000000044, 0.1749999999999999889, -0.5250000000000000222 ) ) ;
#2498 = DIRECTION ( 'NONE',  ( 0.000000000000000000, 0.000000000000000000, 1.000000000000000000 ) ) ;
#2499 = EDGE_CURVE ( 'NONE', #2431, #1645, #225, .T. ) ;
#2500 = EDGE_LOOP ( 'NONE', ( #239, #355, #1636, #554 ) ) ;
#2501 = DIRECTION ( 'NONE',  ( 0.000000000000000000, 0.000000000000000000, 1.000000000000000000 ) ) ;
#2502 = CARTESIAN_POINT ( 'NONE',  ( -0.9330897644443509886, 3.121053889422574565E-17, -0.1250000000000000000 ) ) ;
#2503 = CARTESIAN_POINT ( 'NONE',  ( -0.5691427783760198977, 0.9000000000000000222, -0.7750000000000000222 ) ) ;
#2504 = ORIENTED_EDGE ( 'NONE', *, *, #2471, .F. ) ;
#2505 = CARTESIAN_POINT ( 'NONE',  ( -0.5691427783760198977, 0.9000000000000000222, 0.7750000000000000222 ) ) ;
#2506 = VERTEX_POINT ( 'NONE', #451 ) ;
#2507 = ADVANCED_FACE ( 'NONE', ( #2556 ), #897, .F. ) ;
#2508 = ADVANCED_FACE ( 'NONE', ( #681 ), #1299, .F. ) ;
#2509 = DIRECTION ( 'NONE',  ( 0.000000000000000000, 0.000000000000000000, 1.000000000000000000 ) ) ;
#2510 = AXIS2_PLACEMENT_3D ( 'NONE', #833, #427, #2515 ) ;
#2511 = VECTOR ( 'NONE', #127, 1000.000000000000000 ) ;
#2512 = EDGE_CURVE ( 'NONE', #399, #1405, #2319, .T. ) ;
#2513 = VERTEX_POINT ( 'NONE', #1073 ) ;
#2514 = FACE_OUTER_BOUND ( 'NONE', #1907, .T. ) ;
#2515 = DIRECTION ( 'NONE',  ( -1.000000000000000000, 0.000000000000000000, 0.000000000000000000 ) ) ;
#2516 = CARTESIAN_POINT ( 'NONE',  ( -1.050000000000000044, -1.162522675994190075E-16, -0.7750000000000000222 ) ) ;
#2517 = EDGE_CURVE ( 'NONE', #1972, #2688, #1256, .T. ) ;
#2518 = ORIENTED_EDGE ( 'NONE', *, *, #892, .F. ) ;
#2519 = VECTOR ( 'NONE', #478, 1000.000000000000000 ) ;
#2520 = CARTESIAN_POINT ( 'NONE',  ( 0.9330897644443499894, -5.215969920416889688E-17, -0.5250000000000000222 ) ) ;
#2521 = DIRECTION ( 'NONE',  ( 0.000000000000000000, 0.000000000000000000, -1.000000000000000000 ) ) ;
#2522 = ORIENTED_EDGE ( 'NONE', *, *, #161, .F. ) ;
#2523 = PRESENTATION_STYLE_ASSIGNMENT (( #196 ) ) ;
#2524 = LINE ( 'NONE', #420, #1228 ) ;
#2525 = CIRCLE ( 'NONE', #476, 0.1103742337510774107 ) ;
#2526 = VECTOR ( 'NONE', #1452, 1000.000000000000114 ) ;
#2527 = PRODUCT_DEFINITION_FORMATION_WITH_SPECIFIED_SOURCE ( 'ANY', '', #2027, .NOT_KNOWN. ) ;
#2528 = DIRECTION ( 'NONE',  ( 0.000000000000000000, 0.000000000000000000, -1.000000000000000000 ) ) ;
#2529 = CARTESIAN_POINT ( 'NONE',  ( -0.9194811770199420309, 0.1855506805526029868, -0.1250000000000000000 ) ) ;
#2530 = DIRECTION ( 'NONE',  ( 0.2491540388012205565, 0.9684638686853731526, -4.163336342344340724E-17 ) ) ;
#2531 = ORIENTED_EDGE ( 'NONE', *, *, #739, .F. ) ;
#2532 = ADVANCED_FACE ( 'NONE', ( #238 ), #55, .F. ) ;
#2533 = DIRECTION ( 'NONE',  ( -1.000000000000000000, 1.285169013722664112E-15, 0.000000000000000000 ) ) ;
#2534 = VECTOR ( 'NONE', #1259, 1000.000000000000000 ) ;
#2535 = CARTESIAN_POINT ( 'NONE',  ( 0.7500000000000000000, 0.1419487237623900111, -0.7750000000000000222 ) ) ;
#2536 = DIRECTION ( 'NONE',  ( -2.943356597686604838E-17, 1.000000000000000000, 0.000000000000000000 ) ) ;
#2537 = FACE_OUTER_BOUND ( 'NONE', #872, .T. ) ;
#2538 = VECTOR ( 'NONE', #1347, 1000.000000000000227 ) ;
#2539 = VERTEX_POINT ( 'NONE', #273 ) ;
#2540 = ORIENTED_EDGE ( 'NONE', *, *, #2314, .T. ) ;
#2541 = CARTESIAN_POINT ( 'NONE',  ( -0.7500000000000000000, 0.1419487237623900111, 0.7750000000000000222 ) ) ;
#2542 = MANIFOLD_SOLID_BREP ( 'NONE', #1186 ) ;
#2543 = AXIS2_PLACEMENT_3D ( 'NONE', #2602, #1553, #526 ) ;
#2544 = ORIENTED_EDGE ( 'NONE', *, *, #405, .F. ) ;
#2545 =( LENGTH_UNIT ( ) NAMED_UNIT ( * ) SI_UNIT ( .MILLI., .METRE. ) );
#2546 = MANIFOLD_SOLID_BREP ( 'NONE', #1715 ) ;
#2547 = DIRECTION ( 'NONE',  ( 0.000000000000000000, 0.000000000000000000, 1.000000000000000000 ) ) ;
#2548 = COLOUR_RGB ( '',0.7921568627450980005, 0.8196078431372548767, 0.9333333333333333481 ) ;
#2549 = MANIFOLD_SOLID_BREP ( 'NONE', #1623 ) ;
#2550 = VERTEX_POINT ( 'NONE', #871 ) ;
#2551 = ORIENTED_EDGE ( 'NONE', *, *, #573, .F. ) ;
#2552 = DIRECTION ( 'NONE',  ( -2.943356597686604838E-17, 1.000000000000000000, -1.146543076436556017E-16 ) ) ;
#2553 = MANIFOLD_SOLID_BREP ( 'NONE', #1138 ) ;
#2554 = CARTESIAN_POINT ( 'NONE',  ( -0.5891057571750980548, 0.7109482755480779348, -0.7750000000000000222 ) ) ;
#2555 = CARTESIAN_POINT ( 'NONE',  ( -0.9330897644443509886, 0.1890517244519210049, 0.7750000000000000222 ) ) ;
#2556 = FACE_OUTER_BOUND ( 'NONE', #189, .T. ) ;
#2557 = VERTEX_POINT ( 'NONE', #1536 ) ;
#2558 = EDGE_CURVE ( 'NONE', #1747, #518, #766, .T. ) ;
#2559 = CARTESIAN_POINT ( 'NONE',  ( -1.734723475976804925E-15, 1.100000000000000089, -1.084202172485503941E-16 ) ) ;
#2560 = EDGE_LOOP ( 'NONE', ( #954, #1199, #294, #816 ) ) ;
#2561 = VECTOR ( 'NONE', #436, 1000.000000000000000 ) ;
#2562 = DIRECTION ( 'NONE',  ( 0.000000000000000000, 0.000000000000000000, -1.000000000000000000 ) ) ;
#2563 =( NAMED_UNIT ( * ) PLANE_ANGLE_UNIT ( ) SI_UNIT ( $, .RADIAN. ) );
#2564 = ORIENTED_EDGE ( 'NONE', *, *, #953, .T. ) ;
#2565 = EDGE_LOOP ( 'NONE', ( #1131, #2544, #266, #2076 ) ) ;
#2566 = ORIENTED_EDGE ( 'NONE', *, *, #892, .T. ) ;
#2567 = EDGE_CURVE ( 'NONE', #1247, #1415, #2058, .T. ) ;
#2568 = AXIS2_PLACEMENT_3D ( 'NONE', #1539, #1387, #1373 ) ;
#2569 = PLANE ( 'NONE',  #329 ) ;
#2570 = DIRECTION ( 'NONE',  ( 1.000000000000000000, 9.343165878557569289E-16, 0.000000000000000000 ) ) ;
#2571 = CARTESIAN_POINT ( 'NONE',  ( -0.5999999999999999778, 0.7249999999999999778, 1.000000000000000000 ) ) ;
#2572 = ORIENTED_EDGE ( 'NONE', *, *, #2173, .F. ) ;
#2573 = MECHANICAL_DESIGN_GEOMETRIC_PRESENTATION_REPRESENTATION (  '', ( #1032 ), #1752 ) ;
#2574 = LINE ( 'NONE', #1099, #1847 ) ;
#2575 = CARTESIAN_POINT ( 'NONE',  ( 0.5999999999999999778, 0.7249999999999999778, 1.000000000000000000 ) ) ;
#2576 = ORIENTED_EDGE ( 'NONE', *, *, #2103, .F. ) ;
#2577 = CARTESIAN_POINT ( 'NONE',  ( -0.5999999999999999778, 0.7249999999999999778, 0.5250000000000000222 ) ) ;
#2578 = ORIENTED_EDGE ( 'NONE', *, *, #2294, .T. ) ;
#2579 = ORIENTED_EDGE ( 'NONE', *, *, #2280, .T. ) ;
#2580 = DIRECTION ( 'NONE',  ( 0.000000000000000000, 0.000000000000000000, -1.000000000000000000 ) ) ;
#2581 = EDGE_CURVE ( 'NONE', #466, #1405, #1181, .T. ) ;
#2582 = DIRECTION ( 'NONE',  ( 1.000000000000000000, 1.357589115994098057E-15, -1.665334536937734811E-16 ) ) ;
#2583 = ORIENTED_EDGE ( 'NONE', *, *, #1720, .T. ) ;
#2584 = DIRECTION ( 'NONE',  ( 0.000000000000000000, 0.000000000000000000, 1.000000000000000000 ) ) ;
#2585 = CIRCLE ( 'NONE', #1396, 0.1103742337510774107 ) ;
#2586 = DIRECTION ( 'NONE',  ( 1.000000000000000000, 0.000000000000000000, 0.000000000000000000 ) ) ;
#2587 = LINE ( 'NONE', #713, #8 ) ;
#2588 = ADVANCED_FACE ( 'NONE', ( #1827 ), #2655, .T. ) ;
#2589 = VERTEX_POINT ( 'NONE', #1466 ) ;
#2590 = FILL_AREA_STYLE ('',( #2353 ) ) ;
#2591 = CARTESIAN_POINT ( 'NONE',  ( 0.5891057571750960564, 0.9000000000000000222, 0.5250000000000000222 ) ) ;
#2592 = ORIENTED_EDGE ( 'NONE', *, *, #716, .T. ) ;
#2593 = EDGE_CURVE ( 'NONE', #950, #2131, #1725, .T. ) ;
#2594 = EDGE_LOOP ( 'NONE', ( #2457, #1924, #782, #258 ) ) ;
#2595 = CARTESIAN_POINT ( 'NONE',  ( 0.5891057571750960564, 0.7109482755480779348, 0.7750000000000000222 ) ) ;
#2596 = EDGE_CURVE ( 'NONE', #1848, #2539, #71, .T. ) ;
#2597 = CARTESIAN_POINT ( 'NONE',  ( -0.5891057571750980548, 0.9000000000000000222, 0.7750000000000000222 ) ) ;
#2598 = FILL_AREA_STYLE_COLOUR ( '', #1012 ) ;
#2599 = ORIENTED_EDGE ( 'NONE', *, *, #513, .T. ) ;
#2600 = VECTOR ( 'NONE', #2423, 1000.000000000000000 ) ;
#2601 = DIRECTION ( 'NONE',  ( 0.000000000000000000, 0.000000000000000000, -1.000000000000000000 ) ) ;
#2602 = CARTESIAN_POINT ( 'NONE',  ( -0.3133450250061284859, 1.050000000000000044, -0.6940556515928619774 ) ) ;
#2603 = LINE ( 'NONE', #1554, #521 ) ;
#2604 = VERTEX_POINT ( 'NONE', #2349 ) ;
#2605 = CARTESIAN_POINT ( 'NONE',  ( -0.2029707912550530180, 1.050000000000000044, -0.6940556515928619774 ) ) ;
#2606 = DIRECTION ( 'NONE',  ( -3.374685128561435093E-33, 1.146543076436556017E-16, 1.000000000000000000 ) ) ;
#2607 = ORIENTED_EDGE ( 'NONE', *, *, #627, .T. ) ;
#2608 = DIRECTION ( 'NONE',  ( 0.000000000000000000, 0.000000000000000000, 1.000000000000000000 ) ) ;
#2609 = DIRECTION ( 'NONE',  ( 1.000000000000000000, 0.000000000000000000, 0.000000000000000000 ) ) ;
#2610 =( NAMED_UNIT ( * ) SI_UNIT ( $, .STERADIAN. ) SOLID_ANGLE_UNIT ( ) );
#2611 = PLANE ( 'NONE',  #624 ) ;
#2612 = CARTESIAN_POINT ( 'NONE',  ( 0.000000000000000000, 0.1000000000000000056, 0.8897956370572099871 ) ) ;
#2613 = VECTOR ( 'NONE', #1575, 1000.000000000000000 ) ;
#2614 = EDGE_CURVE ( 'NONE', #662, #1656, #2574, .T. ) ;
#2615 =( GEOMETRIC_REPRESENTATION_CONTEXT ( 3 ) GLOBAL_UNCERTAINTY_ASSIGNED_CONTEXT ( ( #347 ) ) GLOBAL_UNIT_ASSIGNED_CONTEXT ( ( #23, #814, #11 ) ) REPRESENTATION_CONTEXT ( 'NONE', 'WORKASPACE' ) );
#2616 = EDGE_LOOP ( 'NONE', ( #687, #320, #2531, #2365 ) ) ;
#2617 = PLANE ( 'NONE',  #1996 ) ;
#2618 = CARTESIAN_POINT ( 'NONE',  ( -0.7721955216194470450, 0.7580512762376099278, -0.1250000000000000000 ) ) ;
#2619 = DIRECTION ( 'NONE',  ( -1.285169013722664112E-15, -1.000000000000000000, 0.000000000000000000 ) ) ;
#2620 = EDGE_LOOP ( 'NONE', ( #1311, #2231, #2241, #787 ) ) ;
#2621 = ORIENTED_EDGE ( 'NONE', *, *, #2258, .T. ) ;
#2622 = DIRECTION ( 'NONE',  ( 0.000000000000000000, 0.000000000000000000, -1.000000000000000000 ) ) ;
#2623 = CARTESIAN_POINT ( 'NONE',  ( -0.5999999999999999778, 0.7249999999999999778, -1.000000000000000000 ) ) ;
#2624 = DIRECTION ( 'NONE',  ( -2.943356597686604838E-17, 1.000000000000000000, -1.146543076436556017E-16 ) ) ;
#2625 = VERTEX_POINT ( 'NONE', #886 ) ;
#2626 = AXIS2_PLACEMENT_3D ( 'NONE', #416, #2089, #381 ) ;
#2627 = EDGE_CURVE ( 'NONE', #2177, #1848, #1935, .T. ) ;
#2628 = DIRECTION ( 'NONE',  ( -1.000000000000000000, -3.572982729977149492E-17, 0.000000000000000000 ) ) ;
#2629 = DIRECTION ( 'NONE',  ( -0.2491540388012210283, -0.9684638686853730416, 8.326672684688669123E-17 ) ) ;
#2630 = VERTEX_POINT ( 'NONE', #2321 ) ;
#2631 = CARTESIAN_POINT ( 'NONE',  ( -0.3133450250061304843, 1.100000000000000089, -0.6940556515928619774 ) ) ;
#2632 = LINE ( 'NONE', #2243, #105 ) ;
#2633 = ORIENTED_EDGE ( 'NONE', *, *, #1400, .T. ) ;
#2634 = PLANE ( 'NONE',  #2488 ) ;
#2635 = LINE ( 'NONE', #2668, #1542 ) ;
#2636 = CARTESIAN_POINT ( 'NONE',  ( -1.050000000000000044, -4.816437116732940303E-17, -0.5250000000000000222 ) ) ;
#2637 = EDGE_CURVE ( 'NONE', #1865, #1885, #440, .T. ) ;
#2638 = VECTOR ( 'NONE', #1230, 1000.000000000000000 ) ;
#2639 = SURFACE_STYLE_USAGE ( .BOTH. , #2398 ) ;
#2640 = ORIENTED_EDGE ( 'NONE', *, *, #809, .T. ) ;
#2641 = EDGE_CURVE ( 'NONE', #1269, #756, #1062, .T. ) ;
#2642 = PLANE ( 'NONE',  #2088 ) ;
#2643 = AXIS2_PLACEMENT_3D ( 'NONE', #2092, #1890, #1669 ) ;
#2644 = DIRECTION ( 'NONE',  ( 1.000000000000000000, 2.943356597686604838E-17, 0.000000000000000000 ) ) ;
#2645 = AXIS2_PLACEMENT_3D ( 'NONE', #2019, #149, #563 ) ;
#2646 = ORIENTED_EDGE ( 'NONE', *, *, #1458, .T. ) ;
#2647 = UNCERTAINTY_MEASURE_WITH_UNIT (LENGTH_MEASURE( 1.000000000000000082E-05 ), #199, 'distance_accuracy_value', 'NONE');
#2648 = ORIENTED_EDGE ( 'NONE', *, *, #1960, .F. ) ;
#2649 = DIRECTION ( 'NONE',  ( -1.000000000000000000, 0.000000000000000000, 0.000000000000000000 ) ) ;
#2650 = DIRECTION ( 'NONE',  ( -1.000000000000000000, 0.000000000000000000, 0.000000000000000000 ) ) ;
#2651 = DIRECTION ( 'NONE',  ( 0.000000000000000000, 0.000000000000000000, 1.000000000000000000 ) ) ;
#2652 = ORIENTED_EDGE ( 'NONE', *, *, #215, .T. ) ;
#2653 = LINE ( 'NONE', #532, #1560 ) ;
#2654 = VECTOR ( 'NONE', #975, 1000.000000000000000 ) ;
#2655 = PLANE ( 'NONE',  #59 ) ;
#2656 = EDGE_LOOP ( 'NONE', ( #1866, #514 ) ) ;
#2657 = DIRECTION ( 'NONE',  ( 0.2491540388012210283, -0.9684638686853730416, 9.714451465470120961E-17 ) ) ;
#2658 = CARTESIAN_POINT ( 'NONE',  ( 0.9330897644443499894, 0.1890517244519210049, -0.5250000000000000222 ) ) ;
#2659 = ORIENTED_EDGE ( 'NONE', *, *, #2366, .T. ) ;
#2660 = EDGE_CURVE ( 'NONE', #2177, #21, #44, .T. ) ;
#2661 = CIRCLE ( 'NONE', #449, 0.1890517244519215045 ) ;
#2662 = DIRECTION ( 'NONE',  ( -1.000000000000000000, 8.663263802081679477E-16, 0.000000000000000000 ) ) ;
#2663 = CARTESIAN_POINT ( 'NONE',  ( 1.050000000000000044, 1.405360219255710014E-16, -0.5250000000000000222 ) ) ;
#2664 = VECTOR ( 'NONE', #1075, 1000.000000000000000 ) ;
#2665 = EDGE_LOOP ( 'NONE', ( #2340, #923, #2218, #1922 ) ) ;
#2666 = EDGE_LOOP ( 'NONE', ( #1650, #517, #1805, #1049, #307, #1303, #337, #1746, #803, #2399 ) ) ;
#2667 = DIRECTION ( 'NONE',  ( 0.000000000000000000, -1.000000000000000000, 1.146543076436556017E-16 ) ) ;
#2668 = CARTESIAN_POINT ( 'NONE',  ( -0.5691427783760198977, 0.9000000000000000222, -0.1250000000000000000 ) ) ;
#2669 = EDGE_CURVE ( 'NONE', #1630, #1971, #1284, .T. ) ;
#2670 = LINE ( 'NONE', #1198, #597 ) ;
#2671 = EDGE_LOOP ( 'NONE', ( #153, #2273, #837, #2495 ) ) ;
#2672 = DIRECTION ( 'NONE',  ( -1.000000000000000000, 0.000000000000000000, 0.000000000000000000 ) ) ;
#2673 = LINE ( 'NONE', #596, #2075 ) ;
#2674 = VECTOR ( 'NONE', #1484, 1000.000000000000000 ) ;
#2675 = ORIENTED_EDGE ( 'NONE', *, *, #1888, .T. ) ;
#2676 = DIRECTION ( 'NONE',  ( 0.000000000000000000, 0.000000000000000000, -1.000000000000000000 ) ) ;
#2677 = AXIS2_PLACEMENT_3D ( 'NONE', #1754, #1566, #1522 ) ;
#2678 = DIRECTION ( 'NONE',  ( 0.000000000000000000, 0.000000000000000000, -1.000000000000000000 ) ) ;
#2679 = CARTESIAN_POINT ( 'NONE',  ( 1.050000000000000044, -1.354151150154394195E-16, -0.1250000000000000000 ) ) ;
#2680 = ADVANCED_FACE ( 'NONE', ( #2144 ), #240, .F. ) ;
#2681 = AXIS2_PLACEMENT_3D ( 'NONE', #1895, #32, #2331 ) ;
#2682 = EDGE_CURVE ( 'NONE', #718, #2163, #643, .T. ) ;
#2683 = ORIENTED_EDGE ( 'NONE', *, *, #2284, .F. ) ;
#2684 = ORIENTED_EDGE ( 'NONE', *, *, #2222, .F. ) ;
#2685 = CARTESIAN_POINT ( 'NONE',  ( -0.5691427783760198977, 0.9000000000000000222, -0.5250000000000000222 ) ) ;
#2686 = CARTESIAN_POINT ( 'NONE',  ( 0.9194811770199420309, 0.1855506805526029868, 0.7750000000000000222 ) ) ;
#2687 = DIRECTION ( 'NONE',  ( -0.2491540388012205565, 0.9684638686853731526, -9.714451465470132055E-17 ) ) ;
#2688 = VERTEX_POINT ( 'NONE', #263 ) ;
#2689 = DIRECTION ( 'NONE',  ( -0.1736481776669314692, -0.9848077530122079093, 9.020562075079388263E-17 ) ) ;
#2690 = CIRCLE ( 'NONE', #1950, 0.1890517244519220319 ) ;
#2691 = AXIS2_PLACEMENT_3D ( 'NONE', #92, #1843, #1165 ) ;
#2692 = CARTESIAN_POINT ( 'NONE',  ( 0.9330897644443499894, 0.1890517244519210049, -0.5250000000000000222 ) ) ;
#2693 = DIRECTION ( 'NONE',  ( 0.000000000000000000, 0.000000000000000000, 1.000000000000000000 ) ) ;
#2694 = EDGE_LOOP ( 'NONE', ( #1035, #2393, #2209, #730 ) ) ;
#2695 = ORIENTED_EDGE ( 'NONE', *, *, #551, .T. ) ;
ENDSEC;
END-ISO-10303-21;
